TRACE::2026-08-13.20:31:04::SCWPlatform::Trying to open the hw design at C:/Users/Thomas/Desktop/TP_MISTRE/TP_PROCESSEUR/Projet_Vitis/Zynq_Timer48_wrapper/hw/Zynq_Timer48_wrapper.xsa
TRACE::2026-08-13.20:31:04::SCWPlatform::DSA given C:/Users/Thomas/Desktop/TP_MISTRE/TP_PROCESSEUR/Projet_Vitis/Zynq_Timer48_wrapper/hw/Zynq_Timer48_wrapper.xsa
TRACE::2026-08-13.20:31:04::SCWPlatform::DSA absoulate path C:/Users/Thomas/Desktop/TP_MISTRE/TP_PROCESSEUR/Projet_Vitis/Zynq_Timer48_wrapper/hw/Zynq_Timer48_wrapper.xsa
TRACE::2026-08-13.20:31:05::SCWPlatform::DSA directory C:/Users/Thomas/Desktop/TP_MISTRE/TP_PROCESSEUR/Projet_Vitis/Zynq_Timer48_wrapper/hw
TRACE::2026-08-13.20:31:05::SCWPlatform:: Platform Path C:/Users/Thomas/Desktop/TP_MISTRE/TP_PROCESSEUR/Projet_Vitis/Zynq_Timer48_wrapper/hw/Zynq_Timer48_wrapper.xsa
TRACE::2026-08-13.20:31:05::SCWPlatform:: Unique name xilinx:zybo-z7-20::0.0
TRACE::2026-08-13.20:31:05::SCWPlatform::Do not have an existing db opened. 
TRACE::2026-08-13.20:31:07::SCWPlatform::Opened new HwDB with name Zynq_Timer48_wrapper_0
TRACE::2026-08-13.20:31:07::SCWWriter::formatted JSON is {
	"platformName":	"Zynq_Timer48_wrapper",
	"sprVersion":	"2.0",
	"mode":	"gui",
	"dsaType":	"Fixed",
	"platformDesc":	"Zynq_Timer48_wrapper",
	"platHandOff":	"<platformDir>.xsa",
	"platIntHandOff":	"<platformDir>/hw/Zynq_Timer48_wrapper.xsa",
	"deviceType":	"zynq",
	"platIsPrebuiltAutogen":	"false",
	"platIsNoBootBsp":	"false",
	"hasFsblMakeHasChanges":	"false",
	"hasPmufwMakeHasChanges":	"false",
	"platPreBuiltFlag":	false,
	"platformSamplesDir":	""
}
TRACE::2026-08-13.20:31:07::SCWWriter::formatted JSON is {
	"platformName":	"Zynq_Timer48_wrapper",
	"sprVersion":	"2.0",
	"mode":	"gui",
	"dsaType":	"Fixed",
	"platformDesc":	"Zynq_Timer48_wrapper",
	"platHandOff":	"<platformDir>.xsa",
	"platIntHandOff":	"<platformDir>/hw/Zynq_Timer48_wrapper.xsa",
	"deviceType":	"zynq",
	"platIsPrebuiltAutogen":	"false",
	"platIsNoBootBsp":	"false",
	"hasFsblMakeHasChanges":	"false",
	"hasPmufwMakeHasChanges":	"false",
	"platPreBuiltFlag":	false,
	"platformSamplesDir":	"",
	"platActiveSys":	"Zynq_Timer48_wrapper",
	"systems":	[{
			"systemName":	"Zynq_Timer48_wrapper",
			"systemDesc":	"Zynq_Timer48_wrapper",
			"sysIsBootAutoGen":	"true",
			"systemDispName":	"Zynq_Timer48_wrapper"
		}]
}
TRACE::2026-08-13.20:31:07::SCWPlatform::Boot application domains not present, creating them
TRACE::2026-08-13.20:31:07::SCWDomain::checking for install qemu data   : 
TRACE::2026-08-13.20:31:07::SCWDomain:: Using the QEMU Data from install at  : C:/Xilinx/Vitis/2020.2/data/emulation/platforms/zynq/sw/a9_standalone/qemu/
TRACE::2026-08-13.20:31:07::SCWDomain:: Using the QEMU args  from install at  : C:/Xilinx/Vitis/2020.2/data/emulation/platforms/zynq/sw/a9_standalone/qemu/qemu_args.txt
TRACE::2026-08-13.20:31:07::SCWPlatform::Trying to open the hw design at C:/Users/Thomas/Desktop/TP_MISTRE/TP_PROCESSEUR/Projet_Vitis/Zynq_Timer48_wrapper/hw/Zynq_Timer48_wrapper.xsa
TRACE::2026-08-13.20:31:07::SCWPlatform::DSA given C:/Users/Thomas/Desktop/TP_MISTRE/TP_PROCESSEUR/Projet_Vitis/Zynq_Timer48_wrapper/hw/Zynq_Timer48_wrapper.xsa
TRACE::2026-08-13.20:31:07::SCWPlatform::DSA absoulate path C:/Users/Thomas/Desktop/TP_MISTRE/TP_PROCESSEUR/Projet_Vitis/Zynq_Timer48_wrapper/hw/Zynq_Timer48_wrapper.xsa
TRACE::2026-08-13.20:31:07::SCWPlatform::DSA directory C:/Users/Thomas/Desktop/TP_MISTRE/TP_PROCESSEUR/Projet_Vitis/Zynq_Timer48_wrapper/hw
TRACE::2026-08-13.20:31:07::SCWPlatform:: Platform Path C:/Users/Thomas/Desktop/TP_MISTRE/TP_PROCESSEUR/Projet_Vitis/Zynq_Timer48_wrapper/hw/Zynq_Timer48_wrapper.xsa
TRACE::2026-08-13.20:31:07::SCWPlatform:: Unique name xilinx:zybo-z7-20::0.0
TRACE::2026-08-13.20:31:07::SCWPlatform::Trying to set the existing hwdb with name Zynq_Timer48_wrapper_0
TRACE::2026-08-13.20:31:07::SCWPlatform::Opened existing hwdb Zynq_Timer48_wrapper_0
TRACE::2026-08-13.20:31:07::SCWPlatform::Found the Hw Db part of the input DSA
TRACE::2026-08-13.20:31:07::SCWPlatform::Trying to open the hw design at C:/Users/Thomas/Desktop/TP_MISTRE/TP_PROCESSEUR/Projet_Vitis/Zynq_Timer48_wrapper/hw/Zynq_Timer48_wrapper.xsa
TRACE::2026-08-13.20:31:07::SCWPlatform::DSA given C:/Users/Thomas/Desktop/TP_MISTRE/TP_PROCESSEUR/Projet_Vitis/Zynq_Timer48_wrapper/hw/Zynq_Timer48_wrapper.xsa
TRACE::2026-08-13.20:31:07::SCWPlatform::DSA absoulate path C:/Users/Thomas/Desktop/TP_MISTRE/TP_PROCESSEUR/Projet_Vitis/Zynq_Timer48_wrapper/hw/Zynq_Timer48_wrapper.xsa
TRACE::2026-08-13.20:31:07::SCWPlatform::DSA directory C:/Users/Thomas/Desktop/TP_MISTRE/TP_PROCESSEUR/Projet_Vitis/Zynq_Timer48_wrapper/hw
TRACE::2026-08-13.20:31:07::SCWPlatform:: Platform Path C:/Users/Thomas/Desktop/TP_MISTRE/TP_PROCESSEUR/Projet_Vitis/Zynq_Timer48_wrapper/hw/Zynq_Timer48_wrapper.xsa
TRACE::2026-08-13.20:31:07::SCWPlatform:: Unique name xilinx:zybo-z7-20::0.0
TRACE::2026-08-13.20:31:07::SCWPlatform::Trying to set the existing hwdb with name Zynq_Timer48_wrapper_0
TRACE::2026-08-13.20:31:07::SCWPlatform::Opened existing hwdb Zynq_Timer48_wrapper_0
TRACE::2026-08-13.20:31:07::SCWPlatform::Found the Hw Db part of the input DSA
TRACE::2026-08-13.20:31:07::SCWPlatform::Trying to open the hw design at C:/Users/Thomas/Desktop/TP_MISTRE/TP_PROCESSEUR/Projet_Vitis/Zynq_Timer48_wrapper/hw/Zynq_Timer48_wrapper.xsa
TRACE::2026-08-13.20:31:07::SCWPlatform::DSA given C:/Users/Thomas/Desktop/TP_MISTRE/TP_PROCESSEUR/Projet_Vitis/Zynq_Timer48_wrapper/hw/Zynq_Timer48_wrapper.xsa
TRACE::2026-08-13.20:31:07::SCWPlatform::DSA absoulate path C:/Users/Thomas/Desktop/TP_MISTRE/TP_PROCESSEUR/Projet_Vitis/Zynq_Timer48_wrapper/hw/Zynq_Timer48_wrapper.xsa
TRACE::2026-08-13.20:31:07::SCWPlatform::DSA directory C:/Users/Thomas/Desktop/TP_MISTRE/TP_PROCESSEUR/Projet_Vitis/Zynq_Timer48_wrapper/hw
TRACE::2026-08-13.20:31:07::SCWPlatform:: Platform Path C:/Users/Thomas/Desktop/TP_MISTRE/TP_PROCESSEUR/Projet_Vitis/Zynq_Timer48_wrapper/hw/Zynq_Timer48_wrapper.xsa
TRACE::2026-08-13.20:31:07::SCWPlatform:: Unique name xilinx:zybo-z7-20::0.0
TRACE::2026-08-13.20:31:07::SCWPlatform::Trying to set the existing hwdb with name Zynq_Timer48_wrapper_0
TRACE::2026-08-13.20:31:07::SCWPlatform::Opened existing hwdb Zynq_Timer48_wrapper_0
TRACE::2026-08-13.20:31:07::SCWPlatform::Found the Hw Db part of the input DSA
TRACE::2026-08-13.20:31:07::SCWPlatform::Boot application domain added for zynq_fsbl
TRACE::2026-08-13.20:31:07::SCWPlatform::Generating the sources  .
TRACE::2026-08-13.20:31:07::SCWBDomain::Generating boot domain sources.
TRACE::2026-08-13.20:31:07::SCWBDomain:: Generating the zynq_fsbl Application.
TRACE::2026-08-13.20:31:07::SCWPlatform::Trying to open the hw design at C:/Users/Thomas/Desktop/TP_MISTRE/TP_PROCESSEUR/Projet_Vitis/Zynq_Timer48_wrapper/hw/Zynq_Timer48_wrapper.xsa
TRACE::2026-08-13.20:31:07::SCWPlatform::DSA given C:/Users/Thomas/Desktop/TP_MISTRE/TP_PROCESSEUR/Projet_Vitis/Zynq_Timer48_wrapper/hw/Zynq_Timer48_wrapper.xsa
TRACE::2026-08-13.20:31:07::SCWPlatform::DSA absoulate path C:/Users/Thomas/Desktop/TP_MISTRE/TP_PROCESSEUR/Projet_Vitis/Zynq_Timer48_wrapper/hw/Zynq_Timer48_wrapper.xsa
TRACE::2026-08-13.20:31:07::SCWPlatform::DSA directory C:/Users/Thomas/Desktop/TP_MISTRE/TP_PROCESSEUR/Projet_Vitis/Zynq_Timer48_wrapper/hw
TRACE::2026-08-13.20:31:07::SCWPlatform:: Platform Path C:/Users/Thomas/Desktop/TP_MISTRE/TP_PROCESSEUR/Projet_Vitis/Zynq_Timer48_wrapper/hw/Zynq_Timer48_wrapper.xsa
TRACE::2026-08-13.20:31:07::SCWPlatform:: Unique name xilinx:zybo-z7-20::0.0
TRACE::2026-08-13.20:31:07::SCWPlatform::Trying to set the existing hwdb with name Zynq_Timer48_wrapper_0
TRACE::2026-08-13.20:31:07::SCWPlatform::Opened existing hwdb Zynq_Timer48_wrapper_0
TRACE::2026-08-13.20:31:07::SCWPlatform::Found the Hw Db part of the input DSA
TRACE::2026-08-13.20:31:07::SCWMssOS::Checking the sw design at  C:/Users/Thomas/Desktop/TP_MISTRE/TP_PROCESSEUR/Projet_Vitis/Zynq_Timer48_wrapper/zynq_fsbl/zynq_fsbl_bsp/system.mss
TRACE::2026-08-13.20:31:07::SCWMssOS::DEBUG:  swdes dump  
TRACE::2026-08-13.20:31:07::SCWMssOS::No sw design opened at  C:/Users/Thomas/Desktop/TP_MISTRE/TP_PROCESSEUR/Projet_Vitis/Zynq_Timer48_wrapper/zynq_fsbl/zynq_fsbl_bsp/system.mss
TRACE::2026-08-13.20:31:07::SCWMssOS::mss does not exists at C:/Users/Thomas/Desktop/TP_MISTRE/TP_PROCESSEUR/Projet_Vitis/Zynq_Timer48_wrapper/zynq_fsbl/zynq_fsbl_bsp/system.mss
TRACE::2026-08-13.20:31:07::SCWMssOS::Creating sw design at  C:/Users/Thomas/Desktop/TP_MISTRE/TP_PROCESSEUR/Projet_Vitis/Zynq_Timer48_wrapper/zynq_fsbl/zynq_fsbl_bsp/system.mss
TRACE::2026-08-13.20:31:07::SCWMssOS::Adding the swdes entry, created swdb C:/Users/Thomas/Desktop/TP_MISTRE/TP_PROCESSEUR/Projet_Vitis/Zynq_Timer48_wrapper/zynq_fsbl/zynq_fsbl_bsp/system.mss with des name C:/Users/Thomas/Desktop/TP_MISTRE/TP_PROCESSEUR/Projet_Vitis/Zynq_Timer48_wrapper/zynq_fsbl/zynq_fsbl_bsp/system.mss
TRACE::2026-08-13.20:31:07::SCWMssOS::updating the scw layer changes to swdes at   C:/Users/Thomas/Desktop/TP_MISTRE/TP_PROCESSEUR/Projet_Vitis/Zynq_Timer48_wrapper/zynq_fsbl/zynq_fsbl_bsp/system.mss
TRACE::2026-08-13.20:31:07::SCWMssOS::Writing mss at C:/Users/Thomas/Desktop/TP_MISTRE/TP_PROCESSEUR/Projet_Vitis/Zynq_Timer48_wrapper/zynq_fsbl/zynq_fsbl_bsp/system.mss
TRACE::2026-08-13.20:31:07::SCWMssOS::Completed writing the mss file at C:/Users/Thomas/Desktop/TP_MISTRE/TP_PROCESSEUR/Projet_Vitis/Zynq_Timer48_wrapper/zynq_fsbl/zynq_fsbl_bsp
TRACE::2026-08-13.20:31:07::SCWMssOS::Picking up changes from newly written mss file into SCW Layer. 
TRACE::2026-08-13.20:31:07::SCWMssOS::Updated the changes from newly written mss file into SCW Layer. 
TRACE::2026-08-13.20:31:07::SCWBDomain::Completed writing the mss file at C:/Users/Thomas/Desktop/TP_MISTRE/TP_PROCESSEUR/Projet_Vitis/Zynq_Timer48_wrapper/zynq_fsbl/zynq_fsbl_bsp
TRACE::2026-08-13.20:31:11::SCWPlatform::Generating sources Done.
TRACE::2026-08-13.20:31:11::SCWPlatform::Trying to open the hw design at C:/Users/Thomas/Desktop/TP_MISTRE/TP_PROCESSEUR/Projet_Vitis/Zynq_Timer48_wrapper/hw/Zynq_Timer48_wrapper.xsa
TRACE::2026-08-13.20:31:11::SCWPlatform::DSA given C:/Users/Thomas/Desktop/TP_MISTRE/TP_PROCESSEUR/Projet_Vitis/Zynq_Timer48_wrapper/hw/Zynq_Timer48_wrapper.xsa
TRACE::2026-08-13.20:31:11::SCWPlatform::DSA absoulate path C:/Users/Thomas/Desktop/TP_MISTRE/TP_PROCESSEUR/Projet_Vitis/Zynq_Timer48_wrapper/hw/Zynq_Timer48_wrapper.xsa
TRACE::2026-08-13.20:31:11::SCWPlatform::DSA directory C:/Users/Thomas/Desktop/TP_MISTRE/TP_PROCESSEUR/Projet_Vitis/Zynq_Timer48_wrapper/hw
TRACE::2026-08-13.20:31:11::SCWPlatform:: Platform Path C:/Users/Thomas/Desktop/TP_MISTRE/TP_PROCESSEUR/Projet_Vitis/Zynq_Timer48_wrapper/hw/Zynq_Timer48_wrapper.xsa
TRACE::2026-08-13.20:31:11::SCWPlatform:: Unique name xilinx:zybo-z7-20::0.0
TRACE::2026-08-13.20:31:11::SCWPlatform::Trying to set the existing hwdb with name Zynq_Timer48_wrapper_0
TRACE::2026-08-13.20:31:11::SCWPlatform::Opened existing hwdb Zynq_Timer48_wrapper_0
TRACE::2026-08-13.20:31:11::SCWPlatform::Found the Hw Db part of the input DSA
TRACE::2026-08-13.20:31:11::SCWMssOS::Checking the sw design at  C:/Users/Thomas/Desktop/TP_MISTRE/TP_PROCESSEUR/Projet_Vitis/Zynq_Timer48_wrapper/zynq_fsbl/zynq_fsbl_bsp/system.mss
TRACE::2026-08-13.20:31:11::SCWMssOS::DEBUG:  swdes dump  C:/Users/Thomas/Desktop/TP_MISTRE/TP_PROCESSEUR/Projet_Vitis/Zynq_Timer48_wrapper/zynq_fsbl/zynq_fsbl_bsp/system.mss|C:/Users/Thomas/Desktop/TP_MISTRE/TP_PROCESSEUR/Projet_Vitis/Zynq_Timer48_wrapper/zynq_fsbl/zynq_fsbl_bsp/system.mss||

KEYINFO::2026-08-13.20:31:11::SCWMssOS::Could not open the swdb for C:/Users/Thomas/Desktop/TP_MISTRE/TP_PROCESSEUR/Projet_Vitis/Zynq_Timer48_wrapper/zynq_fsbl/zynq_fsbl_bsp/system.mss
KEYINFO::2026-08-13.20:31:11::SCWMssOS::Could not open the sw design at  C:/Users/Thomas/Desktop/TP_MISTRE/TP_PROCESSEUR/Projet_Vitis/Zynq_Timer48_wrapper/zynq_fsbl/zynq_fsbl_bsp/system.mss
ERROR: [Hsi 55-1558] Software Design C:/Users/Thomas/Desktop/TP_MISTRE/TP_PROCESSEUR/Projet_Vitis/Zynq_Timer48_wrapper/zynq_fsbl/zynq_fsbl_bsp/system.mss is not found

TRACE::2026-08-13.20:31:11::SCWMssOS::Cleared the swdb table entry
TRACE::2026-08-13.20:31:11::SCWMssOS::No sw design opened at  C:/Users/Thomas/Desktop/TP_MISTRE/TP_PROCESSEUR/Projet_Vitis/Zynq_Timer48_wrapper/zynq_fsbl/zynq_fsbl_bsp/system.mss
TRACE::2026-08-13.20:31:11::SCWMssOS::mss exists loading the mss file  C:/Users/Thomas/Desktop/TP_MISTRE/TP_PROCESSEUR/Projet_Vitis/Zynq_Timer48_wrapper/zynq_fsbl/zynq_fsbl_bsp/system.mss
TRACE::2026-08-13.20:31:11::SCWMssOS::Opened the sw design from mss  C:/Users/Thomas/Desktop/TP_MISTRE/TP_PROCESSEUR/Projet_Vitis/Zynq_Timer48_wrapper/zynq_fsbl/zynq_fsbl_bsp/system.mss
TRACE::2026-08-13.20:31:11::SCWMssOS::Adding the swdes entry C:/Users/Thomas/Desktop/TP_MISTRE/TP_PROCESSEUR/Projet_Vitis/Zynq_Timer48_wrapper/zynq_fsbl/zynq_fsbl_bsp/system.mss with des name system
TRACE::2026-08-13.20:31:11::SCWMssOS::updating the scw layer about changes
TRACE::2026-08-13.20:31:11::SCWMssOS::Opened the sw design.  C:/Users/Thomas/Desktop/TP_MISTRE/TP_PROCESSEUR/Projet_Vitis/Zynq_Timer48_wrapper/zynq_fsbl/zynq_fsbl_bsp/system.mss
TRACE::2026-08-13.20:31:11::SCWMssOS::Saving the mss changes C:/Users/Thomas/Desktop/TP_MISTRE/TP_PROCESSEUR/Projet_Vitis/Zynq_Timer48_wrapper/zynq_fsbl/zynq_fsbl_bsp/system.mss
TRACE::2026-08-13.20:31:11::SCWMssOS::Found a swdesign opened with the mssfile.
TRACE::2026-08-13.20:31:11::SCWMssOS::Completed writemss as part of save.
TRACE::2026-08-13.20:31:11::SCWMssOS::Commit changes completed.
TRACE::2026-08-13.20:31:11::SCWPlatform::Trying to open the hw design at C:/Users/Thomas/Desktop/TP_MISTRE/TP_PROCESSEUR/Projet_Vitis/Zynq_Timer48_wrapper/hw/Zynq_Timer48_wrapper.xsa
TRACE::2026-08-13.20:31:11::SCWPlatform::DSA given C:/Users/Thomas/Desktop/TP_MISTRE/TP_PROCESSEUR/Projet_Vitis/Zynq_Timer48_wrapper/hw/Zynq_Timer48_wrapper.xsa
TRACE::2026-08-13.20:31:11::SCWPlatform::DSA absoulate path C:/Users/Thomas/Desktop/TP_MISTRE/TP_PROCESSEUR/Projet_Vitis/Zynq_Timer48_wrapper/hw/Zynq_Timer48_wrapper.xsa
TRACE::2026-08-13.20:31:11::SCWPlatform::DSA directory C:/Users/Thomas/Desktop/TP_MISTRE/TP_PROCESSEUR/Projet_Vitis/Zynq_Timer48_wrapper/hw
TRACE::2026-08-13.20:31:11::SCWPlatform:: Platform Path C:/Users/Thomas/Desktop/TP_MISTRE/TP_PROCESSEUR/Projet_Vitis/Zynq_Timer48_wrapper/hw/Zynq_Timer48_wrapper.xsa
TRACE::2026-08-13.20:31:11::SCWPlatform:: Unique name xilinx:zybo-z7-20::0.0
TRACE::2026-08-13.20:31:11::SCWPlatform::Trying to set the existing hwdb with name Zynq_Timer48_wrapper_0
TRACE::2026-08-13.20:31:11::SCWPlatform::Opened existing hwdb Zynq_Timer48_wrapper_0
TRACE::2026-08-13.20:31:11::SCWPlatform::Found the Hw Db part of the input DSA
TRACE::2026-08-13.20:31:11::SCWMssOS::Checking the sw design at  C:/Users/Thomas/Desktop/TP_MISTRE/TP_PROCESSEUR/Projet_Vitis/Zynq_Timer48_wrapper/zynq_fsbl/zynq_fsbl_bsp/system.mss
TRACE::2026-08-13.20:31:11::SCWMssOS::DEBUG:  swdes dump  C:/Users/Thomas/Desktop/TP_MISTRE/TP_PROCESSEUR/Projet_Vitis/Zynq_Timer48_wrapper/zynq_fsbl/zynq_fsbl_bsp/system.mss|system||

TRACE::2026-08-13.20:31:11::SCWMssOS::Sw design exists and opened at  C:/Users/Thomas/Desktop/TP_MISTRE/TP_PROCESSEUR/Projet_Vitis/Zynq_Timer48_wrapper/zynq_fsbl/zynq_fsbl_bsp/system.mss
TRACE::2026-08-13.20:31:11::SCWPlatform::Trying to open the hw design at C:/Users/Thomas/Desktop/TP_MISTRE/TP_PROCESSEUR/Projet_Vitis/Zynq_Timer48_wrapper/hw/Zynq_Timer48_wrapper.xsa
TRACE::2026-08-13.20:31:11::SCWPlatform::DSA given C:/Users/Thomas/Desktop/TP_MISTRE/TP_PROCESSEUR/Projet_Vitis/Zynq_Timer48_wrapper/hw/Zynq_Timer48_wrapper.xsa
TRACE::2026-08-13.20:31:11::SCWPlatform::DSA absoulate path C:/Users/Thomas/Desktop/TP_MISTRE/TP_PROCESSEUR/Projet_Vitis/Zynq_Timer48_wrapper/hw/Zynq_Timer48_wrapper.xsa
TRACE::2026-08-13.20:31:11::SCWPlatform::DSA directory C:/Users/Thomas/Desktop/TP_MISTRE/TP_PROCESSEUR/Projet_Vitis/Zynq_Timer48_wrapper/hw
TRACE::2026-08-13.20:31:11::SCWPlatform:: Platform Path C:/Users/Thomas/Desktop/TP_MISTRE/TP_PROCESSEUR/Projet_Vitis/Zynq_Timer48_wrapper/hw/Zynq_Timer48_wrapper.xsa
TRACE::2026-08-13.20:31:11::SCWPlatform:: Unique name xilinx:zybo-z7-20::0.0
TRACE::2026-08-13.20:31:11::SCWPlatform::Trying to set the existing hwdb with name Zynq_Timer48_wrapper_0
TRACE::2026-08-13.20:31:11::SCWPlatform::Opened existing hwdb Zynq_Timer48_wrapper_0
TRACE::2026-08-13.20:31:11::SCWPlatform::Found the Hw Db part of the input DSA
TRACE::2026-08-13.20:31:11::SCWMssOS::Checking the sw design at  C:/Users/Thomas/Desktop/TP_MISTRE/TP_PROCESSEUR/Projet_Vitis/Zynq_Timer48_wrapper/zynq_fsbl/zynq_fsbl_bsp/system.mss
TRACE::2026-08-13.20:31:11::SCWMssOS::DEBUG:  swdes dump  C:/Users/Thomas/Desktop/TP_MISTRE/TP_PROCESSEUR/Projet_Vitis/Zynq_Timer48_wrapper/zynq_fsbl/zynq_fsbl_bsp/system.mss|system||

TRACE::2026-08-13.20:31:11::SCWMssOS::Sw design exists and opened at  C:/Users/Thomas/Desktop/TP_MISTRE/TP_PROCESSEUR/Projet_Vitis/Zynq_Timer48_wrapper/zynq_fsbl/zynq_fsbl_bsp/system.mss
TRACE::2026-08-13.20:31:11::SCWPlatform::Trying to open the hw design at C:/Users/Thomas/Desktop/TP_MISTRE/TP_PROCESSEUR/Projet_Vitis/Zynq_Timer48_wrapper/hw/Zynq_Timer48_wrapper.xsa
TRACE::2026-08-13.20:31:11::SCWPlatform::DSA given C:/Users/Thomas/Desktop/TP_MISTRE/TP_PROCESSEUR/Projet_Vitis/Zynq_Timer48_wrapper/hw/Zynq_Timer48_wrapper.xsa
TRACE::2026-08-13.20:31:11::SCWPlatform::DSA absoulate path C:/Users/Thomas/Desktop/TP_MISTRE/TP_PROCESSEUR/Projet_Vitis/Zynq_Timer48_wrapper/hw/Zynq_Timer48_wrapper.xsa
TRACE::2026-08-13.20:31:11::SCWPlatform::DSA directory C:/Users/Thomas/Desktop/TP_MISTRE/TP_PROCESSEUR/Projet_Vitis/Zynq_Timer48_wrapper/hw
TRACE::2026-08-13.20:31:11::SCWPlatform:: Platform Path C:/Users/Thomas/Desktop/TP_MISTRE/TP_PROCESSEUR/Projet_Vitis/Zynq_Timer48_wrapper/hw/Zynq_Timer48_wrapper.xsa
TRACE::2026-08-13.20:31:11::SCWPlatform:: Unique name xilinx:zybo-z7-20::0.0
TRACE::2026-08-13.20:31:11::SCWPlatform::Trying to set the existing hwdb with name Zynq_Timer48_wrapper_0
TRACE::2026-08-13.20:31:11::SCWPlatform::Opened existing hwdb Zynq_Timer48_wrapper_0
TRACE::2026-08-13.20:31:11::SCWPlatform::Found the Hw Db part of the input DSA
TRACE::2026-08-13.20:31:11::SCWMssOS::Checking the sw design at  C:/Users/Thomas/Desktop/TP_MISTRE/TP_PROCESSEUR/Projet_Vitis/Zynq_Timer48_wrapper/zynq_fsbl/zynq_fsbl_bsp/system.mss
TRACE::2026-08-13.20:31:11::SCWMssOS::DEBUG:  swdes dump  C:/Users/Thomas/Desktop/TP_MISTRE/TP_PROCESSEUR/Projet_Vitis/Zynq_Timer48_wrapper/zynq_fsbl/zynq_fsbl_bsp/system.mss|system||

TRACE::2026-08-13.20:31:11::SCWMssOS::Sw design exists and opened at  C:/Users/Thomas/Desktop/TP_MISTRE/TP_PROCESSEUR/Projet_Vitis/Zynq_Timer48_wrapper/zynq_fsbl/zynq_fsbl_bsp/system.mss
TRACE::2026-08-13.20:31:11::SCWWriter::formatted JSON is {
	"platformName":	"Zynq_Timer48_wrapper",
	"sprVersion":	"2.0",
	"mode":	"gui",
	"dsaType":	"Fixed",
	"platformDesc":	"Zynq_Timer48_wrapper",
	"platHandOff":	"<platformDir>.xsa",
	"platIntHandOff":	"<platformDir>/hw/Zynq_Timer48_wrapper.xsa",
	"deviceType":	"zynq",
	"platIsPrebuiltAutogen":	"false",
	"platIsNoBootBsp":	"false",
	"platFsblTarget":	"ps7_cortexa9_0",
	"hasFsblMakeHasChanges":	"false",
	"hasPmufwMakeHasChanges":	"false",
	"fsblExtraCompilerFlags":	"-MMD -MP       -mcpu=cortex-a9 -mfpu=vfpv3 -mfloat-abi=hard ",
	"platPreBuiltFlag":	false,
	"platformSamplesDir":	"",
	"platActiveSys":	"Zynq_Timer48_wrapper",
	"systems":	[{
			"systemName":	"Zynq_Timer48_wrapper",
			"systemDesc":	"Zynq_Timer48_wrapper",
			"sysIsBootAutoGen":	"true",
			"systemDispName":	"Zynq_Timer48_wrapper",
			"sysActiveDom":	"zynq_fsbl",
			"sysDefaultDom":	"",
			"domains":	[{
					"domainName":	"zynq_fsbl",
					"domainDispName":	"zynq_fsbl",
					"domainDesc":	"FSBL Application BSP - Auto Generated.",
					"processors":	"ps7_cortexa9_0",
					"os":	"standalone",
					"sdxOs":	"standalone",
					"debugEnable":	"",
					"domRuntimes":	["cpp"],
					"swRepo":	"",
					"mssOsVer":	"7.3",
					"mssFile":	"",
					"md5Digest":	"99028fef9c9eede53e418ce3239b2f17",
					"compatibleApp":	"zynq_fsbl",
					"domType":	"bootDomain",
					"arch":	"32-bit",
					"appSettings":	{
						"appCompilerFlags":	"",
						"appLinkerFlags":	""
					},
					"addedLibs":	["xilffs:4.4", "xilrsa:1.6"],
					"libOptions":	{
						"libsContainingOptions":	[]
					},
					"prebuiltLibs":	{
						"prebuiltIncPath":	[],
						"prebuiltLibPath":	[]
					},
					"isolation":	{
					}
				}]
		}]
}
TRACE::2026-08-13.20:31:11::SCWMssOS::Saving the mss changes C:/Users/Thomas/Desktop/TP_MISTRE/TP_PROCESSEUR/Projet_Vitis/Zynq_Timer48_wrapper/zynq_fsbl/zynq_fsbl_bsp/system.mss
TRACE::2026-08-13.20:31:11::SCWMssOS::Found a swdesign opened with the mssfile.
TRACE::2026-08-13.20:31:11::SCWMssOS::Completed writemss as part of save.
TRACE::2026-08-13.20:31:11::SCWMssOS::Commit changes completed.
TRACE::2026-08-13.20:31:11::SCWPlatform::Trying to open the hw design at C:/Users/Thomas/Desktop/TP_MISTRE/TP_PROCESSEUR/Projet_Vitis/Zynq_Timer48_wrapper/hw/Zynq_Timer48_wrapper.xsa
TRACE::2026-08-13.20:31:11::SCWPlatform::DSA given C:/Users/Thomas/Desktop/TP_MISTRE/TP_PROCESSEUR/Projet_Vitis/Zynq_Timer48_wrapper/hw/Zynq_Timer48_wrapper.xsa
TRACE::2026-08-13.20:31:11::SCWPlatform::DSA absoulate path C:/Users/Thomas/Desktop/TP_MISTRE/TP_PROCESSEUR/Projet_Vitis/Zynq_Timer48_wrapper/hw/Zynq_Timer48_wrapper.xsa
TRACE::2026-08-13.20:31:11::SCWPlatform::DSA directory C:/Users/Thomas/Desktop/TP_MISTRE/TP_PROCESSEUR/Projet_Vitis/Zynq_Timer48_wrapper/hw
TRACE::2026-08-13.20:31:11::SCWPlatform:: Platform Path C:/Users/Thomas/Desktop/TP_MISTRE/TP_PROCESSEUR/Projet_Vitis/Zynq_Timer48_wrapper/hw/Zynq_Timer48_wrapper.xsa
TRACE::2026-08-13.20:31:11::SCWPlatform:: Unique name xilinx:zybo-z7-20::0.0
TRACE::2026-08-13.20:31:11::SCWPlatform::Trying to set the existing hwdb with name Zynq_Timer48_wrapper_0
TRACE::2026-08-13.20:31:11::SCWPlatform::Opened existing hwdb Zynq_Timer48_wrapper_0
TRACE::2026-08-13.20:31:11::SCWPlatform::Found the Hw Db part of the input DSA
TRACE::2026-08-13.20:31:11::SCWMssOS::Checking the sw design at  C:/Users/Thomas/Desktop/TP_MISTRE/TP_PROCESSEUR/Projet_Vitis/Zynq_Timer48_wrapper/zynq_fsbl/zynq_fsbl_bsp/system.mss
TRACE::2026-08-13.20:31:11::SCWMssOS::DEBUG:  swdes dump  C:/Users/Thomas/Desktop/TP_MISTRE/TP_PROCESSEUR/Projet_Vitis/Zynq_Timer48_wrapper/zynq_fsbl/zynq_fsbl_bsp/system.mss|system||

TRACE::2026-08-13.20:31:11::SCWMssOS::Sw design exists and opened at  C:/Users/Thomas/Desktop/TP_MISTRE/TP_PROCESSEUR/Projet_Vitis/Zynq_Timer48_wrapper/zynq_fsbl/zynq_fsbl_bsp/system.mss
TRACE::2026-08-13.20:31:11::SCWPlatform::Trying to open the hw design at C:/Users/Thomas/Desktop/TP_MISTRE/TP_PROCESSEUR/Projet_Vitis/Zynq_Timer48_wrapper/hw/Zynq_Timer48_wrapper.xsa
TRACE::2026-08-13.20:31:11::SCWPlatform::DSA given C:/Users/Thomas/Desktop/TP_MISTRE/TP_PROCESSEUR/Projet_Vitis/Zynq_Timer48_wrapper/hw/Zynq_Timer48_wrapper.xsa
TRACE::2026-08-13.20:31:11::SCWPlatform::DSA absoulate path C:/Users/Thomas/Desktop/TP_MISTRE/TP_PROCESSEUR/Projet_Vitis/Zynq_Timer48_wrapper/hw/Zynq_Timer48_wrapper.xsa
TRACE::2026-08-13.20:31:11::SCWPlatform::DSA directory C:/Users/Thomas/Desktop/TP_MISTRE/TP_PROCESSEUR/Projet_Vitis/Zynq_Timer48_wrapper/hw
TRACE::2026-08-13.20:31:11::SCWPlatform:: Platform Path C:/Users/Thomas/Desktop/TP_MISTRE/TP_PROCESSEUR/Projet_Vitis/Zynq_Timer48_wrapper/hw/Zynq_Timer48_wrapper.xsa
TRACE::2026-08-13.20:31:11::SCWPlatform:: Unique name xilinx:zybo-z7-20::0.0
TRACE::2026-08-13.20:31:11::SCWPlatform::Trying to set the existing hwdb with name Zynq_Timer48_wrapper_0
TRACE::2026-08-13.20:31:11::SCWPlatform::Opened existing hwdb Zynq_Timer48_wrapper_0
TRACE::2026-08-13.20:31:11::SCWPlatform::Found the Hw Db part of the input DSA
TRACE::2026-08-13.20:31:11::SCWMssOS::Checking the sw design at  C:/Users/Thomas/Desktop/TP_MISTRE/TP_PROCESSEUR/Projet_Vitis/Zynq_Timer48_wrapper/zynq_fsbl/zynq_fsbl_bsp/system.mss
TRACE::2026-08-13.20:31:11::SCWMssOS::DEBUG:  swdes dump  C:/Users/Thomas/Desktop/TP_MISTRE/TP_PROCESSEUR/Projet_Vitis/Zynq_Timer48_wrapper/zynq_fsbl/zynq_fsbl_bsp/system.mss|system||

TRACE::2026-08-13.20:31:11::SCWMssOS::Sw design exists and opened at  C:/Users/Thomas/Desktop/TP_MISTRE/TP_PROCESSEUR/Projet_Vitis/Zynq_Timer48_wrapper/zynq_fsbl/zynq_fsbl_bsp/system.mss
TRACE::2026-08-13.20:31:11::SCWPlatform::Trying to open the hw design at C:/Users/Thomas/Desktop/TP_MISTRE/TP_PROCESSEUR/Projet_Vitis/Zynq_Timer48_wrapper/hw/Zynq_Timer48_wrapper.xsa
TRACE::2026-08-13.20:31:11::SCWPlatform::DSA given C:/Users/Thomas/Desktop/TP_MISTRE/TP_PROCESSEUR/Projet_Vitis/Zynq_Timer48_wrapper/hw/Zynq_Timer48_wrapper.xsa
TRACE::2026-08-13.20:31:11::SCWPlatform::DSA absoulate path C:/Users/Thomas/Desktop/TP_MISTRE/TP_PROCESSEUR/Projet_Vitis/Zynq_Timer48_wrapper/hw/Zynq_Timer48_wrapper.xsa
TRACE::2026-08-13.20:31:11::SCWPlatform::DSA directory C:/Users/Thomas/Desktop/TP_MISTRE/TP_PROCESSEUR/Projet_Vitis/Zynq_Timer48_wrapper/hw
TRACE::2026-08-13.20:31:11::SCWPlatform:: Platform Path C:/Users/Thomas/Desktop/TP_MISTRE/TP_PROCESSEUR/Projet_Vitis/Zynq_Timer48_wrapper/hw/Zynq_Timer48_wrapper.xsa
TRACE::2026-08-13.20:31:11::SCWPlatform:: Unique name xilinx:zybo-z7-20::0.0
TRACE::2026-08-13.20:31:11::SCWPlatform::Trying to set the existing hwdb with name Zynq_Timer48_wrapper_0
TRACE::2026-08-13.20:31:11::SCWPlatform::Opened existing hwdb Zynq_Timer48_wrapper_0
TRACE::2026-08-13.20:31:11::SCWPlatform::Found the Hw Db part of the input DSA
TRACE::2026-08-13.20:31:11::SCWMssOS::Checking the sw design at  C:/Users/Thomas/Desktop/TP_MISTRE/TP_PROCESSEUR/Projet_Vitis/Zynq_Timer48_wrapper/zynq_fsbl/zynq_fsbl_bsp/system.mss
TRACE::2026-08-13.20:31:11::SCWMssOS::DEBUG:  swdes dump  C:/Users/Thomas/Desktop/TP_MISTRE/TP_PROCESSEUR/Projet_Vitis/Zynq_Timer48_wrapper/zynq_fsbl/zynq_fsbl_bsp/system.mss|system||

TRACE::2026-08-13.20:31:11::SCWMssOS::Sw design exists and opened at  C:/Users/Thomas/Desktop/TP_MISTRE/TP_PROCESSEUR/Projet_Vitis/Zynq_Timer48_wrapper/zynq_fsbl/zynq_fsbl_bsp/system.mss
TRACE::2026-08-13.20:31:11::SCWWriter::formatted JSON is {
	"platformName":	"Zynq_Timer48_wrapper",
	"sprVersion":	"2.0",
	"mode":	"gui",
	"dsaType":	"Fixed",
	"platformDesc":	"Zynq_Timer48_wrapper",
	"platHandOff":	"<platformDir>.xsa",
	"platIntHandOff":	"<platformDir>/hw/Zynq_Timer48_wrapper.xsa",
	"deviceType":	"zynq",
	"platIsPrebuiltAutogen":	"false",
	"platIsNoBootBsp":	"false",
	"platFsblTarget":	"ps7_cortexa9_0",
	"hasFsblMakeHasChanges":	"false",
	"hasPmufwMakeHasChanges":	"false",
	"fsblExtraCompilerFlags":	"-MMD -MP       -mcpu=cortex-a9 -mfpu=vfpv3 -mfloat-abi=hard ",
	"platPreBuiltFlag":	false,
	"platformSamplesDir":	"",
	"platActiveSys":	"Zynq_Timer48_wrapper",
	"systems":	[{
			"systemName":	"Zynq_Timer48_wrapper",
			"systemDesc":	"Zynq_Timer48_wrapper",
			"sysIsBootAutoGen":	"true",
			"systemDispName":	"Zynq_Timer48_wrapper",
			"sysActiveDom":	"zynq_fsbl",
			"sysDefaultDom":	"",
			"domains":	[{
					"domainName":	"zynq_fsbl",
					"domainDispName":	"zynq_fsbl",
					"domainDesc":	"FSBL Application BSP - Auto Generated.",
					"processors":	"ps7_cortexa9_0",
					"os":	"standalone",
					"sdxOs":	"standalone",
					"debugEnable":	"",
					"domRuntimes":	["cpp"],
					"swRepo":	"",
					"mssOsVer":	"7.3",
					"mssFile":	"",
					"md5Digest":	"99028fef9c9eede53e418ce3239b2f17",
					"compatibleApp":	"zynq_fsbl",
					"domType":	"bootDomain",
					"arch":	"32-bit",
					"appSettings":	{
						"appCompilerFlags":	"",
						"appLinkerFlags":	""
					},
					"addedLibs":	["xilffs:4.4", "xilrsa:1.6"],
					"libOptions":	{
						"libsContainingOptions":	[]
					},
					"prebuiltLibs":	{
						"prebuiltIncPath":	[],
						"prebuiltLibPath":	[]
					},
					"isolation":	{
					}
				}]
		}]
}
TRACE::2026-08-13.20:31:11::SCWDomain::checking for install qemu data   : 
TRACE::2026-08-13.20:31:11::SCWDomain:: Using the QEMU Data from install at  : C:/Xilinx/Vitis/2020.2/data/emulation/platforms/zynq/sw/a9_standalone/qemu/
TRACE::2026-08-13.20:31:11::SCWDomain:: Using the QEMU args  from install at  : C:/Xilinx/Vitis/2020.2/data/emulation/platforms/zynq/sw/a9_standalone/qemu/qemu_args.txt
TRACE::2026-08-13.20:31:11::SCWPlatform::Trying to open the hw design at C:/Users/Thomas/Desktop/TP_MISTRE/TP_PROCESSEUR/Projet_Vitis/Zynq_Timer48_wrapper/hw/Zynq_Timer48_wrapper.xsa
TRACE::2026-08-13.20:31:11::SCWPlatform::DSA given C:/Users/Thomas/Desktop/TP_MISTRE/TP_PROCESSEUR/Projet_Vitis/Zynq_Timer48_wrapper/hw/Zynq_Timer48_wrapper.xsa
TRACE::2026-08-13.20:31:11::SCWPlatform::DSA absoulate path C:/Users/Thomas/Desktop/TP_MISTRE/TP_PROCESSEUR/Projet_Vitis/Zynq_Timer48_wrapper/hw/Zynq_Timer48_wrapper.xsa
TRACE::2026-08-13.20:31:11::SCWPlatform::DSA directory C:/Users/Thomas/Desktop/TP_MISTRE/TP_PROCESSEUR/Projet_Vitis/Zynq_Timer48_wrapper/hw
TRACE::2026-08-13.20:31:11::SCWPlatform:: Platform Path C:/Users/Thomas/Desktop/TP_MISTRE/TP_PROCESSEUR/Projet_Vitis/Zynq_Timer48_wrapper/hw/Zynq_Timer48_wrapper.xsa
TRACE::2026-08-13.20:31:11::SCWPlatform:: Unique name xilinx:zybo-z7-20::0.0
TRACE::2026-08-13.20:31:11::SCWPlatform::Trying to set the existing hwdb with name Zynq_Timer48_wrapper_0
TRACE::2026-08-13.20:31:11::SCWPlatform::Opened existing hwdb Zynq_Timer48_wrapper_0
TRACE::2026-08-13.20:31:11::SCWPlatform::Found the Hw Db part of the input DSA
TRACE::2026-08-13.20:31:11::SCWPlatform::Trying to open the hw design at C:/Users/Thomas/Desktop/TP_MISTRE/TP_PROCESSEUR/Projet_Vitis/Zynq_Timer48_wrapper/hw/Zynq_Timer48_wrapper.xsa
TRACE::2026-08-13.20:31:11::SCWPlatform::DSA given C:/Users/Thomas/Desktop/TP_MISTRE/TP_PROCESSEUR/Projet_Vitis/Zynq_Timer48_wrapper/hw/Zynq_Timer48_wrapper.xsa
TRACE::2026-08-13.20:31:11::SCWPlatform::DSA absoulate path C:/Users/Thomas/Desktop/TP_MISTRE/TP_PROCESSEUR/Projet_Vitis/Zynq_Timer48_wrapper/hw/Zynq_Timer48_wrapper.xsa
TRACE::2026-08-13.20:31:11::SCWPlatform::DSA directory C:/Users/Thomas/Desktop/TP_MISTRE/TP_PROCESSEUR/Projet_Vitis/Zynq_Timer48_wrapper/hw
TRACE::2026-08-13.20:31:11::SCWPlatform:: Platform Path C:/Users/Thomas/Desktop/TP_MISTRE/TP_PROCESSEUR/Projet_Vitis/Zynq_Timer48_wrapper/hw/Zynq_Timer48_wrapper.xsa
TRACE::2026-08-13.20:31:11::SCWPlatform:: Unique name xilinx:zybo-z7-20::0.0
TRACE::2026-08-13.20:31:11::SCWPlatform::Trying to set the existing hwdb with name Zynq_Timer48_wrapper_0
TRACE::2026-08-13.20:31:11::SCWPlatform::Opened existing hwdb Zynq_Timer48_wrapper_0
TRACE::2026-08-13.20:31:11::SCWPlatform::Found the Hw Db part of the input DSA
TRACE::2026-08-13.20:31:11::SCWPlatform::Trying to open the hw design at C:/Users/Thomas/Desktop/TP_MISTRE/TP_PROCESSEUR/Projet_Vitis/Zynq_Timer48_wrapper/hw/Zynq_Timer48_wrapper.xsa
TRACE::2026-08-13.20:31:11::SCWPlatform::DSA given C:/Users/Thomas/Desktop/TP_MISTRE/TP_PROCESSEUR/Projet_Vitis/Zynq_Timer48_wrapper/hw/Zynq_Timer48_wrapper.xsa
TRACE::2026-08-13.20:31:11::SCWPlatform::DSA absoulate path C:/Users/Thomas/Desktop/TP_MISTRE/TP_PROCESSEUR/Projet_Vitis/Zynq_Timer48_wrapper/hw/Zynq_Timer48_wrapper.xsa
TRACE::2026-08-13.20:31:11::SCWPlatform::DSA directory C:/Users/Thomas/Desktop/TP_MISTRE/TP_PROCESSEUR/Projet_Vitis/Zynq_Timer48_wrapper/hw
TRACE::2026-08-13.20:31:11::SCWPlatform:: Platform Path C:/Users/Thomas/Desktop/TP_MISTRE/TP_PROCESSEUR/Projet_Vitis/Zynq_Timer48_wrapper/hw/Zynq_Timer48_wrapper.xsa
TRACE::2026-08-13.20:31:11::SCWPlatform:: Unique name xilinx:zybo-z7-20::0.0
TRACE::2026-08-13.20:31:11::SCWPlatform::Trying to set the existing hwdb with name Zynq_Timer48_wrapper_0
TRACE::2026-08-13.20:31:11::SCWPlatform::Opened existing hwdb Zynq_Timer48_wrapper_0
TRACE::2026-08-13.20:31:11::SCWPlatform::Found the Hw Db part of the input DSA
TRACE::2026-08-13.20:31:11::SCWMssOS::Checking the sw design at  C:/Users/Thomas/Desktop/TP_MISTRE/TP_PROCESSEUR/Projet_Vitis/Zynq_Timer48_wrapper/ps7_cortexa9_0/standalone_ps7_cortexa9_0/bsp/system.mss
TRACE::2026-08-13.20:31:11::SCWMssOS::DEBUG:  swdes dump  C:/Users/Thomas/Desktop/TP_MISTRE/TP_PROCESSEUR/Projet_Vitis/Zynq_Timer48_wrapper/zynq_fsbl/zynq_fsbl_bsp/system.mss|system||

TRACE::2026-08-13.20:31:11::SCWMssOS::No sw design opened at  C:/Users/Thomas/Desktop/TP_MISTRE/TP_PROCESSEUR/Projet_Vitis/Zynq_Timer48_wrapper/ps7_cortexa9_0/standalone_ps7_cortexa9_0/bsp/system.mss
TRACE::2026-08-13.20:31:11::SCWMssOS::mss does not exists at C:/Users/Thomas/Desktop/TP_MISTRE/TP_PROCESSEUR/Projet_Vitis/Zynq_Timer48_wrapper/ps7_cortexa9_0/standalone_ps7_cortexa9_0/bsp/system.mss
TRACE::2026-08-13.20:31:11::SCWMssOS::Creating sw design at  C:/Users/Thomas/Desktop/TP_MISTRE/TP_PROCESSEUR/Projet_Vitis/Zynq_Timer48_wrapper/ps7_cortexa9_0/standalone_ps7_cortexa9_0/bsp/system.mss
TRACE::2026-08-13.20:31:11::SCWMssOS::Adding the swdes entry, created swdb C:/Users/Thomas/Desktop/TP_MISTRE/TP_PROCESSEUR/Projet_Vitis/Zynq_Timer48_wrapper/ps7_cortexa9_0/standalone_ps7_cortexa9_0/bsp/system.mss with des name C:/Users/Thomas/Desktop/TP_MISTRE/TP_PROCESSEUR/Projet_Vitis/Zynq_Timer48_wrapper/ps7_cortexa9_0/standalone_ps7_cortexa9_0/bsp/system.mss
TRACE::2026-08-13.20:31:11::SCWMssOS::updating the scw layer changes to swdes at   C:/Users/Thomas/Desktop/TP_MISTRE/TP_PROCESSEUR/Projet_Vitis/Zynq_Timer48_wrapper/ps7_cortexa9_0/standalone_ps7_cortexa9_0/bsp/system.mss
TRACE::2026-08-13.20:31:11::SCWMssOS::Writing mss at C:/Users/Thomas/Desktop/TP_MISTRE/TP_PROCESSEUR/Projet_Vitis/Zynq_Timer48_wrapper/ps7_cortexa9_0/standalone_ps7_cortexa9_0/bsp/system.mss
TRACE::2026-08-13.20:31:11::SCWMssOS::Completed writing the mss file at C:/Users/Thomas/Desktop/TP_MISTRE/TP_PROCESSEUR/Projet_Vitis/Zynq_Timer48_wrapper/ps7_cortexa9_0/standalone_ps7_cortexa9_0/bsp
TRACE::2026-08-13.20:31:11::SCWMssOS::Picking up changes from newly written mss file into SCW Layer. 
TRACE::2026-08-13.20:31:11::SCWMssOS::Updated the changes from newly written mss file into SCW Layer. 
TRACE::2026-08-13.20:31:11::SCWMssOS::Completed writing the mss file at C:/Users/Thomas/Desktop/TP_MISTRE/TP_PROCESSEUR/Projet_Vitis/Zynq_Timer48_wrapper/ps7_cortexa9_0/standalone_ps7_cortexa9_0/bsp
TRACE::2026-08-13.20:31:11::SCWMssOS::Forcing BSP Sources regeneration.
TRACE::2026-08-13.20:31:12::SCWMssOS::Saving the mss changes C:/Users/Thomas/Desktop/TP_MISTRE/TP_PROCESSEUR/Projet_Vitis/Zynq_Timer48_wrapper/zynq_fsbl/zynq_fsbl_bsp/system.mss
TRACE::2026-08-13.20:31:12::SCWMssOS::Found a swdesign opened with the mssfile.
TRACE::2026-08-13.20:31:12::SCWMssOS::Completed writemss as part of save.
TRACE::2026-08-13.20:31:12::SCWMssOS::Commit changes completed.
TRACE::2026-08-13.20:31:12::SCWMssOS::Saving the mss changes C:/Users/Thomas/Desktop/TP_MISTRE/TP_PROCESSEUR/Projet_Vitis/Zynq_Timer48_wrapper/ps7_cortexa9_0/standalone_ps7_cortexa9_0/bsp/system.mss
TRACE::2026-08-13.20:31:12::SCWMssOS::Found a swdesign opened with the mssfile.
TRACE::2026-08-13.20:31:12::SCWMssOS::Running validate of swdbs.
KEYINFO::2026-08-13.20:31:12::SCWMssOS::Could not open the swdb for C:/Users/Thomas/Desktop/TP_MISTRE/TP_PROCESSEUR/Projet_Vitis/Zynq_Timer48_wrapper/ps7_cortexa9_0/standalone_ps7_cortexa9_0/bsp/system.mss
KEYINFO::2026-08-13.20:31:12::SCWMssOS::Could not open the sw design at  C:/Users/Thomas/Desktop/TP_MISTRE/TP_PROCESSEUR/Projet_Vitis/Zynq_Timer48_wrapper/ps7_cortexa9_0/standalone_ps7_cortexa9_0/bsp/system.mss
ERROR: [Hsi 55-1558] Software Design C:/Users/Thomas/Desktop/TP_MISTRE/TP_PROCESSEUR/Projet_Vitis/Zynq_Timer48_wrapper/ps7_cortexa9_0/standalone_ps7_cortexa9_0/bsp/system.mss is not found

TRACE::2026-08-13.20:31:12::SCWMssOS::Cleared the swdb table entry
TRACE::2026-08-13.20:31:12::SCWMssOS::Adding the swdes entry, mss present, able to open swdb C:/Users/Thomas/Desktop/TP_MISTRE/TP_PROCESSEUR/Projet_Vitis/Zynq_Timer48_wrapper/ps7_cortexa9_0/standalone_ps7_cortexa9_0/bsp/system.mss with des name system_0
TRACE::2026-08-13.20:31:12::SCWMssOS::Writing the mss file completed C:/Users/Thomas/Desktop/TP_MISTRE/TP_PROCESSEUR/Projet_Vitis/Zynq_Timer48_wrapper/ps7_cortexa9_0/standalone_ps7_cortexa9_0/bsp/system.mss
TRACE::2026-08-13.20:31:12::SCWMssOS::Commit changes completed.
TRACE::2026-08-13.20:31:12::SCWPlatform::Trying to open the hw design at C:/Users/Thomas/Desktop/TP_MISTRE/TP_PROCESSEUR/Projet_Vitis/Zynq_Timer48_wrapper/hw/Zynq_Timer48_wrapper.xsa
TRACE::2026-08-13.20:31:12::SCWPlatform::DSA given C:/Users/Thomas/Desktop/TP_MISTRE/TP_PROCESSEUR/Projet_Vitis/Zynq_Timer48_wrapper/hw/Zynq_Timer48_wrapper.xsa
TRACE::2026-08-13.20:31:12::SCWPlatform::DSA absoulate path C:/Users/Thomas/Desktop/TP_MISTRE/TP_PROCESSEUR/Projet_Vitis/Zynq_Timer48_wrapper/hw/Zynq_Timer48_wrapper.xsa
TRACE::2026-08-13.20:31:12::SCWPlatform::DSA directory C:/Users/Thomas/Desktop/TP_MISTRE/TP_PROCESSEUR/Projet_Vitis/Zynq_Timer48_wrapper/hw
TRACE::2026-08-13.20:31:12::SCWPlatform:: Platform Path C:/Users/Thomas/Desktop/TP_MISTRE/TP_PROCESSEUR/Projet_Vitis/Zynq_Timer48_wrapper/hw/Zynq_Timer48_wrapper.xsa
TRACE::2026-08-13.20:31:12::SCWPlatform:: Unique name xilinx:zybo-z7-20::0.0
TRACE::2026-08-13.20:31:12::SCWPlatform::Trying to set the existing hwdb with name Zynq_Timer48_wrapper_0
TRACE::2026-08-13.20:31:12::SCWPlatform::Opened existing hwdb Zynq_Timer48_wrapper_0
TRACE::2026-08-13.20:31:12::SCWPlatform::Found the Hw Db part of the input DSA
TRACE::2026-08-13.20:31:12::SCWMssOS::Checking the sw design at  C:/Users/Thomas/Desktop/TP_MISTRE/TP_PROCESSEUR/Projet_Vitis/Zynq_Timer48_wrapper/zynq_fsbl/zynq_fsbl_bsp/system.mss
TRACE::2026-08-13.20:31:12::SCWMssOS::DEBUG:  swdes dump  C:/Users/Thomas/Desktop/TP_MISTRE/TP_PROCESSEUR/Projet_Vitis/Zynq_Timer48_wrapper/ps7_cortexa9_0/standalone_ps7_cortexa9_0/bsp/system.mss|system_0||
C:/Users/Thomas/Desktop/TP_MISTRE/TP_PROCESSEUR/Projet_Vitis/Zynq_Timer48_wrapper/zynq_fsbl/zynq_fsbl_bsp/system.mss|system||

TRACE::2026-08-13.20:31:12::SCWMssOS::Sw design exists and opened at  C:/Users/Thomas/Desktop/TP_MISTRE/TP_PROCESSEUR/Projet_Vitis/Zynq_Timer48_wrapper/zynq_fsbl/zynq_fsbl_bsp/system.mss
TRACE::2026-08-13.20:31:12::SCWPlatform::Trying to open the hw design at C:/Users/Thomas/Desktop/TP_MISTRE/TP_PROCESSEUR/Projet_Vitis/Zynq_Timer48_wrapper/hw/Zynq_Timer48_wrapper.xsa
TRACE::2026-08-13.20:31:12::SCWPlatform::DSA given C:/Users/Thomas/Desktop/TP_MISTRE/TP_PROCESSEUR/Projet_Vitis/Zynq_Timer48_wrapper/hw/Zynq_Timer48_wrapper.xsa
TRACE::2026-08-13.20:31:12::SCWPlatform::DSA absoulate path C:/Users/Thomas/Desktop/TP_MISTRE/TP_PROCESSEUR/Projet_Vitis/Zynq_Timer48_wrapper/hw/Zynq_Timer48_wrapper.xsa
TRACE::2026-08-13.20:31:12::SCWPlatform::DSA directory C:/Users/Thomas/Desktop/TP_MISTRE/TP_PROCESSEUR/Projet_Vitis/Zynq_Timer48_wrapper/hw
TRACE::2026-08-13.20:31:12::SCWPlatform:: Platform Path C:/Users/Thomas/Desktop/TP_MISTRE/TP_PROCESSEUR/Projet_Vitis/Zynq_Timer48_wrapper/hw/Zynq_Timer48_wrapper.xsa
TRACE::2026-08-13.20:31:12::SCWPlatform:: Unique name xilinx:zybo-z7-20::0.0
TRACE::2026-08-13.20:31:12::SCWPlatform::Trying to set the existing hwdb with name Zynq_Timer48_wrapper_0
TRACE::2026-08-13.20:31:12::SCWPlatform::Opened existing hwdb Zynq_Timer48_wrapper_0
TRACE::2026-08-13.20:31:12::SCWPlatform::Found the Hw Db part of the input DSA
TRACE::2026-08-13.20:31:12::SCWMssOS::Checking the sw design at  C:/Users/Thomas/Desktop/TP_MISTRE/TP_PROCESSEUR/Projet_Vitis/Zynq_Timer48_wrapper/zynq_fsbl/zynq_fsbl_bsp/system.mss
TRACE::2026-08-13.20:31:12::SCWMssOS::DEBUG:  swdes dump  C:/Users/Thomas/Desktop/TP_MISTRE/TP_PROCESSEUR/Projet_Vitis/Zynq_Timer48_wrapper/ps7_cortexa9_0/standalone_ps7_cortexa9_0/bsp/system.mss|system_0||
C:/Users/Thomas/Desktop/TP_MISTRE/TP_PROCESSEUR/Projet_Vitis/Zynq_Timer48_wrapper/zynq_fsbl/zynq_fsbl_bsp/system.mss|system||

TRACE::2026-08-13.20:31:12::SCWMssOS::Sw design exists and opened at  C:/Users/Thomas/Desktop/TP_MISTRE/TP_PROCESSEUR/Projet_Vitis/Zynq_Timer48_wrapper/zynq_fsbl/zynq_fsbl_bsp/system.mss
TRACE::2026-08-13.20:31:12::SCWPlatform::Trying to open the hw design at C:/Users/Thomas/Desktop/TP_MISTRE/TP_PROCESSEUR/Projet_Vitis/Zynq_Timer48_wrapper/hw/Zynq_Timer48_wrapper.xsa
TRACE::2026-08-13.20:31:12::SCWPlatform::DSA given C:/Users/Thomas/Desktop/TP_MISTRE/TP_PROCESSEUR/Projet_Vitis/Zynq_Timer48_wrapper/hw/Zynq_Timer48_wrapper.xsa
TRACE::2026-08-13.20:31:12::SCWPlatform::DSA absoulate path C:/Users/Thomas/Desktop/TP_MISTRE/TP_PROCESSEUR/Projet_Vitis/Zynq_Timer48_wrapper/hw/Zynq_Timer48_wrapper.xsa
TRACE::2026-08-13.20:31:12::SCWPlatform::DSA directory C:/Users/Thomas/Desktop/TP_MISTRE/TP_PROCESSEUR/Projet_Vitis/Zynq_Timer48_wrapper/hw
TRACE::2026-08-13.20:31:12::SCWPlatform:: Platform Path C:/Users/Thomas/Desktop/TP_MISTRE/TP_PROCESSEUR/Projet_Vitis/Zynq_Timer48_wrapper/hw/Zynq_Timer48_wrapper.xsa
TRACE::2026-08-13.20:31:12::SCWPlatform:: Unique name xilinx:zybo-z7-20::0.0
TRACE::2026-08-13.20:31:12::SCWPlatform::Trying to set the existing hwdb with name Zynq_Timer48_wrapper_0
TRACE::2026-08-13.20:31:12::SCWPlatform::Opened existing hwdb Zynq_Timer48_wrapper_0
TRACE::2026-08-13.20:31:12::SCWPlatform::Found the Hw Db part of the input DSA
TRACE::2026-08-13.20:31:12::SCWMssOS::Checking the sw design at  C:/Users/Thomas/Desktop/TP_MISTRE/TP_PROCESSEUR/Projet_Vitis/Zynq_Timer48_wrapper/zynq_fsbl/zynq_fsbl_bsp/system.mss
TRACE::2026-08-13.20:31:12::SCWMssOS::DEBUG:  swdes dump  C:/Users/Thomas/Desktop/TP_MISTRE/TP_PROCESSEUR/Projet_Vitis/Zynq_Timer48_wrapper/ps7_cortexa9_0/standalone_ps7_cortexa9_0/bsp/system.mss|system_0||
C:/Users/Thomas/Desktop/TP_MISTRE/TP_PROCESSEUR/Projet_Vitis/Zynq_Timer48_wrapper/zynq_fsbl/zynq_fsbl_bsp/system.mss|system||

TRACE::2026-08-13.20:31:12::SCWMssOS::Sw design exists and opened at  C:/Users/Thomas/Desktop/TP_MISTRE/TP_PROCESSEUR/Projet_Vitis/Zynq_Timer48_wrapper/zynq_fsbl/zynq_fsbl_bsp/system.mss
TRACE::2026-08-13.20:31:12::SCWPlatform::Trying to open the hw design at C:/Users/Thomas/Desktop/TP_MISTRE/TP_PROCESSEUR/Projet_Vitis/Zynq_Timer48_wrapper/hw/Zynq_Timer48_wrapper.xsa
TRACE::2026-08-13.20:31:12::SCWPlatform::DSA given C:/Users/Thomas/Desktop/TP_MISTRE/TP_PROCESSEUR/Projet_Vitis/Zynq_Timer48_wrapper/hw/Zynq_Timer48_wrapper.xsa
TRACE::2026-08-13.20:31:12::SCWPlatform::DSA absoulate path C:/Users/Thomas/Desktop/TP_MISTRE/TP_PROCESSEUR/Projet_Vitis/Zynq_Timer48_wrapper/hw/Zynq_Timer48_wrapper.xsa
TRACE::2026-08-13.20:31:12::SCWPlatform::DSA directory C:/Users/Thomas/Desktop/TP_MISTRE/TP_PROCESSEUR/Projet_Vitis/Zynq_Timer48_wrapper/hw
TRACE::2026-08-13.20:31:12::SCWPlatform:: Platform Path C:/Users/Thomas/Desktop/TP_MISTRE/TP_PROCESSEUR/Projet_Vitis/Zynq_Timer48_wrapper/hw/Zynq_Timer48_wrapper.xsa
TRACE::2026-08-13.20:31:12::SCWPlatform:: Unique name xilinx:zybo-z7-20::0.0
TRACE::2026-08-13.20:31:12::SCWPlatform::Trying to set the existing hwdb with name Zynq_Timer48_wrapper_0
TRACE::2026-08-13.20:31:12::SCWPlatform::Opened existing hwdb Zynq_Timer48_wrapper_0
TRACE::2026-08-13.20:31:12::SCWPlatform::Found the Hw Db part of the input DSA
TRACE::2026-08-13.20:31:12::SCWMssOS::Checking the sw design at  C:/Users/Thomas/Desktop/TP_MISTRE/TP_PROCESSEUR/Projet_Vitis/Zynq_Timer48_wrapper/ps7_cortexa9_0/standalone_ps7_cortexa9_0/bsp/system.mss
TRACE::2026-08-13.20:31:12::SCWMssOS::DEBUG:  swdes dump  C:/Users/Thomas/Desktop/TP_MISTRE/TP_PROCESSEUR/Projet_Vitis/Zynq_Timer48_wrapper/ps7_cortexa9_0/standalone_ps7_cortexa9_0/bsp/system.mss|system_0||
C:/Users/Thomas/Desktop/TP_MISTRE/TP_PROCESSEUR/Projet_Vitis/Zynq_Timer48_wrapper/zynq_fsbl/zynq_fsbl_bsp/system.mss|system||

TRACE::2026-08-13.20:31:12::SCWMssOS::Sw design exists and opened at  C:/Users/Thomas/Desktop/TP_MISTRE/TP_PROCESSEUR/Projet_Vitis/Zynq_Timer48_wrapper/ps7_cortexa9_0/standalone_ps7_cortexa9_0/bsp/system.mss
TRACE::2026-08-13.20:31:12::SCWPlatform::Trying to open the hw design at C:/Users/Thomas/Desktop/TP_MISTRE/TP_PROCESSEUR/Projet_Vitis/Zynq_Timer48_wrapper/hw/Zynq_Timer48_wrapper.xsa
TRACE::2026-08-13.20:31:12::SCWPlatform::DSA given C:/Users/Thomas/Desktop/TP_MISTRE/TP_PROCESSEUR/Projet_Vitis/Zynq_Timer48_wrapper/hw/Zynq_Timer48_wrapper.xsa
TRACE::2026-08-13.20:31:12::SCWPlatform::DSA absoulate path C:/Users/Thomas/Desktop/TP_MISTRE/TP_PROCESSEUR/Projet_Vitis/Zynq_Timer48_wrapper/hw/Zynq_Timer48_wrapper.xsa
TRACE::2026-08-13.20:31:12::SCWPlatform::DSA directory C:/Users/Thomas/Desktop/TP_MISTRE/TP_PROCESSEUR/Projet_Vitis/Zynq_Timer48_wrapper/hw
TRACE::2026-08-13.20:31:12::SCWPlatform:: Platform Path C:/Users/Thomas/Desktop/TP_MISTRE/TP_PROCESSEUR/Projet_Vitis/Zynq_Timer48_wrapper/hw/Zynq_Timer48_wrapper.xsa
TRACE::2026-08-13.20:31:12::SCWPlatform:: Unique name xilinx:zybo-z7-20::0.0
TRACE::2026-08-13.20:31:12::SCWPlatform::Trying to set the existing hwdb with name Zynq_Timer48_wrapper_0
TRACE::2026-08-13.20:31:12::SCWPlatform::Opened existing hwdb Zynq_Timer48_wrapper_0
TRACE::2026-08-13.20:31:12::SCWPlatform::Found the Hw Db part of the input DSA
TRACE::2026-08-13.20:31:12::SCWMssOS::Checking the sw design at  C:/Users/Thomas/Desktop/TP_MISTRE/TP_PROCESSEUR/Projet_Vitis/Zynq_Timer48_wrapper/ps7_cortexa9_0/standalone_ps7_cortexa9_0/bsp/system.mss
TRACE::2026-08-13.20:31:12::SCWMssOS::DEBUG:  swdes dump  C:/Users/Thomas/Desktop/TP_MISTRE/TP_PROCESSEUR/Projet_Vitis/Zynq_Timer48_wrapper/ps7_cortexa9_0/standalone_ps7_cortexa9_0/bsp/system.mss|system_0||
C:/Users/Thomas/Desktop/TP_MISTRE/TP_PROCESSEUR/Projet_Vitis/Zynq_Timer48_wrapper/zynq_fsbl/zynq_fsbl_bsp/system.mss|system||

TRACE::2026-08-13.20:31:12::SCWMssOS::Sw design exists and opened at  C:/Users/Thomas/Desktop/TP_MISTRE/TP_PROCESSEUR/Projet_Vitis/Zynq_Timer48_wrapper/ps7_cortexa9_0/standalone_ps7_cortexa9_0/bsp/system.mss
TRACE::2026-08-13.20:31:12::SCWPlatform::Trying to open the hw design at C:/Users/Thomas/Desktop/TP_MISTRE/TP_PROCESSEUR/Projet_Vitis/Zynq_Timer48_wrapper/hw/Zynq_Timer48_wrapper.xsa
TRACE::2026-08-13.20:31:12::SCWPlatform::DSA given C:/Users/Thomas/Desktop/TP_MISTRE/TP_PROCESSEUR/Projet_Vitis/Zynq_Timer48_wrapper/hw/Zynq_Timer48_wrapper.xsa
TRACE::2026-08-13.20:31:12::SCWPlatform::DSA absoulate path C:/Users/Thomas/Desktop/TP_MISTRE/TP_PROCESSEUR/Projet_Vitis/Zynq_Timer48_wrapper/hw/Zynq_Timer48_wrapper.xsa
TRACE::2026-08-13.20:31:12::SCWPlatform::DSA directory C:/Users/Thomas/Desktop/TP_MISTRE/TP_PROCESSEUR/Projet_Vitis/Zynq_Timer48_wrapper/hw
TRACE::2026-08-13.20:31:12::SCWPlatform:: Platform Path C:/Users/Thomas/Desktop/TP_MISTRE/TP_PROCESSEUR/Projet_Vitis/Zynq_Timer48_wrapper/hw/Zynq_Timer48_wrapper.xsa
TRACE::2026-08-13.20:31:12::SCWPlatform:: Unique name xilinx:zybo-z7-20::0.0
TRACE::2026-08-13.20:31:12::SCWPlatform::Trying to set the existing hwdb with name Zynq_Timer48_wrapper_0
TRACE::2026-08-13.20:31:12::SCWPlatform::Opened existing hwdb Zynq_Timer48_wrapper_0
TRACE::2026-08-13.20:31:12::SCWPlatform::Found the Hw Db part of the input DSA
TRACE::2026-08-13.20:31:12::SCWMssOS::Checking the sw design at  C:/Users/Thomas/Desktop/TP_MISTRE/TP_PROCESSEUR/Projet_Vitis/Zynq_Timer48_wrapper/ps7_cortexa9_0/standalone_ps7_cortexa9_0/bsp/system.mss
TRACE::2026-08-13.20:31:12::SCWMssOS::DEBUG:  swdes dump  C:/Users/Thomas/Desktop/TP_MISTRE/TP_PROCESSEUR/Projet_Vitis/Zynq_Timer48_wrapper/ps7_cortexa9_0/standalone_ps7_cortexa9_0/bsp/system.mss|system_0||
C:/Users/Thomas/Desktop/TP_MISTRE/TP_PROCESSEUR/Projet_Vitis/Zynq_Timer48_wrapper/zynq_fsbl/zynq_fsbl_bsp/system.mss|system||

TRACE::2026-08-13.20:31:12::SCWMssOS::Sw design exists and opened at  C:/Users/Thomas/Desktop/TP_MISTRE/TP_PROCESSEUR/Projet_Vitis/Zynq_Timer48_wrapper/ps7_cortexa9_0/standalone_ps7_cortexa9_0/bsp/system.mss
TRACE::2026-08-13.20:31:12::SCWWriter::formatted JSON is {
	"platformName":	"Zynq_Timer48_wrapper",
	"sprVersion":	"2.0",
	"mode":	"gui",
	"dsaType":	"Fixed",
	"platformDesc":	"Zynq_Timer48_wrapper",
	"platHandOff":	"<platformDir>.xsa",
	"platIntHandOff":	"<platformDir>/hw/Zynq_Timer48_wrapper.xsa",
	"deviceType":	"zynq",
	"platIsPrebuiltAutogen":	"false",
	"platIsNoBootBsp":	"false",
	"platFsblTarget":	"ps7_cortexa9_0",
	"hasFsblMakeHasChanges":	"false",
	"hasPmufwMakeHasChanges":	"false",
	"fsblExtraCompilerFlags":	"-MMD -MP       -mcpu=cortex-a9 -mfpu=vfpv3 -mfloat-abi=hard ",
	"platPreBuiltFlag":	false,
	"platformSamplesDir":	"",
	"platActiveSys":	"Zynq_Timer48_wrapper",
	"systems":	[{
			"systemName":	"Zynq_Timer48_wrapper",
			"systemDesc":	"Zynq_Timer48_wrapper",
			"sysIsBootAutoGen":	"true",
			"systemDispName":	"Zynq_Timer48_wrapper",
			"sysActiveDom":	"standalone_ps7_cortexa9_0",
			"sysDefaultDom":	"standalone_ps7_cortexa9_0",
			"domains":	[{
					"domainName":	"zynq_fsbl",
					"domainDispName":	"zynq_fsbl",
					"domainDesc":	"FSBL Application BSP - Auto Generated.",
					"processors":	"ps7_cortexa9_0",
					"os":	"standalone",
					"sdxOs":	"standalone",
					"debugEnable":	"",
					"domRuntimes":	["cpp"],
					"swRepo":	"",
					"mssOsVer":	"7.3",
					"mssFile":	"",
					"md5Digest":	"99028fef9c9eede53e418ce3239b2f17",
					"compatibleApp":	"zynq_fsbl",
					"domType":	"bootDomain",
					"arch":	"32-bit",
					"appSettings":	{
						"appCompilerFlags":	"",
						"appLinkerFlags":	""
					},
					"addedLibs":	["xilffs:4.4", "xilrsa:1.6"],
					"libOptions":	{
						"libsContainingOptions":	[]
					},
					"prebuiltLibs":	{
						"prebuiltIncPath":	[],
						"prebuiltLibPath":	[]
					},
					"isolation":	{
					}
				}, {
					"domainName":	"standalone_ps7_cortexa9_0",
					"domainDispName":	"standalone_ps7_cortexa9_0",
					"domainDesc":	"standalone_ps7_cortexa9_0",
					"processors":	"ps7_cortexa9_0",
					"os":	"standalone",
					"sdxOs":	"standalone",
					"qemuArgs":	"C:/Xilinx/Vitis/2020.2/data/emulation/platforms/zynq/sw/a9_standalone/qemu/qemu_args.txt",
					"qemuData":	"C:/Xilinx/Vitis/2020.2/data/emulation/platforms/zynq/sw/a9_standalone/qemu/",
					"debugEnable":	"False",
					"domRuntimes":	["cpp"],
					"swRepo":	"",
					"mssOsVer":	"7.3",
					"mssFile":	"",
					"md5Digest":	"00782262e1d53e4191dd624e2d41470c",
					"compatibleApp":	"hello_world",
					"domType":	"mssDomain",
					"arch":	"32-bit",
					"appSettings":	{
						"appCompilerFlags":	"",
						"appLinkerFlags":	""
					},
					"addedLibs":	[],
					"libOptions":	{
						"libsContainingOptions":	[]
					},
					"prebuiltLibs":	{
						"prebuiltIncPath":	[],
						"prebuiltLibPath":	[]
					},
					"isolation":	{
					}
				}]
		}]
}
LOG::2026-08-13.20:31:12::SCWPlatform::Started generating the artifacts platform Zynq_Timer48_wrapper
TRACE::2026-08-13.20:31:12::SCWPlatform::Sanity checking of platform is completed
LOG::2026-08-13.20:31:12::SCWPlatform::Started generating the artifacts for system configuration Zynq_Timer48_wrapper
LOG::2026-08-13.20:31:12::SCWSystem::Checking the domain zynq_fsbl
LOG::2026-08-13.20:31:12::SCWSystem::Doing application build for :  zynq_fsbl
TRACE::2026-08-13.20:31:12::SCWBDomain::Not a forced makefile updation, No changes are present. 
TRACE::2026-08-13.20:31:12::SCWDomain::Skipping the build for domain :  zynq_fsbl
LOG::2026-08-13.20:31:12::SCWSystem::Checking the domain standalone_ps7_cortexa9_0
LOG::2026-08-13.20:31:12::SCWSystem::Not a boot domain 
LOG::2026-08-13.20:31:12::SCWSystem::Started Processing the domain standalone_ps7_cortexa9_0
TRACE::2026-08-13.20:31:12::SCWDomain::Generating domain artifcats
TRACE::2026-08-13.20:31:12::SCWMssOS::Generating standalone artifcats
TRACE::2026-08-13.20:31:12::SCWMssOS::Copying the qemu file from  C:/Xilinx/Vitis/2020.2/data/emulation/platforms/zynq/sw/a9_standalone/qemu/qemu_args.txt To C:/Users/Thomas/Desktop/TP_MISTRE/TP_PROCESSEUR/Projet_Vitis/Zynq_Timer48_wrapper/export/Zynq_Timer48_wrapper/sw/Zynq_Timer48_wrapper/qemu/
TRACE::2026-08-13.20:31:12::SCWMssOS::Copying the qemu file from  C:/Xilinx/Vitis/2020.2/data/emulation/platforms/zynq/sw/a9_standalone/qemu/qemu_args.txt To C:/Users/Thomas/Desktop/TP_MISTRE/TP_PROCESSEUR/Projet_Vitis/Zynq_Timer48_wrapper/export/Zynq_Timer48_wrapper/sw/Zynq_Timer48_wrapper/standalone_ps7_cortexa9_0/qemu/
TRACE::2026-08-13.20:31:12::SCWMssOS:: Copying the user libraries. 
TRACE::2026-08-13.20:31:12::SCWPlatform::Trying to open the hw design at C:/Users/Thomas/Desktop/TP_MISTRE/TP_PROCESSEUR/Projet_Vitis/Zynq_Timer48_wrapper/hw/Zynq_Timer48_wrapper.xsa
TRACE::2026-08-13.20:31:12::SCWPlatform::DSA given C:/Users/Thomas/Desktop/TP_MISTRE/TP_PROCESSEUR/Projet_Vitis/Zynq_Timer48_wrapper/hw/Zynq_Timer48_wrapper.xsa
TRACE::2026-08-13.20:31:12::SCWPlatform::DSA absoulate path C:/Users/Thomas/Desktop/TP_MISTRE/TP_PROCESSEUR/Projet_Vitis/Zynq_Timer48_wrapper/hw/Zynq_Timer48_wrapper.xsa
TRACE::2026-08-13.20:31:12::SCWPlatform::DSA directory C:/Users/Thomas/Desktop/TP_MISTRE/TP_PROCESSEUR/Projet_Vitis/Zynq_Timer48_wrapper/hw
TRACE::2026-08-13.20:31:12::SCWPlatform:: Platform Path C:/Users/Thomas/Desktop/TP_MISTRE/TP_PROCESSEUR/Projet_Vitis/Zynq_Timer48_wrapper/hw/Zynq_Timer48_wrapper.xsa
TRACE::2026-08-13.20:31:12::SCWPlatform:: Unique name xilinx:zybo-z7-20::0.0
TRACE::2026-08-13.20:31:12::SCWPlatform::Trying to set the existing hwdb with name Zynq_Timer48_wrapper_0
TRACE::2026-08-13.20:31:12::SCWPlatform::Opened existing hwdb Zynq_Timer48_wrapper_0
TRACE::2026-08-13.20:31:12::SCWPlatform::Found the Hw Db part of the input DSA
TRACE::2026-08-13.20:31:12::SCWMssOS::Checking the sw design at  C:/Users/Thomas/Desktop/TP_MISTRE/TP_PROCESSEUR/Projet_Vitis/Zynq_Timer48_wrapper/ps7_cortexa9_0/standalone_ps7_cortexa9_0/bsp/system.mss
TRACE::2026-08-13.20:31:12::SCWMssOS::DEBUG:  swdes dump  C:/Users/Thomas/Desktop/TP_MISTRE/TP_PROCESSEUR/Projet_Vitis/Zynq_Timer48_wrapper/ps7_cortexa9_0/standalone_ps7_cortexa9_0/bsp/system.mss|system_0||
C:/Users/Thomas/Desktop/TP_MISTRE/TP_PROCESSEUR/Projet_Vitis/Zynq_Timer48_wrapper/zynq_fsbl/zynq_fsbl_bsp/system.mss|system||

TRACE::2026-08-13.20:31:12::SCWMssOS::Sw design exists and opened at  C:/Users/Thomas/Desktop/TP_MISTRE/TP_PROCESSEUR/Projet_Vitis/Zynq_Timer48_wrapper/ps7_cortexa9_0/standalone_ps7_cortexa9_0/bsp/system.mss
TRACE::2026-08-13.20:31:12::SCWMssOS::Completed writing the mss file at C:/Users/Thomas/Desktop/TP_MISTRE/TP_PROCESSEUR/Projet_Vitis/Zynq_Timer48_wrapper/ps7_cortexa9_0/standalone_ps7_cortexa9_0/bsp
TRACE::2026-08-13.20:31:12::SCWMssOS::Mss edits present, copying mssfile into export location C:/Users/Thomas/Desktop/TP_MISTRE/TP_PROCESSEUR/Projet_Vitis/Zynq_Timer48_wrapper/ps7_cortexa9_0/standalone_ps7_cortexa9_0/bsp/system.mss
TRACE::2026-08-13.20:31:12::SCWMssOS::bsp generated is upto date with the mss file. Skipping bsp generation.
TRACE::2026-08-13.20:31:12::SCWMssOS::BSP is already built. skipping the bsp build ... 
TRACE::2026-08-13.20:31:12::SCWDomain::Skipping the build for domain :  standalone_ps7_cortexa9_0
TRACE::2026-08-13.20:31:12::SCWMssOS::skipping the bsp build ... 
TRACE::2026-08-13.20:31:12::SCWMssOS::Copying to export directory.
TRACE::2026-08-13.20:31:12::SCWMssOS:: Checking if to create the Supporting Applications
TRACE::2026-08-13.20:31:12::SCWMssOS:: No Linux domain exists, trying to generate FSBL 
TRACE::2026-08-13.20:31:12::SCWMssOS:: Completed Standalone Artifacts creation 
LOG::2026-08-13.20:31:12::SCWSystem::Completed Processing the domain standalone_ps7_cortexa9_0
LOG::2026-08-13.20:31:12::SCWSystem::Completed Processing the sysconfig Zynq_Timer48_wrapper
LOG::2026-08-13.20:31:12::SCWPlatform::Completed generating the artifacts for system configuration Zynq_Timer48_wrapper
TRACE::2026-08-13.20:31:12::SCWPlatform::Started preparing the platform 
TRACE::2026-08-13.20:31:12::SCWSystem::Writing the bif file for system config Zynq_Timer48_wrapper
TRACE::2026-08-13.20:31:12::SCWSystem::dir created 
TRACE::2026-08-13.20:31:12::SCWSystem::Writing the bif 
TRACE::2026-08-13.20:31:12::SCWPlatform::Started writing the spfm file 
TRACE::2026-08-13.20:31:12::SCWPlatform::Started writing the xpfm file 
TRACE::2026-08-13.20:31:12::SCWPlatform::Completed generating the platform
TRACE::2026-08-13.20:31:12::SCWMssOS::Saving the mss changes C:/Users/Thomas/Desktop/TP_MISTRE/TP_PROCESSEUR/Projet_Vitis/Zynq_Timer48_wrapper/zynq_fsbl/zynq_fsbl_bsp/system.mss
TRACE::2026-08-13.20:31:12::SCWMssOS::Found a swdesign opened with the mssfile.
TRACE::2026-08-13.20:31:12::SCWMssOS::Completed writemss as part of save.
TRACE::2026-08-13.20:31:12::SCWMssOS::Commit changes completed.
TRACE::2026-08-13.20:31:12::SCWMssOS::Saving the mss changes C:/Users/Thomas/Desktop/TP_MISTRE/TP_PROCESSEUR/Projet_Vitis/Zynq_Timer48_wrapper/ps7_cortexa9_0/standalone_ps7_cortexa9_0/bsp/system.mss
TRACE::2026-08-13.20:31:12::SCWMssOS::Found a swdesign opened with the mssfile.
TRACE::2026-08-13.20:31:12::SCWMssOS::Completed writemss as part of save.
TRACE::2026-08-13.20:31:12::SCWMssOS::Commit changes completed.
TRACE::2026-08-13.20:31:12::SCWPlatform::Trying to open the hw design at C:/Users/Thomas/Desktop/TP_MISTRE/TP_PROCESSEUR/Projet_Vitis/Zynq_Timer48_wrapper/hw/Zynq_Timer48_wrapper.xsa
TRACE::2026-08-13.20:31:12::SCWPlatform::DSA given C:/Users/Thomas/Desktop/TP_MISTRE/TP_PROCESSEUR/Projet_Vitis/Zynq_Timer48_wrapper/hw/Zynq_Timer48_wrapper.xsa
TRACE::2026-08-13.20:31:12::SCWPlatform::DSA absoulate path C:/Users/Thomas/Desktop/TP_MISTRE/TP_PROCESSEUR/Projet_Vitis/Zynq_Timer48_wrapper/hw/Zynq_Timer48_wrapper.xsa
TRACE::2026-08-13.20:31:12::SCWPlatform::DSA directory C:/Users/Thomas/Desktop/TP_MISTRE/TP_PROCESSEUR/Projet_Vitis/Zynq_Timer48_wrapper/hw
TRACE::2026-08-13.20:31:12::SCWPlatform:: Platform Path C:/Users/Thomas/Desktop/TP_MISTRE/TP_PROCESSEUR/Projet_Vitis/Zynq_Timer48_wrapper/hw/Zynq_Timer48_wrapper.xsa
TRACE::2026-08-13.20:31:12::SCWPlatform:: Unique name xilinx:zybo-z7-20::0.0
TRACE::2026-08-13.20:31:12::SCWPlatform::Trying to set the existing hwdb with name Zynq_Timer48_wrapper_0
TRACE::2026-08-13.20:31:12::SCWPlatform::Opened existing hwdb Zynq_Timer48_wrapper_0
TRACE::2026-08-13.20:31:12::SCWPlatform::Found the Hw Db part of the input DSA
TRACE::2026-08-13.20:31:12::SCWMssOS::Checking the sw design at  C:/Users/Thomas/Desktop/TP_MISTRE/TP_PROCESSEUR/Projet_Vitis/Zynq_Timer48_wrapper/zynq_fsbl/zynq_fsbl_bsp/system.mss
TRACE::2026-08-13.20:31:12::SCWMssOS::DEBUG:  swdes dump  C:/Users/Thomas/Desktop/TP_MISTRE/TP_PROCESSEUR/Projet_Vitis/Zynq_Timer48_wrapper/ps7_cortexa9_0/standalone_ps7_cortexa9_0/bsp/system.mss|system_0||
C:/Users/Thomas/Desktop/TP_MISTRE/TP_PROCESSEUR/Projet_Vitis/Zynq_Timer48_wrapper/zynq_fsbl/zynq_fsbl_bsp/system.mss|system||

TRACE::2026-08-13.20:31:12::SCWMssOS::Sw design exists and opened at  C:/Users/Thomas/Desktop/TP_MISTRE/TP_PROCESSEUR/Projet_Vitis/Zynq_Timer48_wrapper/zynq_fsbl/zynq_fsbl_bsp/system.mss
TRACE::2026-08-13.20:31:12::SCWPlatform::Trying to open the hw design at C:/Users/Thomas/Desktop/TP_MISTRE/TP_PROCESSEUR/Projet_Vitis/Zynq_Timer48_wrapper/hw/Zynq_Timer48_wrapper.xsa
TRACE::2026-08-13.20:31:12::SCWPlatform::DSA given C:/Users/Thomas/Desktop/TP_MISTRE/TP_PROCESSEUR/Projet_Vitis/Zynq_Timer48_wrapper/hw/Zynq_Timer48_wrapper.xsa
TRACE::2026-08-13.20:31:12::SCWPlatform::DSA absoulate path C:/Users/Thomas/Desktop/TP_MISTRE/TP_PROCESSEUR/Projet_Vitis/Zynq_Timer48_wrapper/hw/Zynq_Timer48_wrapper.xsa
TRACE::2026-08-13.20:31:12::SCWPlatform::DSA directory C:/Users/Thomas/Desktop/TP_MISTRE/TP_PROCESSEUR/Projet_Vitis/Zynq_Timer48_wrapper/hw
TRACE::2026-08-13.20:31:12::SCWPlatform:: Platform Path C:/Users/Thomas/Desktop/TP_MISTRE/TP_PROCESSEUR/Projet_Vitis/Zynq_Timer48_wrapper/hw/Zynq_Timer48_wrapper.xsa
TRACE::2026-08-13.20:31:12::SCWPlatform:: Unique name xilinx:zybo-z7-20::0.0
TRACE::2026-08-13.20:31:12::SCWPlatform::Trying to set the existing hwdb with name Zynq_Timer48_wrapper_0
TRACE::2026-08-13.20:31:12::SCWPlatform::Opened existing hwdb Zynq_Timer48_wrapper_0
TRACE::2026-08-13.20:31:12::SCWPlatform::Found the Hw Db part of the input DSA
TRACE::2026-08-13.20:31:12::SCWMssOS::Checking the sw design at  C:/Users/Thomas/Desktop/TP_MISTRE/TP_PROCESSEUR/Projet_Vitis/Zynq_Timer48_wrapper/zynq_fsbl/zynq_fsbl_bsp/system.mss
TRACE::2026-08-13.20:31:12::SCWMssOS::DEBUG:  swdes dump  C:/Users/Thomas/Desktop/TP_MISTRE/TP_PROCESSEUR/Projet_Vitis/Zynq_Timer48_wrapper/ps7_cortexa9_0/standalone_ps7_cortexa9_0/bsp/system.mss|system_0||
C:/Users/Thomas/Desktop/TP_MISTRE/TP_PROCESSEUR/Projet_Vitis/Zynq_Timer48_wrapper/zynq_fsbl/zynq_fsbl_bsp/system.mss|system||

TRACE::2026-08-13.20:31:12::SCWMssOS::Sw design exists and opened at  C:/Users/Thomas/Desktop/TP_MISTRE/TP_PROCESSEUR/Projet_Vitis/Zynq_Timer48_wrapper/zynq_fsbl/zynq_fsbl_bsp/system.mss
TRACE::2026-08-13.20:31:12::SCWPlatform::Trying to open the hw design at C:/Users/Thomas/Desktop/TP_MISTRE/TP_PROCESSEUR/Projet_Vitis/Zynq_Timer48_wrapper/hw/Zynq_Timer48_wrapper.xsa
TRACE::2026-08-13.20:31:12::SCWPlatform::DSA given C:/Users/Thomas/Desktop/TP_MISTRE/TP_PROCESSEUR/Projet_Vitis/Zynq_Timer48_wrapper/hw/Zynq_Timer48_wrapper.xsa
TRACE::2026-08-13.20:31:12::SCWPlatform::DSA absoulate path C:/Users/Thomas/Desktop/TP_MISTRE/TP_PROCESSEUR/Projet_Vitis/Zynq_Timer48_wrapper/hw/Zynq_Timer48_wrapper.xsa
TRACE::2026-08-13.20:31:12::SCWPlatform::DSA directory C:/Users/Thomas/Desktop/TP_MISTRE/TP_PROCESSEUR/Projet_Vitis/Zynq_Timer48_wrapper/hw
TRACE::2026-08-13.20:31:12::SCWPlatform:: Platform Path C:/Users/Thomas/Desktop/TP_MISTRE/TP_PROCESSEUR/Projet_Vitis/Zynq_Timer48_wrapper/hw/Zynq_Timer48_wrapper.xsa
TRACE::2026-08-13.20:31:12::SCWPlatform:: Unique name xilinx:zybo-z7-20::0.0
TRACE::2026-08-13.20:31:12::SCWPlatform::Trying to set the existing hwdb with name Zynq_Timer48_wrapper_0
TRACE::2026-08-13.20:31:12::SCWPlatform::Opened existing hwdb Zynq_Timer48_wrapper_0
TRACE::2026-08-13.20:31:12::SCWPlatform::Found the Hw Db part of the input DSA
TRACE::2026-08-13.20:31:12::SCWMssOS::Checking the sw design at  C:/Users/Thomas/Desktop/TP_MISTRE/TP_PROCESSEUR/Projet_Vitis/Zynq_Timer48_wrapper/zynq_fsbl/zynq_fsbl_bsp/system.mss
TRACE::2026-08-13.20:31:12::SCWMssOS::DEBUG:  swdes dump  C:/Users/Thomas/Desktop/TP_MISTRE/TP_PROCESSEUR/Projet_Vitis/Zynq_Timer48_wrapper/ps7_cortexa9_0/standalone_ps7_cortexa9_0/bsp/system.mss|system_0||
C:/Users/Thomas/Desktop/TP_MISTRE/TP_PROCESSEUR/Projet_Vitis/Zynq_Timer48_wrapper/zynq_fsbl/zynq_fsbl_bsp/system.mss|system||

TRACE::2026-08-13.20:31:12::SCWMssOS::Sw design exists and opened at  C:/Users/Thomas/Desktop/TP_MISTRE/TP_PROCESSEUR/Projet_Vitis/Zynq_Timer48_wrapper/zynq_fsbl/zynq_fsbl_bsp/system.mss
TRACE::2026-08-13.20:31:12::SCWPlatform::Trying to open the hw design at C:/Users/Thomas/Desktop/TP_MISTRE/TP_PROCESSEUR/Projet_Vitis/Zynq_Timer48_wrapper/hw/Zynq_Timer48_wrapper.xsa
TRACE::2026-08-13.20:31:12::SCWPlatform::DSA given C:/Users/Thomas/Desktop/TP_MISTRE/TP_PROCESSEUR/Projet_Vitis/Zynq_Timer48_wrapper/hw/Zynq_Timer48_wrapper.xsa
TRACE::2026-08-13.20:31:12::SCWPlatform::DSA absoulate path C:/Users/Thomas/Desktop/TP_MISTRE/TP_PROCESSEUR/Projet_Vitis/Zynq_Timer48_wrapper/hw/Zynq_Timer48_wrapper.xsa
TRACE::2026-08-13.20:31:12::SCWPlatform::DSA directory C:/Users/Thomas/Desktop/TP_MISTRE/TP_PROCESSEUR/Projet_Vitis/Zynq_Timer48_wrapper/hw
TRACE::2026-08-13.20:31:12::SCWPlatform:: Platform Path C:/Users/Thomas/Desktop/TP_MISTRE/TP_PROCESSEUR/Projet_Vitis/Zynq_Timer48_wrapper/hw/Zynq_Timer48_wrapper.xsa
TRACE::2026-08-13.20:31:12::SCWPlatform:: Unique name xilinx:zybo-z7-20::0.0
TRACE::2026-08-13.20:31:12::SCWPlatform::Trying to set the existing hwdb with name Zynq_Timer48_wrapper_0
TRACE::2026-08-13.20:31:12::SCWPlatform::Opened existing hwdb Zynq_Timer48_wrapper_0
TRACE::2026-08-13.20:31:12::SCWPlatform::Found the Hw Db part of the input DSA
TRACE::2026-08-13.20:31:12::SCWMssOS::Checking the sw design at  C:/Users/Thomas/Desktop/TP_MISTRE/TP_PROCESSEUR/Projet_Vitis/Zynq_Timer48_wrapper/ps7_cortexa9_0/standalone_ps7_cortexa9_0/bsp/system.mss
TRACE::2026-08-13.20:31:12::SCWMssOS::DEBUG:  swdes dump  C:/Users/Thomas/Desktop/TP_MISTRE/TP_PROCESSEUR/Projet_Vitis/Zynq_Timer48_wrapper/ps7_cortexa9_0/standalone_ps7_cortexa9_0/bsp/system.mss|system_0||
C:/Users/Thomas/Desktop/TP_MISTRE/TP_PROCESSEUR/Projet_Vitis/Zynq_Timer48_wrapper/zynq_fsbl/zynq_fsbl_bsp/system.mss|system||

TRACE::2026-08-13.20:31:12::SCWMssOS::Sw design exists and opened at  C:/Users/Thomas/Desktop/TP_MISTRE/TP_PROCESSEUR/Projet_Vitis/Zynq_Timer48_wrapper/ps7_cortexa9_0/standalone_ps7_cortexa9_0/bsp/system.mss
TRACE::2026-08-13.20:31:12::SCWPlatform::Trying to open the hw design at C:/Users/Thomas/Desktop/TP_MISTRE/TP_PROCESSEUR/Projet_Vitis/Zynq_Timer48_wrapper/hw/Zynq_Timer48_wrapper.xsa
TRACE::2026-08-13.20:31:12::SCWPlatform::DSA given C:/Users/Thomas/Desktop/TP_MISTRE/TP_PROCESSEUR/Projet_Vitis/Zynq_Timer48_wrapper/hw/Zynq_Timer48_wrapper.xsa
TRACE::2026-08-13.20:31:12::SCWPlatform::DSA absoulate path C:/Users/Thomas/Desktop/TP_MISTRE/TP_PROCESSEUR/Projet_Vitis/Zynq_Timer48_wrapper/hw/Zynq_Timer48_wrapper.xsa
TRACE::2026-08-13.20:31:12::SCWPlatform::DSA directory C:/Users/Thomas/Desktop/TP_MISTRE/TP_PROCESSEUR/Projet_Vitis/Zynq_Timer48_wrapper/hw
TRACE::2026-08-13.20:31:12::SCWPlatform:: Platform Path C:/Users/Thomas/Desktop/TP_MISTRE/TP_PROCESSEUR/Projet_Vitis/Zynq_Timer48_wrapper/hw/Zynq_Timer48_wrapper.xsa
TRACE::2026-08-13.20:31:12::SCWPlatform:: Unique name xilinx:zybo-z7-20::0.0
TRACE::2026-08-13.20:31:12::SCWPlatform::Trying to set the existing hwdb with name Zynq_Timer48_wrapper_0
TRACE::2026-08-13.20:31:12::SCWPlatform::Opened existing hwdb Zynq_Timer48_wrapper_0
TRACE::2026-08-13.20:31:12::SCWPlatform::Found the Hw Db part of the input DSA
TRACE::2026-08-13.20:31:12::SCWMssOS::Checking the sw design at  C:/Users/Thomas/Desktop/TP_MISTRE/TP_PROCESSEUR/Projet_Vitis/Zynq_Timer48_wrapper/ps7_cortexa9_0/standalone_ps7_cortexa9_0/bsp/system.mss
TRACE::2026-08-13.20:31:12::SCWMssOS::DEBUG:  swdes dump  C:/Users/Thomas/Desktop/TP_MISTRE/TP_PROCESSEUR/Projet_Vitis/Zynq_Timer48_wrapper/ps7_cortexa9_0/standalone_ps7_cortexa9_0/bsp/system.mss|system_0||
C:/Users/Thomas/Desktop/TP_MISTRE/TP_PROCESSEUR/Projet_Vitis/Zynq_Timer48_wrapper/zynq_fsbl/zynq_fsbl_bsp/system.mss|system||

TRACE::2026-08-13.20:31:12::SCWMssOS::Sw design exists and opened at  C:/Users/Thomas/Desktop/TP_MISTRE/TP_PROCESSEUR/Projet_Vitis/Zynq_Timer48_wrapper/ps7_cortexa9_0/standalone_ps7_cortexa9_0/bsp/system.mss
TRACE::2026-08-13.20:31:12::SCWPlatform::Trying to open the hw design at C:/Users/Thomas/Desktop/TP_MISTRE/TP_PROCESSEUR/Projet_Vitis/Zynq_Timer48_wrapper/hw/Zynq_Timer48_wrapper.xsa
TRACE::2026-08-13.20:31:12::SCWPlatform::DSA given C:/Users/Thomas/Desktop/TP_MISTRE/TP_PROCESSEUR/Projet_Vitis/Zynq_Timer48_wrapper/hw/Zynq_Timer48_wrapper.xsa
TRACE::2026-08-13.20:31:12::SCWPlatform::DSA absoulate path C:/Users/Thomas/Desktop/TP_MISTRE/TP_PROCESSEUR/Projet_Vitis/Zynq_Timer48_wrapper/hw/Zynq_Timer48_wrapper.xsa
TRACE::2026-08-13.20:31:12::SCWPlatform::DSA directory C:/Users/Thomas/Desktop/TP_MISTRE/TP_PROCESSEUR/Projet_Vitis/Zynq_Timer48_wrapper/hw
TRACE::2026-08-13.20:31:12::SCWPlatform:: Platform Path C:/Users/Thomas/Desktop/TP_MISTRE/TP_PROCESSEUR/Projet_Vitis/Zynq_Timer48_wrapper/hw/Zynq_Timer48_wrapper.xsa
TRACE::2026-08-13.20:31:12::SCWPlatform:: Unique name xilinx:zybo-z7-20::0.0
TRACE::2026-08-13.20:31:12::SCWPlatform::Trying to set the existing hwdb with name Zynq_Timer48_wrapper_0
TRACE::2026-08-13.20:31:12::SCWPlatform::Opened existing hwdb Zynq_Timer48_wrapper_0
TRACE::2026-08-13.20:31:12::SCWPlatform::Found the Hw Db part of the input DSA
TRACE::2026-08-13.20:31:12::SCWMssOS::Checking the sw design at  C:/Users/Thomas/Desktop/TP_MISTRE/TP_PROCESSEUR/Projet_Vitis/Zynq_Timer48_wrapper/ps7_cortexa9_0/standalone_ps7_cortexa9_0/bsp/system.mss
TRACE::2026-08-13.20:31:12::SCWMssOS::DEBUG:  swdes dump  C:/Users/Thomas/Desktop/TP_MISTRE/TP_PROCESSEUR/Projet_Vitis/Zynq_Timer48_wrapper/ps7_cortexa9_0/standalone_ps7_cortexa9_0/bsp/system.mss|system_0||
C:/Users/Thomas/Desktop/TP_MISTRE/TP_PROCESSEUR/Projet_Vitis/Zynq_Timer48_wrapper/zynq_fsbl/zynq_fsbl_bsp/system.mss|system||

TRACE::2026-08-13.20:31:12::SCWMssOS::Sw design exists and opened at  C:/Users/Thomas/Desktop/TP_MISTRE/TP_PROCESSEUR/Projet_Vitis/Zynq_Timer48_wrapper/ps7_cortexa9_0/standalone_ps7_cortexa9_0/bsp/system.mss
TRACE::2026-08-13.20:31:12::SCWWriter::formatted JSON is {
	"platformName":	"Zynq_Timer48_wrapper",
	"sprVersion":	"2.0",
	"mode":	"gui",
	"dsaType":	"Fixed",
	"platformDesc":	"Zynq_Timer48_wrapper",
	"platHandOff":	"<platformDir>.xsa",
	"platIntHandOff":	"<platformDir>/hw/Zynq_Timer48_wrapper.xsa",
	"deviceType":	"zynq",
	"platIsPrebuiltAutogen":	"false",
	"platIsNoBootBsp":	"false",
	"platFsblTarget":	"ps7_cortexa9_0",
	"hasFsblMakeHasChanges":	"false",
	"hasPmufwMakeHasChanges":	"false",
	"fsblExtraCompilerFlags":	"-MMD -MP       -mcpu=cortex-a9 -mfpu=vfpv3 -mfloat-abi=hard ",
	"platPreBuiltFlag":	false,
	"platformSamplesDir":	"",
	"platActiveSys":	"Zynq_Timer48_wrapper",
	"systems":	[{
			"systemName":	"Zynq_Timer48_wrapper",
			"systemDesc":	"Zynq_Timer48_wrapper",
			"sysIsBootAutoGen":	"true",
			"systemDispName":	"Zynq_Timer48_wrapper",
			"sysActiveDom":	"standalone_ps7_cortexa9_0",
			"sysDefaultDom":	"standalone_ps7_cortexa9_0",
			"domains":	[{
					"domainName":	"zynq_fsbl",
					"domainDispName":	"zynq_fsbl",
					"domainDesc":	"FSBL Application BSP - Auto Generated.",
					"processors":	"ps7_cortexa9_0",
					"os":	"standalone",
					"sdxOs":	"standalone",
					"debugEnable":	"",
					"domRuntimes":	["cpp"],
					"swRepo":	"",
					"mssOsVer":	"7.3",
					"mssFile":	"",
					"md5Digest":	"99028fef9c9eede53e418ce3239b2f17",
					"compatibleApp":	"zynq_fsbl",
					"domType":	"bootDomain",
					"arch":	"32-bit",
					"appSettings":	{
						"appCompilerFlags":	"",
						"appLinkerFlags":	""
					},
					"addedLibs":	["xilffs:4.4", "xilrsa:1.6"],
					"libOptions":	{
						"libsContainingOptions":	[]
					},
					"prebuiltLibs":	{
						"prebuiltIncPath":	[],
						"prebuiltLibPath":	[]
					},
					"isolation":	{
					}
				}, {
					"domainName":	"standalone_ps7_cortexa9_0",
					"domainDispName":	"standalone_ps7_cortexa9_0",
					"domainDesc":	"standalone_ps7_cortexa9_0",
					"processors":	"ps7_cortexa9_0",
					"os":	"standalone",
					"sdxOs":	"standalone",
					"qemuArgs":	"C:/Xilinx/Vitis/2020.2/data/emulation/platforms/zynq/sw/a9_standalone/qemu/qemu_args.txt",
					"qemuData":	"C:/Xilinx/Vitis/2020.2/data/emulation/platforms/zynq/sw/a9_standalone/qemu/",
					"debugEnable":	"False",
					"domRuntimes":	["cpp"],
					"swRepo":	"",
					"mssOsVer":	"7.3",
					"mssFile":	"",
					"md5Digest":	"00782262e1d53e4191dd624e2d41470c",
					"compatibleApp":	"hello_world",
					"domType":	"mssDomain",
					"arch":	"32-bit",
					"appSettings":	{
						"appCompilerFlags":	"",
						"appLinkerFlags":	""
					},
					"addedLibs":	[],
					"libOptions":	{
						"libsContainingOptions":	[]
					},
					"prebuiltLibs":	{
						"prebuiltIncPath":	[],
						"prebuiltLibPath":	[]
					},
					"isolation":	{
					}
				}]
		}]
}
KEYINFO::2026-08-13.20:31:12::SCWPlatform::updated the xpfm file.
TRACE::2026-08-13.20:31:12::SCWPlatform::Trying to open the hw design at C:/Users/Thomas/Desktop/TP_MISTRE/TP_PROCESSEUR/Projet_Vitis/Zynq_Timer48_wrapper/hw/Zynq_Timer48_wrapper.xsa
TRACE::2026-08-13.20:31:12::SCWPlatform::DSA given C:/Users/Thomas/Desktop/TP_MISTRE/TP_PROCESSEUR/Projet_Vitis/Zynq_Timer48_wrapper/hw/Zynq_Timer48_wrapper.xsa
TRACE::2026-08-13.20:31:12::SCWPlatform::DSA absoulate path C:/Users/Thomas/Desktop/TP_MISTRE/TP_PROCESSEUR/Projet_Vitis/Zynq_Timer48_wrapper/hw/Zynq_Timer48_wrapper.xsa
TRACE::2026-08-13.20:31:12::SCWPlatform::DSA directory C:/Users/Thomas/Desktop/TP_MISTRE/TP_PROCESSEUR/Projet_Vitis/Zynq_Timer48_wrapper/hw
TRACE::2026-08-13.20:31:12::SCWPlatform:: Platform Path C:/Users/Thomas/Desktop/TP_MISTRE/TP_PROCESSEUR/Projet_Vitis/Zynq_Timer48_wrapper/hw/Zynq_Timer48_wrapper.xsa
TRACE::2026-08-13.20:31:12::SCWPlatform:: Unique name xilinx:zybo-z7-20::0.0
TRACE::2026-08-13.20:31:12::SCWPlatform::Trying to set the existing hwdb with name Zynq_Timer48_wrapper_0
TRACE::2026-08-13.20:31:12::SCWPlatform::Opened existing hwdb Zynq_Timer48_wrapper_0
TRACE::2026-08-13.20:31:12::SCWPlatform::Found the Hw Db part of the input DSA
TRACE::2026-08-13.20:31:12::SCWMssOS::Checking the sw design at  C:/Users/Thomas/Desktop/TP_MISTRE/TP_PROCESSEUR/Projet_Vitis/Zynq_Timer48_wrapper/ps7_cortexa9_0/standalone_ps7_cortexa9_0/bsp/system.mss
TRACE::2026-08-13.20:31:12::SCWMssOS::DEBUG:  swdes dump  C:/Users/Thomas/Desktop/TP_MISTRE/TP_PROCESSEUR/Projet_Vitis/Zynq_Timer48_wrapper/ps7_cortexa9_0/standalone_ps7_cortexa9_0/bsp/system.mss|system_0||
C:/Users/Thomas/Desktop/TP_MISTRE/TP_PROCESSEUR/Projet_Vitis/Zynq_Timer48_wrapper/zynq_fsbl/zynq_fsbl_bsp/system.mss|system||

TRACE::2026-08-13.20:31:12::SCWMssOS::Sw design exists and opened at  C:/Users/Thomas/Desktop/TP_MISTRE/TP_PROCESSEUR/Projet_Vitis/Zynq_Timer48_wrapper/ps7_cortexa9_0/standalone_ps7_cortexa9_0/bsp/system.mss
TRACE::2026-08-13.20:31:12::SCWMssOS::Saving the mss changes C:/Users/Thomas/Desktop/TP_MISTRE/TP_PROCESSEUR/Projet_Vitis/Zynq_Timer48_wrapper/zynq_fsbl/zynq_fsbl_bsp/system.mss
TRACE::2026-08-13.20:31:12::SCWMssOS::Found a swdesign opened with the mssfile.
TRACE::2026-08-13.20:31:12::SCWMssOS::Completed writemss as part of save.
TRACE::2026-08-13.20:31:12::SCWMssOS::Commit changes completed.
TRACE::2026-08-13.20:31:12::SCWMssOS::Saving the mss changes C:/Users/Thomas/Desktop/TP_MISTRE/TP_PROCESSEUR/Projet_Vitis/Zynq_Timer48_wrapper/ps7_cortexa9_0/standalone_ps7_cortexa9_0/bsp/system.mss
TRACE::2026-08-13.20:31:12::SCWMssOS::Found a swdesign opened with the mssfile.
TRACE::2026-08-13.20:31:12::SCWMssOS::Completed writemss as part of save.
TRACE::2026-08-13.20:31:12::SCWMssOS::Commit changes completed.
TRACE::2026-08-13.20:31:12::SCWPlatform::Trying to open the hw design at C:/Users/Thomas/Desktop/TP_MISTRE/TP_PROCESSEUR/Projet_Vitis/Zynq_Timer48_wrapper/hw/Zynq_Timer48_wrapper.xsa
TRACE::2026-08-13.20:31:12::SCWPlatform::DSA given C:/Users/Thomas/Desktop/TP_MISTRE/TP_PROCESSEUR/Projet_Vitis/Zynq_Timer48_wrapper/hw/Zynq_Timer48_wrapper.xsa
TRACE::2026-08-13.20:31:12::SCWPlatform::DSA absoulate path C:/Users/Thomas/Desktop/TP_MISTRE/TP_PROCESSEUR/Projet_Vitis/Zynq_Timer48_wrapper/hw/Zynq_Timer48_wrapper.xsa
TRACE::2026-08-13.20:31:12::SCWPlatform::DSA directory C:/Users/Thomas/Desktop/TP_MISTRE/TP_PROCESSEUR/Projet_Vitis/Zynq_Timer48_wrapper/hw
TRACE::2026-08-13.20:31:12::SCWPlatform:: Platform Path C:/Users/Thomas/Desktop/TP_MISTRE/TP_PROCESSEUR/Projet_Vitis/Zynq_Timer48_wrapper/hw/Zynq_Timer48_wrapper.xsa
TRACE::2026-08-13.20:31:12::SCWPlatform:: Unique name xilinx:zybo-z7-20::0.0
TRACE::2026-08-13.20:31:12::SCWPlatform::Trying to set the existing hwdb with name Zynq_Timer48_wrapper_0
TRACE::2026-08-13.20:31:12::SCWPlatform::Opened existing hwdb Zynq_Timer48_wrapper_0
TRACE::2026-08-13.20:31:12::SCWPlatform::Found the Hw Db part of the input DSA
TRACE::2026-08-13.20:31:12::SCWMssOS::Checking the sw design at  C:/Users/Thomas/Desktop/TP_MISTRE/TP_PROCESSEUR/Projet_Vitis/Zynq_Timer48_wrapper/zynq_fsbl/zynq_fsbl_bsp/system.mss
TRACE::2026-08-13.20:31:12::SCWMssOS::DEBUG:  swdes dump  C:/Users/Thomas/Desktop/TP_MISTRE/TP_PROCESSEUR/Projet_Vitis/Zynq_Timer48_wrapper/ps7_cortexa9_0/standalone_ps7_cortexa9_0/bsp/system.mss|system_0||
C:/Users/Thomas/Desktop/TP_MISTRE/TP_PROCESSEUR/Projet_Vitis/Zynq_Timer48_wrapper/zynq_fsbl/zynq_fsbl_bsp/system.mss|system||

TRACE::2026-08-13.20:31:12::SCWMssOS::Sw design exists and opened at  C:/Users/Thomas/Desktop/TP_MISTRE/TP_PROCESSEUR/Projet_Vitis/Zynq_Timer48_wrapper/zynq_fsbl/zynq_fsbl_bsp/system.mss
TRACE::2026-08-13.20:31:12::SCWPlatform::Trying to open the hw design at C:/Users/Thomas/Desktop/TP_MISTRE/TP_PROCESSEUR/Projet_Vitis/Zynq_Timer48_wrapper/hw/Zynq_Timer48_wrapper.xsa
TRACE::2026-08-13.20:31:12::SCWPlatform::DSA given C:/Users/Thomas/Desktop/TP_MISTRE/TP_PROCESSEUR/Projet_Vitis/Zynq_Timer48_wrapper/hw/Zynq_Timer48_wrapper.xsa
TRACE::2026-08-13.20:31:12::SCWPlatform::DSA absoulate path C:/Users/Thomas/Desktop/TP_MISTRE/TP_PROCESSEUR/Projet_Vitis/Zynq_Timer48_wrapper/hw/Zynq_Timer48_wrapper.xsa
TRACE::2026-08-13.20:31:12::SCWPlatform::DSA directory C:/Users/Thomas/Desktop/TP_MISTRE/TP_PROCESSEUR/Projet_Vitis/Zynq_Timer48_wrapper/hw
TRACE::2026-08-13.20:31:12::SCWPlatform:: Platform Path C:/Users/Thomas/Desktop/TP_MISTRE/TP_PROCESSEUR/Projet_Vitis/Zynq_Timer48_wrapper/hw/Zynq_Timer48_wrapper.xsa
TRACE::2026-08-13.20:31:12::SCWPlatform:: Unique name xilinx:zybo-z7-20::0.0
TRACE::2026-08-13.20:31:12::SCWPlatform::Trying to set the existing hwdb with name Zynq_Timer48_wrapper_0
TRACE::2026-08-13.20:31:12::SCWPlatform::Opened existing hwdb Zynq_Timer48_wrapper_0
TRACE::2026-08-13.20:31:12::SCWPlatform::Found the Hw Db part of the input DSA
TRACE::2026-08-13.20:31:12::SCWMssOS::Checking the sw design at  C:/Users/Thomas/Desktop/TP_MISTRE/TP_PROCESSEUR/Projet_Vitis/Zynq_Timer48_wrapper/zynq_fsbl/zynq_fsbl_bsp/system.mss
TRACE::2026-08-13.20:31:12::SCWMssOS::DEBUG:  swdes dump  C:/Users/Thomas/Desktop/TP_MISTRE/TP_PROCESSEUR/Projet_Vitis/Zynq_Timer48_wrapper/ps7_cortexa9_0/standalone_ps7_cortexa9_0/bsp/system.mss|system_0||
C:/Users/Thomas/Desktop/TP_MISTRE/TP_PROCESSEUR/Projet_Vitis/Zynq_Timer48_wrapper/zynq_fsbl/zynq_fsbl_bsp/system.mss|system||

TRACE::2026-08-13.20:31:12::SCWMssOS::Sw design exists and opened at  C:/Users/Thomas/Desktop/TP_MISTRE/TP_PROCESSEUR/Projet_Vitis/Zynq_Timer48_wrapper/zynq_fsbl/zynq_fsbl_bsp/system.mss
TRACE::2026-08-13.20:31:12::SCWPlatform::Trying to open the hw design at C:/Users/Thomas/Desktop/TP_MISTRE/TP_PROCESSEUR/Projet_Vitis/Zynq_Timer48_wrapper/hw/Zynq_Timer48_wrapper.xsa
TRACE::2026-08-13.20:31:12::SCWPlatform::DSA given C:/Users/Thomas/Desktop/TP_MISTRE/TP_PROCESSEUR/Projet_Vitis/Zynq_Timer48_wrapper/hw/Zynq_Timer48_wrapper.xsa
TRACE::2026-08-13.20:31:12::SCWPlatform::DSA absoulate path C:/Users/Thomas/Desktop/TP_MISTRE/TP_PROCESSEUR/Projet_Vitis/Zynq_Timer48_wrapper/hw/Zynq_Timer48_wrapper.xsa
TRACE::2026-08-13.20:31:12::SCWPlatform::DSA directory C:/Users/Thomas/Desktop/TP_MISTRE/TP_PROCESSEUR/Projet_Vitis/Zynq_Timer48_wrapper/hw
TRACE::2026-08-13.20:31:12::SCWPlatform:: Platform Path C:/Users/Thomas/Desktop/TP_MISTRE/TP_PROCESSEUR/Projet_Vitis/Zynq_Timer48_wrapper/hw/Zynq_Timer48_wrapper.xsa
TRACE::2026-08-13.20:31:12::SCWPlatform:: Unique name xilinx:zybo-z7-20::0.0
TRACE::2026-08-13.20:31:12::SCWPlatform::Trying to set the existing hwdb with name Zynq_Timer48_wrapper_0
TRACE::2026-08-13.20:31:12::SCWPlatform::Opened existing hwdb Zynq_Timer48_wrapper_0
TRACE::2026-08-13.20:31:12::SCWPlatform::Found the Hw Db part of the input DSA
TRACE::2026-08-13.20:31:12::SCWMssOS::Checking the sw design at  C:/Users/Thomas/Desktop/TP_MISTRE/TP_PROCESSEUR/Projet_Vitis/Zynq_Timer48_wrapper/zynq_fsbl/zynq_fsbl_bsp/system.mss
TRACE::2026-08-13.20:31:12::SCWMssOS::DEBUG:  swdes dump  C:/Users/Thomas/Desktop/TP_MISTRE/TP_PROCESSEUR/Projet_Vitis/Zynq_Timer48_wrapper/ps7_cortexa9_0/standalone_ps7_cortexa9_0/bsp/system.mss|system_0||
C:/Users/Thomas/Desktop/TP_MISTRE/TP_PROCESSEUR/Projet_Vitis/Zynq_Timer48_wrapper/zynq_fsbl/zynq_fsbl_bsp/system.mss|system||

TRACE::2026-08-13.20:31:12::SCWMssOS::Sw design exists and opened at  C:/Users/Thomas/Desktop/TP_MISTRE/TP_PROCESSEUR/Projet_Vitis/Zynq_Timer48_wrapper/zynq_fsbl/zynq_fsbl_bsp/system.mss
TRACE::2026-08-13.20:31:12::SCWPlatform::Trying to open the hw design at C:/Users/Thomas/Desktop/TP_MISTRE/TP_PROCESSEUR/Projet_Vitis/Zynq_Timer48_wrapper/hw/Zynq_Timer48_wrapper.xsa
TRACE::2026-08-13.20:31:12::SCWPlatform::DSA given C:/Users/Thomas/Desktop/TP_MISTRE/TP_PROCESSEUR/Projet_Vitis/Zynq_Timer48_wrapper/hw/Zynq_Timer48_wrapper.xsa
TRACE::2026-08-13.20:31:12::SCWPlatform::DSA absoulate path C:/Users/Thomas/Desktop/TP_MISTRE/TP_PROCESSEUR/Projet_Vitis/Zynq_Timer48_wrapper/hw/Zynq_Timer48_wrapper.xsa
TRACE::2026-08-13.20:31:12::SCWPlatform::DSA directory C:/Users/Thomas/Desktop/TP_MISTRE/TP_PROCESSEUR/Projet_Vitis/Zynq_Timer48_wrapper/hw
TRACE::2026-08-13.20:31:12::SCWPlatform:: Platform Path C:/Users/Thomas/Desktop/TP_MISTRE/TP_PROCESSEUR/Projet_Vitis/Zynq_Timer48_wrapper/hw/Zynq_Timer48_wrapper.xsa
TRACE::2026-08-13.20:31:12::SCWPlatform:: Unique name xilinx:zybo-z7-20::0.0
TRACE::2026-08-13.20:31:12::SCWPlatform::Trying to set the existing hwdb with name Zynq_Timer48_wrapper_0
TRACE::2026-08-13.20:31:12::SCWPlatform::Opened existing hwdb Zynq_Timer48_wrapper_0
TRACE::2026-08-13.20:31:12::SCWPlatform::Found the Hw Db part of the input DSA
TRACE::2026-08-13.20:31:12::SCWMssOS::Checking the sw design at  C:/Users/Thomas/Desktop/TP_MISTRE/TP_PROCESSEUR/Projet_Vitis/Zynq_Timer48_wrapper/ps7_cortexa9_0/standalone_ps7_cortexa9_0/bsp/system.mss
TRACE::2026-08-13.20:31:12::SCWMssOS::DEBUG:  swdes dump  C:/Users/Thomas/Desktop/TP_MISTRE/TP_PROCESSEUR/Projet_Vitis/Zynq_Timer48_wrapper/ps7_cortexa9_0/standalone_ps7_cortexa9_0/bsp/system.mss|system_0||
C:/Users/Thomas/Desktop/TP_MISTRE/TP_PROCESSEUR/Projet_Vitis/Zynq_Timer48_wrapper/zynq_fsbl/zynq_fsbl_bsp/system.mss|system||

TRACE::2026-08-13.20:31:12::SCWMssOS::Sw design exists and opened at  C:/Users/Thomas/Desktop/TP_MISTRE/TP_PROCESSEUR/Projet_Vitis/Zynq_Timer48_wrapper/ps7_cortexa9_0/standalone_ps7_cortexa9_0/bsp/system.mss
TRACE::2026-08-13.20:31:12::SCWPlatform::Trying to open the hw design at C:/Users/Thomas/Desktop/TP_MISTRE/TP_PROCESSEUR/Projet_Vitis/Zynq_Timer48_wrapper/hw/Zynq_Timer48_wrapper.xsa
TRACE::2026-08-13.20:31:12::SCWPlatform::DSA given C:/Users/Thomas/Desktop/TP_MISTRE/TP_PROCESSEUR/Projet_Vitis/Zynq_Timer48_wrapper/hw/Zynq_Timer48_wrapper.xsa
TRACE::2026-08-13.20:31:12::SCWPlatform::DSA absoulate path C:/Users/Thomas/Desktop/TP_MISTRE/TP_PROCESSEUR/Projet_Vitis/Zynq_Timer48_wrapper/hw/Zynq_Timer48_wrapper.xsa
TRACE::2026-08-13.20:31:12::SCWPlatform::DSA directory C:/Users/Thomas/Desktop/TP_MISTRE/TP_PROCESSEUR/Projet_Vitis/Zynq_Timer48_wrapper/hw
TRACE::2026-08-13.20:31:12::SCWPlatform:: Platform Path C:/Users/Thomas/Desktop/TP_MISTRE/TP_PROCESSEUR/Projet_Vitis/Zynq_Timer48_wrapper/hw/Zynq_Timer48_wrapper.xsa
TRACE::2026-08-13.20:31:12::SCWPlatform:: Unique name xilinx:zybo-z7-20::0.0
TRACE::2026-08-13.20:31:12::SCWPlatform::Trying to set the existing hwdb with name Zynq_Timer48_wrapper_0
TRACE::2026-08-13.20:31:12::SCWPlatform::Opened existing hwdb Zynq_Timer48_wrapper_0
TRACE::2026-08-13.20:31:12::SCWPlatform::Found the Hw Db part of the input DSA
TRACE::2026-08-13.20:31:12::SCWMssOS::Checking the sw design at  C:/Users/Thomas/Desktop/TP_MISTRE/TP_PROCESSEUR/Projet_Vitis/Zynq_Timer48_wrapper/ps7_cortexa9_0/standalone_ps7_cortexa9_0/bsp/system.mss
TRACE::2026-08-13.20:31:12::SCWMssOS::DEBUG:  swdes dump  C:/Users/Thomas/Desktop/TP_MISTRE/TP_PROCESSEUR/Projet_Vitis/Zynq_Timer48_wrapper/ps7_cortexa9_0/standalone_ps7_cortexa9_0/bsp/system.mss|system_0||
C:/Users/Thomas/Desktop/TP_MISTRE/TP_PROCESSEUR/Projet_Vitis/Zynq_Timer48_wrapper/zynq_fsbl/zynq_fsbl_bsp/system.mss|system||

TRACE::2026-08-13.20:31:12::SCWMssOS::Sw design exists and opened at  C:/Users/Thomas/Desktop/TP_MISTRE/TP_PROCESSEUR/Projet_Vitis/Zynq_Timer48_wrapper/ps7_cortexa9_0/standalone_ps7_cortexa9_0/bsp/system.mss
TRACE::2026-08-13.20:31:12::SCWPlatform::Trying to open the hw design at C:/Users/Thomas/Desktop/TP_MISTRE/TP_PROCESSEUR/Projet_Vitis/Zynq_Timer48_wrapper/hw/Zynq_Timer48_wrapper.xsa
TRACE::2026-08-13.20:31:12::SCWPlatform::DSA given C:/Users/Thomas/Desktop/TP_MISTRE/TP_PROCESSEUR/Projet_Vitis/Zynq_Timer48_wrapper/hw/Zynq_Timer48_wrapper.xsa
TRACE::2026-08-13.20:31:12::SCWPlatform::DSA absoulate path C:/Users/Thomas/Desktop/TP_MISTRE/TP_PROCESSEUR/Projet_Vitis/Zynq_Timer48_wrapper/hw/Zynq_Timer48_wrapper.xsa
TRACE::2026-08-13.20:31:12::SCWPlatform::DSA directory C:/Users/Thomas/Desktop/TP_MISTRE/TP_PROCESSEUR/Projet_Vitis/Zynq_Timer48_wrapper/hw
TRACE::2026-08-13.20:31:12::SCWPlatform:: Platform Path C:/Users/Thomas/Desktop/TP_MISTRE/TP_PROCESSEUR/Projet_Vitis/Zynq_Timer48_wrapper/hw/Zynq_Timer48_wrapper.xsa
TRACE::2026-08-13.20:31:12::SCWPlatform:: Unique name xilinx:zybo-z7-20::0.0
TRACE::2026-08-13.20:31:12::SCWPlatform::Trying to set the existing hwdb with name Zynq_Timer48_wrapper_0
TRACE::2026-08-13.20:31:12::SCWPlatform::Opened existing hwdb Zynq_Timer48_wrapper_0
TRACE::2026-08-13.20:31:12::SCWPlatform::Found the Hw Db part of the input DSA
TRACE::2026-08-13.20:31:12::SCWMssOS::Checking the sw design at  C:/Users/Thomas/Desktop/TP_MISTRE/TP_PROCESSEUR/Projet_Vitis/Zynq_Timer48_wrapper/ps7_cortexa9_0/standalone_ps7_cortexa9_0/bsp/system.mss
TRACE::2026-08-13.20:31:12::SCWMssOS::DEBUG:  swdes dump  C:/Users/Thomas/Desktop/TP_MISTRE/TP_PROCESSEUR/Projet_Vitis/Zynq_Timer48_wrapper/ps7_cortexa9_0/standalone_ps7_cortexa9_0/bsp/system.mss|system_0||
C:/Users/Thomas/Desktop/TP_MISTRE/TP_PROCESSEUR/Projet_Vitis/Zynq_Timer48_wrapper/zynq_fsbl/zynq_fsbl_bsp/system.mss|system||

TRACE::2026-08-13.20:31:12::SCWMssOS::Sw design exists and opened at  C:/Users/Thomas/Desktop/TP_MISTRE/TP_PROCESSEUR/Projet_Vitis/Zynq_Timer48_wrapper/ps7_cortexa9_0/standalone_ps7_cortexa9_0/bsp/system.mss
TRACE::2026-08-13.20:31:12::SCWWriter::formatted JSON is {
	"platformName":	"Zynq_Timer48_wrapper",
	"sprVersion":	"2.0",
	"mode":	"gui",
	"dsaType":	"Fixed",
	"platformDesc":	"Zynq_Timer48_wrapper",
	"platHandOff":	"<platformDir>.xsa",
	"platIntHandOff":	"<platformDir>/hw/Zynq_Timer48_wrapper.xsa",
	"deviceType":	"zynq",
	"platIsPrebuiltAutogen":	"false",
	"platIsNoBootBsp":	"false",
	"platFsblTarget":	"ps7_cortexa9_0",
	"hasFsblMakeHasChanges":	"false",
	"hasPmufwMakeHasChanges":	"false",
	"fsblExtraCompilerFlags":	"-MMD -MP       -mcpu=cortex-a9 -mfpu=vfpv3 -mfloat-abi=hard ",
	"platPreBuiltFlag":	false,
	"platformSamplesDir":	"",
	"platActiveSys":	"Zynq_Timer48_wrapper",
	"systems":	[{
			"systemName":	"Zynq_Timer48_wrapper",
			"systemDesc":	"Zynq_Timer48_wrapper",
			"sysIsBootAutoGen":	"true",
			"systemDispName":	"Zynq_Timer48_wrapper",
			"sysActiveDom":	"standalone_ps7_cortexa9_0",
			"sysDefaultDom":	"standalone_ps7_cortexa9_0",
			"domains":	[{
					"domainName":	"zynq_fsbl",
					"domainDispName":	"zynq_fsbl",
					"domainDesc":	"FSBL Application BSP - Auto Generated.",
					"processors":	"ps7_cortexa9_0",
					"os":	"standalone",
					"sdxOs":	"standalone",
					"debugEnable":	"",
					"domRuntimes":	["cpp"],
					"swRepo":	"",
					"mssOsVer":	"7.3",
					"mssFile":	"",
					"md5Digest":	"99028fef9c9eede53e418ce3239b2f17",
					"compatibleApp":	"zynq_fsbl",
					"domType":	"bootDomain",
					"arch":	"32-bit",
					"appSettings":	{
						"appCompilerFlags":	"",
						"appLinkerFlags":	""
					},
					"addedLibs":	["xilffs:4.4", "xilrsa:1.6"],
					"libOptions":	{
						"libsContainingOptions":	[]
					},
					"prebuiltLibs":	{
						"prebuiltIncPath":	[],
						"prebuiltLibPath":	[]
					},
					"isolation":	{
					}
				}, {
					"domainName":	"standalone_ps7_cortexa9_0",
					"domainDispName":	"standalone_ps7_cortexa9_0",
					"domainDesc":	"standalone_ps7_cortexa9_0",
					"processors":	"ps7_cortexa9_0",
					"os":	"standalone",
					"sdxOs":	"standalone",
					"qemuArgs":	"C:/Xilinx/Vitis/2020.2/data/emulation/platforms/zynq/sw/a9_standalone/qemu/qemu_args.txt",
					"qemuData":	"C:/Xilinx/Vitis/2020.2/data/emulation/platforms/zynq/sw/a9_standalone/qemu/",
					"debugEnable":	"False",
					"domRuntimes":	["cpp"],
					"swRepo":	"",
					"mssOsVer":	"7.3",
					"mssFile":	"",
					"md5Digest":	"00782262e1d53e4191dd624e2d41470c",
					"compatibleApp":	"hello_world",
					"domType":	"mssDomain",
					"arch":	"32-bit",
					"appSettings":	{
						"appCompilerFlags":	"",
						"appLinkerFlags":	""
					},
					"addedLibs":	[],
					"libOptions":	{
						"libsContainingOptions":	[]
					},
					"prebuiltLibs":	{
						"prebuiltIncPath":	[],
						"prebuiltLibPath":	[]
					},
					"isolation":	{
					}
				}]
		}]
}
TRACE::2026-08-13.20:31:12::SCWPlatform::Trying to open the hw design at C:/Users/Thomas/Desktop/TP_MISTRE/TP_PROCESSEUR/Projet_Vitis/Zynq_Timer48_wrapper/hw/Zynq_Timer48_wrapper.xsa
TRACE::2026-08-13.20:31:12::SCWPlatform::DSA given C:/Users/Thomas/Desktop/TP_MISTRE/TP_PROCESSEUR/Projet_Vitis/Zynq_Timer48_wrapper/hw/Zynq_Timer48_wrapper.xsa
TRACE::2026-08-13.20:31:12::SCWPlatform::DSA absoulate path C:/Users/Thomas/Desktop/TP_MISTRE/TP_PROCESSEUR/Projet_Vitis/Zynq_Timer48_wrapper/hw/Zynq_Timer48_wrapper.xsa
TRACE::2026-08-13.20:31:12::SCWPlatform::DSA directory C:/Users/Thomas/Desktop/TP_MISTRE/TP_PROCESSEUR/Projet_Vitis/Zynq_Timer48_wrapper/hw
TRACE::2026-08-13.20:31:12::SCWPlatform:: Platform Path C:/Users/Thomas/Desktop/TP_MISTRE/TP_PROCESSEUR/Projet_Vitis/Zynq_Timer48_wrapper/hw/Zynq_Timer48_wrapper.xsa
TRACE::2026-08-13.20:31:12::SCWPlatform:: Unique name xilinx:zybo-z7-20::0.0
TRACE::2026-08-13.20:31:12::SCWPlatform::Trying to set the existing hwdb with name Zynq_Timer48_wrapper_0
TRACE::2026-08-13.20:31:12::SCWPlatform::Opened existing hwdb Zynq_Timer48_wrapper_0
TRACE::2026-08-13.20:31:12::SCWPlatform::Found the Hw Db part of the input DSA
TRACE::2026-08-13.20:31:12::SCWMssOS::Checking the sw design at  C:/Users/Thomas/Desktop/TP_MISTRE/TP_PROCESSEUR/Projet_Vitis/Zynq_Timer48_wrapper/ps7_cortexa9_0/standalone_ps7_cortexa9_0/bsp/system.mss
TRACE::2026-08-13.20:31:12::SCWMssOS::DEBUG:  swdes dump  C:/Users/Thomas/Desktop/TP_MISTRE/TP_PROCESSEUR/Projet_Vitis/Zynq_Timer48_wrapper/ps7_cortexa9_0/standalone_ps7_cortexa9_0/bsp/system.mss|system_0||
C:/Users/Thomas/Desktop/TP_MISTRE/TP_PROCESSEUR/Projet_Vitis/Zynq_Timer48_wrapper/zynq_fsbl/zynq_fsbl_bsp/system.mss|system||

TRACE::2026-08-13.20:31:12::SCWMssOS::Sw design exists and opened at  C:/Users/Thomas/Desktop/TP_MISTRE/TP_PROCESSEUR/Projet_Vitis/Zynq_Timer48_wrapper/ps7_cortexa9_0/standalone_ps7_cortexa9_0/bsp/system.mss
TRACE::2026-08-13.20:31:12::SCWPlatform::Trying to open the hw design at C:/Users/Thomas/Desktop/TP_MISTRE/TP_PROCESSEUR/Projet_Vitis/Zynq_Timer48_wrapper/hw/Zynq_Timer48_wrapper.xsa
TRACE::2026-08-13.20:31:12::SCWPlatform::DSA given C:/Users/Thomas/Desktop/TP_MISTRE/TP_PROCESSEUR/Projet_Vitis/Zynq_Timer48_wrapper/hw/Zynq_Timer48_wrapper.xsa
TRACE::2026-08-13.20:31:12::SCWPlatform::DSA absoulate path C:/Users/Thomas/Desktop/TP_MISTRE/TP_PROCESSEUR/Projet_Vitis/Zynq_Timer48_wrapper/hw/Zynq_Timer48_wrapper.xsa
TRACE::2026-08-13.20:31:12::SCWPlatform::DSA directory C:/Users/Thomas/Desktop/TP_MISTRE/TP_PROCESSEUR/Projet_Vitis/Zynq_Timer48_wrapper/hw
TRACE::2026-08-13.20:31:12::SCWPlatform:: Platform Path C:/Users/Thomas/Desktop/TP_MISTRE/TP_PROCESSEUR/Projet_Vitis/Zynq_Timer48_wrapper/hw/Zynq_Timer48_wrapper.xsa
TRACE::2026-08-13.20:31:12::SCWPlatform:: Unique name xilinx:zybo-z7-20::0.0
TRACE::2026-08-13.20:31:12::SCWPlatform::Trying to set the existing hwdb with name Zynq_Timer48_wrapper_0
TRACE::2026-08-13.20:31:12::SCWPlatform::Opened existing hwdb Zynq_Timer48_wrapper_0
TRACE::2026-08-13.20:31:12::SCWPlatform::Found the Hw Db part of the input DSA
TRACE::2026-08-13.20:31:12::SCWMssOS::Checking the sw design at  C:/Users/Thomas/Desktop/TP_MISTRE/TP_PROCESSEUR/Projet_Vitis/Zynq_Timer48_wrapper/ps7_cortexa9_0/standalone_ps7_cortexa9_0/bsp/system.mss
TRACE::2026-08-13.20:31:12::SCWMssOS::DEBUG:  swdes dump  C:/Users/Thomas/Desktop/TP_MISTRE/TP_PROCESSEUR/Projet_Vitis/Zynq_Timer48_wrapper/ps7_cortexa9_0/standalone_ps7_cortexa9_0/bsp/system.mss|system_0||
C:/Users/Thomas/Desktop/TP_MISTRE/TP_PROCESSEUR/Projet_Vitis/Zynq_Timer48_wrapper/zynq_fsbl/zynq_fsbl_bsp/system.mss|system||

TRACE::2026-08-13.20:31:12::SCWMssOS::Sw design exists and opened at  C:/Users/Thomas/Desktop/TP_MISTRE/TP_PROCESSEUR/Projet_Vitis/Zynq_Timer48_wrapper/ps7_cortexa9_0/standalone_ps7_cortexa9_0/bsp/system.mss
TRACE::2026-08-13.20:31:12::SCWMssOS::Saving the mss changes C:/Users/Thomas/Desktop/TP_MISTRE/TP_PROCESSEUR/Projet_Vitis/Zynq_Timer48_wrapper/zynq_fsbl/zynq_fsbl_bsp/system.mss
TRACE::2026-08-13.20:31:12::SCWMssOS::Found a swdesign opened with the mssfile.
TRACE::2026-08-13.20:31:12::SCWMssOS::Completed writemss as part of save.
TRACE::2026-08-13.20:31:12::SCWMssOS::Commit changes completed.
TRACE::2026-08-13.20:31:12::SCWMssOS::Saving the mss changes C:/Users/Thomas/Desktop/TP_MISTRE/TP_PROCESSEUR/Projet_Vitis/Zynq_Timer48_wrapper/ps7_cortexa9_0/standalone_ps7_cortexa9_0/bsp/system.mss
TRACE::2026-08-13.20:31:12::SCWMssOS::Found a swdesign opened with the mssfile.
TRACE::2026-08-13.20:31:12::SCWMssOS::Completed writemss as part of save.
TRACE::2026-08-13.20:31:12::SCWMssOS::Commit changes completed.
TRACE::2026-08-13.20:31:12::SCWPlatform::Trying to open the hw design at C:/Users/Thomas/Desktop/TP_MISTRE/TP_PROCESSEUR/Projet_Vitis/Zynq_Timer48_wrapper/hw/Zynq_Timer48_wrapper.xsa
TRACE::2026-08-13.20:31:12::SCWPlatform::DSA given C:/Users/Thomas/Desktop/TP_MISTRE/TP_PROCESSEUR/Projet_Vitis/Zynq_Timer48_wrapper/hw/Zynq_Timer48_wrapper.xsa
TRACE::2026-08-13.20:31:12::SCWPlatform::DSA absoulate path C:/Users/Thomas/Desktop/TP_MISTRE/TP_PROCESSEUR/Projet_Vitis/Zynq_Timer48_wrapper/hw/Zynq_Timer48_wrapper.xsa
TRACE::2026-08-13.20:31:12::SCWPlatform::DSA directory C:/Users/Thomas/Desktop/TP_MISTRE/TP_PROCESSEUR/Projet_Vitis/Zynq_Timer48_wrapper/hw
TRACE::2026-08-13.20:31:12::SCWPlatform:: Platform Path C:/Users/Thomas/Desktop/TP_MISTRE/TP_PROCESSEUR/Projet_Vitis/Zynq_Timer48_wrapper/hw/Zynq_Timer48_wrapper.xsa
TRACE::2026-08-13.20:31:12::SCWPlatform:: Unique name xilinx:zybo-z7-20::0.0
TRACE::2026-08-13.20:31:12::SCWPlatform::Trying to set the existing hwdb with name Zynq_Timer48_wrapper_0
TRACE::2026-08-13.20:31:12::SCWPlatform::Opened existing hwdb Zynq_Timer48_wrapper_0
TRACE::2026-08-13.20:31:12::SCWPlatform::Found the Hw Db part of the input DSA
TRACE::2026-08-13.20:31:12::SCWMssOS::Checking the sw design at  C:/Users/Thomas/Desktop/TP_MISTRE/TP_PROCESSEUR/Projet_Vitis/Zynq_Timer48_wrapper/zynq_fsbl/zynq_fsbl_bsp/system.mss
TRACE::2026-08-13.20:31:12::SCWMssOS::DEBUG:  swdes dump  C:/Users/Thomas/Desktop/TP_MISTRE/TP_PROCESSEUR/Projet_Vitis/Zynq_Timer48_wrapper/ps7_cortexa9_0/standalone_ps7_cortexa9_0/bsp/system.mss|system_0||
C:/Users/Thomas/Desktop/TP_MISTRE/TP_PROCESSEUR/Projet_Vitis/Zynq_Timer48_wrapper/zynq_fsbl/zynq_fsbl_bsp/system.mss|system||

TRACE::2026-08-13.20:31:12::SCWMssOS::Sw design exists and opened at  C:/Users/Thomas/Desktop/TP_MISTRE/TP_PROCESSEUR/Projet_Vitis/Zynq_Timer48_wrapper/zynq_fsbl/zynq_fsbl_bsp/system.mss
TRACE::2026-08-13.20:31:12::SCWPlatform::Trying to open the hw design at C:/Users/Thomas/Desktop/TP_MISTRE/TP_PROCESSEUR/Projet_Vitis/Zynq_Timer48_wrapper/hw/Zynq_Timer48_wrapper.xsa
TRACE::2026-08-13.20:31:12::SCWPlatform::DSA given C:/Users/Thomas/Desktop/TP_MISTRE/TP_PROCESSEUR/Projet_Vitis/Zynq_Timer48_wrapper/hw/Zynq_Timer48_wrapper.xsa
TRACE::2026-08-13.20:31:12::SCWPlatform::DSA absoulate path C:/Users/Thomas/Desktop/TP_MISTRE/TP_PROCESSEUR/Projet_Vitis/Zynq_Timer48_wrapper/hw/Zynq_Timer48_wrapper.xsa
TRACE::2026-08-13.20:31:12::SCWPlatform::DSA directory C:/Users/Thomas/Desktop/TP_MISTRE/TP_PROCESSEUR/Projet_Vitis/Zynq_Timer48_wrapper/hw
TRACE::2026-08-13.20:31:12::SCWPlatform:: Platform Path C:/Users/Thomas/Desktop/TP_MISTRE/TP_PROCESSEUR/Projet_Vitis/Zynq_Timer48_wrapper/hw/Zynq_Timer48_wrapper.xsa
TRACE::2026-08-13.20:31:12::SCWPlatform:: Unique name xilinx:zybo-z7-20::0.0
TRACE::2026-08-13.20:31:12::SCWPlatform::Trying to set the existing hwdb with name Zynq_Timer48_wrapper_0
TRACE::2026-08-13.20:31:12::SCWPlatform::Opened existing hwdb Zynq_Timer48_wrapper_0
TRACE::2026-08-13.20:31:12::SCWPlatform::Found the Hw Db part of the input DSA
TRACE::2026-08-13.20:31:12::SCWMssOS::Checking the sw design at  C:/Users/Thomas/Desktop/TP_MISTRE/TP_PROCESSEUR/Projet_Vitis/Zynq_Timer48_wrapper/zynq_fsbl/zynq_fsbl_bsp/system.mss
TRACE::2026-08-13.20:31:12::SCWMssOS::DEBUG:  swdes dump  C:/Users/Thomas/Desktop/TP_MISTRE/TP_PROCESSEUR/Projet_Vitis/Zynq_Timer48_wrapper/ps7_cortexa9_0/standalone_ps7_cortexa9_0/bsp/system.mss|system_0||
C:/Users/Thomas/Desktop/TP_MISTRE/TP_PROCESSEUR/Projet_Vitis/Zynq_Timer48_wrapper/zynq_fsbl/zynq_fsbl_bsp/system.mss|system||

TRACE::2026-08-13.20:31:12::SCWMssOS::Sw design exists and opened at  C:/Users/Thomas/Desktop/TP_MISTRE/TP_PROCESSEUR/Projet_Vitis/Zynq_Timer48_wrapper/zynq_fsbl/zynq_fsbl_bsp/system.mss
TRACE::2026-08-13.20:31:12::SCWPlatform::Trying to open the hw design at C:/Users/Thomas/Desktop/TP_MISTRE/TP_PROCESSEUR/Projet_Vitis/Zynq_Timer48_wrapper/hw/Zynq_Timer48_wrapper.xsa
TRACE::2026-08-13.20:31:12::SCWPlatform::DSA given C:/Users/Thomas/Desktop/TP_MISTRE/TP_PROCESSEUR/Projet_Vitis/Zynq_Timer48_wrapper/hw/Zynq_Timer48_wrapper.xsa
TRACE::2026-08-13.20:31:12::SCWPlatform::DSA absoulate path C:/Users/Thomas/Desktop/TP_MISTRE/TP_PROCESSEUR/Projet_Vitis/Zynq_Timer48_wrapper/hw/Zynq_Timer48_wrapper.xsa
TRACE::2026-08-13.20:31:12::SCWPlatform::DSA directory C:/Users/Thomas/Desktop/TP_MISTRE/TP_PROCESSEUR/Projet_Vitis/Zynq_Timer48_wrapper/hw
TRACE::2026-08-13.20:31:12::SCWPlatform:: Platform Path C:/Users/Thomas/Desktop/TP_MISTRE/TP_PROCESSEUR/Projet_Vitis/Zynq_Timer48_wrapper/hw/Zynq_Timer48_wrapper.xsa
TRACE::2026-08-13.20:31:12::SCWPlatform:: Unique name xilinx:zybo-z7-20::0.0
TRACE::2026-08-13.20:31:12::SCWPlatform::Trying to set the existing hwdb with name Zynq_Timer48_wrapper_0
TRACE::2026-08-13.20:31:12::SCWPlatform::Opened existing hwdb Zynq_Timer48_wrapper_0
TRACE::2026-08-13.20:31:12::SCWPlatform::Found the Hw Db part of the input DSA
TRACE::2026-08-13.20:31:12::SCWMssOS::Checking the sw design at  C:/Users/Thomas/Desktop/TP_MISTRE/TP_PROCESSEUR/Projet_Vitis/Zynq_Timer48_wrapper/zynq_fsbl/zynq_fsbl_bsp/system.mss
TRACE::2026-08-13.20:31:12::SCWMssOS::DEBUG:  swdes dump  C:/Users/Thomas/Desktop/TP_MISTRE/TP_PROCESSEUR/Projet_Vitis/Zynq_Timer48_wrapper/ps7_cortexa9_0/standalone_ps7_cortexa9_0/bsp/system.mss|system_0||
C:/Users/Thomas/Desktop/TP_MISTRE/TP_PROCESSEUR/Projet_Vitis/Zynq_Timer48_wrapper/zynq_fsbl/zynq_fsbl_bsp/system.mss|system||

TRACE::2026-08-13.20:31:12::SCWMssOS::Sw design exists and opened at  C:/Users/Thomas/Desktop/TP_MISTRE/TP_PROCESSEUR/Projet_Vitis/Zynq_Timer48_wrapper/zynq_fsbl/zynq_fsbl_bsp/system.mss
TRACE::2026-08-13.20:31:12::SCWPlatform::Trying to open the hw design at C:/Users/Thomas/Desktop/TP_MISTRE/TP_PROCESSEUR/Projet_Vitis/Zynq_Timer48_wrapper/hw/Zynq_Timer48_wrapper.xsa
TRACE::2026-08-13.20:31:12::SCWPlatform::DSA given C:/Users/Thomas/Desktop/TP_MISTRE/TP_PROCESSEUR/Projet_Vitis/Zynq_Timer48_wrapper/hw/Zynq_Timer48_wrapper.xsa
TRACE::2026-08-13.20:31:12::SCWPlatform::DSA absoulate path C:/Users/Thomas/Desktop/TP_MISTRE/TP_PROCESSEUR/Projet_Vitis/Zynq_Timer48_wrapper/hw/Zynq_Timer48_wrapper.xsa
TRACE::2026-08-13.20:31:12::SCWPlatform::DSA directory C:/Users/Thomas/Desktop/TP_MISTRE/TP_PROCESSEUR/Projet_Vitis/Zynq_Timer48_wrapper/hw
TRACE::2026-08-13.20:31:12::SCWPlatform:: Platform Path C:/Users/Thomas/Desktop/TP_MISTRE/TP_PROCESSEUR/Projet_Vitis/Zynq_Timer48_wrapper/hw/Zynq_Timer48_wrapper.xsa
TRACE::2026-08-13.20:31:12::SCWPlatform:: Unique name xilinx:zybo-z7-20::0.0
TRACE::2026-08-13.20:31:12::SCWPlatform::Trying to set the existing hwdb with name Zynq_Timer48_wrapper_0
TRACE::2026-08-13.20:31:12::SCWPlatform::Opened existing hwdb Zynq_Timer48_wrapper_0
TRACE::2026-08-13.20:31:12::SCWPlatform::Found the Hw Db part of the input DSA
TRACE::2026-08-13.20:31:12::SCWMssOS::Checking the sw design at  C:/Users/Thomas/Desktop/TP_MISTRE/TP_PROCESSEUR/Projet_Vitis/Zynq_Timer48_wrapper/ps7_cortexa9_0/standalone_ps7_cortexa9_0/bsp/system.mss
TRACE::2026-08-13.20:31:12::SCWMssOS::DEBUG:  swdes dump  C:/Users/Thomas/Desktop/TP_MISTRE/TP_PROCESSEUR/Projet_Vitis/Zynq_Timer48_wrapper/ps7_cortexa9_0/standalone_ps7_cortexa9_0/bsp/system.mss|system_0||
C:/Users/Thomas/Desktop/TP_MISTRE/TP_PROCESSEUR/Projet_Vitis/Zynq_Timer48_wrapper/zynq_fsbl/zynq_fsbl_bsp/system.mss|system||

TRACE::2026-08-13.20:31:12::SCWMssOS::Sw design exists and opened at  C:/Users/Thomas/Desktop/TP_MISTRE/TP_PROCESSEUR/Projet_Vitis/Zynq_Timer48_wrapper/ps7_cortexa9_0/standalone_ps7_cortexa9_0/bsp/system.mss
TRACE::2026-08-13.20:31:12::SCWPlatform::Trying to open the hw design at C:/Users/Thomas/Desktop/TP_MISTRE/TP_PROCESSEUR/Projet_Vitis/Zynq_Timer48_wrapper/hw/Zynq_Timer48_wrapper.xsa
TRACE::2026-08-13.20:31:12::SCWPlatform::DSA given C:/Users/Thomas/Desktop/TP_MISTRE/TP_PROCESSEUR/Projet_Vitis/Zynq_Timer48_wrapper/hw/Zynq_Timer48_wrapper.xsa
TRACE::2026-08-13.20:31:12::SCWPlatform::DSA absoulate path C:/Users/Thomas/Desktop/TP_MISTRE/TP_PROCESSEUR/Projet_Vitis/Zynq_Timer48_wrapper/hw/Zynq_Timer48_wrapper.xsa
TRACE::2026-08-13.20:31:12::SCWPlatform::DSA directory C:/Users/Thomas/Desktop/TP_MISTRE/TP_PROCESSEUR/Projet_Vitis/Zynq_Timer48_wrapper/hw
TRACE::2026-08-13.20:31:12::SCWPlatform:: Platform Path C:/Users/Thomas/Desktop/TP_MISTRE/TP_PROCESSEUR/Projet_Vitis/Zynq_Timer48_wrapper/hw/Zynq_Timer48_wrapper.xsa
TRACE::2026-08-13.20:31:12::SCWPlatform:: Unique name xilinx:zybo-z7-20::0.0
TRACE::2026-08-13.20:31:12::SCWPlatform::Trying to set the existing hwdb with name Zynq_Timer48_wrapper_0
TRACE::2026-08-13.20:31:12::SCWPlatform::Opened existing hwdb Zynq_Timer48_wrapper_0
TRACE::2026-08-13.20:31:12::SCWPlatform::Found the Hw Db part of the input DSA
TRACE::2026-08-13.20:31:12::SCWMssOS::Checking the sw design at  C:/Users/Thomas/Desktop/TP_MISTRE/TP_PROCESSEUR/Projet_Vitis/Zynq_Timer48_wrapper/ps7_cortexa9_0/standalone_ps7_cortexa9_0/bsp/system.mss
TRACE::2026-08-13.20:31:12::SCWMssOS::DEBUG:  swdes dump  C:/Users/Thomas/Desktop/TP_MISTRE/TP_PROCESSEUR/Projet_Vitis/Zynq_Timer48_wrapper/ps7_cortexa9_0/standalone_ps7_cortexa9_0/bsp/system.mss|system_0||
C:/Users/Thomas/Desktop/TP_MISTRE/TP_PROCESSEUR/Projet_Vitis/Zynq_Timer48_wrapper/zynq_fsbl/zynq_fsbl_bsp/system.mss|system||

TRACE::2026-08-13.20:31:12::SCWMssOS::Sw design exists and opened at  C:/Users/Thomas/Desktop/TP_MISTRE/TP_PROCESSEUR/Projet_Vitis/Zynq_Timer48_wrapper/ps7_cortexa9_0/standalone_ps7_cortexa9_0/bsp/system.mss
TRACE::2026-08-13.20:31:12::SCWPlatform::Trying to open the hw design at C:/Users/Thomas/Desktop/TP_MISTRE/TP_PROCESSEUR/Projet_Vitis/Zynq_Timer48_wrapper/hw/Zynq_Timer48_wrapper.xsa
TRACE::2026-08-13.20:31:12::SCWPlatform::DSA given C:/Users/Thomas/Desktop/TP_MISTRE/TP_PROCESSEUR/Projet_Vitis/Zynq_Timer48_wrapper/hw/Zynq_Timer48_wrapper.xsa
TRACE::2026-08-13.20:31:12::SCWPlatform::DSA absoulate path C:/Users/Thomas/Desktop/TP_MISTRE/TP_PROCESSEUR/Projet_Vitis/Zynq_Timer48_wrapper/hw/Zynq_Timer48_wrapper.xsa
TRACE::2026-08-13.20:31:12::SCWPlatform::DSA directory C:/Users/Thomas/Desktop/TP_MISTRE/TP_PROCESSEUR/Projet_Vitis/Zynq_Timer48_wrapper/hw
TRACE::2026-08-13.20:31:12::SCWPlatform:: Platform Path C:/Users/Thomas/Desktop/TP_MISTRE/TP_PROCESSEUR/Projet_Vitis/Zynq_Timer48_wrapper/hw/Zynq_Timer48_wrapper.xsa
TRACE::2026-08-13.20:31:12::SCWPlatform:: Unique name xilinx:zybo-z7-20::0.0
TRACE::2026-08-13.20:31:12::SCWPlatform::Trying to set the existing hwdb with name Zynq_Timer48_wrapper_0
TRACE::2026-08-13.20:31:12::SCWPlatform::Opened existing hwdb Zynq_Timer48_wrapper_0
TRACE::2026-08-13.20:31:12::SCWPlatform::Found the Hw Db part of the input DSA
TRACE::2026-08-13.20:31:12::SCWMssOS::Checking the sw design at  C:/Users/Thomas/Desktop/TP_MISTRE/TP_PROCESSEUR/Projet_Vitis/Zynq_Timer48_wrapper/ps7_cortexa9_0/standalone_ps7_cortexa9_0/bsp/system.mss
TRACE::2026-08-13.20:31:12::SCWMssOS::DEBUG:  swdes dump  C:/Users/Thomas/Desktop/TP_MISTRE/TP_PROCESSEUR/Projet_Vitis/Zynq_Timer48_wrapper/ps7_cortexa9_0/standalone_ps7_cortexa9_0/bsp/system.mss|system_0||
C:/Users/Thomas/Desktop/TP_MISTRE/TP_PROCESSEUR/Projet_Vitis/Zynq_Timer48_wrapper/zynq_fsbl/zynq_fsbl_bsp/system.mss|system||

TRACE::2026-08-13.20:31:12::SCWMssOS::Sw design exists and opened at  C:/Users/Thomas/Desktop/TP_MISTRE/TP_PROCESSEUR/Projet_Vitis/Zynq_Timer48_wrapper/ps7_cortexa9_0/standalone_ps7_cortexa9_0/bsp/system.mss
TRACE::2026-08-13.20:31:12::SCWWriter::formatted JSON is {
	"platformName":	"Zynq_Timer48_wrapper",
	"sprVersion":	"2.0",
	"mode":	"gui",
	"dsaType":	"Fixed",
	"platformDesc":	"Zynq_Timer48_wrapper",
	"platHandOff":	"<platformDir>.xsa",
	"platIntHandOff":	"<platformDir>/hw/Zynq_Timer48_wrapper.xsa",
	"deviceType":	"zynq",
	"platIsPrebuiltAutogen":	"false",
	"platIsNoBootBsp":	"false",
	"platFsblTarget":	"ps7_cortexa9_0",
	"hasFsblMakeHasChanges":	"false",
	"hasPmufwMakeHasChanges":	"false",
	"fsblExtraCompilerFlags":	"-MMD -MP       -mcpu=cortex-a9 -mfpu=vfpv3 -mfloat-abi=hard ",
	"platPreBuiltFlag":	false,
	"platformSamplesDir":	"",
	"platActiveSys":	"Zynq_Timer48_wrapper",
	"systems":	[{
			"systemName":	"Zynq_Timer48_wrapper",
			"systemDesc":	"Zynq_Timer48_wrapper",
			"sysIsBootAutoGen":	"true",
			"systemDispName":	"Zynq_Timer48_wrapper",
			"sysActiveDom":	"standalone_ps7_cortexa9_0",
			"sysDefaultDom":	"standalone_ps7_cortexa9_0",
			"domains":	[{
					"domainName":	"zynq_fsbl",
					"domainDispName":	"zynq_fsbl",
					"domainDesc":	"FSBL Application BSP - Auto Generated.",
					"processors":	"ps7_cortexa9_0",
					"os":	"standalone",
					"sdxOs":	"standalone",
					"debugEnable":	"",
					"domRuntimes":	["cpp"],
					"swRepo":	"",
					"mssOsVer":	"7.3",
					"mssFile":	"",
					"md5Digest":	"99028fef9c9eede53e418ce3239b2f17",
					"compatibleApp":	"zynq_fsbl",
					"domType":	"bootDomain",
					"arch":	"32-bit",
					"appSettings":	{
						"appCompilerFlags":	"",
						"appLinkerFlags":	""
					},
					"addedLibs":	["xilffs:4.4", "xilrsa:1.6"],
					"libOptions":	{
						"libsContainingOptions":	[]
					},
					"prebuiltLibs":	{
						"prebuiltIncPath":	[],
						"prebuiltLibPath":	[]
					},
					"isolation":	{
					}
				}, {
					"domainName":	"standalone_ps7_cortexa9_0",
					"domainDispName":	"standalone_ps7_cortexa9_0",
					"domainDesc":	"standalone_ps7_cortexa9_0",
					"processors":	"ps7_cortexa9_0",
					"os":	"standalone",
					"sdxOs":	"standalone",
					"qemuArgs":	"C:/Xilinx/Vitis/2020.2/data/emulation/platforms/zynq/sw/a9_standalone/qemu/qemu_args.txt",
					"qemuData":	"C:/Xilinx/Vitis/2020.2/data/emulation/platforms/zynq/sw/a9_standalone/qemu/",
					"debugEnable":	"False",
					"domRuntimes":	["cpp"],
					"swRepo":	"",
					"mssOsVer":	"7.3",
					"mssFile":	"",
					"md5Digest":	"00782262e1d53e4191dd624e2d41470c",
					"compatibleApp":	"hello_world",
					"domType":	"mssDomain",
					"arch":	"32-bit",
					"appSettings":	{
						"appCompilerFlags":	"",
						"appLinkerFlags":	""
					},
					"addedLibs":	[],
					"libOptions":	{
						"libsContainingOptions":	[]
					},
					"prebuiltLibs":	{
						"prebuiltIncPath":	[],
						"prebuiltLibPath":	[]
					},
					"isolation":	{
					}
				}]
		}]
}
LOG::2026-08-13.20:31:12::SCWPlatform::Started generating the artifacts platform Zynq_Timer48_wrapper
TRACE::2026-08-13.20:31:12::SCWPlatform::Sanity checking of platform is completed
LOG::2026-08-13.20:31:12::SCWPlatform::Started generating the artifacts for system configuration Zynq_Timer48_wrapper
LOG::2026-08-13.20:31:12::SCWSystem::Started Processing the domain standalone_ps7_cortexa9_0
TRACE::2026-08-13.20:31:12::SCWDomain::Generating domain artifcats
TRACE::2026-08-13.20:31:12::SCWMssOS::Generating standalone artifcats
TRACE::2026-08-13.20:31:12::SCWMssOS::Copying the qemu file from  C:/Xilinx/Vitis/2020.2/data/emulation/platforms/zynq/sw/a9_standalone/qemu/qemu_args.txt To C:/Users/Thomas/Desktop/TP_MISTRE/TP_PROCESSEUR/Projet_Vitis/Zynq_Timer48_wrapper/export/Zynq_Timer48_wrapper/sw/Zynq_Timer48_wrapper/qemu/
TRACE::2026-08-13.20:31:12::SCWMssOS::Copying the qemu file from  C:/Xilinx/Vitis/2020.2/data/emulation/platforms/zynq/sw/a9_standalone/qemu/qemu_args.txt To C:/Users/Thomas/Desktop/TP_MISTRE/TP_PROCESSEUR/Projet_Vitis/Zynq_Timer48_wrapper/export/Zynq_Timer48_wrapper/sw/Zynq_Timer48_wrapper/standalone_ps7_cortexa9_0/qemu/
TRACE::2026-08-13.20:31:12::SCWMssOS:: Copying the user libraries. 
TRACE::2026-08-13.20:31:12::SCWPlatform::Trying to open the hw design at C:/Users/Thomas/Desktop/TP_MISTRE/TP_PROCESSEUR/Projet_Vitis/Zynq_Timer48_wrapper/hw/Zynq_Timer48_wrapper.xsa
TRACE::2026-08-13.20:31:12::SCWPlatform::DSA given C:/Users/Thomas/Desktop/TP_MISTRE/TP_PROCESSEUR/Projet_Vitis/Zynq_Timer48_wrapper/hw/Zynq_Timer48_wrapper.xsa
TRACE::2026-08-13.20:31:12::SCWPlatform::DSA absoulate path C:/Users/Thomas/Desktop/TP_MISTRE/TP_PROCESSEUR/Projet_Vitis/Zynq_Timer48_wrapper/hw/Zynq_Timer48_wrapper.xsa
TRACE::2026-08-13.20:31:12::SCWPlatform::DSA directory C:/Users/Thomas/Desktop/TP_MISTRE/TP_PROCESSEUR/Projet_Vitis/Zynq_Timer48_wrapper/hw
TRACE::2026-08-13.20:31:12::SCWPlatform:: Platform Path C:/Users/Thomas/Desktop/TP_MISTRE/TP_PROCESSEUR/Projet_Vitis/Zynq_Timer48_wrapper/hw/Zynq_Timer48_wrapper.xsa
TRACE::2026-08-13.20:31:12::SCWPlatform:: Unique name xilinx:zybo-z7-20::0.0
TRACE::2026-08-13.20:31:12::SCWPlatform::Trying to set the existing hwdb with name Zynq_Timer48_wrapper_0
TRACE::2026-08-13.20:31:12::SCWPlatform::Opened existing hwdb Zynq_Timer48_wrapper_0
TRACE::2026-08-13.20:31:12::SCWPlatform::Found the Hw Db part of the input DSA
TRACE::2026-08-13.20:31:12::SCWMssOS::Checking the sw design at  C:/Users/Thomas/Desktop/TP_MISTRE/TP_PROCESSEUR/Projet_Vitis/Zynq_Timer48_wrapper/ps7_cortexa9_0/standalone_ps7_cortexa9_0/bsp/system.mss
TRACE::2026-08-13.20:31:12::SCWMssOS::DEBUG:  swdes dump  C:/Users/Thomas/Desktop/TP_MISTRE/TP_PROCESSEUR/Projet_Vitis/Zynq_Timer48_wrapper/ps7_cortexa9_0/standalone_ps7_cortexa9_0/bsp/system.mss|system_0||
C:/Users/Thomas/Desktop/TP_MISTRE/TP_PROCESSEUR/Projet_Vitis/Zynq_Timer48_wrapper/zynq_fsbl/zynq_fsbl_bsp/system.mss|system||

TRACE::2026-08-13.20:31:12::SCWMssOS::Sw design exists and opened at  C:/Users/Thomas/Desktop/TP_MISTRE/TP_PROCESSEUR/Projet_Vitis/Zynq_Timer48_wrapper/ps7_cortexa9_0/standalone_ps7_cortexa9_0/bsp/system.mss
TRACE::2026-08-13.20:31:12::SCWMssOS::Completed writing the mss file at C:/Users/Thomas/Desktop/TP_MISTRE/TP_PROCESSEUR/Projet_Vitis/Zynq_Timer48_wrapper/ps7_cortexa9_0/standalone_ps7_cortexa9_0/bsp
TRACE::2026-08-13.20:31:12::SCWMssOS::Mss edits present, copying mssfile into export location C:/Users/Thomas/Desktop/TP_MISTRE/TP_PROCESSEUR/Projet_Vitis/Zynq_Timer48_wrapper/ps7_cortexa9_0/standalone_ps7_cortexa9_0/bsp/system.mss
TRACE::2026-08-13.20:31:12::SCWMssOS::bsp generated is upto date with the mss file. Skipping bsp generation.
TRACE::2026-08-13.20:31:12::SCWMssOS::BSP is already built. skipping the bsp build ... 
TRACE::2026-08-13.20:31:12::SCWDomain::Building the domain as part of full build :  standalone_ps7_cortexa9_0
TRACE::2026-08-13.20:31:12::SCWMssOS::skipping the bsp build ... 
TRACE::2026-08-13.20:31:12::SCWMssOS::Copying to export directory.
TRACE::2026-08-13.20:31:12::SCWMssOS:: Checking if to create the Supporting Applications
TRACE::2026-08-13.20:31:12::SCWMssOS:: No Linux domain exists, trying to generate FSBL 
TRACE::2026-08-13.20:31:12::SCWMssOS:: Completed Standalone Artifacts creation 
LOG::2026-08-13.20:31:12::SCWSystem::Completed Processing the domain standalone_ps7_cortexa9_0
LOG::2026-08-13.20:31:12::SCWSystem::Completed Processing the sysconfig Zynq_Timer48_wrapper
LOG::2026-08-13.20:31:12::SCWPlatform::Completed generating the artifacts for system configuration Zynq_Timer48_wrapper
TRACE::2026-08-13.20:31:12::SCWPlatform::Started preparing the platform 
TRACE::2026-08-13.20:31:12::SCWSystem::Writing the bif file for system config Zynq_Timer48_wrapper
TRACE::2026-08-13.20:31:12::SCWSystem::dir created 
TRACE::2026-08-13.20:31:12::SCWSystem::Writing the bif 
TRACE::2026-08-13.20:31:12::SCWPlatform::Started writing the spfm file 
TRACE::2026-08-13.20:31:12::SCWPlatform::Started writing the xpfm file 
TRACE::2026-08-13.20:31:12::SCWPlatform::Completed generating the platform
TRACE::2026-08-13.20:31:12::SCWMssOS::Saving the mss changes C:/Users/Thomas/Desktop/TP_MISTRE/TP_PROCESSEUR/Projet_Vitis/Zynq_Timer48_wrapper/zynq_fsbl/zynq_fsbl_bsp/system.mss
TRACE::2026-08-13.20:31:12::SCWMssOS::Found a swdesign opened with the mssfile.
TRACE::2026-08-13.20:31:12::SCWMssOS::Completed writemss as part of save.
TRACE::2026-08-13.20:31:12::SCWMssOS::Commit changes completed.
TRACE::2026-08-13.20:31:12::SCWMssOS::Saving the mss changes C:/Users/Thomas/Desktop/TP_MISTRE/TP_PROCESSEUR/Projet_Vitis/Zynq_Timer48_wrapper/ps7_cortexa9_0/standalone_ps7_cortexa9_0/bsp/system.mss
TRACE::2026-08-13.20:31:12::SCWMssOS::Found a swdesign opened with the mssfile.
TRACE::2026-08-13.20:31:12::SCWMssOS::Completed writemss as part of save.
TRACE::2026-08-13.20:31:12::SCWMssOS::Commit changes completed.
TRACE::2026-08-13.20:31:12::SCWPlatform::Trying to open the hw design at C:/Users/Thomas/Desktop/TP_MISTRE/TP_PROCESSEUR/Projet_Vitis/Zynq_Timer48_wrapper/hw/Zynq_Timer48_wrapper.xsa
TRACE::2026-08-13.20:31:12::SCWPlatform::DSA given C:/Users/Thomas/Desktop/TP_MISTRE/TP_PROCESSEUR/Projet_Vitis/Zynq_Timer48_wrapper/hw/Zynq_Timer48_wrapper.xsa
TRACE::2026-08-13.20:31:12::SCWPlatform::DSA absoulate path C:/Users/Thomas/Desktop/TP_MISTRE/TP_PROCESSEUR/Projet_Vitis/Zynq_Timer48_wrapper/hw/Zynq_Timer48_wrapper.xsa
TRACE::2026-08-13.20:31:12::SCWPlatform::DSA directory C:/Users/Thomas/Desktop/TP_MISTRE/TP_PROCESSEUR/Projet_Vitis/Zynq_Timer48_wrapper/hw
TRACE::2026-08-13.20:31:12::SCWPlatform:: Platform Path C:/Users/Thomas/Desktop/TP_MISTRE/TP_PROCESSEUR/Projet_Vitis/Zynq_Timer48_wrapper/hw/Zynq_Timer48_wrapper.xsa
TRACE::2026-08-13.20:31:12::SCWPlatform:: Unique name xilinx:zybo-z7-20::0.0
TRACE::2026-08-13.20:31:12::SCWPlatform::Trying to set the existing hwdb with name Zynq_Timer48_wrapper_0
TRACE::2026-08-13.20:31:12::SCWPlatform::Opened existing hwdb Zynq_Timer48_wrapper_0
TRACE::2026-08-13.20:31:12::SCWPlatform::Found the Hw Db part of the input DSA
TRACE::2026-08-13.20:31:12::SCWMssOS::Checking the sw design at  C:/Users/Thomas/Desktop/TP_MISTRE/TP_PROCESSEUR/Projet_Vitis/Zynq_Timer48_wrapper/zynq_fsbl/zynq_fsbl_bsp/system.mss
TRACE::2026-08-13.20:31:12::SCWMssOS::DEBUG:  swdes dump  C:/Users/Thomas/Desktop/TP_MISTRE/TP_PROCESSEUR/Projet_Vitis/Zynq_Timer48_wrapper/ps7_cortexa9_0/standalone_ps7_cortexa9_0/bsp/system.mss|system_0||
C:/Users/Thomas/Desktop/TP_MISTRE/TP_PROCESSEUR/Projet_Vitis/Zynq_Timer48_wrapper/zynq_fsbl/zynq_fsbl_bsp/system.mss|system||

TRACE::2026-08-13.20:31:12::SCWMssOS::Sw design exists and opened at  C:/Users/Thomas/Desktop/TP_MISTRE/TP_PROCESSEUR/Projet_Vitis/Zynq_Timer48_wrapper/zynq_fsbl/zynq_fsbl_bsp/system.mss
TRACE::2026-08-13.20:31:12::SCWPlatform::Trying to open the hw design at C:/Users/Thomas/Desktop/TP_MISTRE/TP_PROCESSEUR/Projet_Vitis/Zynq_Timer48_wrapper/hw/Zynq_Timer48_wrapper.xsa
TRACE::2026-08-13.20:31:12::SCWPlatform::DSA given C:/Users/Thomas/Desktop/TP_MISTRE/TP_PROCESSEUR/Projet_Vitis/Zynq_Timer48_wrapper/hw/Zynq_Timer48_wrapper.xsa
TRACE::2026-08-13.20:31:12::SCWPlatform::DSA absoulate path C:/Users/Thomas/Desktop/TP_MISTRE/TP_PROCESSEUR/Projet_Vitis/Zynq_Timer48_wrapper/hw/Zynq_Timer48_wrapper.xsa
TRACE::2026-08-13.20:31:12::SCWPlatform::DSA directory C:/Users/Thomas/Desktop/TP_MISTRE/TP_PROCESSEUR/Projet_Vitis/Zynq_Timer48_wrapper/hw
TRACE::2026-08-13.20:31:12::SCWPlatform:: Platform Path C:/Users/Thomas/Desktop/TP_MISTRE/TP_PROCESSEUR/Projet_Vitis/Zynq_Timer48_wrapper/hw/Zynq_Timer48_wrapper.xsa
TRACE::2026-08-13.20:31:12::SCWPlatform:: Unique name xilinx:zybo-z7-20::0.0
TRACE::2026-08-13.20:31:12::SCWPlatform::Trying to set the existing hwdb with name Zynq_Timer48_wrapper_0
TRACE::2026-08-13.20:31:12::SCWPlatform::Opened existing hwdb Zynq_Timer48_wrapper_0
TRACE::2026-08-13.20:31:12::SCWPlatform::Found the Hw Db part of the input DSA
TRACE::2026-08-13.20:31:12::SCWMssOS::Checking the sw design at  C:/Users/Thomas/Desktop/TP_MISTRE/TP_PROCESSEUR/Projet_Vitis/Zynq_Timer48_wrapper/zynq_fsbl/zynq_fsbl_bsp/system.mss
TRACE::2026-08-13.20:31:12::SCWMssOS::DEBUG:  swdes dump  C:/Users/Thomas/Desktop/TP_MISTRE/TP_PROCESSEUR/Projet_Vitis/Zynq_Timer48_wrapper/ps7_cortexa9_0/standalone_ps7_cortexa9_0/bsp/system.mss|system_0||
C:/Users/Thomas/Desktop/TP_MISTRE/TP_PROCESSEUR/Projet_Vitis/Zynq_Timer48_wrapper/zynq_fsbl/zynq_fsbl_bsp/system.mss|system||

TRACE::2026-08-13.20:31:12::SCWMssOS::Sw design exists and opened at  C:/Users/Thomas/Desktop/TP_MISTRE/TP_PROCESSEUR/Projet_Vitis/Zynq_Timer48_wrapper/zynq_fsbl/zynq_fsbl_bsp/system.mss
TRACE::2026-08-13.20:31:12::SCWPlatform::Trying to open the hw design at C:/Users/Thomas/Desktop/TP_MISTRE/TP_PROCESSEUR/Projet_Vitis/Zynq_Timer48_wrapper/hw/Zynq_Timer48_wrapper.xsa
TRACE::2026-08-13.20:31:12::SCWPlatform::DSA given C:/Users/Thomas/Desktop/TP_MISTRE/TP_PROCESSEUR/Projet_Vitis/Zynq_Timer48_wrapper/hw/Zynq_Timer48_wrapper.xsa
TRACE::2026-08-13.20:31:12::SCWPlatform::DSA absoulate path C:/Users/Thomas/Desktop/TP_MISTRE/TP_PROCESSEUR/Projet_Vitis/Zynq_Timer48_wrapper/hw/Zynq_Timer48_wrapper.xsa
TRACE::2026-08-13.20:31:12::SCWPlatform::DSA directory C:/Users/Thomas/Desktop/TP_MISTRE/TP_PROCESSEUR/Projet_Vitis/Zynq_Timer48_wrapper/hw
TRACE::2026-08-13.20:31:12::SCWPlatform:: Platform Path C:/Users/Thomas/Desktop/TP_MISTRE/TP_PROCESSEUR/Projet_Vitis/Zynq_Timer48_wrapper/hw/Zynq_Timer48_wrapper.xsa
TRACE::2026-08-13.20:31:12::SCWPlatform:: Unique name xilinx:zybo-z7-20::0.0
TRACE::2026-08-13.20:31:12::SCWPlatform::Trying to set the existing hwdb with name Zynq_Timer48_wrapper_0
TRACE::2026-08-13.20:31:12::SCWPlatform::Opened existing hwdb Zynq_Timer48_wrapper_0
TRACE::2026-08-13.20:31:12::SCWPlatform::Found the Hw Db part of the input DSA
TRACE::2026-08-13.20:31:12::SCWMssOS::Checking the sw design at  C:/Users/Thomas/Desktop/TP_MISTRE/TP_PROCESSEUR/Projet_Vitis/Zynq_Timer48_wrapper/zynq_fsbl/zynq_fsbl_bsp/system.mss
TRACE::2026-08-13.20:31:12::SCWMssOS::DEBUG:  swdes dump  C:/Users/Thomas/Desktop/TP_MISTRE/TP_PROCESSEUR/Projet_Vitis/Zynq_Timer48_wrapper/ps7_cortexa9_0/standalone_ps7_cortexa9_0/bsp/system.mss|system_0||
C:/Users/Thomas/Desktop/TP_MISTRE/TP_PROCESSEUR/Projet_Vitis/Zynq_Timer48_wrapper/zynq_fsbl/zynq_fsbl_bsp/system.mss|system||

TRACE::2026-08-13.20:31:12::SCWMssOS::Sw design exists and opened at  C:/Users/Thomas/Desktop/TP_MISTRE/TP_PROCESSEUR/Projet_Vitis/Zynq_Timer48_wrapper/zynq_fsbl/zynq_fsbl_bsp/system.mss
TRACE::2026-08-13.20:31:12::SCWPlatform::Trying to open the hw design at C:/Users/Thomas/Desktop/TP_MISTRE/TP_PROCESSEUR/Projet_Vitis/Zynq_Timer48_wrapper/hw/Zynq_Timer48_wrapper.xsa
TRACE::2026-08-13.20:31:12::SCWPlatform::DSA given C:/Users/Thomas/Desktop/TP_MISTRE/TP_PROCESSEUR/Projet_Vitis/Zynq_Timer48_wrapper/hw/Zynq_Timer48_wrapper.xsa
TRACE::2026-08-13.20:31:12::SCWPlatform::DSA absoulate path C:/Users/Thomas/Desktop/TP_MISTRE/TP_PROCESSEUR/Projet_Vitis/Zynq_Timer48_wrapper/hw/Zynq_Timer48_wrapper.xsa
TRACE::2026-08-13.20:31:12::SCWPlatform::DSA directory C:/Users/Thomas/Desktop/TP_MISTRE/TP_PROCESSEUR/Projet_Vitis/Zynq_Timer48_wrapper/hw
TRACE::2026-08-13.20:31:12::SCWPlatform:: Platform Path C:/Users/Thomas/Desktop/TP_MISTRE/TP_PROCESSEUR/Projet_Vitis/Zynq_Timer48_wrapper/hw/Zynq_Timer48_wrapper.xsa
TRACE::2026-08-13.20:31:12::SCWPlatform:: Unique name xilinx:zybo-z7-20::0.0
TRACE::2026-08-13.20:31:12::SCWPlatform::Trying to set the existing hwdb with name Zynq_Timer48_wrapper_0
TRACE::2026-08-13.20:31:12::SCWPlatform::Opened existing hwdb Zynq_Timer48_wrapper_0
TRACE::2026-08-13.20:31:12::SCWPlatform::Found the Hw Db part of the input DSA
TRACE::2026-08-13.20:31:12::SCWMssOS::Checking the sw design at  C:/Users/Thomas/Desktop/TP_MISTRE/TP_PROCESSEUR/Projet_Vitis/Zynq_Timer48_wrapper/ps7_cortexa9_0/standalone_ps7_cortexa9_0/bsp/system.mss
TRACE::2026-08-13.20:31:12::SCWMssOS::DEBUG:  swdes dump  C:/Users/Thomas/Desktop/TP_MISTRE/TP_PROCESSEUR/Projet_Vitis/Zynq_Timer48_wrapper/ps7_cortexa9_0/standalone_ps7_cortexa9_0/bsp/system.mss|system_0||
C:/Users/Thomas/Desktop/TP_MISTRE/TP_PROCESSEUR/Projet_Vitis/Zynq_Timer48_wrapper/zynq_fsbl/zynq_fsbl_bsp/system.mss|system||

TRACE::2026-08-13.20:31:12::SCWMssOS::Sw design exists and opened at  C:/Users/Thomas/Desktop/TP_MISTRE/TP_PROCESSEUR/Projet_Vitis/Zynq_Timer48_wrapper/ps7_cortexa9_0/standalone_ps7_cortexa9_0/bsp/system.mss
TRACE::2026-08-13.20:31:12::SCWPlatform::Trying to open the hw design at C:/Users/Thomas/Desktop/TP_MISTRE/TP_PROCESSEUR/Projet_Vitis/Zynq_Timer48_wrapper/hw/Zynq_Timer48_wrapper.xsa
TRACE::2026-08-13.20:31:12::SCWPlatform::DSA given C:/Users/Thomas/Desktop/TP_MISTRE/TP_PROCESSEUR/Projet_Vitis/Zynq_Timer48_wrapper/hw/Zynq_Timer48_wrapper.xsa
TRACE::2026-08-13.20:31:12::SCWPlatform::DSA absoulate path C:/Users/Thomas/Desktop/TP_MISTRE/TP_PROCESSEUR/Projet_Vitis/Zynq_Timer48_wrapper/hw/Zynq_Timer48_wrapper.xsa
TRACE::2026-08-13.20:31:12::SCWPlatform::DSA directory C:/Users/Thomas/Desktop/TP_MISTRE/TP_PROCESSEUR/Projet_Vitis/Zynq_Timer48_wrapper/hw
TRACE::2026-08-13.20:31:12::SCWPlatform:: Platform Path C:/Users/Thomas/Desktop/TP_MISTRE/TP_PROCESSEUR/Projet_Vitis/Zynq_Timer48_wrapper/hw/Zynq_Timer48_wrapper.xsa
TRACE::2026-08-13.20:31:12::SCWPlatform:: Unique name xilinx:zybo-z7-20::0.0
TRACE::2026-08-13.20:31:12::SCWPlatform::Trying to set the existing hwdb with name Zynq_Timer48_wrapper_0
TRACE::2026-08-13.20:31:12::SCWPlatform::Opened existing hwdb Zynq_Timer48_wrapper_0
TRACE::2026-08-13.20:31:12::SCWPlatform::Found the Hw Db part of the input DSA
TRACE::2026-08-13.20:31:12::SCWMssOS::Checking the sw design at  C:/Users/Thomas/Desktop/TP_MISTRE/TP_PROCESSEUR/Projet_Vitis/Zynq_Timer48_wrapper/ps7_cortexa9_0/standalone_ps7_cortexa9_0/bsp/system.mss
TRACE::2026-08-13.20:31:12::SCWMssOS::DEBUG:  swdes dump  C:/Users/Thomas/Desktop/TP_MISTRE/TP_PROCESSEUR/Projet_Vitis/Zynq_Timer48_wrapper/ps7_cortexa9_0/standalone_ps7_cortexa9_0/bsp/system.mss|system_0||
C:/Users/Thomas/Desktop/TP_MISTRE/TP_PROCESSEUR/Projet_Vitis/Zynq_Timer48_wrapper/zynq_fsbl/zynq_fsbl_bsp/system.mss|system||

TRACE::2026-08-13.20:31:12::SCWMssOS::Sw design exists and opened at  C:/Users/Thomas/Desktop/TP_MISTRE/TP_PROCESSEUR/Projet_Vitis/Zynq_Timer48_wrapper/ps7_cortexa9_0/standalone_ps7_cortexa9_0/bsp/system.mss
TRACE::2026-08-13.20:31:12::SCWPlatform::Trying to open the hw design at C:/Users/Thomas/Desktop/TP_MISTRE/TP_PROCESSEUR/Projet_Vitis/Zynq_Timer48_wrapper/hw/Zynq_Timer48_wrapper.xsa
TRACE::2026-08-13.20:31:12::SCWPlatform::DSA given C:/Users/Thomas/Desktop/TP_MISTRE/TP_PROCESSEUR/Projet_Vitis/Zynq_Timer48_wrapper/hw/Zynq_Timer48_wrapper.xsa
TRACE::2026-08-13.20:31:12::SCWPlatform::DSA absoulate path C:/Users/Thomas/Desktop/TP_MISTRE/TP_PROCESSEUR/Projet_Vitis/Zynq_Timer48_wrapper/hw/Zynq_Timer48_wrapper.xsa
TRACE::2026-08-13.20:31:12::SCWPlatform::DSA directory C:/Users/Thomas/Desktop/TP_MISTRE/TP_PROCESSEUR/Projet_Vitis/Zynq_Timer48_wrapper/hw
TRACE::2026-08-13.20:31:12::SCWPlatform:: Platform Path C:/Users/Thomas/Desktop/TP_MISTRE/TP_PROCESSEUR/Projet_Vitis/Zynq_Timer48_wrapper/hw/Zynq_Timer48_wrapper.xsa
TRACE::2026-08-13.20:31:12::SCWPlatform:: Unique name xilinx:zybo-z7-20::0.0
TRACE::2026-08-13.20:31:12::SCWPlatform::Trying to set the existing hwdb with name Zynq_Timer48_wrapper_0
TRACE::2026-08-13.20:31:12::SCWPlatform::Opened existing hwdb Zynq_Timer48_wrapper_0
TRACE::2026-08-13.20:31:12::SCWPlatform::Found the Hw Db part of the input DSA
TRACE::2026-08-13.20:31:12::SCWMssOS::Checking the sw design at  C:/Users/Thomas/Desktop/TP_MISTRE/TP_PROCESSEUR/Projet_Vitis/Zynq_Timer48_wrapper/ps7_cortexa9_0/standalone_ps7_cortexa9_0/bsp/system.mss
TRACE::2026-08-13.20:31:12::SCWMssOS::DEBUG:  swdes dump  C:/Users/Thomas/Desktop/TP_MISTRE/TP_PROCESSEUR/Projet_Vitis/Zynq_Timer48_wrapper/ps7_cortexa9_0/standalone_ps7_cortexa9_0/bsp/system.mss|system_0||
C:/Users/Thomas/Desktop/TP_MISTRE/TP_PROCESSEUR/Projet_Vitis/Zynq_Timer48_wrapper/zynq_fsbl/zynq_fsbl_bsp/system.mss|system||

TRACE::2026-08-13.20:31:12::SCWMssOS::Sw design exists and opened at  C:/Users/Thomas/Desktop/TP_MISTRE/TP_PROCESSEUR/Projet_Vitis/Zynq_Timer48_wrapper/ps7_cortexa9_0/standalone_ps7_cortexa9_0/bsp/system.mss
TRACE::2026-08-13.20:31:12::SCWWriter::formatted JSON is {
	"platformName":	"Zynq_Timer48_wrapper",
	"sprVersion":	"2.0",
	"mode":	"gui",
	"dsaType":	"Fixed",
	"platformDesc":	"Zynq_Timer48_wrapper",
	"platHandOff":	"<platformDir>.xsa",
	"platIntHandOff":	"<platformDir>/hw/Zynq_Timer48_wrapper.xsa",
	"deviceType":	"zynq",
	"platIsPrebuiltAutogen":	"false",
	"platIsNoBootBsp":	"false",
	"platFsblTarget":	"ps7_cortexa9_0",
	"hasFsblMakeHasChanges":	"false",
	"hasPmufwMakeHasChanges":	"false",
	"fsblExtraCompilerFlags":	"-MMD -MP       -mcpu=cortex-a9 -mfpu=vfpv3 -mfloat-abi=hard ",
	"platPreBuiltFlag":	false,
	"platformSamplesDir":	"",
	"platActiveSys":	"Zynq_Timer48_wrapper",
	"systems":	[{
			"systemName":	"Zynq_Timer48_wrapper",
			"systemDesc":	"Zynq_Timer48_wrapper",
			"sysIsBootAutoGen":	"true",
			"systemDispName":	"Zynq_Timer48_wrapper",
			"sysActiveDom":	"standalone_ps7_cortexa9_0",
			"sysDefaultDom":	"standalone_ps7_cortexa9_0",
			"domains":	[{
					"domainName":	"zynq_fsbl",
					"domainDispName":	"zynq_fsbl",
					"domainDesc":	"FSBL Application BSP - Auto Generated.",
					"processors":	"ps7_cortexa9_0",
					"os":	"standalone",
					"sdxOs":	"standalone",
					"debugEnable":	"",
					"domRuntimes":	["cpp"],
					"swRepo":	"",
					"mssOsVer":	"7.3",
					"mssFile":	"",
					"md5Digest":	"99028fef9c9eede53e418ce3239b2f17",
					"compatibleApp":	"zynq_fsbl",
					"domType":	"bootDomain",
					"arch":	"32-bit",
					"appSettings":	{
						"appCompilerFlags":	"",
						"appLinkerFlags":	""
					},
					"addedLibs":	["xilffs:4.4", "xilrsa:1.6"],
					"libOptions":	{
						"libsContainingOptions":	[]
					},
					"prebuiltLibs":	{
						"prebuiltIncPath":	[],
						"prebuiltLibPath":	[]
					},
					"isolation":	{
					}
				}, {
					"domainName":	"standalone_ps7_cortexa9_0",
					"domainDispName":	"standalone_ps7_cortexa9_0",
					"domainDesc":	"standalone_ps7_cortexa9_0",
					"processors":	"ps7_cortexa9_0",
					"os":	"standalone",
					"sdxOs":	"standalone",
					"qemuArgs":	"C:/Xilinx/Vitis/2020.2/data/emulation/platforms/zynq/sw/a9_standalone/qemu/qemu_args.txt",
					"qemuData":	"C:/Xilinx/Vitis/2020.2/data/emulation/platforms/zynq/sw/a9_standalone/qemu/",
					"debugEnable":	"False",
					"domRuntimes":	["cpp"],
					"swRepo":	"",
					"mssOsVer":	"7.3",
					"mssFile":	"",
					"md5Digest":	"00782262e1d53e4191dd624e2d41470c",
					"compatibleApp":	"hello_world",
					"domType":	"mssDomain",
					"arch":	"32-bit",
					"appSettings":	{
						"appCompilerFlags":	"",
						"appLinkerFlags":	""
					},
					"addedLibs":	[],
					"libOptions":	{
						"libsContainingOptions":	[]
					},
					"prebuiltLibs":	{
						"prebuiltIncPath":	[],
						"prebuiltLibPath":	[]
					},
					"isolation":	{
					}
				}]
		}]
}
KEYINFO::2026-08-13.20:31:12::SCWPlatform::updated the xpfm file.
LOG::2026-08-13.20:33:49::SCWPlatform::Started generating the artifacts platform Zynq_Timer48_wrapper
TRACE::2026-08-13.20:33:49::SCWPlatform::Sanity checking of platform is completed
LOG::2026-08-13.20:33:49::SCWPlatform::Started generating the artifacts for system configuration Zynq_Timer48_wrapper
LOG::2026-08-13.20:33:49::SCWSystem::Checking the domain zynq_fsbl
LOG::2026-08-13.20:33:49::SCWSystem::Doing application build for :  zynq_fsbl
TRACE::2026-08-13.20:33:49::SCWBDomain::Not a forced makefile updation, No changes are present. 
TRACE::2026-08-13.20:33:49::SCWDomain::Building the domain as part of full build :  zynq_fsbl
TRACE::2026-08-13.20:33:49::SCWPlatform::Trying to open the hw design at C:/Users/Thomas/Desktop/TP_MISTRE/TP_PROCESSEUR/Projet_Vitis/Zynq_Timer48_wrapper/hw/Zynq_Timer48_wrapper.xsa
TRACE::2026-08-13.20:33:49::SCWPlatform::DSA given C:/Users/Thomas/Desktop/TP_MISTRE/TP_PROCESSEUR/Projet_Vitis/Zynq_Timer48_wrapper/hw/Zynq_Timer48_wrapper.xsa
TRACE::2026-08-13.20:33:49::SCWPlatform::DSA absoulate path C:/Users/Thomas/Desktop/TP_MISTRE/TP_PROCESSEUR/Projet_Vitis/Zynq_Timer48_wrapper/hw/Zynq_Timer48_wrapper.xsa
TRACE::2026-08-13.20:33:49::SCWPlatform::DSA directory C:/Users/Thomas/Desktop/TP_MISTRE/TP_PROCESSEUR/Projet_Vitis/Zynq_Timer48_wrapper/hw
TRACE::2026-08-13.20:33:49::SCWPlatform:: Platform Path C:/Users/Thomas/Desktop/TP_MISTRE/TP_PROCESSEUR/Projet_Vitis/Zynq_Timer48_wrapper/hw/Zynq_Timer48_wrapper.xsa
TRACE::2026-08-13.20:33:49::SCWPlatform:: Unique name xilinx:zybo-z7-20::0.0
TRACE::2026-08-13.20:33:49::SCWPlatform::Trying to set the existing hwdb with name Zynq_Timer48_wrapper_0
TRACE::2026-08-13.20:33:49::SCWPlatform::Opened existing hwdb Zynq_Timer48_wrapper_0
TRACE::2026-08-13.20:33:49::SCWPlatform::Found the Hw Db part of the input DSA
TRACE::2026-08-13.20:33:49::SCWMssOS::Checking the sw design at  C:/Users/Thomas/Desktop/TP_MISTRE/TP_PROCESSEUR/Projet_Vitis/Zynq_Timer48_wrapper/zynq_fsbl/zynq_fsbl_bsp/system.mss
TRACE::2026-08-13.20:33:49::SCWMssOS::DEBUG:  swdes dump  C:/Users/Thomas/Desktop/TP_MISTRE/TP_PROCESSEUR/Projet_Vitis/Zynq_Timer48_wrapper/ps7_cortexa9_0/standalone_ps7_cortexa9_0/bsp/system.mss|system_0||
C:/Users/Thomas/Desktop/TP_MISTRE/TP_PROCESSEUR/Projet_Vitis/Zynq_Timer48_wrapper/zynq_fsbl/zynq_fsbl_bsp/system.mss|system||

TRACE::2026-08-13.20:33:49::SCWMssOS::Sw design exists and opened at  C:/Users/Thomas/Desktop/TP_MISTRE/TP_PROCESSEUR/Projet_Vitis/Zynq_Timer48_wrapper/zynq_fsbl/zynq_fsbl_bsp/system.mss
TRACE::2026-08-13.20:33:49::SCWBDomain::Completed writing the mss file at C:/Users/Thomas/Desktop/TP_MISTRE/TP_PROCESSEUR/Projet_Vitis/Zynq_Timer48_wrapper/zynq_fsbl/zynq_fsbl_bsp
TRACE::2026-08-13.20:33:49::SCWBDomain::bsp generated is upto date with the mss file. Skipping bsp generation.
TRACE::2026-08-13.20:33:49::SCWBDomain::Not a forced makefile updation, No changes are present. 
TRACE::2026-08-13.20:33:49::SCWBDomain::System Command Ran  C:&  cd  C:/Users/Thomas/Desktop/TP_MISTRE/TP_PROCESSEUR/Projet_Vitis/Zynq_Timer48_wrapper/zynq_fsbl& make -C  zynq_fsbl_bsp & make 
TRACE::2026-08-13.20:33:50::SCWBDomain::make: Entering directory 'C:/Users/Thomas/Desktop/TP_MISTRE/TP_PROCESSEUR/Projet_Vitis/Zynq_Timer48_wrapper/zynq_fsbl/zynq_fsbl
TRACE::2026-08-13.20:33:50::SCWBDomain::_bsp'

TRACE::2026-08-13.20:33:50::SCWBDomain::make --no-print-directory seq_libs

TRACE::2026-08-13.20:33:50::SCWBDomain::"Running Make include in ps7_cortexa9_0/libsrc/coresightps_dcc_v1_8/src"

TRACE::2026-08-13.20:33:50::SCWBDomain::make -C ps7_cortexa9_0/libsrc/coresightps_dcc_v1_8/src -s include  "SHELL=CMD" "COMPILER=arm-none-eabi-gcc" "ASSEMBLER=arm-none
TRACE::2026-08-13.20:33:50::SCWBDomain::-eabi-as" "ARCHIVER=arm-none-eabi-ar" "COMPILER_FLAGS=  -O2 -c" "EXTRA_COMPILER_FLAGS=-mcpu=cortex-a9 -mfpu=vfpv3 -mfloat-abi=h
TRACE::2026-08-13.20:33:50::SCWBDomain::ard -nostartfiles -g -Wall -Wextra"

TRACE::2026-08-13.20:33:50::SCWBDomain::"Running Make include in ps7_cortexa9_0/libsrc/cpu_cortexa9_v2_10/src"

TRACE::2026-08-13.20:33:50::SCWBDomain::make -C ps7_cortexa9_0/libsrc/cpu_cortexa9_v2_10/src -s include  "SHELL=CMD" "COMPILER=arm-none-eabi-gcc" "ASSEMBLER=arm-none-e
TRACE::2026-08-13.20:33:50::SCWBDomain::abi-as" "ARCHIVER=arm-none-eabi-ar" "COMPILER_FLAGS=  -O2 -c" "EXTRA_COMPILER_FLAGS=-mcpu=cortex-a9 -mfpu=vfpv3 -mfloat-abi=har
TRACE::2026-08-13.20:33:50::SCWBDomain::d -nostartfiles -g -Wall -Wextra"

TRACE::2026-08-13.20:33:50::SCWBDomain::"Running Make include in ps7_cortexa9_0/libsrc/ddrps_v1_2/src"

TRACE::2026-08-13.20:33:50::SCWBDomain::make -C ps7_cortexa9_0/libsrc/ddrps_v1_2/src -s include  "SHELL=CMD" "COMPILER=arm-none-eabi-gcc" "ASSEMBLER=arm-none-eabi-as" 
TRACE::2026-08-13.20:33:50::SCWBDomain::"ARCHIVER=arm-none-eabi-ar" "COMPILER_FLAGS=  -O2 -c" "EXTRA_COMPILER_FLAGS=-mcpu=cortex-a9 -mfpu=vfpv3 -mfloat-abi=hard -nosta
TRACE::2026-08-13.20:33:50::SCWBDomain::rtfiles -g -Wall -Wextra"

TRACE::2026-08-13.20:33:50::SCWBDomain::"Running Make include in ps7_cortexa9_0/libsrc/devcfg_v3_7/src"

TRACE::2026-08-13.20:33:50::SCWBDomain::make -C ps7_cortexa9_0/libsrc/devcfg_v3_7/src -s include  "SHELL=CMD" "COMPILER=arm-none-eabi-gcc" "ASSEMBLER=arm-none-eabi-as"
TRACE::2026-08-13.20:33:50::SCWBDomain:: "ARCHIVER=arm-none-eabi-ar" "COMPILER_FLAGS=  -O2 -c" "EXTRA_COMPILER_FLAGS=-mcpu=cortex-a9 -mfpu=vfpv3 -mfloat-abi=hard -nost
TRACE::2026-08-13.20:33:50::SCWBDomain::artfiles -g -Wall -Wextra"

TRACE::2026-08-13.20:33:50::SCWBDomain::"Running Make include in ps7_cortexa9_0/libsrc/dmaps_v2_7/src"

TRACE::2026-08-13.20:33:50::SCWBDomain::make -C ps7_cortexa9_0/libsrc/dmaps_v2_7/src -s include  "SHELL=CMD" "COMPILER=arm-none-eabi-gcc" "ASSEMBLER=arm-none-eabi-as" 
TRACE::2026-08-13.20:33:50::SCWBDomain::"ARCHIVER=arm-none-eabi-ar" "COMPILER_FLAGS=  -O2 -c" "EXTRA_COMPILER_FLAGS=-mcpu=cortex-a9 -mfpu=vfpv3 -mfloat-abi=hard -nosta
TRACE::2026-08-13.20:33:50::SCWBDomain::rtfiles -g -Wall -Wextra"

TRACE::2026-08-13.20:33:50::SCWBDomain::"Running Make include in ps7_cortexa9_0/libsrc/emacps_v3_12/src"

TRACE::2026-08-13.20:33:50::SCWBDomain::make -C ps7_cortexa9_0/libsrc/emacps_v3_12/src -s include  "SHELL=CMD" "COMPILER=arm-none-eabi-gcc" "ASSEMBLER=arm-none-eabi-as
TRACE::2026-08-13.20:33:50::SCWBDomain::" "ARCHIVER=arm-none-eabi-ar" "COMPILER_FLAGS=  -O2 -c" "EXTRA_COMPILER_FLAGS=-mcpu=cortex-a9 -mfpu=vfpv3 -mfloat-abi=hard -nos
TRACE::2026-08-13.20:33:50::SCWBDomain::tartfiles -g -Wall -Wextra"

TRACE::2026-08-13.20:33:50::SCWBDomain::"Running Make include in ps7_cortexa9_0/libsrc/gpiops_v3_8/src"

TRACE::2026-08-13.20:33:50::SCWBDomain::make -C ps7_cortexa9_0/libsrc/gpiops_v3_8/src -s include  "SHELL=CMD" "COMPILER=arm-none-eabi-gcc" "ASSEMBLER=arm-none-eabi-as"
TRACE::2026-08-13.20:33:50::SCWBDomain:: "ARCHIVER=arm-none-eabi-ar" "COMPILER_FLAGS=  -O2 -c" "EXTRA_COMPILER_FLAGS=-mcpu=cortex-a9 -mfpu=vfpv3 -mfloat-abi=hard -nost
TRACE::2026-08-13.20:33:50::SCWBDomain::artfiles -g -Wall -Wextra"

TRACE::2026-08-13.20:33:50::SCWBDomain::"Running Make include in ps7_cortexa9_0/libsrc/qspips_v3_8/src"

TRACE::2026-08-13.20:33:50::SCWBDomain::make -C ps7_cortexa9_0/libsrc/qspips_v3_8/src -s include  "SHELL=CMD" "COMPILER=arm-none-eabi-gcc" "ASSEMBLER=arm-none-eabi-as"
TRACE::2026-08-13.20:33:50::SCWBDomain:: "ARCHIVER=arm-none-eabi-ar" "COMPILER_FLAGS=  -O2 -c" "EXTRA_COMPILER_FLAGS=-mcpu=cortex-a9 -mfpu=vfpv3 -mfloat-abi=hard -nost
TRACE::2026-08-13.20:33:50::SCWBDomain::artfiles -g -Wall -Wextra"

TRACE::2026-08-13.20:33:50::SCWBDomain::"Running Make include in ps7_cortexa9_0/libsrc/scugic_v4_3/src"

TRACE::2026-08-13.20:33:50::SCWBDomain::make -C ps7_cortexa9_0/libsrc/scugic_v4_3/src -s include  "SHELL=CMD" "COMPILER=arm-none-eabi-gcc" "ASSEMBLER=arm-none-eabi-as"
TRACE::2026-08-13.20:33:50::SCWBDomain:: "ARCHIVER=arm-none-eabi-ar" "COMPILER_FLAGS=  -O2 -c" "EXTRA_COMPILER_FLAGS=-mcpu=cortex-a9 -mfpu=vfpv3 -mfloat-abi=hard -nost
TRACE::2026-08-13.20:33:50::SCWBDomain::artfiles -g -Wall -Wextra"

TRACE::2026-08-13.20:33:50::SCWBDomain::"Running Make include in ps7_cortexa9_0/libsrc/scutimer_v2_3/src"

TRACE::2026-08-13.20:33:50::SCWBDomain::make -C ps7_cortexa9_0/libsrc/scutimer_v2_3/src -s include  "SHELL=CMD" "COMPILER=arm-none-eabi-gcc" "ASSEMBLER=arm-none-eabi-a
TRACE::2026-08-13.20:33:50::SCWBDomain::s" "ARCHIVER=arm-none-eabi-ar" "COMPILER_FLAGS=  -O2 -c" "EXTRA_COMPILER_FLAGS=-mcpu=cortex-a9 -mfpu=vfpv3 -mfloat-abi=hard -no
TRACE::2026-08-13.20:33:50::SCWBDomain::startfiles -g -Wall -Wextra"

TRACE::2026-08-13.20:33:50::SCWBDomain::"Running Make include in ps7_cortexa9_0/libsrc/scuwdt_v2_3/src"

TRACE::2026-08-13.20:33:50::SCWBDomain::make -C ps7_cortexa9_0/libsrc/scuwdt_v2_3/src -s include  "SHELL=CMD" "COMPILER=arm-none-eabi-gcc" "ASSEMBLER=arm-none-eabi-as"
TRACE::2026-08-13.20:33:50::SCWBDomain:: "ARCHIVER=arm-none-eabi-ar" "COMPILER_FLAGS=  -O2 -c" "EXTRA_COMPILER_FLAGS=-mcpu=cortex-a9 -mfpu=vfpv3 -mfloat-abi=hard -nost
TRACE::2026-08-13.20:33:50::SCWBDomain::artfiles -g -Wall -Wextra"

TRACE::2026-08-13.20:33:50::SCWBDomain::"Running Make include in ps7_cortexa9_0/libsrc/sdps_v3_10/src"

TRACE::2026-08-13.20:33:50::SCWBDomain::make -C ps7_cortexa9_0/libsrc/sdps_v3_10/src -s include  "SHELL=CMD" "COMPILER=arm-none-eabi-gcc" "ASSEMBLER=arm-none-eabi-as" 
TRACE::2026-08-13.20:33:50::SCWBDomain::"ARCHIVER=arm-none-eabi-ar" "COMPILER_FLAGS=  -O2 -c" "EXTRA_COMPILER_FLAGS=-mcpu=cortex-a9 -mfpu=vfpv3 -mfloat-abi=hard -nosta
TRACE::2026-08-13.20:33:50::SCWBDomain::rtfiles -g -Wall -Wextra"

TRACE::2026-08-13.20:33:51::SCWBDomain::"Running Make include in ps7_cortexa9_0/libsrc/standalone_v7_3/src"

TRACE::2026-08-13.20:33:51::SCWBDomain::make -C ps7_cortexa9_0/libsrc/standalone_v7_3/src -s include  "SHELL=CMD" "COMPILER=arm-none-eabi-gcc" "ASSEMBLER=arm-none-eabi
TRACE::2026-08-13.20:33:51::SCWBDomain::-as" "ARCHIVER=arm-none-eabi-ar" "COMPILER_FLAGS=  -O2 -c" "EXTRA_COMPILER_FLAGS=-mcpu=cortex-a9 -mfpu=vfpv3 -mfloat-abi=hard -
TRACE::2026-08-13.20:33:51::SCWBDomain::nostartfiles -g -Wall -Wextra"

TRACE::2026-08-13.20:33:51::SCWBDomain::"Running Make include in ps7_cortexa9_0/libsrc/Timer_48_AXI_v1_0/src"

TRACE::2026-08-13.20:33:51::SCWBDomain::make -C ps7_cortexa9_0/libsrc/Timer_48_AXI_v1_0/src -s include  "SHELL=CMD" "COMPILER=arm-none-eabi-gcc" "ASSEMBLER=arm-none-ea
TRACE::2026-08-13.20:33:51::SCWBDomain::bi-as" "ARCHIVER=arm-none-eabi-ar" "COMPILER_FLAGS=  -O2 -c" "EXTRA_COMPILER_FLAGS=-mcpu=cortex-a9 -mfpu=vfpv3 -mfloat-abi=hard
TRACE::2026-08-13.20:33:51::SCWBDomain:: -nostartfiles -g -Wall -Wextra"

TRACE::2026-08-13.20:33:51::SCWBDomain::"Running Make include in ps7_cortexa9_0/libsrc/uartps_v3_10/src"

TRACE::2026-08-13.20:33:51::SCWBDomain::make -C ps7_cortexa9_0/libsrc/uartps_v3_10/src -s include  "SHELL=CMD" "COMPILER=arm-none-eabi-gcc" "ASSEMBLER=arm-none-eabi-as
TRACE::2026-08-13.20:33:51::SCWBDomain::" "ARCHIVER=arm-none-eabi-ar" "COMPILER_FLAGS=  -O2 -c" "EXTRA_COMPILER_FLAGS=-mcpu=cortex-a9 -mfpu=vfpv3 -mfloat-abi=hard -nos
TRACE::2026-08-13.20:33:51::SCWBDomain::tartfiles -g -Wall -Wextra"

TRACE::2026-08-13.20:33:51::SCWBDomain::"Running Make include in ps7_cortexa9_0/libsrc/usbps_v2_6/src"

TRACE::2026-08-13.20:33:51::SCWBDomain::make -C ps7_cortexa9_0/libsrc/usbps_v2_6/src -s include  "SHELL=CMD" "COMPILER=arm-none-eabi-gcc" "ASSEMBLER=arm-none-eabi-as" 
TRACE::2026-08-13.20:33:51::SCWBDomain::"ARCHIVER=arm-none-eabi-ar" "COMPILER_FLAGS=  -O2 -c" "EXTRA_COMPILER_FLAGS=-mcpu=cortex-a9 -mfpu=vfpv3 -mfloat-abi=hard -nosta
TRACE::2026-08-13.20:33:51::SCWBDomain::rtfiles -g -Wall -Wextra"

TRACE::2026-08-13.20:33:51::SCWBDomain::"Running Make include in ps7_cortexa9_0/libsrc/xadcps_v2_5/src"

TRACE::2026-08-13.20:33:51::SCWBDomain::make -C ps7_cortexa9_0/libsrc/xadcps_v2_5/src -s include  "SHELL=CMD" "COMPILER=arm-none-eabi-gcc" "ASSEMBLER=arm-none-eabi-as"
TRACE::2026-08-13.20:33:51::SCWBDomain:: "ARCHIVER=arm-none-eabi-ar" "COMPILER_FLAGS=  -O2 -c" "EXTRA_COMPILER_FLAGS=-mcpu=cortex-a9 -mfpu=vfpv3 -mfloat-abi=hard -nost
TRACE::2026-08-13.20:33:51::SCWBDomain::artfiles -g -Wall -Wextra"

TRACE::2026-08-13.20:33:51::SCWBDomain::"Running Make include in ps7_cortexa9_0/libsrc/xilffs_v4_4/src"

TRACE::2026-08-13.20:33:51::SCWBDomain::make -C ps7_cortexa9_0/libsrc/xilffs_v4_4/src -s include  "SHELL=CMD" "COMPILER=arm-none-eabi-gcc" "ASSEMBLER=arm-none-eabi-as"
TRACE::2026-08-13.20:33:51::SCWBDomain:: "ARCHIVER=arm-none-eabi-ar" "COMPILER_FLAGS=  -O2 -c" "EXTRA_COMPILER_FLAGS=-mcpu=cortex-a9 -mfpu=vfpv3 -mfloat-abi=hard -nost
TRACE::2026-08-13.20:33:51::SCWBDomain::artfiles -g -Wall -Wextra"

TRACE::2026-08-13.20:33:51::SCWBDomain::"Running Make include in ps7_cortexa9_0/libsrc/xilrsa_v1_6/src"

TRACE::2026-08-13.20:33:51::SCWBDomain::make -C ps7_cortexa9_0/libsrc/xilrsa_v1_6/src -s include  "SHELL=CMD" "COMPILER=arm-none-eabi-gcc" "ASSEMBLER=arm-none-eabi-as"
TRACE::2026-08-13.20:33:51::SCWBDomain:: "ARCHIVER=arm-none-eabi-ar" "COMPILER_FLAGS=  -O2 -c" "EXTRA_COMPILER_FLAGS=-mcpu=cortex-a9 -mfpu=vfpv3 -mfloat-abi=hard -nost
TRACE::2026-08-13.20:33:51::SCWBDomain::artfiles -g -Wall -Wextra"

TRACE::2026-08-13.20:33:51::SCWBDomain::"Running Make libs in ps7_cortexa9_0/libsrc/Timer_48_AXI_v1_0/src"

TRACE::2026-08-13.20:33:51::SCWBDomain::make -C ps7_cortexa9_0/libsrc/Timer_48_AXI_v1_0/src -s libs  "SHELL=CMD" "COMPILER=arm-none-eabi-gcc" "ASSEMBLER=arm-none-eabi-
TRACE::2026-08-13.20:33:51::SCWBDomain::as" "ARCHIVER=arm-none-eabi-ar" "COMPILER_FLAGS=  -O2 -c" "EXTRA_COMPILER_FLAGS=-mcpu=cortex-a9 -mfpu=vfpv3 -mfloat-abi=hard -n
TRACE::2026-08-13.20:33:51::SCWBDomain::ostartfiles -g -Wall -Wextra"

TRACE::2026-08-13.20:33:51::SCWBDomain::"Compiling testCustomIP..."

TRACE::2026-08-13.20:33:52::SCWBDomain::"Running Make libs in ps7_cortexa9_0/libsrc/xilrsa_v1_6/src"

TRACE::2026-08-13.20:33:52::SCWBDomain::make -C ps7_cortexa9_0/libsrc/xilrsa_v1_6/src -s libs  "SHELL=CMD" "COMPILER=arm-none-eabi-gcc" "ASSEMBLER=arm-none-eabi-as" "A
TRACE::2026-08-13.20:33:52::SCWBDomain::RCHIVER=arm-none-eabi-ar" "COMPILER_FLAGS=  -O2 -c" "EXTRA_COMPILER_FLAGS=-mcpu=cortex-a9 -mfpu=vfpv3 -mfloat-abi=hard -nostart
TRACE::2026-08-13.20:33:52::SCWBDomain::files -g -Wall -Wextra"

TRACE::2026-08-13.20:33:53::SCWBDomain::'Finished building libraries sequentially.'

TRACE::2026-08-13.20:33:53::SCWBDomain::make -j --no-print-directory par_libs

TRACE::2026-08-13.20:33:53::SCWBDomain::"Running Make include in ps7_cortexa9_0/libsrc/coresightps_dcc_v1_8/src"

TRACE::2026-08-13.20:33:53::SCWBDomain::make -C ps7_cortexa9_0/libsrc/coresightps_dcc_v1_8/src -s include  "SHELL=CMD" "COMPILER=arm-none-eabi-gcc" "ASSEMBLER=arm-none
TRACE::2026-08-13.20:33:53::SCWBDomain::-eabi-as" "ARCHIVER=arm-none-eabi-ar" "COMPILER_FLAGS=  -O2 -c" "EXTRA_COMPILER_FLAGS=-mcpu=cortex-a9 -mfpu=vfpv3 -mfloat-abi=h
TRACE::2026-08-13.20:33:53::SCWBDomain::ard -nostartfiles -g -Wall -Wextra"

TRACE::2026-08-13.20:33:53::SCWBDomain::"Running Make include in ps7_cortexa9_0/libsrc/cpu_cortexa9_v2_10/src"

TRACE::2026-08-13.20:33:53::SCWBDomain::make -C ps7_cortexa9_0/libsrc/cpu_cortexa9_v2_10/src -s include  "SHELL=CMD" "COMPILER=arm-none-eabi-gcc" "ASSEMBLER=arm-none-e
TRACE::2026-08-13.20:33:53::SCWBDomain::abi-as" "ARCHIVER=arm-none-eabi-ar" "COMPILER_FLAGS=  -O2 -c" "EXTRA_COMPILER_FLAGS=-mcpu=cortex-a9 -mfpu=vfpv3 -mfloat-abi=har
TRACE::2026-08-13.20:33:53::SCWBDomain::d -nostartfiles -g -Wall -Wextra"

TRACE::2026-08-13.20:33:53::SCWBDomain::"Running Make include in ps7_cortexa9_0/libsrc/ddrps_v1_2/src"

TRACE::2026-08-13.20:33:53::SCWBDomain::make -C ps7_cortexa9_0/libsrc/ddrps_v1_2/src -s include  "SHELL=CMD" "COMPILER=arm-none-eabi-gcc" "ASSEMBLER=arm-none-eabi-as" 
TRACE::2026-08-13.20:33:53::SCWBDomain::"ARCHIVER=arm-none-eabi-ar" "COMPILER_FLAGS=  -O2 -c" "EXTRA_COMPILER_FLAGS=-mcpu=cortex-a9 -mfpu=vfpv3 -mfloat-abi=hard -nosta
TRACE::2026-08-13.20:33:53::SCWBDomain::rtfiles -g -Wall -Wextra"

TRACE::2026-08-13.20:33:53::SCWBDomain::"Running Make include in ps7_cortexa9_0/libsrc/devcfg_v3_7/src"

TRACE::2026-08-13.20:33:53::SCWBDomain::make -C ps7_cortexa9_0/libsrc/devcfg_v3_7/src -s include  "SHELL=CMD" "COMPILER=arm-none-eabi-gcc" "ASSEMBLER=arm-none-eabi-as"
TRACE::2026-08-13.20:33:53::SCWBDomain:: "ARCHIVER=arm-none-eabi-ar" "COMPILER_FLAGS=  -O2 -c" "EXTRA_COMPILER_FLAGS=-mcpu=cortex-a9 -mfpu=vfpv3 -mfloat-abi=hard -nost
TRACE::2026-08-13.20:33:53::SCWBDomain::artfiles -g -Wall -Wextra"

TRACE::2026-08-13.20:33:53::SCWBDomain::"Running Make include in ps7_cortexa9_0/libsrc/dmaps_v2_7/src"

TRACE::2026-08-13.20:33:53::SCWBDomain::make -C ps7_cortexa9_0/libsrc/dmaps_v2_7/src -s include  "SHELL=CMD" "COMPILER=arm-none-eabi-gcc" "ASSEMBLER=arm-none-eabi-as" 
TRACE::2026-08-13.20:33:53::SCWBDomain::"ARCHIVER=arm-none-eabi-ar" "COMPILER_FLAGS=  -O2 -c" "EXTRA_COMPILER_FLAGS=-mcpu=cortex-a9 -mfpu=vfpv3 -mfloat-abi=hard -nosta
TRACE::2026-08-13.20:33:53::SCWBDomain::rtfiles -g -Wall -Wextra"

TRACE::2026-08-13.20:33:53::SCWBDomain::"Running Make include in ps7_cortexa9_0/libsrc/emacps_v3_12/src"

TRACE::2026-08-13.20:33:53::SCWBDomain::make -C ps7_cortexa9_0/libsrc/emacps_v3_12/src -s include  "SHELL=CMD" "COMPILER=arm-none-eabi-gcc" "ASSEMBLER=arm-none-eabi-as
TRACE::2026-08-13.20:33:53::SCWBDomain::" "ARCHIVER=arm-none-eabi-ar" "COMPILER_FLAGS=  -O2 -c" "EXTRA_COMPILER_FLAGS=-mcpu=cortex-a9 -mfpu=vfpv3 -mfloat-abi=hard -nos
TRACE::2026-08-13.20:33:53::SCWBDomain::tartfiles -g -Wall -Wextra"

TRACE::2026-08-13.20:33:53::SCWBDomain::"Running Make include in ps7_cortexa9_0/libsrc/gpiops_v3_8/src"

TRACE::2026-08-13.20:33:53::SCWBDomain::make -C ps7_cortexa9_0/libsrc/gpiops_v3_8/src -s include  "SHELL=CMD" "COMPILER=arm-none-eabi-gcc" "ASSEMBLER=arm-none-eabi-as"
TRACE::2026-08-13.20:33:53::SCWBDomain:: "ARCHIVER=arm-none-eabi-ar" "COMPILER_FLAGS=  -O2 -c" "EXTRA_COMPILER_FLAGS=-mcpu=cortex-a9 -mfpu=vfpv3 -mfloat-abi=hard -nost
TRACE::2026-08-13.20:33:53::SCWBDomain::artfiles -g -Wall -Wextra"

TRACE::2026-08-13.20:33:53::SCWBDomain::"Running Make include in ps7_cortexa9_0/libsrc/qspips_v3_8/src"

TRACE::2026-08-13.20:33:53::SCWBDomain::make -C ps7_cortexa9_0/libsrc/qspips_v3_8/src -s include  "SHELL=CMD" "COMPILER=arm-none-eabi-gcc" "ASSEMBLER=arm-none-eabi-as"
TRACE::2026-08-13.20:33:53::SCWBDomain:: "ARCHIVER=arm-none-eabi-ar" "COMPILER_FLAGS=  -O2 -c" "EXTRA_COMPILER_FLAGS=-mcpu=cortex-a9 -mfpu=vfpv3 -mfloat-abi=hard -nost
TRACE::2026-08-13.20:33:53::SCWBDomain::artfiles -g -Wall -Wextra"

TRACE::2026-08-13.20:33:53::SCWBDomain::"Running Make include in ps7_cortexa9_0/libsrc/scugic_v4_3/src"

TRACE::2026-08-13.20:33:53::SCWBDomain::make -C ps7_cortexa9_0/libsrc/scugic_v4_3/src -s include  "SHELL=CMD" "COMPILER=arm-none-eabi-gcc" "ASSEMBLER=arm-none-eabi-as"
TRACE::2026-08-13.20:33:53::SCWBDomain:: "ARCHIVER=arm-none-eabi-ar" "COMPILER_FLAGS=  -O2 -c" "EXTRA_COMPILER_FLAGS=-mcpu=cortex-a9 -mfpu=vfpv3 -mfloat-abi=hard -nost
TRACE::2026-08-13.20:33:53::SCWBDomain::artfiles -g -Wall -Wextra"

TRACE::2026-08-13.20:33:53::SCWBDomain::"Running Make include in ps7_cortexa9_0/libsrc/scutimer_v2_3/src"

TRACE::2026-08-13.20:33:53::SCWBDomain::make -C ps7_cortexa9_0/libsrc/scutimer_v2_3/src -s include  "SHELL=CMD" "COMPILER=arm-none-eabi-gcc" "ASSEMBLER=arm-none-eabi-a
TRACE::2026-08-13.20:33:53::SCWBDomain::s" "ARCHIVER=arm-none-eabi-ar" "COMPILER_FLAGS=  -O2 -c" "EXTRA_COMPILER_FLAGS=-mcpu=cortex-a9 -mfpu=vfpv3 -mfloat-abi=hard -no
TRACE::2026-08-13.20:33:53::SCWBDomain::startfiles -g -Wall -Wextra"

TRACE::2026-08-13.20:33:53::SCWBDomain::"Running Make include in ps7_cortexa9_0/libsrc/scuwdt_v2_3/src"

TRACE::2026-08-13.20:33:53::SCWBDomain::make -C ps7_cortexa9_0/libsrc/scuwdt_v2_3/src -s include  "SHELL=CMD" "COMPILER=arm-none-eabi-gcc" "ASSEMBLER=arm-none-eabi-as"
TRACE::2026-08-13.20:33:53::SCWBDomain:: "ARCHIVER=arm-none-eabi-ar" "COMPILER_FLAGS=  -O2 -c" "EXTRA_COMPILER_FLAGS=-mcpu=cortex-a9 -mfpu=vfpv3 -mfloat-abi=hard -nost
TRACE::2026-08-13.20:33:53::SCWBDomain::artfiles -g -Wall -Wextra"

TRACE::2026-08-13.20:33:53::SCWBDomain::"Running Make include in ps7_cortexa9_0/libsrc/sdps_v3_10/src"

TRACE::2026-08-13.20:33:53::SCWBDomain::make -C ps7_cortexa9_0/libsrc/sdps_v3_10/src -s include  "SHELL=CMD" "COMPILER=arm-none-eabi-gcc" "ASSEMBLER=arm-none-eabi-as" 
TRACE::2026-08-13.20:33:53::SCWBDomain::"ARCHIVER=arm-none-eabi-ar" "COMPILER_FLAGS=  -O2 -c" "EXTRA_COMPILER_FLAGS=-mcpu=cortex-a9 -mfpu=vfpv3 -mfloat-abi=hard -nosta
TRACE::2026-08-13.20:33:53::SCWBDomain::rtfiles -g -Wall -Wextra"

TRACE::2026-08-13.20:33:53::SCWBDomain::"Running Make include in ps7_cortexa9_0/libsrc/standalone_v7_3/src"

TRACE::2026-08-13.20:33:53::SCWBDomain::make -C ps7_cortexa9_0/libsrc/standalone_v7_3/src -s include  "SHELL=CMD" "COMPILER=arm-none-eabi-gcc" "ASSEMBLER=arm-none-eabi
TRACE::2026-08-13.20:33:53::SCWBDomain::-as" "ARCHIVER=arm-none-eabi-ar" "COMPILER_FLAGS=  -O2 -c" "EXTRA_COMPILER_FLAGS=-mcpu=cortex-a9 -mfpu=vfpv3 -mfloat-abi=hard -
TRACE::2026-08-13.20:33:53::SCWBDomain::nostartfiles -g -Wall -Wextra"

TRACE::2026-08-13.20:33:53::SCWBDomain::"Running Make include in ps7_cortexa9_0/libsrc/Timer_48_AXI_v1_0/src"

TRACE::2026-08-13.20:33:53::SCWBDomain::make -C ps7_cortexa9_0/libsrc/Timer_48_AXI_v1_0/src -s include  "SHELL=CMD" "COMPILER=arm-none-eabi-gcc" "ASSEMBLER=arm-none-ea
TRACE::2026-08-13.20:33:53::SCWBDomain::bi-as" "ARCHIVER=arm-none-eabi-ar" "COMPILER_FLAGS=  -O2 -c" "EXTRA_COMPILER_FLAGS=-mcpu=cortex-a9 -mfpu=vfpv3 -mfloat-abi=hard
TRACE::2026-08-13.20:33:53::SCWBDomain:: -nostartfiles -g -Wall -Wextra"

TRACE::2026-08-13.20:33:53::SCWBDomain::"Running Make include in ps7_cortexa9_0/libsrc/uartps_v3_10/src"

TRACE::2026-08-13.20:33:53::SCWBDomain::make -C ps7_cortexa9_0/libsrc/uartps_v3_10/src -s include  "SHELL=CMD" "COMPILER=arm-none-eabi-gcc" "ASSEMBLER=arm-none-eabi-as
TRACE::2026-08-13.20:33:53::SCWBDomain::" "ARCHIVER=arm-none-eabi-ar" "COMPILER_FLAGS=  -O2 -c" "EXTRA_COMPILER_FLAGS=-mcpu=cortex-a9 -mfpu=vfpv3 -mfloat-abi=hard -nos
TRACE::2026-08-13.20:33:53::SCWBDomain::tartfiles -g -Wall -Wextra"

TRACE::2026-08-13.20:33:53::SCWBDomain::"Running Make include in ps7_cortexa9_0/libsrc/usbps_v2_6/src"

TRACE::2026-08-13.20:33:53::SCWBDomain::make -C ps7_cortexa9_0/libsrc/usbps_v2_6/src -s include  "SHELL=CMD" "COMPILER=arm-none-eabi-gcc" "ASSEMBLER=arm-none-eabi-as" 
TRACE::2026-08-13.20:33:53::SCWBDomain::"ARCHIVER=arm-none-eabi-ar" "COMPILER_FLAGS=  -O2 -c" "EXTRA_COMPILER_FLAGS=-mcpu=cortex-a9 -mfpu=vfpv3 -mfloat-abi=hard -nosta
TRACE::2026-08-13.20:33:53::SCWBDomain::rtfiles -g -Wall -Wextra"

TRACE::2026-08-13.20:33:53::SCWBDomain::"Running Make include in ps7_cortexa9_0/libsrc/xadcps_v2_5/src"

TRACE::2026-08-13.20:33:53::SCWBDomain::make -C ps7_cortexa9_0/libsrc/xadcps_v2_5/src -s include  "SHELL=CMD" "COMPILER=arm-none-eabi-gcc" "ASSEMBLER=arm-none-eabi-as"
TRACE::2026-08-13.20:33:53::SCWBDomain:: "ARCHIVER=arm-none-eabi-ar" "COMPILER_FLAGS=  -O2 -c" "EXTRA_COMPILER_FLAGS=-mcpu=cortex-a9 -mfpu=vfpv3 -mfloat-abi=hard -nost
TRACE::2026-08-13.20:33:53::SCWBDomain::artfiles -g -Wall -Wextra"

TRACE::2026-08-13.20:33:53::SCWBDomain::"Running Make include in ps7_cortexa9_0/libsrc/xilffs_v4_4/src"

TRACE::2026-08-13.20:33:53::SCWBDomain::make -C ps7_cortexa9_0/libsrc/xilffs_v4_4/src -s include  "SHELL=CMD" "COMPILER=arm-none-eabi-gcc" "ASSEMBLER=arm-none-eabi-as"
TRACE::2026-08-13.20:33:53::SCWBDomain:: "ARCHIVER=arm-none-eabi-ar" "COMPILER_FLAGS=  -O2 -c" "EXTRA_COMPILER_FLAGS=-mcpu=cortex-a9 -mfpu=vfpv3 -mfloat-abi=hard -nost
TRACE::2026-08-13.20:33:53::SCWBDomain::artfiles -g -Wall -Wextra"

TRACE::2026-08-13.20:33:53::SCWBDomain::"Running Make include in ps7_cortexa9_0/libsrc/xilrsa_v1_6/src"

TRACE::2026-08-13.20:33:53::SCWBDomain::make -C ps7_cortexa9_0/libsrc/xilrsa_v1_6/src -s include  "SHELL=CMD" "COMPILER=arm-none-eabi-gcc" "ASSEMBLER=arm-none-eabi-as"
TRACE::2026-08-13.20:33:53::SCWBDomain:: "ARCHIVER=arm-none-eabi-ar" "COMPILER_FLAGS=  -O2 -c" "EXTRA_COMPILER_FLAGS=-mcpu=cortex-a9 -mfpu=vfpv3 -mfloat-abi=hard -nost
TRACE::2026-08-13.20:33:53::SCWBDomain::artfiles -g -Wall -Wextra"

TRACE::2026-08-13.20:33:53::SCWBDomain::"Running Make libs in ps7_cortexa9_0/libsrc/coresightps_dcc_v1_8/src"

TRACE::2026-08-13.20:33:53::SCWBDomain::make -C ps7_cortexa9_0/libsrc/coresightps_dcc_v1_8/src -s libs  "SHELL=CMD" "COMPILER=arm-none-eabi-gcc" "ASSEMBLER=arm-none-ea
TRACE::2026-08-13.20:33:53::SCWBDomain::bi-as" "ARCHIVER=arm-none-eabi-ar" "COMPILER_FLAGS=  -O2 -c" "EXTRA_COMPILER_FLAGS=-mcpu=cortex-a9 -mfpu=vfpv3 -mfloat-abi=hard
TRACE::2026-08-13.20:33:53::SCWBDomain:: -nostartfiles -g -Wall -Wextra"

TRACE::2026-08-13.20:33:53::SCWBDomain::"Running Make libs in ps7_cortexa9_0/libsrc/cpu_cortexa9_v2_10/src"

TRACE::2026-08-13.20:33:53::SCWBDomain::make -C ps7_cortexa9_0/libsrc/cpu_cortexa9_v2_10/src -s libs  "SHELL=CMD" "COMPILER=arm-none-eabi-gcc" "ASSEMBLER=arm-none-eabi
TRACE::2026-08-13.20:33:53::SCWBDomain::-as" "ARCHIVER=arm-none-eabi-ar" "COMPILER_FLAGS=  -O2 -c" "EXTRA_COMPILER_FLAGS=-mcpu=cortex-a9 -mfpu=vfpv3 -mfloat-abi=hard -
TRACE::2026-08-13.20:33:53::SCWBDomain::nostartfiles -g -Wall -Wextra"

TRACE::2026-08-13.20:33:53::SCWBDomain::"Running Make libs in ps7_cortexa9_0/libsrc/ddrps_v1_2/src"

TRACE::2026-08-13.20:33:53::SCWBDomain::make -C ps7_cortexa9_0/libsrc/ddrps_v1_2/src -s libs  "SHELL=CMD" "COMPILER=arm-none-eabi-gcc" "ASSEMBLER=arm-none-eabi-as" "AR
TRACE::2026-08-13.20:33:53::SCWBDomain::CHIVER=arm-none-eabi-ar" "COMPILER_FLAGS=  -O2 -c" "EXTRA_COMPILER_FLAGS=-mcpu=cortex-a9 -mfpu=vfpv3 -mfloat-abi=hard -nostartf
TRACE::2026-08-13.20:33:53::SCWBDomain::iles -g -Wall -Wextra"

TRACE::2026-08-13.20:33:53::SCWBDomain::"Running Make libs in ps7_cortexa9_0/libsrc/devcfg_v3_7/src"

TRACE::2026-08-13.20:33:53::SCWBDomain::make -C ps7_cortexa9_0/libsrc/devcfg_v3_7/src -s libs  "SHELL=CMD" "COMPILER=arm-none-eabi-gcc" "ASSEMBLER=arm-none-eabi-as" "A
TRACE::2026-08-13.20:33:53::SCWBDomain::RCHIVER=arm-none-eabi-ar" "COMPILER_FLAGS=  -O2 -c" "EXTRA_COMPILER_FLAGS=-mcpu=cortex-a9 -mfpu=vfpv3 -mfloat-abi=hard -nostart
TRACE::2026-08-13.20:33:53::SCWBDomain::files -g -Wall -Wextra"

TRACE::2026-08-13.20:33:53::SCWBDomain::"Running Make libs in ps7_cortexa9_0/libsrc/dmaps_v2_7/src"

TRACE::2026-08-13.20:33:53::SCWBDomain::make -C ps7_cortexa9_0/libsrc/dmaps_v2_7/src -s libs  "SHELL=CMD" "COMPILER=arm-none-eabi-gcc" "ASSEMBLER=arm-none-eabi-as" "AR
TRACE::2026-08-13.20:33:53::SCWBDomain::CHIVER=arm-none-eabi-ar" "COMPILER_FLAGS=  -O2 -c" "EXTRA_COMPILER_FLAGS=-mcpu=cortex-a9 -mfpu=vfpv3 -mfloat-abi=hard -nostartf
TRACE::2026-08-13.20:33:53::SCWBDomain::iles -g -Wall -Wextra"

TRACE::2026-08-13.20:33:53::SCWBDomain::"Running Make libs in ps7_cortexa9_0/libsrc/emacps_v3_12/src"

TRACE::2026-08-13.20:33:53::SCWBDomain::make -C ps7_cortexa9_0/libsrc/emacps_v3_12/src -s libs  "SHELL=CMD" "COMPILER=arm-none-eabi-gcc" "ASSEMBLER=arm-none-eabi-as" "
TRACE::2026-08-13.20:33:53::SCWBDomain::ARCHIVER=arm-none-eabi-ar" "COMPILER_FLAGS=  -O2 -c" "EXTRA_COMPILER_FLAGS=-mcpu=cortex-a9 -mfpu=vfpv3 -mfloat-abi=hard -nostar
TRACE::2026-08-13.20:33:53::SCWBDomain::tfiles -g -Wall -Wextra"

TRACE::2026-08-13.20:33:53::SCWBDomain::"Running Make libs in ps7_cortexa9_0/libsrc/gpiops_v3_8/src"

TRACE::2026-08-13.20:33:53::SCWBDomain::make -C ps7_cortexa9_0/libsrc/gpiops_v3_8/src -s libs  "SHELL=CMD" "COMPILER=arm-none-eabi-gcc" "ASSEMBLER=arm-none-eabi-as" "A
TRACE::2026-08-13.20:33:53::SCWBDomain::RCHIVER=arm-none-eabi-ar" "COMPILER_FLAGS=  -O2 -c" "EXTRA_COMPILER_FLAGS=-mcpu=cortex-a9 -mfpu=vfpv3 -mfloat-abi=hard -nostart
TRACE::2026-08-13.20:33:53::SCWBDomain::files -g -Wall -Wextra"

TRACE::2026-08-13.20:33:53::SCWBDomain::"Running Make libs in ps7_cortexa9_0/libsrc/qspips_v3_8/src"

TRACE::2026-08-13.20:33:53::SCWBDomain::make -C ps7_cortexa9_0/libsrc/qspips_v3_8/src -s libs  "SHELL=CMD" "COMPILER=arm-none-eabi-gcc" "ASSEMBLER=arm-none-eabi-as" "A
TRACE::2026-08-13.20:33:53::SCWBDomain::RCHIVER=arm-none-eabi-ar" "COMPILER_FLAGS=  -O2 -c" "EXTRA_COMPILER_FLAGS=-mcpu=cortex-a9 -mfpu=vfpv3 -mfloat-abi=hard -nostart
TRACE::2026-08-13.20:33:53::SCWBDomain::files -g -Wall -Wextra"

TRACE::2026-08-13.20:33:53::SCWBDomain::"Running Make libs in ps7_cortexa9_0/libsrc/scugic_v4_3/src"

TRACE::2026-08-13.20:33:53::SCWBDomain::make -C ps7_cortexa9_0/libsrc/scugic_v4_3/src -s libs  "SHELL=CMD" "COMPILER=arm-none-eabi-gcc" "ASSEMBLER=arm-none-eabi-as" "A
TRACE::2026-08-13.20:33:53::SCWBDomain::RCHIVER=arm-none-eabi-ar" "COMPILER_FLAGS=  -O2 -c" "EXTRA_COMPILER_FLAGS=-mcpu=cortex-a9 -mfpu=vfpv3 -mfloat-abi=hard -nostart
TRACE::2026-08-13.20:33:53::SCWBDomain::files -g -Wall -Wextra"

TRACE::2026-08-13.20:33:53::SCWBDomain::"Running Make libs in ps7_cortexa9_0/libsrc/scutimer_v2_3/src"

TRACE::2026-08-13.20:33:53::SCWBDomain::make -C ps7_cortexa9_0/libsrc/scutimer_v2_3/src -s libs  "SHELL=CMD" "COMPILER=arm-none-eabi-gcc" "ASSEMBLER=arm-none-eabi-as" 
TRACE::2026-08-13.20:33:53::SCWBDomain::"ARCHIVER=arm-none-eabi-ar" "COMPILER_FLAGS=  -O2 -c" "EXTRA_COMPILER_FLAGS=-mcpu=cortex-a9 -mfpu=vfpv3 -mfloat-abi=hard -nosta
TRACE::2026-08-13.20:33:53::SCWBDomain::rtfiles -g -Wall -Wextra"

TRACE::2026-08-13.20:33:53::SCWBDomain::"Running Make libs in ps7_cortexa9_0/libsrc/scuwdt_v2_3/src"

TRACE::2026-08-13.20:33:53::SCWBDomain::make -C ps7_cortexa9_0/libsrc/scuwdt_v2_3/src -s libs  "SHELL=CMD" "COMPILER=arm-none-eabi-gcc" "ASSEMBLER=arm-none-eabi-as" "A
TRACE::2026-08-13.20:33:53::SCWBDomain::RCHIVER=arm-none-eabi-ar" "COMPILER_FLAGS=  -O2 -c" "EXTRA_COMPILER_FLAGS=-mcpu=cortex-a9 -mfpu=vfpv3 -mfloat-abi=hard -nostart
TRACE::2026-08-13.20:33:53::SCWBDomain::files -g -Wall -Wextra"

TRACE::2026-08-13.20:33:53::SCWBDomain::"Running Make libs in ps7_cortexa9_0/libsrc/sdps_v3_10/src"

TRACE::2026-08-13.20:33:53::SCWBDomain::make -C ps7_cortexa9_0/libsrc/sdps_v3_10/src -s libs  "SHELL=CMD" "COMPILER=arm-none-eabi-gcc" "ASSEMBLER=arm-none-eabi-as" "AR
TRACE::2026-08-13.20:33:53::SCWBDomain::CHIVER=arm-none-eabi-ar" "COMPILER_FLAGS=  -O2 -c" "EXTRA_COMPILER_FLAGS=-mcpu=cortex-a9 -mfpu=vfpv3 -mfloat-abi=hard -nostartf
TRACE::2026-08-13.20:33:53::SCWBDomain::iles -g -Wall -Wextra"

TRACE::2026-08-13.20:33:53::SCWBDomain::"Running Make libs in ps7_cortexa9_0/libsrc/standalone_v7_3/src"

TRACE::2026-08-13.20:33:53::SCWBDomain::make -C ps7_cortexa9_0/libsrc/standalone_v7_3/src -s libs  "SHELL=CMD" "COMPILER=arm-none-eabi-gcc" "ASSEMBLER=arm-none-eabi-as
TRACE::2026-08-13.20:33:53::SCWBDomain::" "ARCHIVER=arm-none-eabi-ar" "COMPILER_FLAGS=  -O2 -c" "EXTRA_COMPILER_FLAGS=-mcpu=cortex-a9 -mfpu=vfpv3 -mfloat-abi=hard -nos
TRACE::2026-08-13.20:33:53::SCWBDomain::tartfiles -g -Wall -Wextra"

TRACE::2026-08-13.20:33:53::SCWBDomain::"Running Make libs in ps7_cortexa9_0/libsrc/uartps_v3_10/src"

TRACE::2026-08-13.20:33:53::SCWBDomain::make -C ps7_cortexa9_0/libsrc/uartps_v3_10/src -s libs  "SHELL=CMD" "COMPILER=arm-none-eabi-gcc" "ASSEMBLER=arm-none-eabi-as" "
TRACE::2026-08-13.20:33:53::SCWBDomain::ARCHIVER=arm-none-eabi-ar" "COMPILER_FLAGS=  -O2 -c" "EXTRA_COMPILER_FLAGS=-mcpu=cortex-a9 -mfpu=vfpv3 -mfloat-abi=hard -nostar
TRACE::2026-08-13.20:33:53::SCWBDomain::tfiles -g -Wall -Wextra"

TRACE::2026-08-13.20:33:53::SCWBDomain::"Running Make libs in ps7_cortexa9_0/libsrc/usbps_v2_6/src"

TRACE::2026-08-13.20:33:54::SCWBDomain::make -C ps7_cortexa9_0/libsrc/usbps_v2_6/src -s libs  "SHELL=CMD" "COMPILER=arm-none-eabi-gcc" "ASSEMBLER=arm-none-eabi-as" "AR
TRACE::2026-08-13.20:33:54::SCWBDomain::CHIVER=arm-none-eabi-ar" "COMPILER_FLAGS=  -O2 -c" "EXTRA_COMPILER_FLAGS=-mcpu=cortex-a9 -mfpu=vfpv3 -mfloat-abi=hard -nostartf
TRACE::2026-08-13.20:33:54::SCWBDomain::iles -g -Wall -Wextra"

TRACE::2026-08-13.20:33:54::SCWBDomain::"Running Make libs in ps7_cortexa9_0/libsrc/xadcps_v2_5/src"

TRACE::2026-08-13.20:33:54::SCWBDomain::make -C ps7_cortexa9_0/libsrc/xadcps_v2_5/src -s libs  "SHELL=CMD" "COMPILER=arm-none-eabi-gcc" "ASSEMBLER=arm-none-eabi-as" "A
TRACE::2026-08-13.20:33:54::SCWBDomain::RCHIVER=arm-none-eabi-ar" "COMPILER_FLAGS=  -O2 -c" "EXTRA_COMPILER_FLAGS=-mcpu=cortex-a9 -mfpu=vfpv3 -mfloat-abi=hard -nostart
TRACE::2026-08-13.20:33:54::SCWBDomain::files -g -Wall -Wextra"

TRACE::2026-08-13.20:33:54::SCWBDomain::"Running Make libs in ps7_cortexa9_0/libsrc/xilffs_v4_4/src"

TRACE::2026-08-13.20:33:54::SCWBDomain::make -C ps7_cortexa9_0/libsrc/xilffs_v4_4/src -s libs  "SHELL=CMD" "COMPILER=arm-none-eabi-gcc" "ASSEMBLER=arm-none-eabi-as" "A
TRACE::2026-08-13.20:33:54::SCWBDomain::RCHIVER=arm-none-eabi-ar" "COMPILER_FLAGS=  -O2 -c" "EXTRA_COMPILER_FLAGS=-mcpu=cortex-a9 -mfpu=vfpv3 -mfloat-abi=hard -nostart
TRACE::2026-08-13.20:33:54::SCWBDomain::files -g -Wall -Wextra"

TRACE::2026-08-13.20:33:54::SCWBDomain::'Finished building libraries parallelly.'

TRACE::2026-08-13.20:33:54::SCWBDomain::make --no-print-directory archive

TRACE::2026-08-13.20:33:54::SCWBDomain::arm-none-eabi-ar -r  ps7_cortexa9_0/lib/libxil.a ps7_cortexa9_0/lib/xil_printf.o ps7_cortexa9_0/lib/xadcps_selftest.o ps7_corte
TRACE::2026-08-13.20:33:54::SCWBDomain::xa9_0/lib/kill.o ps7_cortexa9_0/lib/xscuwdt_g.o ps7_cortexa9_0/lib/xplatform_info.o ps7_cortexa9_0/lib/xqspips_options.o ps7_co
TRACE::2026-08-13.20:33:54::SCWBDomain::rtexa9_0/lib/print.o ps7_cortexa9_0/lib/xscugic_selftest.o ps7_cortexa9_0/lib/xsdps_card.o ps7_cortexa9_0/lib/xdmaps_g.o ps7_co
TRACE::2026-08-13.20:33:54::SCWBDomain::rtexa9_0/lib/xil_testio.o ps7_cortexa9_0/lib/sleep.o ps7_cortexa9_0/lib/boot.o ps7_cortexa9_0/lib/xdevcfg_hw.o ps7_cortexa9_0/l
TRACE::2026-08-13.20:33:54::SCWBDomain::ib/xscugic_intr.o ps7_cortexa9_0/lib/xadcps_intr.o ps7_cortexa9_0/lib/xpm_counter.o ps7_cortexa9_0/lib/xuartps_sinit.o ps7_cort
TRACE::2026-08-13.20:33:54::SCWBDomain::exa9_0/lib/xscutimer_g.o ps7_cortexa9_0/lib/xdmaps_sinit.o ps7_cortexa9_0/lib/xemacps.o ps7_cortexa9_0/lib/xil_util.o ps7_corte
TRACE::2026-08-13.20:33:54::SCWBDomain::xa9_0/lib/inbyte.o ps7_cortexa9_0/lib/xil_mmu.o ps7_cortexa9_0/lib/xdmaps_selftest.o ps7_cortexa9_0/lib/xscutimer_selftest.o ps
TRACE::2026-08-13.20:33:54::SCWBDomain::7_cortexa9_0/lib/xil_misc_psreset_api.o ps7_cortexa9_0/lib/cpputest_time.o ps7_cortexa9_0/lib/xuartps_options.o ps7_cortexa9_0/
TRACE::2026-08-13.20:33:54::SCWBDomain::lib/xgpiops_g.o ps7_cortexa9_0/lib/close.o ps7_cortexa9_0/lib/xuartps_g.o ps7_cortexa9_0/lib/xsdps.o ps7_cortexa9_0/lib/xil_mem
TRACE::2026-08-13.20:33:54::SCWBDomain::.o ps7_cortexa9_0/lib/xscugic_hw.o ps7_cortexa9_0/lib/xgpiops_sinit.o ps7_cortexa9_0/lib/xgpiops_selftest.o ps7_cortexa9_0/lib/
TRACE::2026-08-13.20:33:54::SCWBDomain::xqspips_selftest.o ps7_cortexa9_0/lib/translation_table.o ps7_cortexa9_0/lib/write.o ps7_cortexa9_0/lib/xemacps_bdring.o ps7_co
TRACE::2026-08-13.20:33:54::SCWBDomain::rtexa9_0/lib/cpu_init.o ps7_cortexa9_0/lib/xscugic_g.o ps7_cortexa9_0/lib/xscutimer_sinit.o ps7_cortexa9_0/lib/xemacps_intr.o p
TRACE::2026-08-13.20:33:54::SCWBDomain::s7_cortexa9_0/lib/usleep.o ps7_cortexa9_0/lib/xil_testmem.o ps7_cortexa9_0/lib/xil_sleepcommon.o ps7_cortexa9_0/lib/unlink.o ps
TRACE::2026-08-13.20:33:54::SCWBDomain::7_cortexa9_0/lib/xadcps.o ps7_cortexa9_0/lib/xdmaps_hw.o ps7_cortexa9_0/lib/xgpiops_intr.o ps7_cortexa9_0/lib/xscugic_sinit.o p
TRACE::2026-08-13.20:33:54::SCWBDomain::s7_cortexa9_0/lib/xil_sleeptimer.o ps7_cortexa9_0/lib/xscuwdt_selftest.o ps7_cortexa9_0/lib/open.o ps7_cortexa9_0/lib/outbyte.o
TRACE::2026-08-13.20:33:54::SCWBDomain:: ps7_cortexa9_0/lib/xuartps_selftest.o ps7_cortexa9_0/lib/xuartps_hw.o ps7_cortexa9_0/lib/xsdps_options.o ps7_cortexa9_0/lib/_e
TRACE::2026-08-13.20:33:54::SCWBDomain::xit.o ps7_cortexa9_0/lib/read.o ps7_cortexa9_0/lib/xgpiops_hw.o ps7_cortexa9_0/lib/xusbps_intr.o ps7_cortexa9_0/lib/xqspips_hw.
TRACE::2026-08-13.20:33:54::SCWBDomain::o ps7_cortexa9_0/lib/xil_cache.o ps7_cortexa9_0/lib/xtime_l.o ps7_cortexa9_0/lib/xl2cc_counter.o ps7_cortexa9_0/lib/xsdps_sinit
TRACE::2026-08-13.20:33:54::SCWBDomain::.o ps7_cortexa9_0/lib/asm_vectors.o ps7_cortexa9_0/lib/xdevcfg_intr.o ps7_cortexa9_0/lib/abort.o ps7_cortexa9_0/lib/xdevcfg_g.o
TRACE::2026-08-13.20:33:54::SCWBDomain:: ps7_cortexa9_0/lib/xuartps_intr.o ps7_cortexa9_0/lib/xuartps.o ps7_cortexa9_0/lib/getpid.o ps7_cortexa9_0/lib/xil_testcache.o 
TRACE::2026-08-13.20:33:54::SCWBDomain::ps7_cortexa9_0/lib/xqspips_g.o ps7_cortexa9_0/lib/xemacps_hw.o ps7_cortexa9_0/lib/xdmaps.o ps7_cortexa9_0/lib/xscutimer.o ps7_c
TRACE::2026-08-13.20:33:54::SCWBDomain::ortexa9_0/lib/xscuwdt.o ps7_cortexa9_0/lib/xdevcfg_selftest.o ps7_cortexa9_0/lib/xusbps_hw.o ps7_cortexa9_0/lib/xqspips.o ps7_c
TRACE::2026-08-13.20:33:54::SCWBDomain::ortexa9_0/lib/xemacps_g.o ps7_cortexa9_0/lib/xusbps.o ps7_cortexa9_0/lib/xusbps_sinit.o ps7_cortexa9_0/lib/xemacps_sinit.o ps7_
TRACE::2026-08-13.20:33:54::SCWBDomain::cortexa9_0/lib/xusbps_endpoint.o ps7_cortexa9_0/lib/xscuwdt_sinit.o ps7_cortexa9_0/lib/sbrk.o ps7_cortexa9_0/lib/xgpiops.o ps7_
TRACE::2026-08-13.20:33:54::SCWBDomain::cortexa9_0/lib/xsdps_g.o ps7_cortexa9_0/lib/fstat.o ps7_cortexa9_0/lib/errno.o ps7_cortexa9_0/lib/lseek.o ps7_cortexa9_0/lib/xd
TRACE::2026-08-13.20:33:54::SCWBDomain::evcfg_sinit.o ps7_cortexa9_0/lib/_sbrk.o ps7_cortexa9_0/lib/vectors.o ps7_cortexa9_0/lib/xil_exception.o ps7_cortexa9_0/lib/xem
TRACE::2026-08-13.20:33:54::SCWBDomain::acps_control.o ps7_cortexa9_0/lib/putnum.o ps7_cortexa9_0/lib/xil_clocking.o ps7_cortexa9_0/lib/xil_assert.o ps7_cortexa9_0/lib
TRACE::2026-08-13.20:33:54::SCWBDomain::/xusbps_g.o ps7_cortexa9_0/lib/xsdps_host.o ps7_cortexa9_0/lib/xcoresightpsdcc.o ps7_cortexa9_0/lib/isatty.o ps7_cortexa9_0/lib
TRACE::2026-08-13.20:33:54::SCWBDomain::/xscugic.o ps7_cortexa9_0/lib/xadcps_g.o ps7_cortexa9_0/lib/xil-crt0.o ps7_cortexa9_0/lib/xqspips_sinit.o ps7_cortexa9_0/lib/xa
TRACE::2026-08-13.20:33:54::SCWBDomain::dcps_sinit.o ps7_cortexa9_0/lib/fcntl.o ps7_cortexa9_0/lib/_open.o ps7_cortexa9_0/lib/xdevcfg.o

TRACE::2026-08-13.20:33:54::SCWBDomain::'Finished building libraries'

TRACE::2026-08-13.20:33:54::SCWBDomain::make: Leaving directory 'C:/Users/Thomas/Desktop/TP_MISTRE/TP_PROCESSEUR/Projet_Vitis/Zynq_Timer48_wrapper/zynq_fsbl/zynq_fsbl_
TRACE::2026-08-13.20:33:54::SCWBDomain::bsp'

TRACE::2026-08-13.20:33:54::SCWBDomain::arm-none-eabi-gcc -MMD -MP       -mcpu=cortex-a9 -mfpu=vfpv3 -mfloat-abi=hard   -O2 -c -c sd.c -o sd.o -Izynq_fsbl_bsp/ps7_cort
TRACE::2026-08-13.20:33:54::SCWBDomain::exa9_0/include -I.

TRACE::2026-08-13.20:33:55::SCWBDomain::arm-none-eabi-gcc -MMD -MP       -mcpu=cortex-a9 -mfpu=vfpv3 -mfloat-abi=hard   -O2 -c -c nand.c -o nand.o -Izynq_fsbl_bsp/ps7_
TRACE::2026-08-13.20:33:55::SCWBDomain::cortexa9_0/include -I.

TRACE::2026-08-13.20:33:55::SCWBDomain::arm-none-eabi-gcc -MMD -MP       -mcpu=cortex-a9 -mfpu=vfpv3 -mfloat-abi=hard   -O2 -c -c nor.c -o nor.o -Izynq_fsbl_bsp/ps7_co
TRACE::2026-08-13.20:33:55::SCWBDomain::rtexa9_0/include -I.

TRACE::2026-08-13.20:33:55::SCWBDomain::arm-none-eabi-gcc -MMD -MP       -mcpu=cortex-a9 -mfpu=vfpv3 -mfloat-abi=hard   -O2 -c -c image_mover.c -o image_mover.o -Izynq
TRACE::2026-08-13.20:33:55::SCWBDomain::_fsbl_bsp/ps7_cortexa9_0/include -I.

TRACE::2026-08-13.20:33:55::SCWBDomain::arm-none-eabi-gcc -MMD -MP       -mcpu=cortex-a9 -mfpu=vfpv3 -mfloat-abi=hard   -O2 -c -c md5.c -o md5.o -Izynq_fsbl_bsp/ps7_co
TRACE::2026-08-13.20:33:55::SCWBDomain::rtexa9_0/include -I.

TRACE::2026-08-13.20:33:55::SCWBDomain::arm-none-eabi-gcc -MMD -MP       -mcpu=cortex-a9 -mfpu=vfpv3 -mfloat-abi=hard   -O2 -c -c fsbl_hooks.c -o fsbl_hooks.o -Izynq_f
TRACE::2026-08-13.20:33:55::SCWBDomain::sbl_bsp/ps7_cortexa9_0/include -I.

TRACE::2026-08-13.20:33:55::SCWBDomain::arm-none-eabi-gcc -MMD -MP       -mcpu=cortex-a9 -mfpu=vfpv3 -mfloat-abi=hard   -O2 -c -c main.c -o main.o -Izynq_fsbl_bsp/ps7_
TRACE::2026-08-13.20:33:55::SCWBDomain::cortexa9_0/include -I.

TRACE::2026-08-13.20:33:55::SCWBDomain::arm-none-eabi-gcc -MMD -MP       -mcpu=cortex-a9 -mfpu=vfpv3 -mfloat-abi=hard   -O2 -c -c rsa.c -o rsa.o -Izynq_fsbl_bsp/ps7_co
TRACE::2026-08-13.20:33:55::SCWBDomain::rtexa9_0/include -I.

TRACE::2026-08-13.20:33:55::SCWBDomain::arm-none-eabi-gcc -MMD -MP       -mcpu=cortex-a9 -mfpu=vfpv3 -mfloat-abi=hard   -O2 -c -c qspi.c -o qspi.o -Izynq_fsbl_bsp/ps7_
TRACE::2026-08-13.20:33:55::SCWBDomain::cortexa9_0/include -I.

TRACE::2026-08-13.20:33:55::SCWBDomain::arm-none-eabi-gcc -MMD -MP       -mcpu=cortex-a9 -mfpu=vfpv3 -mfloat-abi=hard   -O2 -c -c ps7_init.c -o ps7_init.o -Izynq_fsbl_
TRACE::2026-08-13.20:33:55::SCWBDomain::bsp/ps7_cortexa9_0/include -I.

TRACE::2026-08-13.20:33:55::SCWBDomain::arm-none-eabi-gcc -MMD -MP       -mcpu=cortex-a9 -mfpu=vfpv3 -mfloat-abi=hard   -O2 -c -c pcap.c -o pcap.o -Izynq_fsbl_bsp/ps7_
TRACE::2026-08-13.20:33:55::SCWBDomain::cortexa9_0/include -I.

TRACE::2026-08-13.20:33:55::SCWBDomain::arm-none-eabi-gcc -MMD -MP       -mcpu=cortex-a9 -mfpu=vfpv3 -mfloat-abi=hard   -O2 -c -c fsbl_handoff.S -o fsbl_handoff.o -Izy
TRACE::2026-08-13.20:33:55::SCWBDomain::nq_fsbl_bsp/ps7_cortexa9_0/include -I.

TRACE::2026-08-13.20:33:55::SCWBDomain::arm-none-eabi-gcc -o fsbl.elf  sd.o  nand.o  nor.o  image_mover.o  md5.o  fsbl_hooks.o  main.o  rsa.o  qspi.o  ps7_init.o  pcap
TRACE::2026-08-13.20:33:55::SCWBDomain::.o  fsbl_handoff.o -MMD -MP       -mcpu=cortex-a9 -mfpu=vfpv3 -mfloat-abi=hard   -mcpu=cortex-a9 -mfpu=vfpv3 -mfloat-abi=hard -
TRACE::2026-08-13.20:33:55::SCWBDomain::Wl,-build-id=none -specs=Xilinx.spec  -lrsa -Wl,--start-group,-lxil,-lgcc,-lc,--end-group -Wl,--start-group,-lxilffs,-lxil,-lgc
TRACE::2026-08-13.20:33:55::SCWBDomain::c,-lc,--end-group -Wl,--start-group,-lrsa,-lxil,-lgcc,-lc,--end-group                                    -Wl,--gc-sections -Lzy
TRACE::2026-08-13.20:33:55::SCWBDomain::nq_fsbl_bsp/ps7_cortexa9_0/lib -L./ -Tlscript.ld

LOG::2026-08-13.20:33:56::SCWSystem::Checking the domain standalone_ps7_cortexa9_0
LOG::2026-08-13.20:33:56::SCWSystem::Not a boot domain 
LOG::2026-08-13.20:33:56::SCWSystem::Started Processing the domain standalone_ps7_cortexa9_0
TRACE::2026-08-13.20:33:56::SCWDomain::Generating domain artifcats
TRACE::2026-08-13.20:33:56::SCWMssOS::Generating standalone artifcats
TRACE::2026-08-13.20:33:56::SCWMssOS::Copying the qemu file from  C:/Xilinx/Vitis/2020.2/data/emulation/platforms/zynq/sw/a9_standalone/qemu/qemu_args.txt To C:/Users/Thomas/Desktop/TP_MISTRE/TP_PROCESSEUR/Projet_Vitis/Zynq_Timer48_wrapper/export/Zynq_Timer48_wrapper/sw/Zynq_Timer48_wrapper/qemu/
TRACE::2026-08-13.20:33:56::SCWMssOS::Copying the qemu file from  C:/Xilinx/Vitis/2020.2/data/emulation/platforms/zynq/sw/a9_standalone/qemu/qemu_args.txt To C:/Users/Thomas/Desktop/TP_MISTRE/TP_PROCESSEUR/Projet_Vitis/Zynq_Timer48_wrapper/export/Zynq_Timer48_wrapper/sw/Zynq_Timer48_wrapper/standalone_ps7_cortexa9_0/qemu/
TRACE::2026-08-13.20:33:56::SCWMssOS:: Copying the user libraries. 
TRACE::2026-08-13.20:33:56::SCWPlatform::Trying to open the hw design at C:/Users/Thomas/Desktop/TP_MISTRE/TP_PROCESSEUR/Projet_Vitis/Zynq_Timer48_wrapper/hw/Zynq_Timer48_wrapper.xsa
TRACE::2026-08-13.20:33:56::SCWPlatform::DSA given C:/Users/Thomas/Desktop/TP_MISTRE/TP_PROCESSEUR/Projet_Vitis/Zynq_Timer48_wrapper/hw/Zynq_Timer48_wrapper.xsa
TRACE::2026-08-13.20:33:56::SCWPlatform::DSA absoulate path C:/Users/Thomas/Desktop/TP_MISTRE/TP_PROCESSEUR/Projet_Vitis/Zynq_Timer48_wrapper/hw/Zynq_Timer48_wrapper.xsa
TRACE::2026-08-13.20:33:56::SCWPlatform::DSA directory C:/Users/Thomas/Desktop/TP_MISTRE/TP_PROCESSEUR/Projet_Vitis/Zynq_Timer48_wrapper/hw
TRACE::2026-08-13.20:33:56::SCWPlatform:: Platform Path C:/Users/Thomas/Desktop/TP_MISTRE/TP_PROCESSEUR/Projet_Vitis/Zynq_Timer48_wrapper/hw/Zynq_Timer48_wrapper.xsa
TRACE::2026-08-13.20:33:56::SCWPlatform:: Unique name xilinx:zybo-z7-20::0.0
TRACE::2026-08-13.20:33:56::SCWPlatform::Trying to set the existing hwdb with name Zynq_Timer48_wrapper_0
TRACE::2026-08-13.20:33:56::SCWPlatform::Opened existing hwdb Zynq_Timer48_wrapper_0
TRACE::2026-08-13.20:33:56::SCWPlatform::Found the Hw Db part of the input DSA
TRACE::2026-08-13.20:33:56::SCWMssOS::Checking the sw design at  C:/Users/Thomas/Desktop/TP_MISTRE/TP_PROCESSEUR/Projet_Vitis/Zynq_Timer48_wrapper/ps7_cortexa9_0/standalone_ps7_cortexa9_0/bsp/system.mss
TRACE::2026-08-13.20:33:56::SCWMssOS::DEBUG:  swdes dump  C:/Users/Thomas/Desktop/TP_MISTRE/TP_PROCESSEUR/Projet_Vitis/Zynq_Timer48_wrapper/ps7_cortexa9_0/standalone_ps7_cortexa9_0/bsp/system.mss|system_0||
C:/Users/Thomas/Desktop/TP_MISTRE/TP_PROCESSEUR/Projet_Vitis/Zynq_Timer48_wrapper/zynq_fsbl/zynq_fsbl_bsp/system.mss|system||

TRACE::2026-08-13.20:33:56::SCWMssOS::Sw design exists and opened at  C:/Users/Thomas/Desktop/TP_MISTRE/TP_PROCESSEUR/Projet_Vitis/Zynq_Timer48_wrapper/ps7_cortexa9_0/standalone_ps7_cortexa9_0/bsp/system.mss
TRACE::2026-08-13.20:33:56::SCWMssOS::Completed writing the mss file at C:/Users/Thomas/Desktop/TP_MISTRE/TP_PROCESSEUR/Projet_Vitis/Zynq_Timer48_wrapper/ps7_cortexa9_0/standalone_ps7_cortexa9_0/bsp
TRACE::2026-08-13.20:33:56::SCWMssOS::Mss edits present, copying mssfile into export location C:/Users/Thomas/Desktop/TP_MISTRE/TP_PROCESSEUR/Projet_Vitis/Zynq_Timer48_wrapper/ps7_cortexa9_0/standalone_ps7_cortexa9_0/bsp/system.mss
TRACE::2026-08-13.20:33:56::SCWMssOS::bsp generated is upto date with the mss file. Skipping bsp generation.
TRACE::2026-08-13.20:33:56::SCWMssOS::BSP is already built. skipping the bsp build ... 
TRACE::2026-08-13.20:33:56::SCWDomain::Building the domain as part of full build :  standalone_ps7_cortexa9_0
TRACE::2026-08-13.20:33:56::SCWMssOS::doing bsp build ... 
TRACE::2026-08-13.20:33:56::SCWMssOS::System Command Ran  C: & cd  C:/Users/Thomas/Desktop/TP_MISTRE/TP_PROCESSEUR/Projet_Vitis/Zynq_Timer48_wrapper/ps7_cortexa9_0/standalone_ps7_cortexa9_0/bsp & make 
TRACE::2026-08-13.20:33:56::SCWMssOS::make --no-print-directory seq_libs

TRACE::2026-08-13.20:33:56::SCWMssOS::"Running Make include in ps7_cortexa9_0/libsrc/coresightps_dcc_v1_8/src"

TRACE::2026-08-13.20:33:56::SCWMssOS::make -C ps7_cortexa9_0/libsrc/coresightps_dcc_v1_8/src -s include  "SHELL=CMD" "COMPILER=arm-none-eabi-gcc" "ASSEMBLER=arm-none
TRACE::2026-08-13.20:33:56::SCWMssOS::-eabi-as" "ARCHIVER=arm-none-eabi-ar" "COMPILER_FLAGS=  -O2 -c" "EXTRA_COMPILER_FLAGS=-mcpu=cortex-a9 -mfpu=vfpv3 -mfloat-abi=h
TRACE::2026-08-13.20:33:56::SCWMssOS::ard -nostartfiles -g -Wall -Wextra"

TRACE::2026-08-13.20:33:56::SCWMssOS::"Running Make include in ps7_cortexa9_0/libsrc/cpu_cortexa9_v2_10/src"

TRACE::2026-08-13.20:33:56::SCWMssOS::make -C ps7_cortexa9_0/libsrc/cpu_cortexa9_v2_10/src -s include  "SHELL=CMD" "COMPILER=arm-none-eabi-gcc" "ASSEMBLER=arm-none-e
TRACE::2026-08-13.20:33:56::SCWMssOS::abi-as" "ARCHIVER=arm-none-eabi-ar" "COMPILER_FLAGS=  -O2 -c" "EXTRA_COMPILER_FLAGS=-mcpu=cortex-a9 -mfpu=vfpv3 -mfloat-abi=har
TRACE::2026-08-13.20:33:56::SCWMssOS::d -nostartfiles -g -Wall -Wextra"

TRACE::2026-08-13.20:33:56::SCWMssOS::"Running Make include in ps7_cortexa9_0/libsrc/ddrps_v1_2/src"

TRACE::2026-08-13.20:33:56::SCWMssOS::make -C ps7_cortexa9_0/libsrc/ddrps_v1_2/src -s include  "SHELL=CMD" "COMPILER=arm-none-eabi-gcc" "ASSEMBLER=arm-none-eabi-as" 
TRACE::2026-08-13.20:33:56::SCWMssOS::"ARCHIVER=arm-none-eabi-ar" "COMPILER_FLAGS=  -O2 -c" "EXTRA_COMPILER_FLAGS=-mcpu=cortex-a9 -mfpu=vfpv3 -mfloat-abi=hard -nosta
TRACE::2026-08-13.20:33:56::SCWMssOS::rtfiles -g -Wall -Wextra"

TRACE::2026-08-13.20:33:56::SCWMssOS::"Running Make include in ps7_cortexa9_0/libsrc/devcfg_v3_7/src"

TRACE::2026-08-13.20:33:56::SCWMssOS::make -C ps7_cortexa9_0/libsrc/devcfg_v3_7/src -s include  "SHELL=CMD" "COMPILER=arm-none-eabi-gcc" "ASSEMBLER=arm-none-eabi-as"
TRACE::2026-08-13.20:33:56::SCWMssOS:: "ARCHIVER=arm-none-eabi-ar" "COMPILER_FLAGS=  -O2 -c" "EXTRA_COMPILER_FLAGS=-mcpu=cortex-a9 -mfpu=vfpv3 -mfloat-abi=hard -nost
TRACE::2026-08-13.20:33:56::SCWMssOS::artfiles -g -Wall -Wextra"

TRACE::2026-08-13.20:33:56::SCWMssOS::"Running Make include in ps7_cortexa9_0/libsrc/dmaps_v2_7/src"

TRACE::2026-08-13.20:33:56::SCWMssOS::make -C ps7_cortexa9_0/libsrc/dmaps_v2_7/src -s include  "SHELL=CMD" "COMPILER=arm-none-eabi-gcc" "ASSEMBLER=arm-none-eabi-as" 
TRACE::2026-08-13.20:33:56::SCWMssOS::"ARCHIVER=arm-none-eabi-ar" "COMPILER_FLAGS=  -O2 -c" "EXTRA_COMPILER_FLAGS=-mcpu=cortex-a9 -mfpu=vfpv3 -mfloat-abi=hard -nosta
TRACE::2026-08-13.20:33:56::SCWMssOS::rtfiles -g -Wall -Wextra"

TRACE::2026-08-13.20:33:56::SCWMssOS::"Running Make include in ps7_cortexa9_0/libsrc/emacps_v3_12/src"

TRACE::2026-08-13.20:33:56::SCWMssOS::make -C ps7_cortexa9_0/libsrc/emacps_v3_12/src -s include  "SHELL=CMD" "COMPILER=arm-none-eabi-gcc" "ASSEMBLER=arm-none-eabi-as
TRACE::2026-08-13.20:33:56::SCWMssOS::" "ARCHIVER=arm-none-eabi-ar" "COMPILER_FLAGS=  -O2 -c" "EXTRA_COMPILER_FLAGS=-mcpu=cortex-a9 -mfpu=vfpv3 -mfloat-abi=hard -nos
TRACE::2026-08-13.20:33:56::SCWMssOS::tartfiles -g -Wall -Wextra"

TRACE::2026-08-13.20:33:56::SCWMssOS::"Running Make include in ps7_cortexa9_0/libsrc/gpiops_v3_8/src"

TRACE::2026-08-13.20:33:56::SCWMssOS::make -C ps7_cortexa9_0/libsrc/gpiops_v3_8/src -s include  "SHELL=CMD" "COMPILER=arm-none-eabi-gcc" "ASSEMBLER=arm-none-eabi-as"
TRACE::2026-08-13.20:33:56::SCWMssOS:: "ARCHIVER=arm-none-eabi-ar" "COMPILER_FLAGS=  -O2 -c" "EXTRA_COMPILER_FLAGS=-mcpu=cortex-a9 -mfpu=vfpv3 -mfloat-abi=hard -nost
TRACE::2026-08-13.20:33:56::SCWMssOS::artfiles -g -Wall -Wextra"

TRACE::2026-08-13.20:33:56::SCWMssOS::"Running Make include in ps7_cortexa9_0/libsrc/qspips_v3_8/src"

TRACE::2026-08-13.20:33:56::SCWMssOS::make -C ps7_cortexa9_0/libsrc/qspips_v3_8/src -s include  "SHELL=CMD" "COMPILER=arm-none-eabi-gcc" "ASSEMBLER=arm-none-eabi-as"
TRACE::2026-08-13.20:33:56::SCWMssOS:: "ARCHIVER=arm-none-eabi-ar" "COMPILER_FLAGS=  -O2 -c" "EXTRA_COMPILER_FLAGS=-mcpu=cortex-a9 -mfpu=vfpv3 -mfloat-abi=hard -nost
TRACE::2026-08-13.20:33:56::SCWMssOS::artfiles -g -Wall -Wextra"

TRACE::2026-08-13.20:33:56::SCWMssOS::"Running Make include in ps7_cortexa9_0/libsrc/scugic_v4_3/src"

TRACE::2026-08-13.20:33:56::SCWMssOS::make -C ps7_cortexa9_0/libsrc/scugic_v4_3/src -s include  "SHELL=CMD" "COMPILER=arm-none-eabi-gcc" "ASSEMBLER=arm-none-eabi-as"
TRACE::2026-08-13.20:33:56::SCWMssOS:: "ARCHIVER=arm-none-eabi-ar" "COMPILER_FLAGS=  -O2 -c" "EXTRA_COMPILER_FLAGS=-mcpu=cortex-a9 -mfpu=vfpv3 -mfloat-abi=hard -nost
TRACE::2026-08-13.20:33:56::SCWMssOS::artfiles -g -Wall -Wextra"

TRACE::2026-08-13.20:33:56::SCWMssOS::"Running Make include in ps7_cortexa9_0/libsrc/scutimer_v2_3/src"

TRACE::2026-08-13.20:33:56::SCWMssOS::make -C ps7_cortexa9_0/libsrc/scutimer_v2_3/src -s include  "SHELL=CMD" "COMPILER=arm-none-eabi-gcc" "ASSEMBLER=arm-none-eabi-a
TRACE::2026-08-13.20:33:56::SCWMssOS::s" "ARCHIVER=arm-none-eabi-ar" "COMPILER_FLAGS=  -O2 -c" "EXTRA_COMPILER_FLAGS=-mcpu=cortex-a9 -mfpu=vfpv3 -mfloat-abi=hard -no
TRACE::2026-08-13.20:33:56::SCWMssOS::startfiles -g -Wall -Wextra"

TRACE::2026-08-13.20:33:56::SCWMssOS::"Running Make include in ps7_cortexa9_0/libsrc/scuwdt_v2_3/src"

TRACE::2026-08-13.20:33:56::SCWMssOS::make -C ps7_cortexa9_0/libsrc/scuwdt_v2_3/src -s include  "SHELL=CMD" "COMPILER=arm-none-eabi-gcc" "ASSEMBLER=arm-none-eabi-as"
TRACE::2026-08-13.20:33:56::SCWMssOS:: "ARCHIVER=arm-none-eabi-ar" "COMPILER_FLAGS=  -O2 -c" "EXTRA_COMPILER_FLAGS=-mcpu=cortex-a9 -mfpu=vfpv3 -mfloat-abi=hard -nost
TRACE::2026-08-13.20:33:56::SCWMssOS::artfiles -g -Wall -Wextra"

TRACE::2026-08-13.20:33:56::SCWMssOS::"Running Make include in ps7_cortexa9_0/libsrc/sdps_v3_10/src"

TRACE::2026-08-13.20:33:56::SCWMssOS::make -C ps7_cortexa9_0/libsrc/sdps_v3_10/src -s include  "SHELL=CMD" "COMPILER=arm-none-eabi-gcc" "ASSEMBLER=arm-none-eabi-as" 
TRACE::2026-08-13.20:33:56::SCWMssOS::"ARCHIVER=arm-none-eabi-ar" "COMPILER_FLAGS=  -O2 -c" "EXTRA_COMPILER_FLAGS=-mcpu=cortex-a9 -mfpu=vfpv3 -mfloat-abi=hard -nosta
TRACE::2026-08-13.20:33:56::SCWMssOS::rtfiles -g -Wall -Wextra"

TRACE::2026-08-13.20:33:57::SCWMssOS::"Running Make include in ps7_cortexa9_0/libsrc/standalone_v7_3/src"

TRACE::2026-08-13.20:33:57::SCWMssOS::make -C ps7_cortexa9_0/libsrc/standalone_v7_3/src -s include  "SHELL=CMD" "COMPILER=arm-none-eabi-gcc" "ASSEMBLER=arm-none-eabi
TRACE::2026-08-13.20:33:57::SCWMssOS::-as" "ARCHIVER=arm-none-eabi-ar" "COMPILER_FLAGS=  -O2 -c" "EXTRA_COMPILER_FLAGS=-mcpu=cortex-a9 -mfpu=vfpv3 -mfloat-abi=hard -
TRACE::2026-08-13.20:33:57::SCWMssOS::nostartfiles -g -Wall -Wextra"

TRACE::2026-08-13.20:33:57::SCWMssOS::"Running Make include in ps7_cortexa9_0/libsrc/Timer_48_AXI_v1_0/src"

TRACE::2026-08-13.20:33:57::SCWMssOS::make -C ps7_cortexa9_0/libsrc/Timer_48_AXI_v1_0/src -s include  "SHELL=CMD" "COMPILER=arm-none-eabi-gcc" "ASSEMBLER=arm-none-ea
TRACE::2026-08-13.20:33:57::SCWMssOS::bi-as" "ARCHIVER=arm-none-eabi-ar" "COMPILER_FLAGS=  -O2 -c" "EXTRA_COMPILER_FLAGS=-mcpu=cortex-a9 -mfpu=vfpv3 -mfloat-abi=hard
TRACE::2026-08-13.20:33:57::SCWMssOS:: -nostartfiles -g -Wall -Wextra"

TRACE::2026-08-13.20:33:57::SCWMssOS::"Running Make include in ps7_cortexa9_0/libsrc/uartps_v3_10/src"

TRACE::2026-08-13.20:33:57::SCWMssOS::make -C ps7_cortexa9_0/libsrc/uartps_v3_10/src -s include  "SHELL=CMD" "COMPILER=arm-none-eabi-gcc" "ASSEMBLER=arm-none-eabi-as
TRACE::2026-08-13.20:33:57::SCWMssOS::" "ARCHIVER=arm-none-eabi-ar" "COMPILER_FLAGS=  -O2 -c" "EXTRA_COMPILER_FLAGS=-mcpu=cortex-a9 -mfpu=vfpv3 -mfloat-abi=hard -nos
TRACE::2026-08-13.20:33:57::SCWMssOS::tartfiles -g -Wall -Wextra"

TRACE::2026-08-13.20:33:57::SCWMssOS::"Running Make include in ps7_cortexa9_0/libsrc/usbps_v2_6/src"

TRACE::2026-08-13.20:33:57::SCWMssOS::make -C ps7_cortexa9_0/libsrc/usbps_v2_6/src -s include  "SHELL=CMD" "COMPILER=arm-none-eabi-gcc" "ASSEMBLER=arm-none-eabi-as" 
TRACE::2026-08-13.20:33:57::SCWMssOS::"ARCHIVER=arm-none-eabi-ar" "COMPILER_FLAGS=  -O2 -c" "EXTRA_COMPILER_FLAGS=-mcpu=cortex-a9 -mfpu=vfpv3 -mfloat-abi=hard -nosta
TRACE::2026-08-13.20:33:57::SCWMssOS::rtfiles -g -Wall -Wextra"

TRACE::2026-08-13.20:33:57::SCWMssOS::"Running Make include in ps7_cortexa9_0/libsrc/xadcps_v2_5/src"

TRACE::2026-08-13.20:33:57::SCWMssOS::make -C ps7_cortexa9_0/libsrc/xadcps_v2_5/src -s include  "SHELL=CMD" "COMPILER=arm-none-eabi-gcc" "ASSEMBLER=arm-none-eabi-as"
TRACE::2026-08-13.20:33:57::SCWMssOS:: "ARCHIVER=arm-none-eabi-ar" "COMPILER_FLAGS=  -O2 -c" "EXTRA_COMPILER_FLAGS=-mcpu=cortex-a9 -mfpu=vfpv3 -mfloat-abi=hard -nost
TRACE::2026-08-13.20:33:57::SCWMssOS::artfiles -g -Wall -Wextra"

TRACE::2026-08-13.20:33:57::SCWMssOS::"Running Make libs in ps7_cortexa9_0/libsrc/Timer_48_AXI_v1_0/src"

TRACE::2026-08-13.20:33:57::SCWMssOS::make -C ps7_cortexa9_0/libsrc/Timer_48_AXI_v1_0/src -s libs  "SHELL=CMD" "COMPILER=arm-none-eabi-gcc" "ASSEMBLER=arm-none-eabi-
TRACE::2026-08-13.20:33:57::SCWMssOS::as" "ARCHIVER=arm-none-eabi-ar" "COMPILER_FLAGS=  -O2 -c" "EXTRA_COMPILER_FLAGS=-mcpu=cortex-a9 -mfpu=vfpv3 -mfloat-abi=hard -n
TRACE::2026-08-13.20:33:57::SCWMssOS::ostartfiles -g -Wall -Wextra"

TRACE::2026-08-13.20:33:57::SCWMssOS::"Compiling testCustomIP..."

TRACE::2026-08-13.20:33:57::SCWMssOS::'Finished building libraries sequentially.'

TRACE::2026-08-13.20:33:57::SCWMssOS::make -j --no-print-directory par_libs

TRACE::2026-08-13.20:33:58::SCWMssOS::"Running Make include in ps7_cortexa9_0/libsrc/coresightps_dcc_v1_8/src"

TRACE::2026-08-13.20:33:58::SCWMssOS::make -C ps7_cortexa9_0/libsrc/coresightps_dcc_v1_8/src -s include  "SHELL=CMD" "COMPILER=arm-none-eabi-gcc" "ASSEMBLER=arm-none
TRACE::2026-08-13.20:33:58::SCWMssOS::-eabi-as" "ARCHIVER=arm-none-eabi-ar" "COMPILER_FLAGS=  -O2 -c" "EXTRA_COMPILER_FLAGS=-mcpu=cortex-a9 -mfpu=vfpv3 -mfloat-abi=h
TRACE::2026-08-13.20:33:58::SCWMssOS::ard -nostartfiles -g -Wall -Wextra"

TRACE::2026-08-13.20:33:58::SCWMssOS::"Running Make include in ps7_cortexa9_0/libsrc/cpu_cortexa9_v2_10/src"

TRACE::2026-08-13.20:33:58::SCWMssOS::make -C ps7_cortexa9_0/libsrc/cpu_cortexa9_v2_10/src -s include  "SHELL=CMD" "COMPILER=arm-none-eabi-gcc" "ASSEMBLER=arm-none-e
TRACE::2026-08-13.20:33:58::SCWMssOS::abi-as" "ARCHIVER=arm-none-eabi-ar" "COMPILER_FLAGS=  -O2 -c" "EXTRA_COMPILER_FLAGS=-mcpu=cortex-a9 -mfpu=vfpv3 -mfloat-abi=har
TRACE::2026-08-13.20:33:58::SCWMssOS::d -nostartfiles -g -Wall -Wextra"

TRACE::2026-08-13.20:33:58::SCWMssOS::"Running Make include in ps7_cortexa9_0/libsrc/ddrps_v1_2/src"

TRACE::2026-08-13.20:33:58::SCWMssOS::make -C ps7_cortexa9_0/libsrc/ddrps_v1_2/src -s include  "SHELL=CMD" "COMPILER=arm-none-eabi-gcc" "ASSEMBLER=arm-none-eabi-as" 
TRACE::2026-08-13.20:33:58::SCWMssOS::"ARCHIVER=arm-none-eabi-ar" "COMPILER_FLAGS=  -O2 -c" "EXTRA_COMPILER_FLAGS=-mcpu=cortex-a9 -mfpu=vfpv3 -mfloat-abi=hard -nosta
TRACE::2026-08-13.20:33:58::SCWMssOS::rtfiles -g -Wall -Wextra"

TRACE::2026-08-13.20:33:58::SCWMssOS::"Running Make include in ps7_cortexa9_0/libsrc/devcfg_v3_7/src"

TRACE::2026-08-13.20:33:58::SCWMssOS::make -C ps7_cortexa9_0/libsrc/devcfg_v3_7/src -s include  "SHELL=CMD" "COMPILER=arm-none-eabi-gcc" "ASSEMBLER=arm-none-eabi-as"
TRACE::2026-08-13.20:33:58::SCWMssOS:: "ARCHIVER=arm-none-eabi-ar" "COMPILER_FLAGS=  -O2 -c" "EXTRA_COMPILER_FLAGS=-mcpu=cortex-a9 -mfpu=vfpv3 -mfloat-abi=hard -nost
TRACE::2026-08-13.20:33:58::SCWMssOS::artfiles -g -Wall -Wextra"

TRACE::2026-08-13.20:33:58::SCWMssOS::"Running Make include in ps7_cortexa9_0/libsrc/dmaps_v2_7/src"

TRACE::2026-08-13.20:33:58::SCWMssOS::make -C ps7_cortexa9_0/libsrc/dmaps_v2_7/src -s include  "SHELL=CMD" "COMPILER=arm-none-eabi-gcc" "ASSEMBLER=arm-none-eabi-as" 
TRACE::2026-08-13.20:33:58::SCWMssOS::"ARCHIVER=arm-none-eabi-ar" "COMPILER_FLAGS=  -O2 -c" "EXTRA_COMPILER_FLAGS=-mcpu=cortex-a9 -mfpu=vfpv3 -mfloat-abi=hard -nosta
TRACE::2026-08-13.20:33:58::SCWMssOS::rtfiles -g -Wall -Wextra"

TRACE::2026-08-13.20:33:58::SCWMssOS::"Running Make include in ps7_cortexa9_0/libsrc/emacps_v3_12/src"

TRACE::2026-08-13.20:33:58::SCWMssOS::make -C ps7_cortexa9_0/libsrc/emacps_v3_12/src -s include  "SHELL=CMD" "COMPILER=arm-none-eabi-gcc" "ASSEMBLER=arm-none-eabi-as
TRACE::2026-08-13.20:33:58::SCWMssOS::" "ARCHIVER=arm-none-eabi-ar" "COMPILER_FLAGS=  -O2 -c" "EXTRA_COMPILER_FLAGS=-mcpu=cortex-a9 -mfpu=vfpv3 -mfloat-abi=hard -nos
TRACE::2026-08-13.20:33:58::SCWMssOS::tartfiles -g -Wall -Wextra"

TRACE::2026-08-13.20:33:58::SCWMssOS::"Running Make include in ps7_cortexa9_0/libsrc/gpiops_v3_8/src"

TRACE::2026-08-13.20:33:58::SCWMssOS::make -C ps7_cortexa9_0/libsrc/gpiops_v3_8/src -s include  "SHELL=CMD" "COMPILER=arm-none-eabi-gcc" "ASSEMBLER=arm-none-eabi-as"
TRACE::2026-08-13.20:33:58::SCWMssOS:: "ARCHIVER=arm-none-eabi-ar" "COMPILER_FLAGS=  -O2 -c" "EXTRA_COMPILER_FLAGS=-mcpu=cortex-a9 -mfpu=vfpv3 -mfloat-abi=hard -nost
TRACE::2026-08-13.20:33:58::SCWMssOS::artfiles -g -Wall -Wextra"

TRACE::2026-08-13.20:33:58::SCWMssOS::"Running Make include in ps7_cortexa9_0/libsrc/qspips_v3_8/src"

TRACE::2026-08-13.20:33:58::SCWMssOS::make -C ps7_cortexa9_0/libsrc/qspips_v3_8/src -s include  "SHELL=CMD" "COMPILER=arm-none-eabi-gcc" "ASSEMBLER=arm-none-eabi-as"
TRACE::2026-08-13.20:33:58::SCWMssOS:: "ARCHIVER=arm-none-eabi-ar" "COMPILER_FLAGS=  -O2 -c" "EXTRA_COMPILER_FLAGS=-mcpu=cortex-a9 -mfpu=vfpv3 -mfloat-abi=hard -nost
TRACE::2026-08-13.20:33:58::SCWMssOS::artfiles -g -Wall -Wextra"

TRACE::2026-08-13.20:33:58::SCWMssOS::"Running Make include in ps7_cortexa9_0/libsrc/scugic_v4_3/src"

TRACE::2026-08-13.20:33:58::SCWMssOS::make -C ps7_cortexa9_0/libsrc/scugic_v4_3/src -s include  "SHELL=CMD" "COMPILER=arm-none-eabi-gcc" "ASSEMBLER=arm-none-eabi-as"
TRACE::2026-08-13.20:33:58::SCWMssOS:: "ARCHIVER=arm-none-eabi-ar" "COMPILER_FLAGS=  -O2 -c" "EXTRA_COMPILER_FLAGS=-mcpu=cortex-a9 -mfpu=vfpv3 -mfloat-abi=hard -nost
TRACE::2026-08-13.20:33:58::SCWMssOS::artfiles -g -Wall -Wextra"

TRACE::2026-08-13.20:33:58::SCWMssOS::"Running Make include in ps7_cortexa9_0/libsrc/scutimer_v2_3/src"

TRACE::2026-08-13.20:33:58::SCWMssOS::make -C ps7_cortexa9_0/libsrc/scutimer_v2_3/src -s include  "SHELL=CMD" "COMPILER=arm-none-eabi-gcc" "ASSEMBLER=arm-none-eabi-a
TRACE::2026-08-13.20:33:58::SCWMssOS::s" "ARCHIVER=arm-none-eabi-ar" "COMPILER_FLAGS=  -O2 -c" "EXTRA_COMPILER_FLAGS=-mcpu=cortex-a9 -mfpu=vfpv3 -mfloat-abi=hard -no
TRACE::2026-08-13.20:33:58::SCWMssOS::startfiles -g -Wall -Wextra"

TRACE::2026-08-13.20:33:58::SCWMssOS::"Running Make include in ps7_cortexa9_0/libsrc/scuwdt_v2_3/src"

TRACE::2026-08-13.20:33:58::SCWMssOS::make -C ps7_cortexa9_0/libsrc/scuwdt_v2_3/src -s include  "SHELL=CMD" "COMPILER=arm-none-eabi-gcc" "ASSEMBLER=arm-none-eabi-as"
TRACE::2026-08-13.20:33:58::SCWMssOS:: "ARCHIVER=arm-none-eabi-ar" "COMPILER_FLAGS=  -O2 -c" "EXTRA_COMPILER_FLAGS=-mcpu=cortex-a9 -mfpu=vfpv3 -mfloat-abi=hard -nost
TRACE::2026-08-13.20:33:58::SCWMssOS::artfiles -g -Wall -Wextra"

TRACE::2026-08-13.20:33:58::SCWMssOS::"Running Make include in ps7_cortexa9_0/libsrc/sdps_v3_10/src"

TRACE::2026-08-13.20:33:58::SCWMssOS::make -C ps7_cortexa9_0/libsrc/sdps_v3_10/src -s include  "SHELL=CMD" "COMPILER=arm-none-eabi-gcc" "ASSEMBLER=arm-none-eabi-as" 
TRACE::2026-08-13.20:33:58::SCWMssOS::"ARCHIVER=arm-none-eabi-ar" "COMPILER_FLAGS=  -O2 -c" "EXTRA_COMPILER_FLAGS=-mcpu=cortex-a9 -mfpu=vfpv3 -mfloat-abi=hard -nosta
TRACE::2026-08-13.20:33:58::SCWMssOS::rtfiles -g -Wall -Wextra"

TRACE::2026-08-13.20:33:58::SCWMssOS::"Running Make include in ps7_cortexa9_0/libsrc/standalone_v7_3/src"

TRACE::2026-08-13.20:33:58::SCWMssOS::make -C ps7_cortexa9_0/libsrc/standalone_v7_3/src -s include  "SHELL=CMD" "COMPILER=arm-none-eabi-gcc" "ASSEMBLER=arm-none-eabi
TRACE::2026-08-13.20:33:58::SCWMssOS::-as" "ARCHIVER=arm-none-eabi-ar" "COMPILER_FLAGS=  -O2 -c" "EXTRA_COMPILER_FLAGS=-mcpu=cortex-a9 -mfpu=vfpv3 -mfloat-abi=hard -
TRACE::2026-08-13.20:33:58::SCWMssOS::nostartfiles -g -Wall -Wextra"

TRACE::2026-08-13.20:33:58::SCWMssOS::"Running Make include in ps7_cortexa9_0/libsrc/Timer_48_AXI_v1_0/src"

TRACE::2026-08-13.20:33:58::SCWMssOS::make -C ps7_cortexa9_0/libsrc/Timer_48_AXI_v1_0/src -s include  "SHELL=CMD" "COMPILER=arm-none-eabi-gcc" "ASSEMBLER=arm-none-ea
TRACE::2026-08-13.20:33:58::SCWMssOS::bi-as" "ARCHIVER=arm-none-eabi-ar" "COMPILER_FLAGS=  -O2 -c" "EXTRA_COMPILER_FLAGS=-mcpu=cortex-a9 -mfpu=vfpv3 -mfloat-abi=hard
TRACE::2026-08-13.20:33:58::SCWMssOS:: -nostartfiles -g -Wall -Wextra"

TRACE::2026-08-13.20:33:58::SCWMssOS::"Running Make include in ps7_cortexa9_0/libsrc/uartps_v3_10/src"

TRACE::2026-08-13.20:33:58::SCWMssOS::make -C ps7_cortexa9_0/libsrc/uartps_v3_10/src -s include  "SHELL=CMD" "COMPILER=arm-none-eabi-gcc" "ASSEMBLER=arm-none-eabi-as
TRACE::2026-08-13.20:33:58::SCWMssOS::" "ARCHIVER=arm-none-eabi-ar" "COMPILER_FLAGS=  -O2 -c" "EXTRA_COMPILER_FLAGS=-mcpu=cortex-a9 -mfpu=vfpv3 -mfloat-abi=hard -nos
TRACE::2026-08-13.20:33:58::SCWMssOS::tartfiles -g -Wall -Wextra"

TRACE::2026-08-13.20:33:58::SCWMssOS::"Running Make include in ps7_cortexa9_0/libsrc/usbps_v2_6/src"

TRACE::2026-08-13.20:33:58::SCWMssOS::make -C ps7_cortexa9_0/libsrc/usbps_v2_6/src -s include  "SHELL=CMD" "COMPILER=arm-none-eabi-gcc" "ASSEMBLER=arm-none-eabi-as" 
TRACE::2026-08-13.20:33:58::SCWMssOS::"ARCHIVER=arm-none-eabi-ar" "COMPILER_FLAGS=  -O2 -c" "EXTRA_COMPILER_FLAGS=-mcpu=cortex-a9 -mfpu=vfpv3 -mfloat-abi=hard -nosta
TRACE::2026-08-13.20:33:58::SCWMssOS::rtfiles -g -Wall -Wextra"

TRACE::2026-08-13.20:33:58::SCWMssOS::"Running Make include in ps7_cortexa9_0/libsrc/xadcps_v2_5/src"

TRACE::2026-08-13.20:33:58::SCWMssOS::make -C ps7_cortexa9_0/libsrc/xadcps_v2_5/src -s include  "SHELL=CMD" "COMPILER=arm-none-eabi-gcc" "ASSEMBLER=arm-none-eabi-as"
TRACE::2026-08-13.20:33:58::SCWMssOS:: "ARCHIVER=arm-none-eabi-ar" "COMPILER_FLAGS=  -O2 -c" "EXTRA_COMPILER_FLAGS=-mcpu=cortex-a9 -mfpu=vfpv3 -mfloat-abi=hard -nost
TRACE::2026-08-13.20:33:58::SCWMssOS::artfiles -g -Wall -Wextra"

TRACE::2026-08-13.20:33:58::SCWMssOS::"Running Make libs in ps7_cortexa9_0/libsrc/coresightps_dcc_v1_8/src"

TRACE::2026-08-13.20:33:58::SCWMssOS::make -C ps7_cortexa9_0/libsrc/coresightps_dcc_v1_8/src -s libs  "SHELL=CMD" "COMPILER=arm-none-eabi-gcc" "ASSEMBLER=arm-none-ea
TRACE::2026-08-13.20:33:58::SCWMssOS::bi-as" "ARCHIVER=arm-none-eabi-ar" "COMPILER_FLAGS=  -O2 -c" "EXTRA_COMPILER_FLAGS=-mcpu=cortex-a9 -mfpu=vfpv3 -mfloat-abi=hard
TRACE::2026-08-13.20:33:58::SCWMssOS:: -nostartfiles -g -Wall -Wextra"

TRACE::2026-08-13.20:33:58::SCWMssOS::"Running Make libs in ps7_cortexa9_0/libsrc/cpu_cortexa9_v2_10/src"

TRACE::2026-08-13.20:33:58::SCWMssOS::make -C ps7_cortexa9_0/libsrc/cpu_cortexa9_v2_10/src -s libs  "SHELL=CMD" "COMPILER=arm-none-eabi-gcc" "ASSEMBLER=arm-none-eabi
TRACE::2026-08-13.20:33:58::SCWMssOS::-as" "ARCHIVER=arm-none-eabi-ar" "COMPILER_FLAGS=  -O2 -c" "EXTRA_COMPILER_FLAGS=-mcpu=cortex-a9 -mfpu=vfpv3 -mfloat-abi=hard -
TRACE::2026-08-13.20:33:58::SCWMssOS::nostartfiles -g -Wall -Wextra"

TRACE::2026-08-13.20:33:58::SCWMssOS::"Running Make libs in ps7_cortexa9_0/libsrc/ddrps_v1_2/src"

TRACE::2026-08-13.20:33:58::SCWMssOS::make -C ps7_cortexa9_0/libsrc/ddrps_v1_2/src -s libs  "SHELL=CMD" "COMPILER=arm-none-eabi-gcc" "ASSEMBLER=arm-none-eabi-as" "AR
TRACE::2026-08-13.20:33:58::SCWMssOS::CHIVER=arm-none-eabi-ar" "COMPILER_FLAGS=  -O2 -c" "EXTRA_COMPILER_FLAGS=-mcpu=cortex-a9 -mfpu=vfpv3 -mfloat-abi=hard -nostartf
TRACE::2026-08-13.20:33:58::SCWMssOS::iles -g -Wall -Wextra"

TRACE::2026-08-13.20:33:58::SCWMssOS::"Running Make libs in ps7_cortexa9_0/libsrc/devcfg_v3_7/src"

TRACE::2026-08-13.20:33:58::SCWMssOS::make -C ps7_cortexa9_0/libsrc/devcfg_v3_7/src -s libs  "SHELL=CMD" "COMPILER=arm-none-eabi-gcc" "ASSEMBLER=arm-none-eabi-as" "A
TRACE::2026-08-13.20:33:58::SCWMssOS::RCHIVER=arm-none-eabi-ar" "COMPILER_FLAGS=  -O2 -c" "EXTRA_COMPILER_FLAGS=-mcpu=cortex-a9 -mfpu=vfpv3 -mfloat-abi=hard -nostart
TRACE::2026-08-13.20:33:58::SCWMssOS::files -g -Wall -Wextra"

TRACE::2026-08-13.20:33:58::SCWMssOS::"Running Make libs in ps7_cortexa9_0/libsrc/dmaps_v2_7/src"

TRACE::2026-08-13.20:33:58::SCWMssOS::make -C ps7_cortexa9_0/libsrc/dmaps_v2_7/src -s libs  "SHELL=CMD" "COMPILER=arm-none-eabi-gcc" "ASSEMBLER=arm-none-eabi-as" "AR
TRACE::2026-08-13.20:33:58::SCWMssOS::CHIVER=arm-none-eabi-ar" "COMPILER_FLAGS=  -O2 -c" "EXTRA_COMPILER_FLAGS=-mcpu=cortex-a9 -mfpu=vfpv3 -mfloat-abi=hard -nostartf
TRACE::2026-08-13.20:33:58::SCWMssOS::iles -g -Wall -Wextra"

TRACE::2026-08-13.20:33:58::SCWMssOS::"Running Make libs in ps7_cortexa9_0/libsrc/emacps_v3_12/src"

TRACE::2026-08-13.20:33:58::SCWMssOS::make -C ps7_cortexa9_0/libsrc/emacps_v3_12/src -s libs  "SHELL=CMD" "COMPILER=arm-none-eabi-gcc" "ASSEMBLER=arm-none-eabi-as" "
TRACE::2026-08-13.20:33:58::SCWMssOS::ARCHIVER=arm-none-eabi-ar" "COMPILER_FLAGS=  -O2 -c" "EXTRA_COMPILER_FLAGS=-mcpu=cortex-a9 -mfpu=vfpv3 -mfloat-abi=hard -nostar
TRACE::2026-08-13.20:33:58::SCWMssOS::tfiles -g -Wall -Wextra"

TRACE::2026-08-13.20:33:58::SCWMssOS::"Running Make libs in ps7_cortexa9_0/libsrc/gpiops_v3_8/src"

TRACE::2026-08-13.20:33:58::SCWMssOS::make -C ps7_cortexa9_0/libsrc/gpiops_v3_8/src -s libs  "SHELL=CMD" "COMPILER=arm-none-eabi-gcc" "ASSEMBLER=arm-none-eabi-as" "A
TRACE::2026-08-13.20:33:58::SCWMssOS::RCHIVER=arm-none-eabi-ar" "COMPILER_FLAGS=  -O2 -c" "EXTRA_COMPILER_FLAGS=-mcpu=cortex-a9 -mfpu=vfpv3 -mfloat-abi=hard -nostart
TRACE::2026-08-13.20:33:58::SCWMssOS::files -g -Wall -Wextra"

TRACE::2026-08-13.20:33:58::SCWMssOS::"Running Make libs in ps7_cortexa9_0/libsrc/qspips_v3_8/src"

TRACE::2026-08-13.20:33:58::SCWMssOS::make -C ps7_cortexa9_0/libsrc/qspips_v3_8/src -s libs  "SHELL=CMD" "COMPILER=arm-none-eabi-gcc" "ASSEMBLER=arm-none-eabi-as" "A
TRACE::2026-08-13.20:33:58::SCWMssOS::RCHIVER=arm-none-eabi-ar" "COMPILER_FLAGS=  -O2 -c" "EXTRA_COMPILER_FLAGS=-mcpu=cortex-a9 -mfpu=vfpv3 -mfloat-abi=hard -nostart
TRACE::2026-08-13.20:33:58::SCWMssOS::files -g -Wall -Wextra"

TRACE::2026-08-13.20:33:58::SCWMssOS::"Running Make libs in ps7_cortexa9_0/libsrc/scugic_v4_3/src"

TRACE::2026-08-13.20:33:58::SCWMssOS::make -C ps7_cortexa9_0/libsrc/scugic_v4_3/src -s libs  "SHELL=CMD" "COMPILER=arm-none-eabi-gcc" "ASSEMBLER=arm-none-eabi-as" "A
TRACE::2026-08-13.20:33:58::SCWMssOS::RCHIVER=arm-none-eabi-ar" "COMPILER_FLAGS=  -O2 -c" "EXTRA_COMPILER_FLAGS=-mcpu=cortex-a9 -mfpu=vfpv3 -mfloat-abi=hard -nostart
TRACE::2026-08-13.20:33:58::SCWMssOS::files -g -Wall -Wextra"

TRACE::2026-08-13.20:33:58::SCWMssOS::"Running Make libs in ps7_cortexa9_0/libsrc/scutimer_v2_3/src"

TRACE::2026-08-13.20:33:58::SCWMssOS::make -C ps7_cortexa9_0/libsrc/scutimer_v2_3/src -s libs  "SHELL=CMD" "COMPILER=arm-none-eabi-gcc" "ASSEMBLER=arm-none-eabi-as" 
TRACE::2026-08-13.20:33:58::SCWMssOS::"ARCHIVER=arm-none-eabi-ar" "COMPILER_FLAGS=  -O2 -c" "EXTRA_COMPILER_FLAGS=-mcpu=cortex-a9 -mfpu=vfpv3 -mfloat-abi=hard -nosta
TRACE::2026-08-13.20:33:58::SCWMssOS::rtfiles -g -Wall -Wextra"

TRACE::2026-08-13.20:33:58::SCWMssOS::"Running Make libs in ps7_cortexa9_0/libsrc/scuwdt_v2_3/src"

TRACE::2026-08-13.20:33:58::SCWMssOS::make -C ps7_cortexa9_0/libsrc/scuwdt_v2_3/src -s libs  "SHELL=CMD" "COMPILER=arm-none-eabi-gcc" "ASSEMBLER=arm-none-eabi-as" "A
TRACE::2026-08-13.20:33:58::SCWMssOS::RCHIVER=arm-none-eabi-ar" "COMPILER_FLAGS=  -O2 -c" "EXTRA_COMPILER_FLAGS=-mcpu=cortex-a9 -mfpu=vfpv3 -mfloat-abi=hard -nostart
TRACE::2026-08-13.20:33:58::SCWMssOS::files -g -Wall -Wextra"

TRACE::2026-08-13.20:33:58::SCWMssOS::"Running Make libs in ps7_cortexa9_0/libsrc/standalone_v7_3/src"

TRACE::2026-08-13.20:33:58::SCWMssOS::"Running Make libs in ps7_cortexa9_0/libsrc/sdps_v3_10/src"

TRACE::2026-08-13.20:33:58::SCWMssOS::make -C ps7_cortexa9_0/libsrc/sdps_v3_10/src -s libs  "SHELL=CMD" "COMPILER=arm-none-eabi-gcc" "ASSEMBLER=arm-none-eabi-as" "AR
TRACE::2026-08-13.20:33:58::SCWMssOS::CHIVER=arm-none-eabi-ar" "COMPILER_FLAGS=  -O2 -c" "EXTRA_COMPILER_FLAGS=-mcpu=cortex-a9 -mfpu=vfpv3 -mfloat-abi=hard -nostartf
TRACE::2026-08-13.20:33:58::SCWMssOS::iles -g -Wall -Wextra"

TRACE::2026-08-13.20:33:58::SCWMssOS::make -C ps7_cortexa9_0/libsrc/standalone_v7_3/src -s libs  "SHELL=CMD" "COMPILER=arm-none-eabi-gcc" "ASSEMBLER=arm-none-eabi-as
TRACE::2026-08-13.20:33:58::SCWMssOS::" "ARCHIVER=arm-none-eabi-ar" "COMPILER_FLAGS=  -O2 -c" "EXTRA_COMPILER_FLAGS=-mcpu=cortex-a9 -mfpu=vfpv3 -mfloat-abi=hard -nos
TRACE::2026-08-13.20:33:58::SCWMssOS::tartfiles -g -Wall -Wextra"

TRACE::2026-08-13.20:33:58::SCWMssOS::"Running Make libs in ps7_cortexa9_0/libsrc/uartps_v3_10/src"

TRACE::2026-08-13.20:33:58::SCWMssOS::"Running Make libs in ps7_cortexa9_0/libsrc/usbps_v2_6/src"

TRACE::2026-08-13.20:33:58::SCWMssOS::make -C ps7_cortexa9_0/libsrc/uartps_v3_10/src -s libs  "SHELL=CMD" "COMPILER=arm-none-eabi-gcc" "ASSEMBLER=arm-none-eabi-as" "
TRACE::2026-08-13.20:33:58::SCWMssOS::ARCHIVER=arm-none-eabi-ar" "COMPILER_FLAGS=  -O2 -c" "EXTRA_COMPILER_FLAGS=-mcpu=cortex-a9 -mfpu=vfpv3 -mfloat-abi=hard -nostar
TRACE::2026-08-13.20:33:58::SCWMssOS::tfiles -g -Wall -Wextra"

TRACE::2026-08-13.20:33:58::SCWMssOS::make -C ps7_cortexa9_0/libsrc/usbps_v2_6/src -s libs  "SHELL=CMD" "COMPILER=arm-none-eabi-gcc" "ASSEMBLER=arm-none-eabi-as" "AR
TRACE::2026-08-13.20:33:58::SCWMssOS::CHIVER=arm-none-eabi-ar" "COMPILER_FLAGS=  -O2 -c" "EXTRA_COMPILER_FLAGS=-mcpu=cortex-a9 -mfpu=vfpv3 -mfloat-abi=hard -nostartf
TRACE::2026-08-13.20:33:58::SCWMssOS::iles -g -Wall -Wextra"

TRACE::2026-08-13.20:33:58::SCWMssOS::"Running Make libs in ps7_cortexa9_0/libsrc/xadcps_v2_5/src"

TRACE::2026-08-13.20:33:58::SCWMssOS::make -C ps7_cortexa9_0/libsrc/xadcps_v2_5/src -s libs  "SHELL=CMD" "COMPILER=arm-none-eabi-gcc" "ASSEMBLER=arm-none-eabi-as" "A
TRACE::2026-08-13.20:33:58::SCWMssOS::RCHIVER=arm-none-eabi-ar" "COMPILER_FLAGS=  -O2 -c" "EXTRA_COMPILER_FLAGS=-mcpu=cortex-a9 -mfpu=vfpv3 -mfloat-abi=hard -nostart
TRACE::2026-08-13.20:33:58::SCWMssOS::files -g -Wall -Wextra"

TRACE::2026-08-13.20:33:59::SCWMssOS::'Finished building libraries parallelly.'

TRACE::2026-08-13.20:33:59::SCWMssOS::make --no-print-directory archive

TRACE::2026-08-13.20:33:59::SCWMssOS::arm-none-eabi-ar -r  ps7_cortexa9_0/lib/libxil.a ps7_cortexa9_0/lib/xil_printf.o ps7_cortexa9_0/lib/xadcps_selftest.o ps7_corte
TRACE::2026-08-13.20:33:59::SCWMssOS::xa9_0/lib/kill.o ps7_cortexa9_0/lib/xscuwdt_g.o ps7_cortexa9_0/lib/xplatform_info.o ps7_cortexa9_0/lib/xqspips_options.o ps7_co
TRACE::2026-08-13.20:33:59::SCWMssOS::rtexa9_0/lib/print.o ps7_cortexa9_0/lib/xscugic_selftest.o ps7_cortexa9_0/lib/xsdps_card.o ps7_cortexa9_0/lib/xdmaps_g.o ps7_co
TRACE::2026-08-13.20:33:59::SCWMssOS::rtexa9_0/lib/xil_testio.o ps7_cortexa9_0/lib/sleep.o ps7_cortexa9_0/lib/_exit.o ps7_cortexa9_0/lib/xdevcfg_hw.o ps7_cortexa9_0/
TRACE::2026-08-13.20:33:59::SCWMssOS::lib/xscugic_intr.o ps7_cortexa9_0/lib/xadcps_intr.o ps7_cortexa9_0/lib/xpm_counter.o ps7_cortexa9_0/lib/xuartps_sinit.o ps7_cor
TRACE::2026-08-13.20:33:59::SCWMssOS::texa9_0/lib/xscutimer_g.o ps7_cortexa9_0/lib/xdmaps_sinit.o ps7_cortexa9_0/lib/xemacps.o ps7_cortexa9_0/lib/xil_util.o ps7_cort
TRACE::2026-08-13.20:33:59::SCWMssOS::exa9_0/lib/inbyte.o ps7_cortexa9_0/lib/xil_mmu.o ps7_cortexa9_0/lib/xdmaps_selftest.o ps7_cortexa9_0/lib/xscutimer_selftest.o p
TRACE::2026-08-13.20:33:59::SCWMssOS::s7_cortexa9_0/lib/xil_misc_psreset_api.o ps7_cortexa9_0/lib/cpputest_time.o ps7_cortexa9_0/lib/xuartps_options.o ps7_cortexa9_0
TRACE::2026-08-13.20:33:59::SCWMssOS::/lib/xgpiops_g.o ps7_cortexa9_0/lib/close.o ps7_cortexa9_0/lib/xuartps_g.o ps7_cortexa9_0/lib/xsdps.o ps7_cortexa9_0/lib/xil_me
TRACE::2026-08-13.20:33:59::SCWMssOS::m.o ps7_cortexa9_0/lib/xscugic_hw.o ps7_cortexa9_0/lib/xgpiops_sinit.o ps7_cortexa9_0/lib/xgpiops_selftest.o ps7_cortexa9_0/lib
TRACE::2026-08-13.20:33:59::SCWMssOS::/xqspips_selftest.o ps7_cortexa9_0/lib/translation_table.o ps7_cortexa9_0/lib/write.o ps7_cortexa9_0/lib/boot.o ps7_cortexa9_0/
TRACE::2026-08-13.20:33:59::SCWMssOS::lib/xemacps_bdring.o ps7_cortexa9_0/lib/cpu_init.o ps7_cortexa9_0/lib/xscugic_g.o ps7_cortexa9_0/lib/xscutimer_sinit.o ps7_cort
TRACE::2026-08-13.20:33:59::SCWMssOS::exa9_0/lib/xemacps_intr.o ps7_cortexa9_0/lib/usleep.o ps7_cortexa9_0/lib/xil_testmem.o ps7_cortexa9_0/lib/xil_sleepcommon.o ps7
TRACE::2026-08-13.20:33:59::SCWMssOS::_cortexa9_0/lib/unlink.o ps7_cortexa9_0/lib/xadcps.o ps7_cortexa9_0/lib/xdmaps_hw.o ps7_cortexa9_0/lib/xgpiops_intr.o ps7_corte
TRACE::2026-08-13.20:33:59::SCWMssOS::xa9_0/lib/xscugic_sinit.o ps7_cortexa9_0/lib/xil_sleeptimer.o ps7_cortexa9_0/lib/xscuwdt_selftest.o ps7_cortexa9_0/lib/open.o p
TRACE::2026-08-13.20:33:59::SCWMssOS::s7_cortexa9_0/lib/outbyte.o ps7_cortexa9_0/lib/xuartps_selftest.o ps7_cortexa9_0/lib/xuartps_hw.o ps7_cortexa9_0/lib/xsdps_opti
TRACE::2026-08-13.20:33:59::SCWMssOS::ons.o ps7_cortexa9_0/lib/read.o ps7_cortexa9_0/lib/xgpiops_hw.o ps7_cortexa9_0/lib/xusbps_intr.o ps7_cortexa9_0/lib/xqspips_hw.
TRACE::2026-08-13.20:33:59::SCWMssOS::o ps7_cortexa9_0/lib/xil_cache.o ps7_cortexa9_0/lib/xtime_l.o ps7_cortexa9_0/lib/xl2cc_counter.o ps7_cortexa9_0/lib/xsdps_sinit
TRACE::2026-08-13.20:33:59::SCWMssOS::.o ps7_cortexa9_0/lib/asm_vectors.o ps7_cortexa9_0/lib/xdevcfg_intr.o ps7_cortexa9_0/lib/abort.o ps7_cortexa9_0/lib/xdevcfg_g.o
TRACE::2026-08-13.20:33:59::SCWMssOS:: ps7_cortexa9_0/lib/xuartps_intr.o ps7_cortexa9_0/lib/xuartps.o ps7_cortexa9_0/lib/getpid.o ps7_cortexa9_0/lib/xil_testcache.o 
TRACE::2026-08-13.20:33:59::SCWMssOS::ps7_cortexa9_0/lib/xqspips_g.o ps7_cortexa9_0/lib/xemacps_hw.o ps7_cortexa9_0/lib/xdmaps.o ps7_cortexa9_0/lib/xscutimer.o ps7_c
TRACE::2026-08-13.20:33:59::SCWMssOS::ortexa9_0/lib/xscuwdt.o ps7_cortexa9_0/lib/xdevcfg_selftest.o ps7_cortexa9_0/lib/xusbps_hw.o ps7_cortexa9_0/lib/xqspips.o ps7_c
TRACE::2026-08-13.20:33:59::SCWMssOS::ortexa9_0/lib/xemacps_g.o ps7_cortexa9_0/lib/xusbps.o ps7_cortexa9_0/lib/xusbps_sinit.o ps7_cortexa9_0/lib/xemacps_sinit.o ps7_
TRACE::2026-08-13.20:33:59::SCWMssOS::cortexa9_0/lib/xusbps_endpoint.o ps7_cortexa9_0/lib/xscuwdt_sinit.o ps7_cortexa9_0/lib/sbrk.o ps7_cortexa9_0/lib/xgpiops.o ps7_
TRACE::2026-08-13.20:33:59::SCWMssOS::cortexa9_0/lib/xsdps_g.o ps7_cortexa9_0/lib/fstat.o ps7_cortexa9_0/lib/errno.o ps7_cortexa9_0/lib/lseek.o ps7_cortexa9_0/lib/xd
TRACE::2026-08-13.20:33:59::SCWMssOS::evcfg_sinit.o ps7_cortexa9_0/lib/_sbrk.o ps7_cortexa9_0/lib/vectors.o ps7_cortexa9_0/lib/xil_exception.o ps7_cortexa9_0/lib/xem
TRACE::2026-08-13.20:33:59::SCWMssOS::acps_control.o ps7_cortexa9_0/lib/putnum.o ps7_cortexa9_0/lib/xil_clocking.o ps7_cortexa9_0/lib/xil_assert.o ps7_cortexa9_0/lib
TRACE::2026-08-13.20:33:59::SCWMssOS::/xusbps_g.o ps7_cortexa9_0/lib/xsdps_host.o ps7_cortexa9_0/lib/xcoresightpsdcc.o ps7_cortexa9_0/lib/isatty.o ps7_cortexa9_0/lib
TRACE::2026-08-13.20:33:59::SCWMssOS::/xscugic.o ps7_cortexa9_0/lib/xadcps_g.o ps7_cortexa9_0/lib/xil-crt0.o ps7_cortexa9_0/lib/xqspips_sinit.o ps7_cortexa9_0/lib/xa
TRACE::2026-08-13.20:33:59::SCWMssOS::dcps_sinit.o ps7_cortexa9_0/lib/fcntl.o ps7_cortexa9_0/lib/_open.o ps7_cortexa9_0/lib/xdevcfg.o

TRACE::2026-08-13.20:33:59::SCWMssOS::'Finished building libraries'

TRACE::2026-08-13.20:33:59::SCWMssOS::Copying to export directory.
TRACE::2026-08-13.20:33:59::SCWMssOS:: Checking if to create the Supporting Applications
TRACE::2026-08-13.20:33:59::SCWMssOS:: No Linux domain exists, trying to generate FSBL 
LOG::2026-08-13.20:33:59::SCWSystem::Completed Processing the domain standalone_ps7_cortexa9_0
LOG::2026-08-13.20:33:59::SCWSystem::Completed Processing the sysconfig Zynq_Timer48_wrapper
LOG::2026-08-13.20:33:59::SCWPlatform::Completed generating the artifacts for system configuration Zynq_Timer48_wrapper
TRACE::2026-08-13.20:33:59::SCWPlatform::Started preparing the platform 
TRACE::2026-08-13.20:33:59::SCWSystem::Writing the bif file for system config Zynq_Timer48_wrapper
TRACE::2026-08-13.20:33:59::SCWSystem::dir created 
TRACE::2026-08-13.20:33:59::SCWSystem::Writing the bif 
TRACE::2026-08-13.20:33:59::SCWPlatform::Started writing the spfm file 
TRACE::2026-08-13.20:33:59::SCWPlatform::Started writing the xpfm file 
TRACE::2026-08-13.20:33:59::SCWPlatform::Completed generating the platform
TRACE::2026-08-13.20:33:59::SCWMssOS::Saving the mss changes C:/Users/Thomas/Desktop/TP_MISTRE/TP_PROCESSEUR/Projet_Vitis/Zynq_Timer48_wrapper/zynq_fsbl/zynq_fsbl_bsp/system.mss
TRACE::2026-08-13.20:33:59::SCWMssOS::Found a swdesign opened with the mssfile.
TRACE::2026-08-13.20:33:59::SCWMssOS::Completed writemss as part of save.
TRACE::2026-08-13.20:33:59::SCWMssOS::Commit changes completed.
TRACE::2026-08-13.20:33:59::SCWMssOS::Saving the mss changes C:/Users/Thomas/Desktop/TP_MISTRE/TP_PROCESSEUR/Projet_Vitis/Zynq_Timer48_wrapper/ps7_cortexa9_0/standalone_ps7_cortexa9_0/bsp/system.mss
TRACE::2026-08-13.20:33:59::SCWMssOS::Found a swdesign opened with the mssfile.
TRACE::2026-08-13.20:33:59::SCWMssOS::Completed writemss as part of save.
TRACE::2026-08-13.20:33:59::SCWMssOS::Commit changes completed.
TRACE::2026-08-13.20:33:59::SCWPlatform::Trying to open the hw design at C:/Users/Thomas/Desktop/TP_MISTRE/TP_PROCESSEUR/Projet_Vitis/Zynq_Timer48_wrapper/hw/Zynq_Timer48_wrapper.xsa
TRACE::2026-08-13.20:33:59::SCWPlatform::DSA given C:/Users/Thomas/Desktop/TP_MISTRE/TP_PROCESSEUR/Projet_Vitis/Zynq_Timer48_wrapper/hw/Zynq_Timer48_wrapper.xsa
TRACE::2026-08-13.20:33:59::SCWPlatform::DSA absoulate path C:/Users/Thomas/Desktop/TP_MISTRE/TP_PROCESSEUR/Projet_Vitis/Zynq_Timer48_wrapper/hw/Zynq_Timer48_wrapper.xsa
TRACE::2026-08-13.20:33:59::SCWPlatform::DSA directory C:/Users/Thomas/Desktop/TP_MISTRE/TP_PROCESSEUR/Projet_Vitis/Zynq_Timer48_wrapper/hw
TRACE::2026-08-13.20:33:59::SCWPlatform:: Platform Path C:/Users/Thomas/Desktop/TP_MISTRE/TP_PROCESSEUR/Projet_Vitis/Zynq_Timer48_wrapper/hw/Zynq_Timer48_wrapper.xsa
TRACE::2026-08-13.20:33:59::SCWPlatform:: Unique name xilinx:zybo-z7-20::0.0
TRACE::2026-08-13.20:33:59::SCWPlatform::Trying to set the existing hwdb with name Zynq_Timer48_wrapper_0
TRACE::2026-08-13.20:33:59::SCWPlatform::Opened existing hwdb Zynq_Timer48_wrapper_0
TRACE::2026-08-13.20:33:59::SCWPlatform::Found the Hw Db part of the input DSA
TRACE::2026-08-13.20:33:59::SCWMssOS::Checking the sw design at  C:/Users/Thomas/Desktop/TP_MISTRE/TP_PROCESSEUR/Projet_Vitis/Zynq_Timer48_wrapper/zynq_fsbl/zynq_fsbl_bsp/system.mss
TRACE::2026-08-13.20:33:59::SCWMssOS::DEBUG:  swdes dump  C:/Users/Thomas/Desktop/TP_MISTRE/TP_PROCESSEUR/Projet_Vitis/Zynq_Timer48_wrapper/ps7_cortexa9_0/standalone_ps7_cortexa9_0/bsp/system.mss|system_0||
C:/Users/Thomas/Desktop/TP_MISTRE/TP_PROCESSEUR/Projet_Vitis/Zynq_Timer48_wrapper/zynq_fsbl/zynq_fsbl_bsp/system.mss|system||

TRACE::2026-08-13.20:33:59::SCWMssOS::Sw design exists and opened at  C:/Users/Thomas/Desktop/TP_MISTRE/TP_PROCESSEUR/Projet_Vitis/Zynq_Timer48_wrapper/zynq_fsbl/zynq_fsbl_bsp/system.mss
TRACE::2026-08-13.20:33:59::SCWPlatform::Trying to open the hw design at C:/Users/Thomas/Desktop/TP_MISTRE/TP_PROCESSEUR/Projet_Vitis/Zynq_Timer48_wrapper/hw/Zynq_Timer48_wrapper.xsa
TRACE::2026-08-13.20:33:59::SCWPlatform::DSA given C:/Users/Thomas/Desktop/TP_MISTRE/TP_PROCESSEUR/Projet_Vitis/Zynq_Timer48_wrapper/hw/Zynq_Timer48_wrapper.xsa
TRACE::2026-08-13.20:33:59::SCWPlatform::DSA absoulate path C:/Users/Thomas/Desktop/TP_MISTRE/TP_PROCESSEUR/Projet_Vitis/Zynq_Timer48_wrapper/hw/Zynq_Timer48_wrapper.xsa
TRACE::2026-08-13.20:33:59::SCWPlatform::DSA directory C:/Users/Thomas/Desktop/TP_MISTRE/TP_PROCESSEUR/Projet_Vitis/Zynq_Timer48_wrapper/hw
TRACE::2026-08-13.20:33:59::SCWPlatform:: Platform Path C:/Users/Thomas/Desktop/TP_MISTRE/TP_PROCESSEUR/Projet_Vitis/Zynq_Timer48_wrapper/hw/Zynq_Timer48_wrapper.xsa
TRACE::2026-08-13.20:33:59::SCWPlatform:: Unique name xilinx:zybo-z7-20::0.0
TRACE::2026-08-13.20:33:59::SCWPlatform::Trying to set the existing hwdb with name Zynq_Timer48_wrapper_0
TRACE::2026-08-13.20:33:59::SCWPlatform::Opened existing hwdb Zynq_Timer48_wrapper_0
TRACE::2026-08-13.20:33:59::SCWPlatform::Found the Hw Db part of the input DSA
TRACE::2026-08-13.20:33:59::SCWMssOS::Checking the sw design at  C:/Users/Thomas/Desktop/TP_MISTRE/TP_PROCESSEUR/Projet_Vitis/Zynq_Timer48_wrapper/zynq_fsbl/zynq_fsbl_bsp/system.mss
TRACE::2026-08-13.20:33:59::SCWMssOS::DEBUG:  swdes dump  C:/Users/Thomas/Desktop/TP_MISTRE/TP_PROCESSEUR/Projet_Vitis/Zynq_Timer48_wrapper/ps7_cortexa9_0/standalone_ps7_cortexa9_0/bsp/system.mss|system_0||
C:/Users/Thomas/Desktop/TP_MISTRE/TP_PROCESSEUR/Projet_Vitis/Zynq_Timer48_wrapper/zynq_fsbl/zynq_fsbl_bsp/system.mss|system||

TRACE::2026-08-13.20:33:59::SCWMssOS::Sw design exists and opened at  C:/Users/Thomas/Desktop/TP_MISTRE/TP_PROCESSEUR/Projet_Vitis/Zynq_Timer48_wrapper/zynq_fsbl/zynq_fsbl_bsp/system.mss
TRACE::2026-08-13.20:33:59::SCWPlatform::Trying to open the hw design at C:/Users/Thomas/Desktop/TP_MISTRE/TP_PROCESSEUR/Projet_Vitis/Zynq_Timer48_wrapper/hw/Zynq_Timer48_wrapper.xsa
TRACE::2026-08-13.20:33:59::SCWPlatform::DSA given C:/Users/Thomas/Desktop/TP_MISTRE/TP_PROCESSEUR/Projet_Vitis/Zynq_Timer48_wrapper/hw/Zynq_Timer48_wrapper.xsa
TRACE::2026-08-13.20:33:59::SCWPlatform::DSA absoulate path C:/Users/Thomas/Desktop/TP_MISTRE/TP_PROCESSEUR/Projet_Vitis/Zynq_Timer48_wrapper/hw/Zynq_Timer48_wrapper.xsa
TRACE::2026-08-13.20:33:59::SCWPlatform::DSA directory C:/Users/Thomas/Desktop/TP_MISTRE/TP_PROCESSEUR/Projet_Vitis/Zynq_Timer48_wrapper/hw
TRACE::2026-08-13.20:33:59::SCWPlatform:: Platform Path C:/Users/Thomas/Desktop/TP_MISTRE/TP_PROCESSEUR/Projet_Vitis/Zynq_Timer48_wrapper/hw/Zynq_Timer48_wrapper.xsa
TRACE::2026-08-13.20:33:59::SCWPlatform:: Unique name xilinx:zybo-z7-20::0.0
TRACE::2026-08-13.20:33:59::SCWPlatform::Trying to set the existing hwdb with name Zynq_Timer48_wrapper_0
TRACE::2026-08-13.20:33:59::SCWPlatform::Opened existing hwdb Zynq_Timer48_wrapper_0
TRACE::2026-08-13.20:33:59::SCWPlatform::Found the Hw Db part of the input DSA
TRACE::2026-08-13.20:33:59::SCWMssOS::Checking the sw design at  C:/Users/Thomas/Desktop/TP_MISTRE/TP_PROCESSEUR/Projet_Vitis/Zynq_Timer48_wrapper/zynq_fsbl/zynq_fsbl_bsp/system.mss
TRACE::2026-08-13.20:33:59::SCWMssOS::DEBUG:  swdes dump  C:/Users/Thomas/Desktop/TP_MISTRE/TP_PROCESSEUR/Projet_Vitis/Zynq_Timer48_wrapper/ps7_cortexa9_0/standalone_ps7_cortexa9_0/bsp/system.mss|system_0||
C:/Users/Thomas/Desktop/TP_MISTRE/TP_PROCESSEUR/Projet_Vitis/Zynq_Timer48_wrapper/zynq_fsbl/zynq_fsbl_bsp/system.mss|system||

TRACE::2026-08-13.20:33:59::SCWMssOS::Sw design exists and opened at  C:/Users/Thomas/Desktop/TP_MISTRE/TP_PROCESSEUR/Projet_Vitis/Zynq_Timer48_wrapper/zynq_fsbl/zynq_fsbl_bsp/system.mss
TRACE::2026-08-13.20:33:59::SCWPlatform::Trying to open the hw design at C:/Users/Thomas/Desktop/TP_MISTRE/TP_PROCESSEUR/Projet_Vitis/Zynq_Timer48_wrapper/hw/Zynq_Timer48_wrapper.xsa
TRACE::2026-08-13.20:33:59::SCWPlatform::DSA given C:/Users/Thomas/Desktop/TP_MISTRE/TP_PROCESSEUR/Projet_Vitis/Zynq_Timer48_wrapper/hw/Zynq_Timer48_wrapper.xsa
TRACE::2026-08-13.20:33:59::SCWPlatform::DSA absoulate path C:/Users/Thomas/Desktop/TP_MISTRE/TP_PROCESSEUR/Projet_Vitis/Zynq_Timer48_wrapper/hw/Zynq_Timer48_wrapper.xsa
TRACE::2026-08-13.20:33:59::SCWPlatform::DSA directory C:/Users/Thomas/Desktop/TP_MISTRE/TP_PROCESSEUR/Projet_Vitis/Zynq_Timer48_wrapper/hw
TRACE::2026-08-13.20:33:59::SCWPlatform:: Platform Path C:/Users/Thomas/Desktop/TP_MISTRE/TP_PROCESSEUR/Projet_Vitis/Zynq_Timer48_wrapper/hw/Zynq_Timer48_wrapper.xsa
TRACE::2026-08-13.20:33:59::SCWPlatform:: Unique name xilinx:zybo-z7-20::0.0
TRACE::2026-08-13.20:33:59::SCWPlatform::Trying to set the existing hwdb with name Zynq_Timer48_wrapper_0
TRACE::2026-08-13.20:33:59::SCWPlatform::Opened existing hwdb Zynq_Timer48_wrapper_0
TRACE::2026-08-13.20:33:59::SCWPlatform::Found the Hw Db part of the input DSA
TRACE::2026-08-13.20:33:59::SCWMssOS::Checking the sw design at  C:/Users/Thomas/Desktop/TP_MISTRE/TP_PROCESSEUR/Projet_Vitis/Zynq_Timer48_wrapper/ps7_cortexa9_0/standalone_ps7_cortexa9_0/bsp/system.mss
TRACE::2026-08-13.20:33:59::SCWMssOS::DEBUG:  swdes dump  C:/Users/Thomas/Desktop/TP_MISTRE/TP_PROCESSEUR/Projet_Vitis/Zynq_Timer48_wrapper/ps7_cortexa9_0/standalone_ps7_cortexa9_0/bsp/system.mss|system_0||
C:/Users/Thomas/Desktop/TP_MISTRE/TP_PROCESSEUR/Projet_Vitis/Zynq_Timer48_wrapper/zynq_fsbl/zynq_fsbl_bsp/system.mss|system||

TRACE::2026-08-13.20:33:59::SCWMssOS::Sw design exists and opened at  C:/Users/Thomas/Desktop/TP_MISTRE/TP_PROCESSEUR/Projet_Vitis/Zynq_Timer48_wrapper/ps7_cortexa9_0/standalone_ps7_cortexa9_0/bsp/system.mss
TRACE::2026-08-13.20:33:59::SCWPlatform::Trying to open the hw design at C:/Users/Thomas/Desktop/TP_MISTRE/TP_PROCESSEUR/Projet_Vitis/Zynq_Timer48_wrapper/hw/Zynq_Timer48_wrapper.xsa
TRACE::2026-08-13.20:33:59::SCWPlatform::DSA given C:/Users/Thomas/Desktop/TP_MISTRE/TP_PROCESSEUR/Projet_Vitis/Zynq_Timer48_wrapper/hw/Zynq_Timer48_wrapper.xsa
TRACE::2026-08-13.20:33:59::SCWPlatform::DSA absoulate path C:/Users/Thomas/Desktop/TP_MISTRE/TP_PROCESSEUR/Projet_Vitis/Zynq_Timer48_wrapper/hw/Zynq_Timer48_wrapper.xsa
TRACE::2026-08-13.20:33:59::SCWPlatform::DSA directory C:/Users/Thomas/Desktop/TP_MISTRE/TP_PROCESSEUR/Projet_Vitis/Zynq_Timer48_wrapper/hw
TRACE::2026-08-13.20:33:59::SCWPlatform:: Platform Path C:/Users/Thomas/Desktop/TP_MISTRE/TP_PROCESSEUR/Projet_Vitis/Zynq_Timer48_wrapper/hw/Zynq_Timer48_wrapper.xsa
TRACE::2026-08-13.20:33:59::SCWPlatform:: Unique name xilinx:zybo-z7-20::0.0
TRACE::2026-08-13.20:33:59::SCWPlatform::Trying to set the existing hwdb with name Zynq_Timer48_wrapper_0
TRACE::2026-08-13.20:33:59::SCWPlatform::Opened existing hwdb Zynq_Timer48_wrapper_0
TRACE::2026-08-13.20:33:59::SCWPlatform::Found the Hw Db part of the input DSA
TRACE::2026-08-13.20:33:59::SCWMssOS::Checking the sw design at  C:/Users/Thomas/Desktop/TP_MISTRE/TP_PROCESSEUR/Projet_Vitis/Zynq_Timer48_wrapper/ps7_cortexa9_0/standalone_ps7_cortexa9_0/bsp/system.mss
TRACE::2026-08-13.20:33:59::SCWMssOS::DEBUG:  swdes dump  C:/Users/Thomas/Desktop/TP_MISTRE/TP_PROCESSEUR/Projet_Vitis/Zynq_Timer48_wrapper/ps7_cortexa9_0/standalone_ps7_cortexa9_0/bsp/system.mss|system_0||
C:/Users/Thomas/Desktop/TP_MISTRE/TP_PROCESSEUR/Projet_Vitis/Zynq_Timer48_wrapper/zynq_fsbl/zynq_fsbl_bsp/system.mss|system||

TRACE::2026-08-13.20:33:59::SCWMssOS::Sw design exists and opened at  C:/Users/Thomas/Desktop/TP_MISTRE/TP_PROCESSEUR/Projet_Vitis/Zynq_Timer48_wrapper/ps7_cortexa9_0/standalone_ps7_cortexa9_0/bsp/system.mss
TRACE::2026-08-13.20:33:59::SCWPlatform::Trying to open the hw design at C:/Users/Thomas/Desktop/TP_MISTRE/TP_PROCESSEUR/Projet_Vitis/Zynq_Timer48_wrapper/hw/Zynq_Timer48_wrapper.xsa
TRACE::2026-08-13.20:33:59::SCWPlatform::DSA given C:/Users/Thomas/Desktop/TP_MISTRE/TP_PROCESSEUR/Projet_Vitis/Zynq_Timer48_wrapper/hw/Zynq_Timer48_wrapper.xsa
TRACE::2026-08-13.20:33:59::SCWPlatform::DSA absoulate path C:/Users/Thomas/Desktop/TP_MISTRE/TP_PROCESSEUR/Projet_Vitis/Zynq_Timer48_wrapper/hw/Zynq_Timer48_wrapper.xsa
TRACE::2026-08-13.20:33:59::SCWPlatform::DSA directory C:/Users/Thomas/Desktop/TP_MISTRE/TP_PROCESSEUR/Projet_Vitis/Zynq_Timer48_wrapper/hw
TRACE::2026-08-13.20:33:59::SCWPlatform:: Platform Path C:/Users/Thomas/Desktop/TP_MISTRE/TP_PROCESSEUR/Projet_Vitis/Zynq_Timer48_wrapper/hw/Zynq_Timer48_wrapper.xsa
TRACE::2026-08-13.20:33:59::SCWPlatform:: Unique name xilinx:zybo-z7-20::0.0
TRACE::2026-08-13.20:33:59::SCWPlatform::Trying to set the existing hwdb with name Zynq_Timer48_wrapper_0
TRACE::2026-08-13.20:33:59::SCWPlatform::Opened existing hwdb Zynq_Timer48_wrapper_0
TRACE::2026-08-13.20:33:59::SCWPlatform::Found the Hw Db part of the input DSA
TRACE::2026-08-13.20:33:59::SCWMssOS::Checking the sw design at  C:/Users/Thomas/Desktop/TP_MISTRE/TP_PROCESSEUR/Projet_Vitis/Zynq_Timer48_wrapper/ps7_cortexa9_0/standalone_ps7_cortexa9_0/bsp/system.mss
TRACE::2026-08-13.20:33:59::SCWMssOS::DEBUG:  swdes dump  C:/Users/Thomas/Desktop/TP_MISTRE/TP_PROCESSEUR/Projet_Vitis/Zynq_Timer48_wrapper/ps7_cortexa9_0/standalone_ps7_cortexa9_0/bsp/system.mss|system_0||
C:/Users/Thomas/Desktop/TP_MISTRE/TP_PROCESSEUR/Projet_Vitis/Zynq_Timer48_wrapper/zynq_fsbl/zynq_fsbl_bsp/system.mss|system||

TRACE::2026-08-13.20:33:59::SCWMssOS::Sw design exists and opened at  C:/Users/Thomas/Desktop/TP_MISTRE/TP_PROCESSEUR/Projet_Vitis/Zynq_Timer48_wrapper/ps7_cortexa9_0/standalone_ps7_cortexa9_0/bsp/system.mss
TRACE::2026-08-13.20:33:59::SCWWriter::formatted JSON is {
	"platformName":	"Zynq_Timer48_wrapper",
	"sprVersion":	"2.0",
	"mode":	"gui",
	"dsaType":	"Fixed",
	"platformDesc":	"Zynq_Timer48_wrapper",
	"platHandOff":	"<platformDir>.xsa",
	"platIntHandOff":	"<platformDir>/hw/Zynq_Timer48_wrapper.xsa",
	"deviceType":	"zynq",
	"platIsPrebuiltAutogen":	"false",
	"platIsNoBootBsp":	"false",
	"platFsblTarget":	"ps7_cortexa9_0",
	"hasFsblMakeHasChanges":	"false",
	"hasPmufwMakeHasChanges":	"false",
	"fsblExtraCompilerFlags":	"-MMD -MP       -mcpu=cortex-a9 -mfpu=vfpv3 -mfloat-abi=hard ",
	"platPreBuiltFlag":	false,
	"platformSamplesDir":	"",
	"platActiveSys":	"Zynq_Timer48_wrapper",
	"systems":	[{
			"systemName":	"Zynq_Timer48_wrapper",
			"systemDesc":	"Zynq_Timer48_wrapper",
			"sysIsBootAutoGen":	"true",
			"systemDispName":	"Zynq_Timer48_wrapper",
			"sysActiveDom":	"standalone_ps7_cortexa9_0",
			"sysDefaultDom":	"standalone_ps7_cortexa9_0",
			"domains":	[{
					"domainName":	"zynq_fsbl",
					"domainDispName":	"zynq_fsbl",
					"domainDesc":	"FSBL Application BSP - Auto Generated.",
					"processors":	"ps7_cortexa9_0",
					"os":	"standalone",
					"sdxOs":	"standalone",
					"debugEnable":	"",
					"domRuntimes":	["cpp"],
					"swRepo":	"",
					"mssOsVer":	"7.3",
					"mssFile":	"",
					"md5Digest":	"99028fef9c9eede53e418ce3239b2f17",
					"compatibleApp":	"zynq_fsbl",
					"domType":	"bootDomain",
					"arch":	"32-bit",
					"appSettings":	{
						"appCompilerFlags":	"",
						"appLinkerFlags":	""
					},
					"addedLibs":	["xilffs:4.4", "xilrsa:1.6"],
					"libOptions":	{
						"libsContainingOptions":	[]
					},
					"prebuiltLibs":	{
						"prebuiltIncPath":	[],
						"prebuiltLibPath":	[]
					},
					"isolation":	{
					}
				}, {
					"domainName":	"standalone_ps7_cortexa9_0",
					"domainDispName":	"standalone_ps7_cortexa9_0",
					"domainDesc":	"standalone_ps7_cortexa9_0",
					"processors":	"ps7_cortexa9_0",
					"os":	"standalone",
					"sdxOs":	"standalone",
					"qemuArgs":	"C:/Xilinx/Vitis/2020.2/data/emulation/platforms/zynq/sw/a9_standalone/qemu/qemu_args.txt",
					"qemuData":	"C:/Xilinx/Vitis/2020.2/data/emulation/platforms/zynq/sw/a9_standalone/qemu/",
					"debugEnable":	"False",
					"domRuntimes":	["cpp"],
					"swRepo":	"",
					"mssOsVer":	"7.3",
					"mssFile":	"",
					"md5Digest":	"00782262e1d53e4191dd624e2d41470c",
					"compatibleApp":	"hello_world",
					"domType":	"mssDomain",
					"arch":	"32-bit",
					"appSettings":	{
						"appCompilerFlags":	"",
						"appLinkerFlags":	""
					},
					"addedLibs":	[],
					"libOptions":	{
						"libsContainingOptions":	[]
					},
					"prebuiltLibs":	{
						"prebuiltIncPath":	[],
						"prebuiltLibPath":	[]
					},
					"isolation":	{
					}
				}]
		}]
}
KEYINFO::2026-08-13.20:33:59::SCWPlatform::updated the xpfm file.
TRACE::2026-08-13.20:34:00::SCWPlatform::Trying to open the hw design at C:/Users/Thomas/Desktop/TP_MISTRE/TP_PROCESSEUR/Projet_Vitis/Zynq_Timer48_wrapper/hw/Zynq_Timer48_wrapper.xsa
TRACE::2026-08-13.20:34:00::SCWPlatform::DSA given C:/Users/Thomas/Desktop/TP_MISTRE/TP_PROCESSEUR/Projet_Vitis/Zynq_Timer48_wrapper/hw/Zynq_Timer48_wrapper.xsa
TRACE::2026-08-13.20:34:00::SCWPlatform::DSA absoulate path C:/Users/Thomas/Desktop/TP_MISTRE/TP_PROCESSEUR/Projet_Vitis/Zynq_Timer48_wrapper/hw/Zynq_Timer48_wrapper.xsa
TRACE::2026-08-13.20:34:00::SCWPlatform::DSA directory C:/Users/Thomas/Desktop/TP_MISTRE/TP_PROCESSEUR/Projet_Vitis/Zynq_Timer48_wrapper/hw
TRACE::2026-08-13.20:34:00::SCWPlatform:: Platform Path C:/Users/Thomas/Desktop/TP_MISTRE/TP_PROCESSEUR/Projet_Vitis/Zynq_Timer48_wrapper/hw/Zynq_Timer48_wrapper.xsa
TRACE::2026-08-13.20:34:00::SCWPlatform:: Unique name xilinx:zybo-z7-20::0.0
TRACE::2026-08-13.20:34:00::SCWPlatform::Trying to set the existing hwdb with name Zynq_Timer48_wrapper_0
TRACE::2026-08-13.20:34:00::SCWPlatform::Opened existing hwdb Zynq_Timer48_wrapper_0
TRACE::2026-08-13.20:34:00::SCWPlatform::Found the Hw Db part of the input DSA
TRACE::2026-08-13.20:34:00::SCWMssOS::Checking the sw design at  C:/Users/Thomas/Desktop/TP_MISTRE/TP_PROCESSEUR/Projet_Vitis/Zynq_Timer48_wrapper/ps7_cortexa9_0/standalone_ps7_cortexa9_0/bsp/system.mss
TRACE::2026-08-13.20:34:00::SCWMssOS::DEBUG:  swdes dump  C:/Users/Thomas/Desktop/TP_MISTRE/TP_PROCESSEUR/Projet_Vitis/Zynq_Timer48_wrapper/ps7_cortexa9_0/standalone_ps7_cortexa9_0/bsp/system.mss|system_0||
C:/Users/Thomas/Desktop/TP_MISTRE/TP_PROCESSEUR/Projet_Vitis/Zynq_Timer48_wrapper/zynq_fsbl/zynq_fsbl_bsp/system.mss|system||

TRACE::2026-08-13.20:34:00::SCWMssOS::Sw design exists and opened at  C:/Users/Thomas/Desktop/TP_MISTRE/TP_PROCESSEUR/Projet_Vitis/Zynq_Timer48_wrapper/ps7_cortexa9_0/standalone_ps7_cortexa9_0/bsp/system.mss
TRACE::2026-08-14.18:47:29::SCWPlatform::Trying to open the hw design at C:/Users/Thomas/Desktop/TP_MISTRE/TP_PROCESSEUR/Projet_Vitis/Zynq_Timer48_wrapper/hw/Zynq_Timer48_wrapper.xsa
TRACE::2026-08-14.18:47:29::SCWPlatform::DSA given C:/Users/Thomas/Desktop/TP_MISTRE/TP_PROCESSEUR/Projet_Vitis/Zynq_Timer48_wrapper/hw/Zynq_Timer48_wrapper.xsa
TRACE::2026-08-14.18:47:29::SCWPlatform::DSA absoulate path C:/Users/Thomas/Desktop/TP_MISTRE/TP_PROCESSEUR/Projet_Vitis/Zynq_Timer48_wrapper/hw/Zynq_Timer48_wrapper.xsa
TRACE::2026-08-14.18:47:30::SCWPlatform::DSA directory C:/Users/Thomas/Desktop/TP_MISTRE/TP_PROCESSEUR/Projet_Vitis/Zynq_Timer48_wrapper/hw
TRACE::2026-08-14.18:47:30::SCWPlatform:: Platform Path C:/Users/Thomas/Desktop/TP_MISTRE/TP_PROCESSEUR/Projet_Vitis/Zynq_Timer48_wrapper/hw/Zynq_Timer48_wrapper.xsa
TRACE::2026-08-14.18:47:30::SCWPlatform:: Unique name xilinx:zybo-z7-20::0.0
TRACE::2026-08-14.18:47:30::SCWPlatform::Do not have an existing db opened. 
TRACE::2026-08-14.18:47:32::SCWPlatform::Opened new HwDB with name Zynq_Timer48_wrapper
TRACE::2026-08-14.18:47:32::SCWReader::Active system found as  Zynq_Timer48_wrapper
TRACE::2026-08-14.18:47:32::SCWReader::Handling sysconfig Zynq_Timer48_wrapper
TRACE::2026-08-14.18:47:32::SCWDomain::checking for install qemu data   : 
TRACE::2026-08-14.18:47:32::SCWDomain:: Using the QEMU Data from install at  : C:/Xilinx/Vitis/2020.2/data/emulation/platforms/zynq/sw/a9_standalone/qemu/
TRACE::2026-08-14.18:47:32::SCWDomain:: Using the QEMU args  from install at  : C:/Xilinx/Vitis/2020.2/data/emulation/platforms/zynq/sw/a9_standalone/qemu/qemu_args.txt
TRACE::2026-08-14.18:47:32::SCWPlatform::Trying to open the hw design at C:/Users/Thomas/Desktop/TP_MISTRE/TP_PROCESSEUR/Projet_Vitis/Zynq_Timer48_wrapper/hw/Zynq_Timer48_wrapper.xsa
TRACE::2026-08-14.18:47:32::SCWPlatform::DSA given C:/Users/Thomas/Desktop/TP_MISTRE/TP_PROCESSEUR/Projet_Vitis/Zynq_Timer48_wrapper/hw/Zynq_Timer48_wrapper.xsa
TRACE::2026-08-14.18:47:32::SCWPlatform::DSA absoulate path C:/Users/Thomas/Desktop/TP_MISTRE/TP_PROCESSEUR/Projet_Vitis/Zynq_Timer48_wrapper/hw/Zynq_Timer48_wrapper.xsa
TRACE::2026-08-14.18:47:32::SCWPlatform::DSA directory C:/Users/Thomas/Desktop/TP_MISTRE/TP_PROCESSEUR/Projet_Vitis/Zynq_Timer48_wrapper/hw
TRACE::2026-08-14.18:47:32::SCWPlatform:: Platform Path C:/Users/Thomas/Desktop/TP_MISTRE/TP_PROCESSEUR/Projet_Vitis/Zynq_Timer48_wrapper/hw/Zynq_Timer48_wrapper.xsa
TRACE::2026-08-14.18:47:32::SCWPlatform:: Unique name xilinx:zybo-z7-20::0.0
TRACE::2026-08-14.18:47:32::SCWPlatform::Trying to set the existing hwdb with name Zynq_Timer48_wrapper
TRACE::2026-08-14.18:47:32::SCWPlatform::Opened existing hwdb Zynq_Timer48_wrapper
TRACE::2026-08-14.18:47:32::SCWPlatform::Found the Hw Db part of the input DSA
TRACE::2026-08-14.18:47:32::SCWPlatform::Trying to open the hw design at C:/Users/Thomas/Desktop/TP_MISTRE/TP_PROCESSEUR/Projet_Vitis/Zynq_Timer48_wrapper/hw/Zynq_Timer48_wrapper.xsa
TRACE::2026-08-14.18:47:32::SCWPlatform::DSA given C:/Users/Thomas/Desktop/TP_MISTRE/TP_PROCESSEUR/Projet_Vitis/Zynq_Timer48_wrapper/hw/Zynq_Timer48_wrapper.xsa
TRACE::2026-08-14.18:47:32::SCWPlatform::DSA absoulate path C:/Users/Thomas/Desktop/TP_MISTRE/TP_PROCESSEUR/Projet_Vitis/Zynq_Timer48_wrapper/hw/Zynq_Timer48_wrapper.xsa
TRACE::2026-08-14.18:47:32::SCWPlatform::DSA directory C:/Users/Thomas/Desktop/TP_MISTRE/TP_PROCESSEUR/Projet_Vitis/Zynq_Timer48_wrapper/hw
TRACE::2026-08-14.18:47:32::SCWPlatform:: Platform Path C:/Users/Thomas/Desktop/TP_MISTRE/TP_PROCESSEUR/Projet_Vitis/Zynq_Timer48_wrapper/hw/Zynq_Timer48_wrapper.xsa
TRACE::2026-08-14.18:47:32::SCWPlatform:: Unique name xilinx:zybo-z7-20::0.0
TRACE::2026-08-14.18:47:32::SCWPlatform::Trying to set the existing hwdb with name Zynq_Timer48_wrapper
TRACE::2026-08-14.18:47:32::SCWPlatform::Opened existing hwdb Zynq_Timer48_wrapper
TRACE::2026-08-14.18:47:32::SCWPlatform::Found the Hw Db part of the input DSA
TRACE::2026-08-14.18:47:32::SCWPlatform::Trying to open the hw design at C:/Users/Thomas/Desktop/TP_MISTRE/TP_PROCESSEUR/Projet_Vitis/Zynq_Timer48_wrapper/hw/Zynq_Timer48_wrapper.xsa
TRACE::2026-08-14.18:47:32::SCWPlatform::DSA given C:/Users/Thomas/Desktop/TP_MISTRE/TP_PROCESSEUR/Projet_Vitis/Zynq_Timer48_wrapper/hw/Zynq_Timer48_wrapper.xsa
TRACE::2026-08-14.18:47:32::SCWPlatform::DSA absoulate path C:/Users/Thomas/Desktop/TP_MISTRE/TP_PROCESSEUR/Projet_Vitis/Zynq_Timer48_wrapper/hw/Zynq_Timer48_wrapper.xsa
TRACE::2026-08-14.18:47:32::SCWPlatform::DSA directory C:/Users/Thomas/Desktop/TP_MISTRE/TP_PROCESSEUR/Projet_Vitis/Zynq_Timer48_wrapper/hw
TRACE::2026-08-14.18:47:32::SCWPlatform:: Platform Path C:/Users/Thomas/Desktop/TP_MISTRE/TP_PROCESSEUR/Projet_Vitis/Zynq_Timer48_wrapper/hw/Zynq_Timer48_wrapper.xsa
TRACE::2026-08-14.18:47:32::SCWPlatform:: Unique name xilinx:zybo-z7-20::0.0
TRACE::2026-08-14.18:47:32::SCWPlatform::Trying to set the existing hwdb with name Zynq_Timer48_wrapper
TRACE::2026-08-14.18:47:32::SCWPlatform::Opened existing hwdb Zynq_Timer48_wrapper
TRACE::2026-08-14.18:47:32::SCWPlatform::Found the Hw Db part of the input DSA
TRACE::2026-08-14.18:47:32::SCWReader::Boot application domain added for zynq_fsbl
TRACE::2026-08-14.18:47:32::SCWPlatform::Trying to open the hw design at C:/Users/Thomas/Desktop/TP_MISTRE/TP_PROCESSEUR/Projet_Vitis/Zynq_Timer48_wrapper/hw/Zynq_Timer48_wrapper.xsa
TRACE::2026-08-14.18:47:32::SCWPlatform::DSA given C:/Users/Thomas/Desktop/TP_MISTRE/TP_PROCESSEUR/Projet_Vitis/Zynq_Timer48_wrapper/hw/Zynq_Timer48_wrapper.xsa
TRACE::2026-08-14.18:47:32::SCWPlatform::DSA absoulate path C:/Users/Thomas/Desktop/TP_MISTRE/TP_PROCESSEUR/Projet_Vitis/Zynq_Timer48_wrapper/hw/Zynq_Timer48_wrapper.xsa
TRACE::2026-08-14.18:47:32::SCWPlatform::DSA directory C:/Users/Thomas/Desktop/TP_MISTRE/TP_PROCESSEUR/Projet_Vitis/Zynq_Timer48_wrapper/hw
TRACE::2026-08-14.18:47:32::SCWPlatform:: Platform Path C:/Users/Thomas/Desktop/TP_MISTRE/TP_PROCESSEUR/Projet_Vitis/Zynq_Timer48_wrapper/hw/Zynq_Timer48_wrapper.xsa
TRACE::2026-08-14.18:47:32::SCWPlatform:: Unique name xilinx:zybo-z7-20::0.0
TRACE::2026-08-14.18:47:32::SCWPlatform::Trying to set the existing hwdb with name Zynq_Timer48_wrapper
TRACE::2026-08-14.18:47:32::SCWPlatform::Opened existing hwdb Zynq_Timer48_wrapper
TRACE::2026-08-14.18:47:32::SCWPlatform::Found the Hw Db part of the input DSA
TRACE::2026-08-14.18:47:32::SCWMssOS::Checking the sw design at  C:/Users/Thomas/Desktop/TP_MISTRE/TP_PROCESSEUR/Projet_Vitis/Zynq_Timer48_wrapper/zynq_fsbl/zynq_fsbl_bsp/system.mss
TRACE::2026-08-14.18:47:32::SCWMssOS::DEBUG:  swdes dump  
TRACE::2026-08-14.18:47:32::SCWMssOS::No sw design opened at  C:/Users/Thomas/Desktop/TP_MISTRE/TP_PROCESSEUR/Projet_Vitis/Zynq_Timer48_wrapper/zynq_fsbl/zynq_fsbl_bsp/system.mss
TRACE::2026-08-14.18:47:32::SCWMssOS::mss exists loading the mss file  C:/Users/Thomas/Desktop/TP_MISTRE/TP_PROCESSEUR/Projet_Vitis/Zynq_Timer48_wrapper/zynq_fsbl/zynq_fsbl_bsp/system.mss
TRACE::2026-08-14.18:47:32::SCWMssOS::Opened the sw design from mss  C:/Users/Thomas/Desktop/TP_MISTRE/TP_PROCESSEUR/Projet_Vitis/Zynq_Timer48_wrapper/zynq_fsbl/zynq_fsbl_bsp/system.mss
TRACE::2026-08-14.18:47:32::SCWMssOS::Adding the swdes entry C:/Users/Thomas/Desktop/TP_MISTRE/TP_PROCESSEUR/Projet_Vitis/Zynq_Timer48_wrapper/zynq_fsbl/zynq_fsbl_bsp/system.mss with des name system
TRACE::2026-08-14.18:47:32::SCWMssOS::updating the scw layer about changes
TRACE::2026-08-14.18:47:32::SCWMssOS::Opened the sw design.  C:/Users/Thomas/Desktop/TP_MISTRE/TP_PROCESSEUR/Projet_Vitis/Zynq_Timer48_wrapper/zynq_fsbl/zynq_fsbl_bsp/system.mss
TRACE::2026-08-14.18:47:32::SCWPlatform::Trying to open the hw design at C:/Users/Thomas/Desktop/TP_MISTRE/TP_PROCESSEUR/Projet_Vitis/Zynq_Timer48_wrapper/hw/Zynq_Timer48_wrapper.xsa
TRACE::2026-08-14.18:47:32::SCWPlatform::DSA given C:/Users/Thomas/Desktop/TP_MISTRE/TP_PROCESSEUR/Projet_Vitis/Zynq_Timer48_wrapper/hw/Zynq_Timer48_wrapper.xsa
TRACE::2026-08-14.18:47:32::SCWPlatform::DSA absoulate path C:/Users/Thomas/Desktop/TP_MISTRE/TP_PROCESSEUR/Projet_Vitis/Zynq_Timer48_wrapper/hw/Zynq_Timer48_wrapper.xsa
TRACE::2026-08-14.18:47:32::SCWPlatform::DSA directory C:/Users/Thomas/Desktop/TP_MISTRE/TP_PROCESSEUR/Projet_Vitis/Zynq_Timer48_wrapper/hw
TRACE::2026-08-14.18:47:32::SCWPlatform:: Platform Path C:/Users/Thomas/Desktop/TP_MISTRE/TP_PROCESSEUR/Projet_Vitis/Zynq_Timer48_wrapper/hw/Zynq_Timer48_wrapper.xsa
TRACE::2026-08-14.18:47:32::SCWPlatform:: Unique name xilinx:zybo-z7-20::0.0
TRACE::2026-08-14.18:47:32::SCWPlatform::Trying to set the existing hwdb with name Zynq_Timer48_wrapper
TRACE::2026-08-14.18:47:32::SCWPlatform::Opened existing hwdb Zynq_Timer48_wrapper
TRACE::2026-08-14.18:47:32::SCWPlatform::Found the Hw Db part of the input DSA
TRACE::2026-08-14.18:47:32::SCWMssOS::Checking the sw design at  C:/Users/Thomas/Desktop/TP_MISTRE/TP_PROCESSEUR/Projet_Vitis/Zynq_Timer48_wrapper/zynq_fsbl/zynq_fsbl_bsp/system.mss
TRACE::2026-08-14.18:47:32::SCWMssOS::DEBUG:  swdes dump  C:/Users/Thomas/Desktop/TP_MISTRE/TP_PROCESSEUR/Projet_Vitis/Zynq_Timer48_wrapper/zynq_fsbl/zynq_fsbl_bsp/system.mss|system||

TRACE::2026-08-14.18:47:32::SCWMssOS::Sw design exists and opened at  C:/Users/Thomas/Desktop/TP_MISTRE/TP_PROCESSEUR/Projet_Vitis/Zynq_Timer48_wrapper/zynq_fsbl/zynq_fsbl_bsp/system.mss
TRACE::2026-08-14.18:47:32::SCWMssOS:: library already available in sw design:  xilffs:4.4
TRACE::2026-08-14.18:47:32::SCWPlatform::Trying to open the hw design at C:/Users/Thomas/Desktop/TP_MISTRE/TP_PROCESSEUR/Projet_Vitis/Zynq_Timer48_wrapper/hw/Zynq_Timer48_wrapper.xsa
TRACE::2026-08-14.18:47:32::SCWPlatform::DSA given C:/Users/Thomas/Desktop/TP_MISTRE/TP_PROCESSEUR/Projet_Vitis/Zynq_Timer48_wrapper/hw/Zynq_Timer48_wrapper.xsa
TRACE::2026-08-14.18:47:32::SCWPlatform::DSA absoulate path C:/Users/Thomas/Desktop/TP_MISTRE/TP_PROCESSEUR/Projet_Vitis/Zynq_Timer48_wrapper/hw/Zynq_Timer48_wrapper.xsa
TRACE::2026-08-14.18:47:32::SCWPlatform::DSA directory C:/Users/Thomas/Desktop/TP_MISTRE/TP_PROCESSEUR/Projet_Vitis/Zynq_Timer48_wrapper/hw
TRACE::2026-08-14.18:47:32::SCWPlatform:: Platform Path C:/Users/Thomas/Desktop/TP_MISTRE/TP_PROCESSEUR/Projet_Vitis/Zynq_Timer48_wrapper/hw/Zynq_Timer48_wrapper.xsa
TRACE::2026-08-14.18:47:32::SCWPlatform:: Unique name xilinx:zybo-z7-20::0.0
TRACE::2026-08-14.18:47:32::SCWPlatform::Trying to set the existing hwdb with name Zynq_Timer48_wrapper
TRACE::2026-08-14.18:47:32::SCWPlatform::Opened existing hwdb Zynq_Timer48_wrapper
TRACE::2026-08-14.18:47:32::SCWPlatform::Found the Hw Db part of the input DSA
TRACE::2026-08-14.18:47:32::SCWMssOS::Checking the sw design at  C:/Users/Thomas/Desktop/TP_MISTRE/TP_PROCESSEUR/Projet_Vitis/Zynq_Timer48_wrapper/zynq_fsbl/zynq_fsbl_bsp/system.mss
TRACE::2026-08-14.18:47:32::SCWMssOS::DEBUG:  swdes dump  C:/Users/Thomas/Desktop/TP_MISTRE/TP_PROCESSEUR/Projet_Vitis/Zynq_Timer48_wrapper/zynq_fsbl/zynq_fsbl_bsp/system.mss|system||

TRACE::2026-08-14.18:47:32::SCWMssOS::Sw design exists and opened at  C:/Users/Thomas/Desktop/TP_MISTRE/TP_PROCESSEUR/Projet_Vitis/Zynq_Timer48_wrapper/zynq_fsbl/zynq_fsbl_bsp/system.mss
TRACE::2026-08-14.18:47:32::SCWMssOS:: library already available in sw design:  xilrsa:1.6
TRACE::2026-08-14.18:47:32::SCWMssOS::Saving the mss changes C:/Users/Thomas/Desktop/TP_MISTRE/TP_PROCESSEUR/Projet_Vitis/Zynq_Timer48_wrapper/zynq_fsbl/zynq_fsbl_bsp/system.mss
TRACE::2026-08-14.18:47:32::SCWMssOS::Found a swdesign opened with the mssfile.
TRACE::2026-08-14.18:47:32::SCWMssOS::Completed writemss as part of save.
TRACE::2026-08-14.18:47:32::SCWMssOS::Commit changes completed.
TRACE::2026-08-14.18:47:32::SCWReader::Adding prebuilt librarypaths as   
TRACE::2026-08-14.18:47:32::SCWReader::Adding prebuilt incpaths  as   
TRACE::2026-08-14.18:47:32::SCWPlatform::Trying to open the hw design at C:/Users/Thomas/Desktop/TP_MISTRE/TP_PROCESSEUR/Projet_Vitis/Zynq_Timer48_wrapper/hw/Zynq_Timer48_wrapper.xsa
TRACE::2026-08-14.18:47:32::SCWPlatform::DSA given C:/Users/Thomas/Desktop/TP_MISTRE/TP_PROCESSEUR/Projet_Vitis/Zynq_Timer48_wrapper/hw/Zynq_Timer48_wrapper.xsa
TRACE::2026-08-14.18:47:32::SCWPlatform::DSA absoulate path C:/Users/Thomas/Desktop/TP_MISTRE/TP_PROCESSEUR/Projet_Vitis/Zynq_Timer48_wrapper/hw/Zynq_Timer48_wrapper.xsa
TRACE::2026-08-14.18:47:32::SCWPlatform::DSA directory C:/Users/Thomas/Desktop/TP_MISTRE/TP_PROCESSEUR/Projet_Vitis/Zynq_Timer48_wrapper/hw
TRACE::2026-08-14.18:47:32::SCWPlatform:: Platform Path C:/Users/Thomas/Desktop/TP_MISTRE/TP_PROCESSEUR/Projet_Vitis/Zynq_Timer48_wrapper/hw/Zynq_Timer48_wrapper.xsa
TRACE::2026-08-14.18:47:32::SCWPlatform:: Unique name xilinx:zybo-z7-20::0.0
TRACE::2026-08-14.18:47:32::SCWPlatform::Trying to set the existing hwdb with name Zynq_Timer48_wrapper
TRACE::2026-08-14.18:47:32::SCWPlatform::Opened existing hwdb Zynq_Timer48_wrapper
TRACE::2026-08-14.18:47:32::SCWPlatform::Found the Hw Db part of the input DSA
TRACE::2026-08-14.18:47:32::SCWMssOS::Checking the sw design at  C:/Users/Thomas/Desktop/TP_MISTRE/TP_PROCESSEUR/Projet_Vitis/Zynq_Timer48_wrapper/zynq_fsbl/zynq_fsbl_bsp/system.mss
TRACE::2026-08-14.18:47:32::SCWMssOS::DEBUG:  swdes dump  C:/Users/Thomas/Desktop/TP_MISTRE/TP_PROCESSEUR/Projet_Vitis/Zynq_Timer48_wrapper/zynq_fsbl/zynq_fsbl_bsp/system.mss|system||

TRACE::2026-08-14.18:47:32::SCWMssOS::Sw design exists and opened at  C:/Users/Thomas/Desktop/TP_MISTRE/TP_PROCESSEUR/Projet_Vitis/Zynq_Timer48_wrapper/zynq_fsbl/zynq_fsbl_bsp/system.mss
TRACE::2026-08-14.18:47:32::SCWReader::No isolation master present  
TRACE::2026-08-14.18:47:32::SCWDomain::checking for install qemu data   : 
TRACE::2026-08-14.18:47:32::SCWDomain:: Using the QEMU Data from install at  : C:/Xilinx/Vitis/2020.2/data/emulation/platforms/zynq/sw/a9_standalone/qemu/
TRACE::2026-08-14.18:47:32::SCWDomain:: Using the QEMU args  from install at  : C:/Xilinx/Vitis/2020.2/data/emulation/platforms/zynq/sw/a9_standalone/qemu/qemu_args.txt
TRACE::2026-08-14.18:47:32::SCWPlatform::Trying to open the hw design at C:/Users/Thomas/Desktop/TP_MISTRE/TP_PROCESSEUR/Projet_Vitis/Zynq_Timer48_wrapper/hw/Zynq_Timer48_wrapper.xsa
TRACE::2026-08-14.18:47:32::SCWPlatform::DSA given C:/Users/Thomas/Desktop/TP_MISTRE/TP_PROCESSEUR/Projet_Vitis/Zynq_Timer48_wrapper/hw/Zynq_Timer48_wrapper.xsa
TRACE::2026-08-14.18:47:32::SCWPlatform::DSA absoulate path C:/Users/Thomas/Desktop/TP_MISTRE/TP_PROCESSEUR/Projet_Vitis/Zynq_Timer48_wrapper/hw/Zynq_Timer48_wrapper.xsa
TRACE::2026-08-14.18:47:32::SCWPlatform::DSA directory C:/Users/Thomas/Desktop/TP_MISTRE/TP_PROCESSEUR/Projet_Vitis/Zynq_Timer48_wrapper/hw
TRACE::2026-08-14.18:47:32::SCWPlatform:: Platform Path C:/Users/Thomas/Desktop/TP_MISTRE/TP_PROCESSEUR/Projet_Vitis/Zynq_Timer48_wrapper/hw/Zynq_Timer48_wrapper.xsa
TRACE::2026-08-14.18:47:32::SCWPlatform:: Unique name xilinx:zybo-z7-20::0.0
TRACE::2026-08-14.18:47:32::SCWPlatform::Trying to set the existing hwdb with name Zynq_Timer48_wrapper
TRACE::2026-08-14.18:47:32::SCWPlatform::Opened existing hwdb Zynq_Timer48_wrapper
TRACE::2026-08-14.18:47:32::SCWPlatform::Found the Hw Db part of the input DSA
TRACE::2026-08-14.18:47:32::SCWPlatform::Trying to open the hw design at C:/Users/Thomas/Desktop/TP_MISTRE/TP_PROCESSEUR/Projet_Vitis/Zynq_Timer48_wrapper/hw/Zynq_Timer48_wrapper.xsa
TRACE::2026-08-14.18:47:32::SCWPlatform::DSA given C:/Users/Thomas/Desktop/TP_MISTRE/TP_PROCESSEUR/Projet_Vitis/Zynq_Timer48_wrapper/hw/Zynq_Timer48_wrapper.xsa
TRACE::2026-08-14.18:47:32::SCWPlatform::DSA absoulate path C:/Users/Thomas/Desktop/TP_MISTRE/TP_PROCESSEUR/Projet_Vitis/Zynq_Timer48_wrapper/hw/Zynq_Timer48_wrapper.xsa
TRACE::2026-08-14.18:47:32::SCWPlatform::DSA directory C:/Users/Thomas/Desktop/TP_MISTRE/TP_PROCESSEUR/Projet_Vitis/Zynq_Timer48_wrapper/hw
TRACE::2026-08-14.18:47:32::SCWPlatform:: Platform Path C:/Users/Thomas/Desktop/TP_MISTRE/TP_PROCESSEUR/Projet_Vitis/Zynq_Timer48_wrapper/hw/Zynq_Timer48_wrapper.xsa
TRACE::2026-08-14.18:47:32::SCWPlatform:: Unique name xilinx:zybo-z7-20::0.0
TRACE::2026-08-14.18:47:32::SCWPlatform::Trying to set the existing hwdb with name Zynq_Timer48_wrapper
TRACE::2026-08-14.18:47:32::SCWPlatform::Opened existing hwdb Zynq_Timer48_wrapper
TRACE::2026-08-14.18:47:32::SCWPlatform::Found the Hw Db part of the input DSA
TRACE::2026-08-14.18:47:32::SCWPlatform::Trying to open the hw design at C:/Users/Thomas/Desktop/TP_MISTRE/TP_PROCESSEUR/Projet_Vitis/Zynq_Timer48_wrapper/hw/Zynq_Timer48_wrapper.xsa
TRACE::2026-08-14.18:47:32::SCWPlatform::DSA given C:/Users/Thomas/Desktop/TP_MISTRE/TP_PROCESSEUR/Projet_Vitis/Zynq_Timer48_wrapper/hw/Zynq_Timer48_wrapper.xsa
TRACE::2026-08-14.18:47:32::SCWPlatform::DSA absoulate path C:/Users/Thomas/Desktop/TP_MISTRE/TP_PROCESSEUR/Projet_Vitis/Zynq_Timer48_wrapper/hw/Zynq_Timer48_wrapper.xsa
TRACE::2026-08-14.18:47:32::SCWPlatform::DSA directory C:/Users/Thomas/Desktop/TP_MISTRE/TP_PROCESSEUR/Projet_Vitis/Zynq_Timer48_wrapper/hw
TRACE::2026-08-14.18:47:32::SCWPlatform:: Platform Path C:/Users/Thomas/Desktop/TP_MISTRE/TP_PROCESSEUR/Projet_Vitis/Zynq_Timer48_wrapper/hw/Zynq_Timer48_wrapper.xsa
TRACE::2026-08-14.18:47:32::SCWPlatform:: Unique name xilinx:zybo-z7-20::0.0
TRACE::2026-08-14.18:47:32::SCWPlatform::Trying to set the existing hwdb with name Zynq_Timer48_wrapper
TRACE::2026-08-14.18:47:32::SCWPlatform::Opened existing hwdb Zynq_Timer48_wrapper
TRACE::2026-08-14.18:47:32::SCWPlatform::Found the Hw Db part of the input DSA
TRACE::2026-08-14.18:47:32::SCWMssOS::Checking the sw design at  C:/Users/Thomas/Desktop/TP_MISTRE/TP_PROCESSEUR/Projet_Vitis/Zynq_Timer48_wrapper/ps7_cortexa9_0/standalone_ps7_cortexa9_0/bsp/system.mss
TRACE::2026-08-14.18:47:32::SCWMssOS::DEBUG:  swdes dump  C:/Users/Thomas/Desktop/TP_MISTRE/TP_PROCESSEUR/Projet_Vitis/Zynq_Timer48_wrapper/zynq_fsbl/zynq_fsbl_bsp/system.mss|system||

TRACE::2026-08-14.18:47:32::SCWMssOS::No sw design opened at  C:/Users/Thomas/Desktop/TP_MISTRE/TP_PROCESSEUR/Projet_Vitis/Zynq_Timer48_wrapper/ps7_cortexa9_0/standalone_ps7_cortexa9_0/bsp/system.mss
TRACE::2026-08-14.18:47:32::SCWMssOS::mss exists loading the mss file  C:/Users/Thomas/Desktop/TP_MISTRE/TP_PROCESSEUR/Projet_Vitis/Zynq_Timer48_wrapper/ps7_cortexa9_0/standalone_ps7_cortexa9_0/bsp/system.mss
TRACE::2026-08-14.18:47:32::SCWMssOS::Opened the sw design from mss  C:/Users/Thomas/Desktop/TP_MISTRE/TP_PROCESSEUR/Projet_Vitis/Zynq_Timer48_wrapper/ps7_cortexa9_0/standalone_ps7_cortexa9_0/bsp/system.mss
TRACE::2026-08-14.18:47:32::SCWMssOS::Adding the swdes entry C:/Users/Thomas/Desktop/TP_MISTRE/TP_PROCESSEUR/Projet_Vitis/Zynq_Timer48_wrapper/ps7_cortexa9_0/standalone_ps7_cortexa9_0/bsp/system.mss with des name system_0
TRACE::2026-08-14.18:47:32::SCWMssOS::updating the scw layer about changes
TRACE::2026-08-14.18:47:32::SCWMssOS::Opened the sw design.  C:/Users/Thomas/Desktop/TP_MISTRE/TP_PROCESSEUR/Projet_Vitis/Zynq_Timer48_wrapper/ps7_cortexa9_0/standalone_ps7_cortexa9_0/bsp/system.mss
TRACE::2026-08-14.18:47:32::SCWMssOS::Saving the mss changes C:/Users/Thomas/Desktop/TP_MISTRE/TP_PROCESSEUR/Projet_Vitis/Zynq_Timer48_wrapper/ps7_cortexa9_0/standalone_ps7_cortexa9_0/bsp/system.mss
TRACE::2026-08-14.18:47:32::SCWMssOS::Found a swdesign opened with the mssfile.
TRACE::2026-08-14.18:47:32::SCWMssOS::Completed writemss as part of save.
TRACE::2026-08-14.18:47:32::SCWMssOS::Commit changes completed.
TRACE::2026-08-14.18:47:32::SCWReader::Adding prebuilt librarypaths as   
TRACE::2026-08-14.18:47:32::SCWReader::Adding prebuilt incpaths  as   
TRACE::2026-08-14.18:47:32::SCWPlatform::Trying to open the hw design at C:/Users/Thomas/Desktop/TP_MISTRE/TP_PROCESSEUR/Projet_Vitis/Zynq_Timer48_wrapper/hw/Zynq_Timer48_wrapper.xsa
TRACE::2026-08-14.18:47:32::SCWPlatform::DSA given C:/Users/Thomas/Desktop/TP_MISTRE/TP_PROCESSEUR/Projet_Vitis/Zynq_Timer48_wrapper/hw/Zynq_Timer48_wrapper.xsa
TRACE::2026-08-14.18:47:32::SCWPlatform::DSA absoulate path C:/Users/Thomas/Desktop/TP_MISTRE/TP_PROCESSEUR/Projet_Vitis/Zynq_Timer48_wrapper/hw/Zynq_Timer48_wrapper.xsa
TRACE::2026-08-14.18:47:32::SCWPlatform::DSA directory C:/Users/Thomas/Desktop/TP_MISTRE/TP_PROCESSEUR/Projet_Vitis/Zynq_Timer48_wrapper/hw
TRACE::2026-08-14.18:47:32::SCWPlatform:: Platform Path C:/Users/Thomas/Desktop/TP_MISTRE/TP_PROCESSEUR/Projet_Vitis/Zynq_Timer48_wrapper/hw/Zynq_Timer48_wrapper.xsa
TRACE::2026-08-14.18:47:32::SCWPlatform:: Unique name xilinx:zybo-z7-20::0.0
TRACE::2026-08-14.18:47:32::SCWPlatform::Trying to set the existing hwdb with name Zynq_Timer48_wrapper
TRACE::2026-08-14.18:47:32::SCWPlatform::Opened existing hwdb Zynq_Timer48_wrapper
TRACE::2026-08-14.18:47:32::SCWPlatform::Found the Hw Db part of the input DSA
TRACE::2026-08-14.18:47:32::SCWMssOS::Checking the sw design at  C:/Users/Thomas/Desktop/TP_MISTRE/TP_PROCESSEUR/Projet_Vitis/Zynq_Timer48_wrapper/ps7_cortexa9_0/standalone_ps7_cortexa9_0/bsp/system.mss
TRACE::2026-08-14.18:47:32::SCWMssOS::DEBUG:  swdes dump  C:/Users/Thomas/Desktop/TP_MISTRE/TP_PROCESSEUR/Projet_Vitis/Zynq_Timer48_wrapper/ps7_cortexa9_0/standalone_ps7_cortexa9_0/bsp/system.mss|system_0||
C:/Users/Thomas/Desktop/TP_MISTRE/TP_PROCESSEUR/Projet_Vitis/Zynq_Timer48_wrapper/zynq_fsbl/zynq_fsbl_bsp/system.mss|system||

TRACE::2026-08-14.18:47:32::SCWMssOS::Sw design exists and opened at  C:/Users/Thomas/Desktop/TP_MISTRE/TP_PROCESSEUR/Projet_Vitis/Zynq_Timer48_wrapper/ps7_cortexa9_0/standalone_ps7_cortexa9_0/bsp/system.mss
TRACE::2026-08-14.18:47:32::SCWReader::No isolation master present  
LOG::2026-08-14.18:47:32::SCWPlatform::Started generating the artifacts platform Zynq_Timer48_wrapper
TRACE::2026-08-14.18:47:32::SCWPlatform::Sanity checking of platform is completed
LOG::2026-08-14.18:47:32::SCWPlatform::Started generating the artifacts for system configuration Zynq_Timer48_wrapper
LOG::2026-08-14.18:47:32::SCWSystem::Checking the domain zynq_fsbl
LOG::2026-08-14.18:47:32::SCWSystem::Doing application build for :  zynq_fsbl
TRACE::2026-08-14.18:47:32::SCWBDomain::Not a forced makefile updation, No changes are present. 
TRACE::2026-08-14.18:47:32::SCWDomain::Skipping the build for domain :  zynq_fsbl
LOG::2026-08-14.18:47:32::SCWSystem::Checking the domain standalone_ps7_cortexa9_0
LOG::2026-08-14.18:47:32::SCWSystem::Not a boot domain 
LOG::2026-08-14.18:47:32::SCWSystem::Started Processing the domain standalone_ps7_cortexa9_0
TRACE::2026-08-14.18:47:32::SCWDomain::Generating domain artifcats
TRACE::2026-08-14.18:47:32::SCWMssOS::Generating standalone artifcats
TRACE::2026-08-14.18:47:32::SCWMssOS::Copying the qemu file from  C:/Xilinx/Vitis/2020.2/data/emulation/platforms/zynq/sw/a9_standalone/qemu/qemu_args.txt To C:/Users/Thomas/Desktop/TP_MISTRE/TP_PROCESSEUR/Projet_Vitis/Zynq_Timer48_wrapper/export/Zynq_Timer48_wrapper/sw/Zynq_Timer48_wrapper/qemu/
TRACE::2026-08-14.18:47:32::SCWMssOS::Copying the qemu file from  C:/Xilinx/Vitis/2020.2/data/emulation/platforms/zynq/sw/a9_standalone/qemu/qemu_args.txt To C:/Users/Thomas/Desktop/TP_MISTRE/TP_PROCESSEUR/Projet_Vitis/Zynq_Timer48_wrapper/export/Zynq_Timer48_wrapper/sw/Zynq_Timer48_wrapper/standalone_ps7_cortexa9_0/qemu/
TRACE::2026-08-14.18:47:32::SCWMssOS:: Copying the user libraries. 
TRACE::2026-08-14.18:47:32::SCWPlatform::Trying to open the hw design at C:/Users/Thomas/Desktop/TP_MISTRE/TP_PROCESSEUR/Projet_Vitis/Zynq_Timer48_wrapper/hw/Zynq_Timer48_wrapper.xsa
TRACE::2026-08-14.18:47:32::SCWPlatform::DSA given C:/Users/Thomas/Desktop/TP_MISTRE/TP_PROCESSEUR/Projet_Vitis/Zynq_Timer48_wrapper/hw/Zynq_Timer48_wrapper.xsa
TRACE::2026-08-14.18:47:32::SCWPlatform::DSA absoulate path C:/Users/Thomas/Desktop/TP_MISTRE/TP_PROCESSEUR/Projet_Vitis/Zynq_Timer48_wrapper/hw/Zynq_Timer48_wrapper.xsa
TRACE::2026-08-14.18:47:32::SCWPlatform::DSA directory C:/Users/Thomas/Desktop/TP_MISTRE/TP_PROCESSEUR/Projet_Vitis/Zynq_Timer48_wrapper/hw
TRACE::2026-08-14.18:47:32::SCWPlatform:: Platform Path C:/Users/Thomas/Desktop/TP_MISTRE/TP_PROCESSEUR/Projet_Vitis/Zynq_Timer48_wrapper/hw/Zynq_Timer48_wrapper.xsa
TRACE::2026-08-14.18:47:32::SCWPlatform:: Unique name xilinx:zybo-z7-20::0.0
TRACE::2026-08-14.18:47:32::SCWPlatform::Trying to set the existing hwdb with name Zynq_Timer48_wrapper
TRACE::2026-08-14.18:47:32::SCWPlatform::Opened existing hwdb Zynq_Timer48_wrapper
TRACE::2026-08-14.18:47:32::SCWPlatform::Found the Hw Db part of the input DSA
TRACE::2026-08-14.18:47:32::SCWMssOS::Checking the sw design at  C:/Users/Thomas/Desktop/TP_MISTRE/TP_PROCESSEUR/Projet_Vitis/Zynq_Timer48_wrapper/ps7_cortexa9_0/standalone_ps7_cortexa9_0/bsp/system.mss
TRACE::2026-08-14.18:47:32::SCWMssOS::DEBUG:  swdes dump  C:/Users/Thomas/Desktop/TP_MISTRE/TP_PROCESSEUR/Projet_Vitis/Zynq_Timer48_wrapper/ps7_cortexa9_0/standalone_ps7_cortexa9_0/bsp/system.mss|system_0||
C:/Users/Thomas/Desktop/TP_MISTRE/TP_PROCESSEUR/Projet_Vitis/Zynq_Timer48_wrapper/zynq_fsbl/zynq_fsbl_bsp/system.mss|system||

TRACE::2026-08-14.18:47:32::SCWMssOS::Sw design exists and opened at  C:/Users/Thomas/Desktop/TP_MISTRE/TP_PROCESSEUR/Projet_Vitis/Zynq_Timer48_wrapper/ps7_cortexa9_0/standalone_ps7_cortexa9_0/bsp/system.mss
TRACE::2026-08-14.18:47:32::SCWMssOS::Completed writing the mss file at C:/Users/Thomas/Desktop/TP_MISTRE/TP_PROCESSEUR/Projet_Vitis/Zynq_Timer48_wrapper/ps7_cortexa9_0/standalone_ps7_cortexa9_0/bsp
TRACE::2026-08-14.18:47:32::SCWMssOS::Mss edits present, copying mssfile into export location C:/Users/Thomas/Desktop/TP_MISTRE/TP_PROCESSEUR/Projet_Vitis/Zynq_Timer48_wrapper/ps7_cortexa9_0/standalone_ps7_cortexa9_0/bsp/system.mss
TRACE::2026-08-14.18:47:32::SCWMssOS::bsp generated is upto date with the mss file. Skipping bsp generation.
TRACE::2026-08-14.18:47:32::SCWMssOS::BSP is already built. skipping the bsp build ... 
TRACE::2026-08-14.18:47:32::SCWDomain::Skipping the build for domain :  standalone_ps7_cortexa9_0
TRACE::2026-08-14.18:47:32::SCWMssOS::skipping the bsp build ... 
TRACE::2026-08-14.18:47:32::SCWMssOS::Copying to export directory.
TRACE::2026-08-14.18:47:32::SCWMssOS:: Checking if to create the Supporting Applications
TRACE::2026-08-14.18:47:32::SCWMssOS:: No Linux domain exists, trying to generate FSBL 
LOG::2026-08-14.18:47:32::SCWSystem::Completed Processing the domain standalone_ps7_cortexa9_0
LOG::2026-08-14.18:47:32::SCWSystem::Completed Processing the sysconfig Zynq_Timer48_wrapper
LOG::2026-08-14.18:47:32::SCWPlatform::Completed generating the artifacts for system configuration Zynq_Timer48_wrapper
TRACE::2026-08-14.18:47:32::SCWPlatform::Started preparing the platform 
TRACE::2026-08-14.18:47:32::SCWSystem::Writing the bif file for system config Zynq_Timer48_wrapper
TRACE::2026-08-14.18:47:32::SCWSystem::dir created 
TRACE::2026-08-14.18:47:32::SCWSystem::Writing the bif 
TRACE::2026-08-14.18:47:32::SCWPlatform::Started writing the spfm file 
TRACE::2026-08-14.18:47:32::SCWPlatform::Started writing the xpfm file 
TRACE::2026-08-14.18:47:32::SCWPlatform::Completed generating the platform
TRACE::2026-08-14.18:47:32::SCWMssOS::Saving the mss changes C:/Users/Thomas/Desktop/TP_MISTRE/TP_PROCESSEUR/Projet_Vitis/Zynq_Timer48_wrapper/zynq_fsbl/zynq_fsbl_bsp/system.mss
TRACE::2026-08-14.18:47:32::SCWMssOS::Found a swdesign opened with the mssfile.
TRACE::2026-08-14.18:47:32::SCWMssOS::Completed writemss as part of save.
TRACE::2026-08-14.18:47:32::SCWMssOS::Commit changes completed.
TRACE::2026-08-14.18:47:32::SCWMssOS::Saving the mss changes C:/Users/Thomas/Desktop/TP_MISTRE/TP_PROCESSEUR/Projet_Vitis/Zynq_Timer48_wrapper/ps7_cortexa9_0/standalone_ps7_cortexa9_0/bsp/system.mss
TRACE::2026-08-14.18:47:32::SCWMssOS::Found a swdesign opened with the mssfile.
TRACE::2026-08-14.18:47:32::SCWMssOS::Completed writemss as part of save.
TRACE::2026-08-14.18:47:32::SCWMssOS::Commit changes completed.
TRACE::2026-08-14.18:47:32::SCWPlatform::Trying to open the hw design at C:/Users/Thomas/Desktop/TP_MISTRE/TP_PROCESSEUR/Projet_Vitis/Zynq_Timer48_wrapper/hw/Zynq_Timer48_wrapper.xsa
TRACE::2026-08-14.18:47:32::SCWPlatform::DSA given C:/Users/Thomas/Desktop/TP_MISTRE/TP_PROCESSEUR/Projet_Vitis/Zynq_Timer48_wrapper/hw/Zynq_Timer48_wrapper.xsa
TRACE::2026-08-14.18:47:32::SCWPlatform::DSA absoulate path C:/Users/Thomas/Desktop/TP_MISTRE/TP_PROCESSEUR/Projet_Vitis/Zynq_Timer48_wrapper/hw/Zynq_Timer48_wrapper.xsa
TRACE::2026-08-14.18:47:32::SCWPlatform::DSA directory C:/Users/Thomas/Desktop/TP_MISTRE/TP_PROCESSEUR/Projet_Vitis/Zynq_Timer48_wrapper/hw
TRACE::2026-08-14.18:47:32::SCWPlatform:: Platform Path C:/Users/Thomas/Desktop/TP_MISTRE/TP_PROCESSEUR/Projet_Vitis/Zynq_Timer48_wrapper/hw/Zynq_Timer48_wrapper.xsa
TRACE::2026-08-14.18:47:32::SCWPlatform:: Unique name xilinx:zybo-z7-20::0.0
TRACE::2026-08-14.18:47:32::SCWPlatform::Trying to set the existing hwdb with name Zynq_Timer48_wrapper
TRACE::2026-08-14.18:47:32::SCWPlatform::Opened existing hwdb Zynq_Timer48_wrapper
TRACE::2026-08-14.18:47:32::SCWPlatform::Found the Hw Db part of the input DSA
TRACE::2026-08-14.18:47:32::SCWMssOS::Checking the sw design at  C:/Users/Thomas/Desktop/TP_MISTRE/TP_PROCESSEUR/Projet_Vitis/Zynq_Timer48_wrapper/zynq_fsbl/zynq_fsbl_bsp/system.mss
TRACE::2026-08-14.18:47:32::SCWMssOS::DEBUG:  swdes dump  C:/Users/Thomas/Desktop/TP_MISTRE/TP_PROCESSEUR/Projet_Vitis/Zynq_Timer48_wrapper/ps7_cortexa9_0/standalone_ps7_cortexa9_0/bsp/system.mss|system_0||
C:/Users/Thomas/Desktop/TP_MISTRE/TP_PROCESSEUR/Projet_Vitis/Zynq_Timer48_wrapper/zynq_fsbl/zynq_fsbl_bsp/system.mss|system||

TRACE::2026-08-14.18:47:32::SCWMssOS::Sw design exists and opened at  C:/Users/Thomas/Desktop/TP_MISTRE/TP_PROCESSEUR/Projet_Vitis/Zynq_Timer48_wrapper/zynq_fsbl/zynq_fsbl_bsp/system.mss
TRACE::2026-08-14.18:47:32::SCWPlatform::Trying to open the hw design at C:/Users/Thomas/Desktop/TP_MISTRE/TP_PROCESSEUR/Projet_Vitis/Zynq_Timer48_wrapper/hw/Zynq_Timer48_wrapper.xsa
TRACE::2026-08-14.18:47:32::SCWPlatform::DSA given C:/Users/Thomas/Desktop/TP_MISTRE/TP_PROCESSEUR/Projet_Vitis/Zynq_Timer48_wrapper/hw/Zynq_Timer48_wrapper.xsa
TRACE::2026-08-14.18:47:32::SCWPlatform::DSA absoulate path C:/Users/Thomas/Desktop/TP_MISTRE/TP_PROCESSEUR/Projet_Vitis/Zynq_Timer48_wrapper/hw/Zynq_Timer48_wrapper.xsa
TRACE::2026-08-14.18:47:32::SCWPlatform::DSA directory C:/Users/Thomas/Desktop/TP_MISTRE/TP_PROCESSEUR/Projet_Vitis/Zynq_Timer48_wrapper/hw
TRACE::2026-08-14.18:47:32::SCWPlatform:: Platform Path C:/Users/Thomas/Desktop/TP_MISTRE/TP_PROCESSEUR/Projet_Vitis/Zynq_Timer48_wrapper/hw/Zynq_Timer48_wrapper.xsa
TRACE::2026-08-14.18:47:32::SCWPlatform:: Unique name xilinx:zybo-z7-20::0.0
TRACE::2026-08-14.18:47:32::SCWPlatform::Trying to set the existing hwdb with name Zynq_Timer48_wrapper
TRACE::2026-08-14.18:47:32::SCWPlatform::Opened existing hwdb Zynq_Timer48_wrapper
TRACE::2026-08-14.18:47:32::SCWPlatform::Found the Hw Db part of the input DSA
TRACE::2026-08-14.18:47:32::SCWMssOS::Checking the sw design at  C:/Users/Thomas/Desktop/TP_MISTRE/TP_PROCESSEUR/Projet_Vitis/Zynq_Timer48_wrapper/ps7_cortexa9_0/standalone_ps7_cortexa9_0/bsp/system.mss
TRACE::2026-08-14.18:47:32::SCWMssOS::DEBUG:  swdes dump  C:/Users/Thomas/Desktop/TP_MISTRE/TP_PROCESSEUR/Projet_Vitis/Zynq_Timer48_wrapper/ps7_cortexa9_0/standalone_ps7_cortexa9_0/bsp/system.mss|system_0||
C:/Users/Thomas/Desktop/TP_MISTRE/TP_PROCESSEUR/Projet_Vitis/Zynq_Timer48_wrapper/zynq_fsbl/zynq_fsbl_bsp/system.mss|system||

TRACE::2026-08-14.18:47:32::SCWMssOS::Sw design exists and opened at  C:/Users/Thomas/Desktop/TP_MISTRE/TP_PROCESSEUR/Projet_Vitis/Zynq_Timer48_wrapper/ps7_cortexa9_0/standalone_ps7_cortexa9_0/bsp/system.mss
TRACE::2026-08-14.18:47:32::SCWWriter::formatted JSON is {
	"platformName":	"Zynq_Timer48_wrapper",
	"sprVersion":	"2.0",
	"mode":	"gui",
	"dsaType":	"Fixed",
	"platformDesc":	"Zynq_Timer48_wrapper",
	"platHandOff":	"<platformDir>.xsa",
	"platIntHandOff":	"<platformDir>/hw/Zynq_Timer48_wrapper.xsa",
	"deviceType":	"zynq",
	"platIsPrebuiltAutogen":	"false",
	"platIsNoBootBsp":	"false",
	"hasFsblMakeHasChanges":	"false",
	"hasPmufwMakeHasChanges":	"false",
	"fsblExtraCompilerFlags":	"-MMD -MP       -mcpu=cortex-a9 -mfpu=vfpv3 -mfloat-abi=hard ",
	"platPreBuiltFlag":	false,
	"platformSamplesDir":	"",
	"platActiveSys":	"Zynq_Timer48_wrapper",
	"systems":	[{
			"systemName":	"Zynq_Timer48_wrapper",
			"systemDesc":	"Zynq_Timer48_wrapper",
			"sysIsBootAutoGen":	"true",
			"systemDispName":	"Zynq_Timer48_wrapper",
			"sysActiveDom":	"standalone_ps7_cortexa9_0",
			"sysDefaultDom":	"standalone_ps7_cortexa9_0",
			"domains":	[{
					"domainName":	"zynq_fsbl",
					"domainDispName":	"zynq_fsbl",
					"domainDesc":	"FSBL Application BSP - Auto Generated.",
					"processors":	"ps7_cortexa9_0",
					"os":	"standalone",
					"sdxOs":	"standalone",
					"debugEnable":	"",
					"domRuntimes":	["cpp"],
					"swRepo":	"",
					"mssOsVer":	"7.3",
					"mssFile":	"",
					"md5Digest":	"99028fef9c9eede53e418ce3239b2f17",
					"compatibleApp":	"zynq_fsbl",
					"domType":	"bootDomain",
					"arch":	"32-bit",
					"appSettings":	{
						"appCompilerFlags":	"",
						"appLinkerFlags":	""
					},
					"addedLibs":	["xilffs:4.4", "xilrsa:1.6"],
					"libOptions":	{
						"libsContainingOptions":	[]
					},
					"prebuiltLibs":	{
						"prebuiltIncPath":	[],
						"prebuiltLibPath":	[]
					},
					"isolation":	{
					}
				}, {
					"domainName":	"standalone_ps7_cortexa9_0",
					"domainDispName":	"standalone_ps7_cortexa9_0",
					"domainDesc":	"standalone_ps7_cortexa9_0",
					"processors":	"ps7_cortexa9_0",
					"os":	"standalone",
					"sdxOs":	"standalone",
					"qemuArgs":	"C:/Xilinx/Vitis/2020.2/data/emulation/platforms/zynq/sw/a9_standalone/qemu/qemu_args.txt",
					"qemuData":	"C:/Xilinx/Vitis/2020.2/data/emulation/platforms/zynq/sw/a9_standalone/qemu/",
					"debugEnable":	"False",
					"domRuntimes":	["cpp"],
					"swRepo":	"",
					"mssOsVer":	"7.3",
					"mssFile":	"",
					"md5Digest":	"00782262e1d53e4191dd624e2d41470c",
					"compatibleApp":	"",
					"domType":	"mssDomain",
					"arch":	"32-bit",
					"appSettings":	{
						"appCompilerFlags":	"",
						"appLinkerFlags":	""
					},
					"addedLibs":	[],
					"libOptions":	{
						"libsContainingOptions":	[]
					},
					"prebuiltLibs":	{
						"prebuiltIncPath":	[],
						"prebuiltLibPath":	[]
					},
					"isolation":	{
					}
				}]
		}]
}
KEYINFO::2026-08-14.18:47:32::SCWPlatform::updated the xpfm file.
TRACE::2026-08-14.18:47:33::SCWPlatform::Trying to open the hw design at C:/Users/Thomas/Desktop/TP_MISTRE/TP_PROCESSEUR/Projet_Vitis/Zynq_Timer48_wrapper/hw/Zynq_Timer48_wrapper.xsa
TRACE::2026-08-14.18:47:33::SCWPlatform::DSA given C:/Users/Thomas/Desktop/TP_MISTRE/TP_PROCESSEUR/Projet_Vitis/Zynq_Timer48_wrapper/hw/Zynq_Timer48_wrapper.xsa
TRACE::2026-08-14.18:47:33::SCWPlatform::DSA absoulate path C:/Users/Thomas/Desktop/TP_MISTRE/TP_PROCESSEUR/Projet_Vitis/Zynq_Timer48_wrapper/hw/Zynq_Timer48_wrapper.xsa
TRACE::2026-08-14.18:47:33::SCWPlatform::DSA directory C:/Users/Thomas/Desktop/TP_MISTRE/TP_PROCESSEUR/Projet_Vitis/Zynq_Timer48_wrapper/hw
TRACE::2026-08-14.18:47:33::SCWPlatform:: Platform Path C:/Users/Thomas/Desktop/TP_MISTRE/TP_PROCESSEUR/Projet_Vitis/Zynq_Timer48_wrapper/hw/Zynq_Timer48_wrapper.xsa
TRACE::2026-08-14.18:47:33::SCWPlatform:: Unique name xilinx:zybo-z7-20::0.0
TRACE::2026-08-14.18:47:33::SCWPlatform::Trying to set the existing hwdb with name Zynq_Timer48_wrapper
TRACE::2026-08-14.18:47:33::SCWPlatform::Opened existing hwdb Zynq_Timer48_wrapper
TRACE::2026-08-14.18:47:33::SCWPlatform::Found the Hw Db part of the input DSA
TRACE::2026-08-14.18:47:33::SCWMssOS::Checking the sw design at  C:/Users/Thomas/Desktop/TP_MISTRE/TP_PROCESSEUR/Projet_Vitis/Zynq_Timer48_wrapper/ps7_cortexa9_0/standalone_ps7_cortexa9_0/bsp/system.mss
TRACE::2026-08-14.18:47:33::SCWMssOS::DEBUG:  swdes dump  C:/Users/Thomas/Desktop/TP_MISTRE/TP_PROCESSEUR/Projet_Vitis/Zynq_Timer48_wrapper/ps7_cortexa9_0/standalone_ps7_cortexa9_0/bsp/system.mss|system_0||
C:/Users/Thomas/Desktop/TP_MISTRE/TP_PROCESSEUR/Projet_Vitis/Zynq_Timer48_wrapper/zynq_fsbl/zynq_fsbl_bsp/system.mss|system||

TRACE::2026-08-14.18:47:33::SCWMssOS::Sw design exists and opened at  C:/Users/Thomas/Desktop/TP_MISTRE/TP_PROCESSEUR/Projet_Vitis/Zynq_Timer48_wrapper/ps7_cortexa9_0/standalone_ps7_cortexa9_0/bsp/system.mss
