Copyright 1986-2020 Xilinx, Inc. All Rights Reserved.
-----------------------------------------------------------------------------------------------------------------------------------------------------------------------------------------------------------------------
| Tool Version : Vivado v.2020.2 (win64) Build 3064766 Wed Nov 18 09:12:45 MST 2020
| Date         : Tue Aug  4 13:46:50 2026
| Host         : DESKTOP-9P149NQ running 64-bit major release  (build 9200)
| Command      : report_timing_summary -max_paths 10 -file design_1_wrapper_timing_summary_routed.rpt -pb design_1_wrapper_timing_summary_routed.pb -rpx design_1_wrapper_timing_summary_routed.rpx -warn_on_violation
| Design       : design_1_wrapper
| Device       : 7z020-clg400
| Speed File   : -1  PRODUCTION 1.12 2019-11-22
-----------------------------------------------------------------------------------------------------------------------------------------------------------------------------------------------------------------------

Timing Summary Report

------------------------------------------------------------------------------------------------
| Timer Settings
| --------------
------------------------------------------------------------------------------------------------

  Enable Multi Corner Analysis               :  Yes
  Enable Pessimism Removal                   :  Yes
  Pessimism Removal Resolution               :  Nearest Common Node
  Enable Input Delay Default Clock           :  No
  Enable Preset / Clear Arcs                 :  No
  Disable Flight Delays                      :  No
  Ignore I/O Paths                           :  No
  Timing Early Launch at Borrowing Latches   :  No
  Borrow Time for Max Delay Exceptions       :  Yes
  Merge Timing Exceptions                    :  Yes

  Corner  Analyze    Analyze    
  Name    Max Paths  Min Paths  
  ------  ---------  ---------  
  Slow    Yes        Yes        
  Fast    Yes        Yes        



check_timing report

Table of Contents
-----------------
1. checking no_clock (0)
2. checking constant_clock (0)
3. checking pulse_width_clock (0)
4. checking unconstrained_internal_endpoints (0)
5. checking no_input_delay (1)
6. checking no_output_delay (16)
7. checking multiple_clock (0)
8. checking generated_clocks (0)
9. checking loops (0)
10. checking partial_input_delay (0)
11. checking partial_output_delay (0)
12. checking latch_loops (0)

1. checking no_clock (0)
------------------------
 There are 0 register/latch pins with no clock.


2. checking constant_clock (0)
------------------------------
 There are 0 register/latch pins with constant_clock.


3. checking pulse_width_clock (0)
---------------------------------
 There are 0 register/latch pins which need pulse_width check


4. checking unconstrained_internal_endpoints (0)
------------------------------------------------
 There are 0 pins that are not constrained for maximum delay.

 There are 0 pins that are not constrained for maximum delay due to constant clock.


5. checking no_input_delay (1)
------------------------------
 There is 1 input port with no input delay specified. (HIGH)

 There are 0 input ports with no input delay but user has a false path constraint.


6. checking no_output_delay (16)
--------------------------------
 There are 16 ports with no output delay specified. (HIGH)

 There are 0 ports with no output delay but user has a false path constraint

 There are 0 ports with no output delay but with a timing clock defined on it or propagating through it


7. checking multiple_clock (0)
------------------------------
 There are 0 register/latch pins with multiple clocks.


8. checking generated_clocks (0)
--------------------------------
 There are 0 generated clocks that are not connected to a clock source.


9. checking loops (0)
---------------------
 There are 0 combinational loops in the design.


10. checking partial_input_delay (0)
------------------------------------
 There are 0 input ports with partial input delay specified.


11. checking partial_output_delay (0)
-------------------------------------
 There are 0 ports with partial output delay specified.


12. checking latch_loops (0)
----------------------------
 There are 0 combinational latch loops in the design through latch input



------------------------------------------------------------------------------------------------
| Design Timing Summary
| ---------------------
------------------------------------------------------------------------------------------------

    WNS(ns)      TNS(ns)  TNS Failing Endpoints  TNS Total Endpoints      WHS(ns)      THS(ns)  THS Failing Endpoints  THS Total Endpoints     WPWS(ns)     TPWS(ns)  TPWS Failing Endpoints  TPWS Total Endpoints  
    -------      -------  ---------------------  -------------------      -------      -------  ---------------------  -------------------     --------     --------  ----------------------  --------------------  
     -3.554     -120.501                    154                 4038        0.051        0.000                      0                 4022        0.750        0.000                       0                  2312  


Timing constraints are not met.


------------------------------------------------------------------------------------------------
| Clock Summary
| -------------
------------------------------------------------------------------------------------------------

Clock                                                                                       Waveform(ns)         Period(ns)      Frequency(MHz)
-----                                                                                       ------------         ----------      --------------
dbg_hub/inst/BSCANID.u_xsdbm_id/SWITCH_N_EXT_BSCAN.bscan_inst/SERIES7_BSCAN.bscan_inst/TCK  {0.000 16.500}       33.000          30.303          
sys_clk_pin                                                                                 {0.000 4.000}        8.000           125.000         
  clk_out1_design_1_clk_wiz_0_0                                                             {0.000 2.000}        4.000           250.000         
  clkfbout_design_1_clk_wiz_0_0                                                             {0.000 4.000}        8.000           125.000         


------------------------------------------------------------------------------------------------
| Intra Clock Table
| -----------------
------------------------------------------------------------------------------------------------

Clock                                                                                           WNS(ns)      TNS(ns)  TNS Failing Endpoints  TNS Total Endpoints      WHS(ns)      THS(ns)  THS Failing Endpoints  THS Total Endpoints     WPWS(ns)     TPWS(ns)  TPWS Failing Endpoints  TPWS Total Endpoints  
-----                                                                                           -------      -------  ---------------------  -------------------      -------      -------  ---------------------  -------------------     --------     --------  ----------------------  --------------------  
dbg_hub/inst/BSCANID.u_xsdbm_id/SWITCH_N_EXT_BSCAN.bscan_inst/SERIES7_BSCAN.bscan_inst/TCK       25.188        0.000                      0                  928        0.083        0.000                      0                  928       15.250        0.000                       0                   483  
sys_clk_pin                                                                                      -3.554      -50.629                     16                   19        0.391        0.000                      0                   19        2.000        0.000                       0                    22  
  clk_out1_design_1_clk_wiz_0_0                                                                  -0.471      -14.341                     74                 2790        0.051        0.000                      0                 2790        0.750        0.000                       0                  1804  
  clkfbout_design_1_clk_wiz_0_0                                                                                                                                                                                                               5.845        0.000                       0                     3  


------------------------------------------------------------------------------------------------
| Inter Clock Table
| -----------------
------------------------------------------------------------------------------------------------

From Clock                                                                                  To Clock                                                                                        WNS(ns)      TNS(ns)  TNS Failing Endpoints  TNS Total Endpoints      WHS(ns)      THS(ns)  THS Failing Endpoints  THS Total Endpoints  
----------                                                                                  --------                                                                                        -------      -------  ---------------------  -------------------      -------      -------  ---------------------  -------------------  
clk_out1_design_1_clk_wiz_0_0                                                               dbg_hub/inst/BSCANID.u_xsdbm_id/SWITCH_N_EXT_BSCAN.bscan_inst/SERIES7_BSCAN.bscan_inst/TCK        2.517        0.000                      0                    8                                                                        
dbg_hub/inst/BSCANID.u_xsdbm_id/SWITCH_N_EXT_BSCAN.bscan_inst/SERIES7_BSCAN.bscan_inst/TCK  clk_out1_design_1_clk_wiz_0_0                                                                    31.354        0.000                      0                    8                                                                        
sys_clk_pin                                                                                 clk_out1_design_1_clk_wiz_0_0                                                                    -1.136      -55.531                     64                   80        0.383        0.000                      0                   80  


------------------------------------------------------------------------------------------------
| Other Path Groups Table
| -----------------------
------------------------------------------------------------------------------------------------

Path Group                                                                                  From Clock                                                                                  To Clock                                                                                        WNS(ns)      TNS(ns)  TNS Failing Endpoints  TNS Total Endpoints      WHS(ns)      THS(ns)  THS Failing Endpoints  THS Total Endpoints  
----------                                                                                  ----------                                                                                  --------                                                                                        -------      -------  ---------------------  -------------------      -------      -------  ---------------------  -------------------  
**async_default**                                                                           clk_out1_design_1_clk_wiz_0_0                                                               clk_out1_design_1_clk_wiz_0_0                                                                     0.168        0.000                      0                  105        0.330        0.000                      0                  105  
**async_default**                                                                           dbg_hub/inst/BSCANID.u_xsdbm_id/SWITCH_N_EXT_BSCAN.bscan_inst/SERIES7_BSCAN.bscan_inst/TCK  dbg_hub/inst/BSCANID.u_xsdbm_id/SWITCH_N_EXT_BSCAN.bscan_inst/SERIES7_BSCAN.bscan_inst/TCK       28.065        0.000                      0                  100        0.365        0.000                      0                  100  


------------------------------------------------------------------------------------------------
| Timing Details
| --------------
------------------------------------------------------------------------------------------------


---------------------------------------------------------------------------------------------------
From Clock:  dbg_hub/inst/BSCANID.u_xsdbm_id/SWITCH_N_EXT_BSCAN.bscan_inst/SERIES7_BSCAN.bscan_inst/TCK
  To Clock:  dbg_hub/inst/BSCANID.u_xsdbm_id/SWITCH_N_EXT_BSCAN.bscan_inst/SERIES7_BSCAN.bscan_inst/TCK

Setup :            0  Failing Endpoints,  Worst Slack       25.188ns,  Total Violation        0.000ns
Hold  :            0  Failing Endpoints,  Worst Slack        0.083ns,  Total Violation        0.000ns
PW    :            0  Failing Endpoints,  Worst Slack       15.250ns,  Total Violation        0.000ns
---------------------------------------------------------------------------------------------------


Max Delay Paths
--------------------------------------------------------------------------------------
Slack (MET) :             25.188ns  (required time - arrival time)
  Source:                 dbg_hub/inst/BSCANID.u_xsdbm_id/SWITCH_N_EXT_BSCAN.bscan_switch/state_reg[2]/C
                            (rising edge-triggered cell FDRE clocked by dbg_hub/inst/BSCANID.u_xsdbm_id/SWITCH_N_EXT_BSCAN.bscan_inst/SERIES7_BSCAN.bscan_inst/TCK  {rise@0.000ns fall@16.500ns period=33.000ns})
  Destination:            dbg_hub/inst/BSCANID.u_xsdbm_id/SWITCH_N_EXT_BSCAN.bscan_switch/portno_temp_reg[4]/D
                            (rising edge-triggered cell FDRE clocked by dbg_hub/inst/BSCANID.u_xsdbm_id/SWITCH_N_EXT_BSCAN.bscan_inst/SERIES7_BSCAN.bscan_inst/TCK  {rise@0.000ns fall@16.500ns period=33.000ns})
  Path Group:             dbg_hub/inst/BSCANID.u_xsdbm_id/SWITCH_N_EXT_BSCAN.bscan_inst/SERIES7_BSCAN.bscan_inst/TCK
  Path Type:              Setup (Max at Slow Process Corner)
  Requirement:            33.000ns  (dbg_hub/inst/BSCANID.u_xsdbm_id/SWITCH_N_EXT_BSCAN.bscan_inst/SERIES7_BSCAN.bscan_inst/TCK rise@33.000ns - dbg_hub/inst/BSCANID.u_xsdbm_id/SWITCH_N_EXT_BSCAN.bscan_inst/SERIES7_BSCAN.bscan_inst/TCK rise@0.000ns)
  Data Path Delay:        7.745ns  (logic 2.189ns (28.264%)  route 5.556ns (71.736%))
  Logic Levels:           5  (CARRY4=1 LUT3=1 LUT4=1 LUT5=1 LUT6=1)
  Clock Path Skew:        -0.061ns (DCD - SCD + CPR)
    Destination Clock Delay (DCD):    3.712ns = ( 36.712 - 33.000 ) 
    Source Clock Delay      (SCD):    4.212ns
    Clock Pessimism Removal (CPR):    0.439ns
  Clock Uncertainty:      0.035ns  ((TSJ^2 + TIJ^2)^1/2 + DJ) / 2 + PE
    Total System Jitter     (TSJ):    0.071ns
    Total Input Jitter      (TIJ):    0.000ns
    Discrete Jitter          (DJ):    0.000ns
    Phase Error              (PE):    0.000ns

    Location             Delay type                Incr(ns)  Path(ns)    Netlist Resource(s)
  -------------------------------------------------------------------    -------------------
                         (clock dbg_hub/inst/BSCANID.u_xsdbm_id/SWITCH_N_EXT_BSCAN.bscan_inst/SERIES7_BSCAN.bscan_inst/TCK rise edge)
                                                      0.000     0.000 r  
    BSCAN_X0Y0           BSCANE2                      0.000     0.000 r  dbg_hub/inst/BSCANID.u_xsdbm_id/SWITCH_N_EXT_BSCAN.bscan_inst/SERIES7_BSCAN.bscan_inst/TCK
                         net (fo=1, routed)           2.325     2.325    dbg_hub/inst/BSCANID.u_xsdbm_id/tck_bs
    BUFGCTRL_X0Y1        BUFG (Prop_bufg_I_O)         0.101     2.426 r  dbg_hub/inst/BSCANID.u_xsdbm_id/SWITCH_N_EXT_BSCAN.u_bufg_icon_tck/O
                         net (fo=482, routed)         1.786     4.212    dbg_hub/inst/BSCANID.u_xsdbm_id/SWITCH_N_EXT_BSCAN.bscan_switch/s_bscan_tck
    SLICE_X92Y94         FDRE                                         r  dbg_hub/inst/BSCANID.u_xsdbm_id/SWITCH_N_EXT_BSCAN.bscan_switch/state_reg[2]/C
  -------------------------------------------------------------------    -------------------
    SLICE_X92Y94         FDRE (Prop_fdre_C_Q)         0.478     4.690 r  dbg_hub/inst/BSCANID.u_xsdbm_id/SWITCH_N_EXT_BSCAN.bscan_switch/state_reg[2]/Q
                         net (fo=50, routed)          1.938     6.628    dbg_hub/inst/BSCANID.u_xsdbm_id/SWITCH_N_EXT_BSCAN.bscan_switch/state[2]
    SLICE_X86Y95         LUT4 (Prop_lut4_I2_O)        0.329     6.957 r  dbg_hub/inst/BSCANID.u_xsdbm_id/SWITCH_N_EXT_BSCAN.bscan_switch/curid_inferred_i_9/O
                         net (fo=2, routed)           0.969     7.927    dbg_hub/inst/BSCANID.u_xsdbm_id/SWITCH_N_EXT_BSCAN.bscan_switch/curid[23]
    SLICE_X87Y94         LUT6 (Prop_lut6_I1_O)        0.348     8.275 r  dbg_hub/inst/BSCANID.u_xsdbm_id/SWITCH_N_EXT_BSCAN.bscan_switch/state_temp[0]_i_7/O
                         net (fo=1, routed)           0.000     8.275    dbg_hub/inst/BSCANID.u_xsdbm_id/SWITCH_N_EXT_BSCAN.bscan_switch/state_temp[0]_i_7_n_0
    SLICE_X87Y94         CARRY4 (Prop_carry4_S[1]_CO[3])
                                                      0.550     8.825 f  dbg_hub/inst/BSCANID.u_xsdbm_id/SWITCH_N_EXT_BSCAN.bscan_switch/state_temp_reg[0]_i_3/CO[3]
                         net (fo=4, routed)           1.506    10.331    dbg_hub/inst/BSCANID.u_xsdbm_id/SWITCH_N_EXT_BSCAN.bscan_switch/state_temp_reg[0]_i_3_n_0
    SLICE_X92Y94         LUT5 (Prop_lut5_I1_O)        0.153    10.484 r  dbg_hub/inst/BSCANID.u_xsdbm_id/SWITCH_N_EXT_BSCAN.bscan_switch/portno_temp[5]_i_2/O
                         net (fo=7, routed)           1.143    11.626    dbg_hub/inst/BSCANID.u_xsdbm_id/SWITCH_N_EXT_BSCAN.bscan_switch/portno_temp[5]_i_2_n_0
    SLICE_X95Y95         LUT3 (Prop_lut3_I1_O)        0.331    11.957 r  dbg_hub/inst/BSCANID.u_xsdbm_id/SWITCH_N_EXT_BSCAN.bscan_switch/portno_temp[4]_i_1/O
                         net (fo=1, routed)           0.000    11.957    dbg_hub/inst/BSCANID.u_xsdbm_id/SWITCH_N_EXT_BSCAN.bscan_switch/portno_temp[4]_i_1_n_0
    SLICE_X95Y95         FDRE                                         r  dbg_hub/inst/BSCANID.u_xsdbm_id/SWITCH_N_EXT_BSCAN.bscan_switch/portno_temp_reg[4]/D
  -------------------------------------------------------------------    -------------------

                         (clock dbg_hub/inst/BSCANID.u_xsdbm_id/SWITCH_N_EXT_BSCAN.bscan_inst/SERIES7_BSCAN.bscan_inst/TCK rise edge)
                                                     33.000    33.000 r  
    BSCAN_X0Y0           BSCANE2                      0.000    33.000 r  dbg_hub/inst/BSCANID.u_xsdbm_id/SWITCH_N_EXT_BSCAN.bscan_inst/SERIES7_BSCAN.bscan_inst/TCK
                         net (fo=1, routed)           2.010    35.010    dbg_hub/inst/BSCANID.u_xsdbm_id/tck_bs
    BUFGCTRL_X0Y1        BUFG (Prop_bufg_I_O)         0.091    35.101 r  dbg_hub/inst/BSCANID.u_xsdbm_id/SWITCH_N_EXT_BSCAN.u_bufg_icon_tck/O
                         net (fo=482, routed)         1.611    36.712    dbg_hub/inst/BSCANID.u_xsdbm_id/SWITCH_N_EXT_BSCAN.bscan_switch/s_bscan_tck
    SLICE_X95Y95         FDRE                                         r  dbg_hub/inst/BSCANID.u_xsdbm_id/SWITCH_N_EXT_BSCAN.bscan_switch/portno_temp_reg[4]/C
                         clock pessimism              0.439    37.151    
                         clock uncertainty           -0.035    37.116    
    SLICE_X95Y95         FDRE (Setup_fdre_C_D)        0.029    37.145    dbg_hub/inst/BSCANID.u_xsdbm_id/SWITCH_N_EXT_BSCAN.bscan_switch/portno_temp_reg[4]
  -------------------------------------------------------------------
                         required time                         37.145    
                         arrival time                         -11.957    
  -------------------------------------------------------------------
                         slack                                 25.188    

Slack (MET) :             25.188ns  (required time - arrival time)
  Source:                 dbg_hub/inst/BSCANID.u_xsdbm_id/SWITCH_N_EXT_BSCAN.bscan_switch/state_reg[2]/C
                            (rising edge-triggered cell FDRE clocked by dbg_hub/inst/BSCANID.u_xsdbm_id/SWITCH_N_EXT_BSCAN.bscan_inst/SERIES7_BSCAN.bscan_inst/TCK  {rise@0.000ns fall@16.500ns period=33.000ns})
  Destination:            dbg_hub/inst/BSCANID.u_xsdbm_id/SWITCH_N_EXT_BSCAN.bscan_switch/portno_temp_reg[5]/D
                            (rising edge-triggered cell FDRE clocked by dbg_hub/inst/BSCANID.u_xsdbm_id/SWITCH_N_EXT_BSCAN.bscan_inst/SERIES7_BSCAN.bscan_inst/TCK  {rise@0.000ns fall@16.500ns period=33.000ns})
  Path Group:             dbg_hub/inst/BSCANID.u_xsdbm_id/SWITCH_N_EXT_BSCAN.bscan_inst/SERIES7_BSCAN.bscan_inst/TCK
  Path Type:              Setup (Max at Slow Process Corner)
  Requirement:            33.000ns  (dbg_hub/inst/BSCANID.u_xsdbm_id/SWITCH_N_EXT_BSCAN.bscan_inst/SERIES7_BSCAN.bscan_inst/TCK rise@33.000ns - dbg_hub/inst/BSCANID.u_xsdbm_id/SWITCH_N_EXT_BSCAN.bscan_inst/SERIES7_BSCAN.bscan_inst/TCK rise@0.000ns)
  Data Path Delay:        7.747ns  (logic 2.189ns (28.257%)  route 5.558ns (71.743%))
  Logic Levels:           5  (CARRY4=1 LUT3=1 LUT4=1 LUT5=1 LUT6=1)
  Clock Path Skew:        -0.061ns (DCD - SCD + CPR)
    Destination Clock Delay (DCD):    3.712ns = ( 36.712 - 33.000 ) 
    Source Clock Delay      (SCD):    4.212ns
    Clock Pessimism Removal (CPR):    0.439ns
  Clock Uncertainty:      0.035ns  ((TSJ^2 + TIJ^2)^1/2 + DJ) / 2 + PE
    Total System Jitter     (TSJ):    0.071ns
    Total Input Jitter      (TIJ):    0.000ns
    Discrete Jitter          (DJ):    0.000ns
    Phase Error              (PE):    0.000ns

    Location             Delay type                Incr(ns)  Path(ns)    Netlist Resource(s)
  -------------------------------------------------------------------    -------------------
                         (clock dbg_hub/inst/BSCANID.u_xsdbm_id/SWITCH_N_EXT_BSCAN.bscan_inst/SERIES7_BSCAN.bscan_inst/TCK rise edge)
                                                      0.000     0.000 r  
    BSCAN_X0Y0           BSCANE2                      0.000     0.000 r  dbg_hub/inst/BSCANID.u_xsdbm_id/SWITCH_N_EXT_BSCAN.bscan_inst/SERIES7_BSCAN.bscan_inst/TCK
                         net (fo=1, routed)           2.325     2.325    dbg_hub/inst/BSCANID.u_xsdbm_id/tck_bs
    BUFGCTRL_X0Y1        BUFG (Prop_bufg_I_O)         0.101     2.426 r  dbg_hub/inst/BSCANID.u_xsdbm_id/SWITCH_N_EXT_BSCAN.u_bufg_icon_tck/O
                         net (fo=482, routed)         1.786     4.212    dbg_hub/inst/BSCANID.u_xsdbm_id/SWITCH_N_EXT_BSCAN.bscan_switch/s_bscan_tck
    SLICE_X92Y94         FDRE                                         r  dbg_hub/inst/BSCANID.u_xsdbm_id/SWITCH_N_EXT_BSCAN.bscan_switch/state_reg[2]/C
  -------------------------------------------------------------------    -------------------
    SLICE_X92Y94         FDRE (Prop_fdre_C_Q)         0.478     4.690 r  dbg_hub/inst/BSCANID.u_xsdbm_id/SWITCH_N_EXT_BSCAN.bscan_switch/state_reg[2]/Q
                         net (fo=50, routed)          1.938     6.628    dbg_hub/inst/BSCANID.u_xsdbm_id/SWITCH_N_EXT_BSCAN.bscan_switch/state[2]
    SLICE_X86Y95         LUT4 (Prop_lut4_I2_O)        0.329     6.957 r  dbg_hub/inst/BSCANID.u_xsdbm_id/SWITCH_N_EXT_BSCAN.bscan_switch/curid_inferred_i_9/O
                         net (fo=2, routed)           0.969     7.927    dbg_hub/inst/BSCANID.u_xsdbm_id/SWITCH_N_EXT_BSCAN.bscan_switch/curid[23]
    SLICE_X87Y94         LUT6 (Prop_lut6_I1_O)        0.348     8.275 r  dbg_hub/inst/BSCANID.u_xsdbm_id/SWITCH_N_EXT_BSCAN.bscan_switch/state_temp[0]_i_7/O
                         net (fo=1, routed)           0.000     8.275    dbg_hub/inst/BSCANID.u_xsdbm_id/SWITCH_N_EXT_BSCAN.bscan_switch/state_temp[0]_i_7_n_0
    SLICE_X87Y94         CARRY4 (Prop_carry4_S[1]_CO[3])
                                                      0.550     8.825 f  dbg_hub/inst/BSCANID.u_xsdbm_id/SWITCH_N_EXT_BSCAN.bscan_switch/state_temp_reg[0]_i_3/CO[3]
                         net (fo=4, routed)           1.506    10.331    dbg_hub/inst/BSCANID.u_xsdbm_id/SWITCH_N_EXT_BSCAN.bscan_switch/state_temp_reg[0]_i_3_n_0
    SLICE_X92Y94         LUT5 (Prop_lut5_I1_O)        0.153    10.484 r  dbg_hub/inst/BSCANID.u_xsdbm_id/SWITCH_N_EXT_BSCAN.bscan_switch/portno_temp[5]_i_2/O
                         net (fo=7, routed)           1.145    11.628    dbg_hub/inst/BSCANID.u_xsdbm_id/SWITCH_N_EXT_BSCAN.bscan_switch/portno_temp[5]_i_2_n_0
    SLICE_X95Y95         LUT3 (Prop_lut3_I1_O)        0.331    11.959 r  dbg_hub/inst/BSCANID.u_xsdbm_id/SWITCH_N_EXT_BSCAN.bscan_switch/portno_temp[5]_i_1/O
                         net (fo=1, routed)           0.000    11.959    dbg_hub/inst/BSCANID.u_xsdbm_id/SWITCH_N_EXT_BSCAN.bscan_switch/portno_temp[5]_i_1_n_0
    SLICE_X95Y95         FDRE                                         r  dbg_hub/inst/BSCANID.u_xsdbm_id/SWITCH_N_EXT_BSCAN.bscan_switch/portno_temp_reg[5]/D
  -------------------------------------------------------------------    -------------------

                         (clock dbg_hub/inst/BSCANID.u_xsdbm_id/SWITCH_N_EXT_BSCAN.bscan_inst/SERIES7_BSCAN.bscan_inst/TCK rise edge)
                                                     33.000    33.000 r  
    BSCAN_X0Y0           BSCANE2                      0.000    33.000 r  dbg_hub/inst/BSCANID.u_xsdbm_id/SWITCH_N_EXT_BSCAN.bscan_inst/SERIES7_BSCAN.bscan_inst/TCK
                         net (fo=1, routed)           2.010    35.010    dbg_hub/inst/BSCANID.u_xsdbm_id/tck_bs
    BUFGCTRL_X0Y1        BUFG (Prop_bufg_I_O)         0.091    35.101 r  dbg_hub/inst/BSCANID.u_xsdbm_id/SWITCH_N_EXT_BSCAN.u_bufg_icon_tck/O
                         net (fo=482, routed)         1.611    36.712    dbg_hub/inst/BSCANID.u_xsdbm_id/SWITCH_N_EXT_BSCAN.bscan_switch/s_bscan_tck
    SLICE_X95Y95         FDRE                                         r  dbg_hub/inst/BSCANID.u_xsdbm_id/SWITCH_N_EXT_BSCAN.bscan_switch/portno_temp_reg[5]/C
                         clock pessimism              0.439    37.151    
                         clock uncertainty           -0.035    37.116    
    SLICE_X95Y95         FDRE (Setup_fdre_C_D)        0.031    37.147    dbg_hub/inst/BSCANID.u_xsdbm_id/SWITCH_N_EXT_BSCAN.bscan_switch/portno_temp_reg[5]
  -------------------------------------------------------------------
                         required time                         37.147    
                         arrival time                         -11.959    
  -------------------------------------------------------------------
                         slack                                 25.188    

Slack (MET) :             25.200ns  (required time - arrival time)
  Source:                 dbg_hub/inst/BSCANID.u_xsdbm_id/SWITCH_N_EXT_BSCAN.bscan_switch/state_reg[2]/C
                            (rising edge-triggered cell FDRE clocked by dbg_hub/inst/BSCANID.u_xsdbm_id/SWITCH_N_EXT_BSCAN.bscan_inst/SERIES7_BSCAN.bscan_inst/TCK  {rise@0.000ns fall@16.500ns period=33.000ns})
  Destination:            dbg_hub/inst/BSCANID.u_xsdbm_id/SWITCH_N_EXT_BSCAN.bscan_switch/portno_temp_reg[0]/D
                            (rising edge-triggered cell FDRE clocked by dbg_hub/inst/BSCANID.u_xsdbm_id/SWITCH_N_EXT_BSCAN.bscan_inst/SERIES7_BSCAN.bscan_inst/TCK  {rise@0.000ns fall@16.500ns period=33.000ns})
  Path Group:             dbg_hub/inst/BSCANID.u_xsdbm_id/SWITCH_N_EXT_BSCAN.bscan_inst/SERIES7_BSCAN.bscan_inst/TCK
  Path Type:              Setup (Max at Slow Process Corner)
  Requirement:            33.000ns  (dbg_hub/inst/BSCANID.u_xsdbm_id/SWITCH_N_EXT_BSCAN.bscan_inst/SERIES7_BSCAN.bscan_inst/TCK rise@33.000ns - dbg_hub/inst/BSCANID.u_xsdbm_id/SWITCH_N_EXT_BSCAN.bscan_inst/SERIES7_BSCAN.bscan_inst/TCK rise@0.000ns)
  Data Path Delay:        7.818ns  (logic 2.189ns (27.998%)  route 5.629ns (72.002%))
  Logic Levels:           5  (CARRY4=1 LUT3=1 LUT4=1 LUT5=1 LUT6=1)
  Clock Path Skew:        -0.025ns (DCD - SCD + CPR)
    Destination Clock Delay (DCD):    3.710ns = ( 36.710 - 33.000 ) 
    Source Clock Delay      (SCD):    4.212ns
    Clock Pessimism Removal (CPR):    0.477ns
  Clock Uncertainty:      0.035ns  ((TSJ^2 + TIJ^2)^1/2 + DJ) / 2 + PE
    Total System Jitter     (TSJ):    0.071ns
    Total Input Jitter      (TIJ):    0.000ns
    Discrete Jitter          (DJ):    0.000ns
    Phase Error              (PE):    0.000ns

    Location             Delay type                Incr(ns)  Path(ns)    Netlist Resource(s)
  -------------------------------------------------------------------    -------------------
                         (clock dbg_hub/inst/BSCANID.u_xsdbm_id/SWITCH_N_EXT_BSCAN.bscan_inst/SERIES7_BSCAN.bscan_inst/TCK rise edge)
                                                      0.000     0.000 r  
    BSCAN_X0Y0           BSCANE2                      0.000     0.000 r  dbg_hub/inst/BSCANID.u_xsdbm_id/SWITCH_N_EXT_BSCAN.bscan_inst/SERIES7_BSCAN.bscan_inst/TCK
                         net (fo=1, routed)           2.325     2.325    dbg_hub/inst/BSCANID.u_xsdbm_id/tck_bs
    BUFGCTRL_X0Y1        BUFG (Prop_bufg_I_O)         0.101     2.426 r  dbg_hub/inst/BSCANID.u_xsdbm_id/SWITCH_N_EXT_BSCAN.u_bufg_icon_tck/O
                         net (fo=482, routed)         1.786     4.212    dbg_hub/inst/BSCANID.u_xsdbm_id/SWITCH_N_EXT_BSCAN.bscan_switch/s_bscan_tck
    SLICE_X92Y94         FDRE                                         r  dbg_hub/inst/BSCANID.u_xsdbm_id/SWITCH_N_EXT_BSCAN.bscan_switch/state_reg[2]/C
  -------------------------------------------------------------------    -------------------
    SLICE_X92Y94         FDRE (Prop_fdre_C_Q)         0.478     4.690 r  dbg_hub/inst/BSCANID.u_xsdbm_id/SWITCH_N_EXT_BSCAN.bscan_switch/state_reg[2]/Q
                         net (fo=50, routed)          1.938     6.628    dbg_hub/inst/BSCANID.u_xsdbm_id/SWITCH_N_EXT_BSCAN.bscan_switch/state[2]
    SLICE_X86Y95         LUT4 (Prop_lut4_I2_O)        0.329     6.957 r  dbg_hub/inst/BSCANID.u_xsdbm_id/SWITCH_N_EXT_BSCAN.bscan_switch/curid_inferred_i_9/O
                         net (fo=2, routed)           0.969     7.927    dbg_hub/inst/BSCANID.u_xsdbm_id/SWITCH_N_EXT_BSCAN.bscan_switch/curid[23]
    SLICE_X87Y94         LUT6 (Prop_lut6_I1_O)        0.348     8.275 r  dbg_hub/inst/BSCANID.u_xsdbm_id/SWITCH_N_EXT_BSCAN.bscan_switch/state_temp[0]_i_7/O
                         net (fo=1, routed)           0.000     8.275    dbg_hub/inst/BSCANID.u_xsdbm_id/SWITCH_N_EXT_BSCAN.bscan_switch/state_temp[0]_i_7_n_0
    SLICE_X87Y94         CARRY4 (Prop_carry4_S[1]_CO[3])
                                                      0.550     8.825 f  dbg_hub/inst/BSCANID.u_xsdbm_id/SWITCH_N_EXT_BSCAN.bscan_switch/state_temp_reg[0]_i_3/CO[3]
                         net (fo=4, routed)           1.506    10.331    dbg_hub/inst/BSCANID.u_xsdbm_id/SWITCH_N_EXT_BSCAN.bscan_switch/state_temp_reg[0]_i_3_n_0
    SLICE_X92Y94         LUT5 (Prop_lut5_I1_O)        0.153    10.484 r  dbg_hub/inst/BSCANID.u_xsdbm_id/SWITCH_N_EXT_BSCAN.bscan_switch/portno_temp[5]_i_2/O
                         net (fo=7, routed)           1.216    11.700    dbg_hub/inst/BSCANID.u_xsdbm_id/SWITCH_N_EXT_BSCAN.bscan_switch/portno_temp[5]_i_2_n_0
    SLICE_X92Y95         LUT3 (Prop_lut3_I1_O)        0.331    12.031 r  dbg_hub/inst/BSCANID.u_xsdbm_id/SWITCH_N_EXT_BSCAN.bscan_switch/portno_temp[0]_i_1/O
                         net (fo=1, routed)           0.000    12.031    dbg_hub/inst/BSCANID.u_xsdbm_id/SWITCH_N_EXT_BSCAN.bscan_switch/portno_temp[0]_i_1_n_0
    SLICE_X92Y95         FDRE                                         r  dbg_hub/inst/BSCANID.u_xsdbm_id/SWITCH_N_EXT_BSCAN.bscan_switch/portno_temp_reg[0]/D
  -------------------------------------------------------------------    -------------------

                         (clock dbg_hub/inst/BSCANID.u_xsdbm_id/SWITCH_N_EXT_BSCAN.bscan_inst/SERIES7_BSCAN.bscan_inst/TCK rise edge)
                                                     33.000    33.000 r  
    BSCAN_X0Y0           BSCANE2                      0.000    33.000 r  dbg_hub/inst/BSCANID.u_xsdbm_id/SWITCH_N_EXT_BSCAN.bscan_inst/SERIES7_BSCAN.bscan_inst/TCK
                         net (fo=1, routed)           2.010    35.010    dbg_hub/inst/BSCANID.u_xsdbm_id/tck_bs
    BUFGCTRL_X0Y1        BUFG (Prop_bufg_I_O)         0.091    35.101 r  dbg_hub/inst/BSCANID.u_xsdbm_id/SWITCH_N_EXT_BSCAN.u_bufg_icon_tck/O
                         net (fo=482, routed)         1.609    36.710    dbg_hub/inst/BSCANID.u_xsdbm_id/SWITCH_N_EXT_BSCAN.bscan_switch/s_bscan_tck
    SLICE_X92Y95         FDRE                                         r  dbg_hub/inst/BSCANID.u_xsdbm_id/SWITCH_N_EXT_BSCAN.bscan_switch/portno_temp_reg[0]/C
                         clock pessimism              0.477    37.187    
                         clock uncertainty           -0.035    37.152    
    SLICE_X92Y95         FDRE (Setup_fdre_C_D)        0.079    37.231    dbg_hub/inst/BSCANID.u_xsdbm_id/SWITCH_N_EXT_BSCAN.bscan_switch/portno_temp_reg[0]
  -------------------------------------------------------------------
                         required time                         37.231    
                         arrival time                         -12.031    
  -------------------------------------------------------------------
                         slack                                 25.200    

Slack (MET) :             25.219ns  (required time - arrival time)
  Source:                 dbg_hub/inst/BSCANID.u_xsdbm_id/SWITCH_N_EXT_BSCAN.bscan_switch/state_reg[2]/C
                            (rising edge-triggered cell FDRE clocked by dbg_hub/inst/BSCANID.u_xsdbm_id/SWITCH_N_EXT_BSCAN.bscan_inst/SERIES7_BSCAN.bscan_inst/TCK  {rise@0.000ns fall@16.500ns period=33.000ns})
  Destination:            dbg_hub/inst/BSCANID.u_xsdbm_id/SWITCH_N_EXT_BSCAN.bscan_switch/portno_temp_reg[3]/D
                            (rising edge-triggered cell FDRE clocked by dbg_hub/inst/BSCANID.u_xsdbm_id/SWITCH_N_EXT_BSCAN.bscan_inst/SERIES7_BSCAN.bscan_inst/TCK  {rise@0.000ns fall@16.500ns period=33.000ns})
  Path Group:             dbg_hub/inst/BSCANID.u_xsdbm_id/SWITCH_N_EXT_BSCAN.bscan_inst/SERIES7_BSCAN.bscan_inst/TCK
  Path Type:              Setup (Max at Slow Process Corner)
  Requirement:            33.000ns  (dbg_hub/inst/BSCANID.u_xsdbm_id/SWITCH_N_EXT_BSCAN.bscan_inst/SERIES7_BSCAN.bscan_inst/TCK rise@33.000ns - dbg_hub/inst/BSCANID.u_xsdbm_id/SWITCH_N_EXT_BSCAN.bscan_inst/SERIES7_BSCAN.bscan_inst/TCK rise@0.000ns)
  Data Path Delay:        7.799ns  (logic 2.189ns (28.066%)  route 5.610ns (71.934%))
  Logic Levels:           5  (CARRY4=1 LUT3=1 LUT4=1 LUT5=1 LUT6=1)
  Clock Path Skew:        -0.025ns (DCD - SCD + CPR)
    Destination Clock Delay (DCD):    3.710ns = ( 36.710 - 33.000 ) 
    Source Clock Delay      (SCD):    4.212ns
    Clock Pessimism Removal (CPR):    0.477ns
  Clock Uncertainty:      0.035ns  ((TSJ^2 + TIJ^2)^1/2 + DJ) / 2 + PE
    Total System Jitter     (TSJ):    0.071ns
    Total Input Jitter      (TIJ):    0.000ns
    Discrete Jitter          (DJ):    0.000ns
    Phase Error              (PE):    0.000ns

    Location             Delay type                Incr(ns)  Path(ns)    Netlist Resource(s)
  -------------------------------------------------------------------    -------------------
                         (clock dbg_hub/inst/BSCANID.u_xsdbm_id/SWITCH_N_EXT_BSCAN.bscan_inst/SERIES7_BSCAN.bscan_inst/TCK rise edge)
                                                      0.000     0.000 r  
    BSCAN_X0Y0           BSCANE2                      0.000     0.000 r  dbg_hub/inst/BSCANID.u_xsdbm_id/SWITCH_N_EXT_BSCAN.bscan_inst/SERIES7_BSCAN.bscan_inst/TCK
                         net (fo=1, routed)           2.325     2.325    dbg_hub/inst/BSCANID.u_xsdbm_id/tck_bs
    BUFGCTRL_X0Y1        BUFG (Prop_bufg_I_O)         0.101     2.426 r  dbg_hub/inst/BSCANID.u_xsdbm_id/SWITCH_N_EXT_BSCAN.u_bufg_icon_tck/O
                         net (fo=482, routed)         1.786     4.212    dbg_hub/inst/BSCANID.u_xsdbm_id/SWITCH_N_EXT_BSCAN.bscan_switch/s_bscan_tck
    SLICE_X92Y94         FDRE                                         r  dbg_hub/inst/BSCANID.u_xsdbm_id/SWITCH_N_EXT_BSCAN.bscan_switch/state_reg[2]/C
  -------------------------------------------------------------------    -------------------
    SLICE_X92Y94         FDRE (Prop_fdre_C_Q)         0.478     4.690 r  dbg_hub/inst/BSCANID.u_xsdbm_id/SWITCH_N_EXT_BSCAN.bscan_switch/state_reg[2]/Q
                         net (fo=50, routed)          1.938     6.628    dbg_hub/inst/BSCANID.u_xsdbm_id/SWITCH_N_EXT_BSCAN.bscan_switch/state[2]
    SLICE_X86Y95         LUT4 (Prop_lut4_I2_O)        0.329     6.957 r  dbg_hub/inst/BSCANID.u_xsdbm_id/SWITCH_N_EXT_BSCAN.bscan_switch/curid_inferred_i_9/O
                         net (fo=2, routed)           0.969     7.927    dbg_hub/inst/BSCANID.u_xsdbm_id/SWITCH_N_EXT_BSCAN.bscan_switch/curid[23]
    SLICE_X87Y94         LUT6 (Prop_lut6_I1_O)        0.348     8.275 r  dbg_hub/inst/BSCANID.u_xsdbm_id/SWITCH_N_EXT_BSCAN.bscan_switch/state_temp[0]_i_7/O
                         net (fo=1, routed)           0.000     8.275    dbg_hub/inst/BSCANID.u_xsdbm_id/SWITCH_N_EXT_BSCAN.bscan_switch/state_temp[0]_i_7_n_0
    SLICE_X87Y94         CARRY4 (Prop_carry4_S[1]_CO[3])
                                                      0.550     8.825 f  dbg_hub/inst/BSCANID.u_xsdbm_id/SWITCH_N_EXT_BSCAN.bscan_switch/state_temp_reg[0]_i_3/CO[3]
                         net (fo=4, routed)           1.506    10.331    dbg_hub/inst/BSCANID.u_xsdbm_id/SWITCH_N_EXT_BSCAN.bscan_switch/state_temp_reg[0]_i_3_n_0
    SLICE_X92Y94         LUT5 (Prop_lut5_I1_O)        0.153    10.484 r  dbg_hub/inst/BSCANID.u_xsdbm_id/SWITCH_N_EXT_BSCAN.bscan_switch/portno_temp[5]_i_2/O
                         net (fo=7, routed)           1.197    11.681    dbg_hub/inst/BSCANID.u_xsdbm_id/SWITCH_N_EXT_BSCAN.bscan_switch/portno_temp[5]_i_2_n_0
    SLICE_X92Y95         LUT3 (Prop_lut3_I1_O)        0.331    12.012 r  dbg_hub/inst/BSCANID.u_xsdbm_id/SWITCH_N_EXT_BSCAN.bscan_switch/portno_temp[3]_i_1/O
                         net (fo=1, routed)           0.000    12.012    dbg_hub/inst/BSCANID.u_xsdbm_id/SWITCH_N_EXT_BSCAN.bscan_switch/portno_temp[3]_i_1_n_0
    SLICE_X92Y95         FDRE                                         r  dbg_hub/inst/BSCANID.u_xsdbm_id/SWITCH_N_EXT_BSCAN.bscan_switch/portno_temp_reg[3]/D
  -------------------------------------------------------------------    -------------------

                         (clock dbg_hub/inst/BSCANID.u_xsdbm_id/SWITCH_N_EXT_BSCAN.bscan_inst/SERIES7_BSCAN.bscan_inst/TCK rise edge)
                                                     33.000    33.000 r  
    BSCAN_X0Y0           BSCANE2                      0.000    33.000 r  dbg_hub/inst/BSCANID.u_xsdbm_id/SWITCH_N_EXT_BSCAN.bscan_inst/SERIES7_BSCAN.bscan_inst/TCK
                         net (fo=1, routed)           2.010    35.010    dbg_hub/inst/BSCANID.u_xsdbm_id/tck_bs
    BUFGCTRL_X0Y1        BUFG (Prop_bufg_I_O)         0.091    35.101 r  dbg_hub/inst/BSCANID.u_xsdbm_id/SWITCH_N_EXT_BSCAN.u_bufg_icon_tck/O
                         net (fo=482, routed)         1.609    36.710    dbg_hub/inst/BSCANID.u_xsdbm_id/SWITCH_N_EXT_BSCAN.bscan_switch/s_bscan_tck
    SLICE_X92Y95         FDRE                                         r  dbg_hub/inst/BSCANID.u_xsdbm_id/SWITCH_N_EXT_BSCAN.bscan_switch/portno_temp_reg[3]/C
                         clock pessimism              0.477    37.187    
                         clock uncertainty           -0.035    37.152    
    SLICE_X92Y95         FDRE (Setup_fdre_C_D)        0.079    37.231    dbg_hub/inst/BSCANID.u_xsdbm_id/SWITCH_N_EXT_BSCAN.bscan_switch/portno_temp_reg[3]
  -------------------------------------------------------------------
                         required time                         37.231    
                         arrival time                         -12.012    
  -------------------------------------------------------------------
                         slack                                 25.219    

Slack (MET) :             25.439ns  (required time - arrival time)
  Source:                 dbg_hub/inst/BSCANID.u_xsdbm_id/SWITCH_N_EXT_BSCAN.bscan_switch/state_reg[2]/C
                            (rising edge-triggered cell FDRE clocked by dbg_hub/inst/BSCANID.u_xsdbm_id/SWITCH_N_EXT_BSCAN.bscan_inst/SERIES7_BSCAN.bscan_inst/TCK  {rise@0.000ns fall@16.500ns period=33.000ns})
  Destination:            dbg_hub/inst/BSCANID.u_xsdbm_id/SWITCH_N_EXT_BSCAN.bscan_switch/portno_temp_reg[1]/D
                            (rising edge-triggered cell FDRE clocked by dbg_hub/inst/BSCANID.u_xsdbm_id/SWITCH_N_EXT_BSCAN.bscan_inst/SERIES7_BSCAN.bscan_inst/TCK  {rise@0.000ns fall@16.500ns period=33.000ns})
  Path Group:             dbg_hub/inst/BSCANID.u_xsdbm_id/SWITCH_N_EXT_BSCAN.bscan_inst/SERIES7_BSCAN.bscan_inst/TCK
  Path Type:              Setup (Max at Slow Process Corner)
  Requirement:            33.000ns  (dbg_hub/inst/BSCANID.u_xsdbm_id/SWITCH_N_EXT_BSCAN.bscan_inst/SERIES7_BSCAN.bscan_inst/TCK rise@33.000ns - dbg_hub/inst/BSCANID.u_xsdbm_id/SWITCH_N_EXT_BSCAN.bscan_inst/SERIES7_BSCAN.bscan_inst/TCK rise@0.000ns)
  Data Path Delay:        7.578ns  (logic 2.189ns (28.886%)  route 5.389ns (71.114%))
  Logic Levels:           5  (CARRY4=1 LUT3=1 LUT4=1 LUT5=1 LUT6=1)
  Clock Path Skew:        -0.025ns (DCD - SCD + CPR)
    Destination Clock Delay (DCD):    3.710ns = ( 36.710 - 33.000 ) 
    Source Clock Delay      (SCD):    4.212ns
    Clock Pessimism Removal (CPR):    0.477ns
  Clock Uncertainty:      0.035ns  ((TSJ^2 + TIJ^2)^1/2 + DJ) / 2 + PE
    Total System Jitter     (TSJ):    0.071ns
    Total Input Jitter      (TIJ):    0.000ns
    Discrete Jitter          (DJ):    0.000ns
    Phase Error              (PE):    0.000ns

    Location             Delay type                Incr(ns)  Path(ns)    Netlist Resource(s)
  -------------------------------------------------------------------    -------------------
                         (clock dbg_hub/inst/BSCANID.u_xsdbm_id/SWITCH_N_EXT_BSCAN.bscan_inst/SERIES7_BSCAN.bscan_inst/TCK rise edge)
                                                      0.000     0.000 r  
    BSCAN_X0Y0           BSCANE2                      0.000     0.000 r  dbg_hub/inst/BSCANID.u_xsdbm_id/SWITCH_N_EXT_BSCAN.bscan_inst/SERIES7_BSCAN.bscan_inst/TCK
                         net (fo=1, routed)           2.325     2.325    dbg_hub/inst/BSCANID.u_xsdbm_id/tck_bs
    BUFGCTRL_X0Y1        BUFG (Prop_bufg_I_O)         0.101     2.426 r  dbg_hub/inst/BSCANID.u_xsdbm_id/SWITCH_N_EXT_BSCAN.u_bufg_icon_tck/O
                         net (fo=482, routed)         1.786     4.212    dbg_hub/inst/BSCANID.u_xsdbm_id/SWITCH_N_EXT_BSCAN.bscan_switch/s_bscan_tck
    SLICE_X92Y94         FDRE                                         r  dbg_hub/inst/BSCANID.u_xsdbm_id/SWITCH_N_EXT_BSCAN.bscan_switch/state_reg[2]/C
  -------------------------------------------------------------------    -------------------
    SLICE_X92Y94         FDRE (Prop_fdre_C_Q)         0.478     4.690 r  dbg_hub/inst/BSCANID.u_xsdbm_id/SWITCH_N_EXT_BSCAN.bscan_switch/state_reg[2]/Q
                         net (fo=50, routed)          1.938     6.628    dbg_hub/inst/BSCANID.u_xsdbm_id/SWITCH_N_EXT_BSCAN.bscan_switch/state[2]
    SLICE_X86Y95         LUT4 (Prop_lut4_I2_O)        0.329     6.957 r  dbg_hub/inst/BSCANID.u_xsdbm_id/SWITCH_N_EXT_BSCAN.bscan_switch/curid_inferred_i_9/O
                         net (fo=2, routed)           0.969     7.927    dbg_hub/inst/BSCANID.u_xsdbm_id/SWITCH_N_EXT_BSCAN.bscan_switch/curid[23]
    SLICE_X87Y94         LUT6 (Prop_lut6_I1_O)        0.348     8.275 r  dbg_hub/inst/BSCANID.u_xsdbm_id/SWITCH_N_EXT_BSCAN.bscan_switch/state_temp[0]_i_7/O
                         net (fo=1, routed)           0.000     8.275    dbg_hub/inst/BSCANID.u_xsdbm_id/SWITCH_N_EXT_BSCAN.bscan_switch/state_temp[0]_i_7_n_0
    SLICE_X87Y94         CARRY4 (Prop_carry4_S[1]_CO[3])
                                                      0.550     8.825 f  dbg_hub/inst/BSCANID.u_xsdbm_id/SWITCH_N_EXT_BSCAN.bscan_switch/state_temp_reg[0]_i_3/CO[3]
                         net (fo=4, routed)           1.506    10.331    dbg_hub/inst/BSCANID.u_xsdbm_id/SWITCH_N_EXT_BSCAN.bscan_switch/state_temp_reg[0]_i_3_n_0
    SLICE_X92Y94         LUT5 (Prop_lut5_I1_O)        0.153    10.484 r  dbg_hub/inst/BSCANID.u_xsdbm_id/SWITCH_N_EXT_BSCAN.bscan_switch/portno_temp[5]_i_2/O
                         net (fo=7, routed)           0.976    11.459    dbg_hub/inst/BSCANID.u_xsdbm_id/SWITCH_N_EXT_BSCAN.bscan_switch/portno_temp[5]_i_2_n_0
    SLICE_X92Y95         LUT3 (Prop_lut3_I1_O)        0.331    11.790 r  dbg_hub/inst/BSCANID.u_xsdbm_id/SWITCH_N_EXT_BSCAN.bscan_switch/portno_temp[1]_i_1/O
                         net (fo=1, routed)           0.000    11.790    dbg_hub/inst/BSCANID.u_xsdbm_id/SWITCH_N_EXT_BSCAN.bscan_switch/portno_temp[1]_i_1_n_0
    SLICE_X92Y95         FDRE                                         r  dbg_hub/inst/BSCANID.u_xsdbm_id/SWITCH_N_EXT_BSCAN.bscan_switch/portno_temp_reg[1]/D
  -------------------------------------------------------------------    -------------------

                         (clock dbg_hub/inst/BSCANID.u_xsdbm_id/SWITCH_N_EXT_BSCAN.bscan_inst/SERIES7_BSCAN.bscan_inst/TCK rise edge)
                                                     33.000    33.000 r  
    BSCAN_X0Y0           BSCANE2                      0.000    33.000 r  dbg_hub/inst/BSCANID.u_xsdbm_id/SWITCH_N_EXT_BSCAN.bscan_inst/SERIES7_BSCAN.bscan_inst/TCK
                         net (fo=1, routed)           2.010    35.010    dbg_hub/inst/BSCANID.u_xsdbm_id/tck_bs
    BUFGCTRL_X0Y1        BUFG (Prop_bufg_I_O)         0.091    35.101 r  dbg_hub/inst/BSCANID.u_xsdbm_id/SWITCH_N_EXT_BSCAN.u_bufg_icon_tck/O
                         net (fo=482, routed)         1.609    36.710    dbg_hub/inst/BSCANID.u_xsdbm_id/SWITCH_N_EXT_BSCAN.bscan_switch/s_bscan_tck
    SLICE_X92Y95         FDRE                                         r  dbg_hub/inst/BSCANID.u_xsdbm_id/SWITCH_N_EXT_BSCAN.bscan_switch/portno_temp_reg[1]/C
                         clock pessimism              0.477    37.187    
                         clock uncertainty           -0.035    37.152    
    SLICE_X92Y95         FDRE (Setup_fdre_C_D)        0.077    37.229    dbg_hub/inst/BSCANID.u_xsdbm_id/SWITCH_N_EXT_BSCAN.bscan_switch/portno_temp_reg[1]
  -------------------------------------------------------------------
                         required time                         37.229    
                         arrival time                         -11.790    
  -------------------------------------------------------------------
                         slack                                 25.439    

Slack (MET) :             25.605ns  (required time - arrival time)
  Source:                 dbg_hub/inst/BSCANID.u_xsdbm_id/SWITCH_N_EXT_BSCAN.bscan_switch/state_reg[2]/C
                            (rising edge-triggered cell FDRE clocked by dbg_hub/inst/BSCANID.u_xsdbm_id/SWITCH_N_EXT_BSCAN.bscan_inst/SERIES7_BSCAN.bscan_inst/TCK  {rise@0.000ns fall@16.500ns period=33.000ns})
  Destination:            dbg_hub/inst/BSCANID.u_xsdbm_id/SWITCH_N_EXT_BSCAN.bscan_switch/portno_temp_reg[2]/D
                            (rising edge-triggered cell FDRE clocked by dbg_hub/inst/BSCANID.u_xsdbm_id/SWITCH_N_EXT_BSCAN.bscan_inst/SERIES7_BSCAN.bscan_inst/TCK  {rise@0.000ns fall@16.500ns period=33.000ns})
  Path Group:             dbg_hub/inst/BSCANID.u_xsdbm_id/SWITCH_N_EXT_BSCAN.bscan_inst/SERIES7_BSCAN.bscan_inst/TCK
  Path Type:              Setup (Max at Slow Process Corner)
  Requirement:            33.000ns  (dbg_hub/inst/BSCANID.u_xsdbm_id/SWITCH_N_EXT_BSCAN.bscan_inst/SERIES7_BSCAN.bscan_inst/TCK rise@33.000ns - dbg_hub/inst/BSCANID.u_xsdbm_id/SWITCH_N_EXT_BSCAN.bscan_inst/SERIES7_BSCAN.bscan_inst/TCK rise@0.000ns)
  Data Path Delay:        7.415ns  (logic 2.189ns (29.519%)  route 5.226ns (70.481%))
  Logic Levels:           5  (CARRY4=1 LUT3=1 LUT4=1 LUT5=1 LUT6=1)
  Clock Path Skew:        -0.025ns (DCD - SCD + CPR)
    Destination Clock Delay (DCD):    3.710ns = ( 36.710 - 33.000 ) 
    Source Clock Delay      (SCD):    4.212ns
    Clock Pessimism Removal (CPR):    0.477ns
  Clock Uncertainty:      0.035ns  ((TSJ^2 + TIJ^2)^1/2 + DJ) / 2 + PE
    Total System Jitter     (TSJ):    0.071ns
    Total Input Jitter      (TIJ):    0.000ns
    Discrete Jitter          (DJ):    0.000ns
    Phase Error              (PE):    0.000ns

    Location             Delay type                Incr(ns)  Path(ns)    Netlist Resource(s)
  -------------------------------------------------------------------    -------------------
                         (clock dbg_hub/inst/BSCANID.u_xsdbm_id/SWITCH_N_EXT_BSCAN.bscan_inst/SERIES7_BSCAN.bscan_inst/TCK rise edge)
                                                      0.000     0.000 r  
    BSCAN_X0Y0           BSCANE2                      0.000     0.000 r  dbg_hub/inst/BSCANID.u_xsdbm_id/SWITCH_N_EXT_BSCAN.bscan_inst/SERIES7_BSCAN.bscan_inst/TCK
                         net (fo=1, routed)           2.325     2.325    dbg_hub/inst/BSCANID.u_xsdbm_id/tck_bs
    BUFGCTRL_X0Y1        BUFG (Prop_bufg_I_O)         0.101     2.426 r  dbg_hub/inst/BSCANID.u_xsdbm_id/SWITCH_N_EXT_BSCAN.u_bufg_icon_tck/O
                         net (fo=482, routed)         1.786     4.212    dbg_hub/inst/BSCANID.u_xsdbm_id/SWITCH_N_EXT_BSCAN.bscan_switch/s_bscan_tck
    SLICE_X92Y94         FDRE                                         r  dbg_hub/inst/BSCANID.u_xsdbm_id/SWITCH_N_EXT_BSCAN.bscan_switch/state_reg[2]/C
  -------------------------------------------------------------------    -------------------
    SLICE_X92Y94         FDRE (Prop_fdre_C_Q)         0.478     4.690 r  dbg_hub/inst/BSCANID.u_xsdbm_id/SWITCH_N_EXT_BSCAN.bscan_switch/state_reg[2]/Q
                         net (fo=50, routed)          1.938     6.628    dbg_hub/inst/BSCANID.u_xsdbm_id/SWITCH_N_EXT_BSCAN.bscan_switch/state[2]
    SLICE_X86Y95         LUT4 (Prop_lut4_I2_O)        0.329     6.957 r  dbg_hub/inst/BSCANID.u_xsdbm_id/SWITCH_N_EXT_BSCAN.bscan_switch/curid_inferred_i_9/O
                         net (fo=2, routed)           0.969     7.927    dbg_hub/inst/BSCANID.u_xsdbm_id/SWITCH_N_EXT_BSCAN.bscan_switch/curid[23]
    SLICE_X87Y94         LUT6 (Prop_lut6_I1_O)        0.348     8.275 r  dbg_hub/inst/BSCANID.u_xsdbm_id/SWITCH_N_EXT_BSCAN.bscan_switch/state_temp[0]_i_7/O
                         net (fo=1, routed)           0.000     8.275    dbg_hub/inst/BSCANID.u_xsdbm_id/SWITCH_N_EXT_BSCAN.bscan_switch/state_temp[0]_i_7_n_0
    SLICE_X87Y94         CARRY4 (Prop_carry4_S[1]_CO[3])
                                                      0.550     8.825 f  dbg_hub/inst/BSCANID.u_xsdbm_id/SWITCH_N_EXT_BSCAN.bscan_switch/state_temp_reg[0]_i_3/CO[3]
                         net (fo=4, routed)           1.506    10.331    dbg_hub/inst/BSCANID.u_xsdbm_id/SWITCH_N_EXT_BSCAN.bscan_switch/state_temp_reg[0]_i_3_n_0
    SLICE_X92Y94         LUT5 (Prop_lut5_I1_O)        0.153    10.484 r  dbg_hub/inst/BSCANID.u_xsdbm_id/SWITCH_N_EXT_BSCAN.bscan_switch/portno_temp[5]_i_2/O
                         net (fo=7, routed)           0.813    11.297    dbg_hub/inst/BSCANID.u_xsdbm_id/SWITCH_N_EXT_BSCAN.bscan_switch/portno_temp[5]_i_2_n_0
    SLICE_X92Y95         LUT3 (Prop_lut3_I1_O)        0.331    11.628 r  dbg_hub/inst/BSCANID.u_xsdbm_id/SWITCH_N_EXT_BSCAN.bscan_switch/portno_temp[2]_i_1/O
                         net (fo=1, routed)           0.000    11.628    dbg_hub/inst/BSCANID.u_xsdbm_id/SWITCH_N_EXT_BSCAN.bscan_switch/portno_temp[2]_i_1_n_0
    SLICE_X92Y95         FDRE                                         r  dbg_hub/inst/BSCANID.u_xsdbm_id/SWITCH_N_EXT_BSCAN.bscan_switch/portno_temp_reg[2]/D
  -------------------------------------------------------------------    -------------------

                         (clock dbg_hub/inst/BSCANID.u_xsdbm_id/SWITCH_N_EXT_BSCAN.bscan_inst/SERIES7_BSCAN.bscan_inst/TCK rise edge)
                                                     33.000    33.000 r  
    BSCAN_X0Y0           BSCANE2                      0.000    33.000 r  dbg_hub/inst/BSCANID.u_xsdbm_id/SWITCH_N_EXT_BSCAN.bscan_inst/SERIES7_BSCAN.bscan_inst/TCK
                         net (fo=1, routed)           2.010    35.010    dbg_hub/inst/BSCANID.u_xsdbm_id/tck_bs
    BUFGCTRL_X0Y1        BUFG (Prop_bufg_I_O)         0.091    35.101 r  dbg_hub/inst/BSCANID.u_xsdbm_id/SWITCH_N_EXT_BSCAN.u_bufg_icon_tck/O
                         net (fo=482, routed)         1.609    36.710    dbg_hub/inst/BSCANID.u_xsdbm_id/SWITCH_N_EXT_BSCAN.bscan_switch/s_bscan_tck
    SLICE_X92Y95         FDRE                                         r  dbg_hub/inst/BSCANID.u_xsdbm_id/SWITCH_N_EXT_BSCAN.bscan_switch/portno_temp_reg[2]/C
                         clock pessimism              0.477    37.187    
                         clock uncertainty           -0.035    37.152    
    SLICE_X92Y95         FDRE (Setup_fdre_C_D)        0.081    37.233    dbg_hub/inst/BSCANID.u_xsdbm_id/SWITCH_N_EXT_BSCAN.bscan_switch/portno_temp_reg[2]
  -------------------------------------------------------------------
                         required time                         37.233    
                         arrival time                         -11.628    
  -------------------------------------------------------------------
                         slack                                 25.605    

Slack (MET) :             26.139ns  (required time - arrival time)
  Source:                 dbg_hub/inst/BSCANID.u_xsdbm_id/SWITCH_N_EXT_BSCAN.bscan_switch/state_reg[2]/C
                            (rising edge-triggered cell FDRE clocked by dbg_hub/inst/BSCANID.u_xsdbm_id/SWITCH_N_EXT_BSCAN.bscan_inst/SERIES7_BSCAN.bscan_inst/TCK  {rise@0.000ns fall@16.500ns period=33.000ns})
  Destination:            dbg_hub/inst/BSCANID.u_xsdbm_id/SWITCH_N_EXT_BSCAN.bscan_switch/state_temp_reg[2]/D
                            (rising edge-triggered cell FDRE clocked by dbg_hub/inst/BSCANID.u_xsdbm_id/SWITCH_N_EXT_BSCAN.bscan_inst/SERIES7_BSCAN.bscan_inst/TCK  {rise@0.000ns fall@16.500ns period=33.000ns})
  Path Group:             dbg_hub/inst/BSCANID.u_xsdbm_id/SWITCH_N_EXT_BSCAN.bscan_inst/SERIES7_BSCAN.bscan_inst/TCK
  Path Type:              Setup (Max at Slow Process Corner)
  Requirement:            33.000ns  (dbg_hub/inst/BSCANID.u_xsdbm_id/SWITCH_N_EXT_BSCAN.bscan_inst/SERIES7_BSCAN.bscan_inst/TCK rise@33.000ns - dbg_hub/inst/BSCANID.u_xsdbm_id/SWITCH_N_EXT_BSCAN.bscan_inst/SERIES7_BSCAN.bscan_inst/TCK rise@0.000ns)
  Data Path Delay:        6.907ns  (logic 2.189ns (31.692%)  route 4.718ns (68.308%))
  Logic Levels:           5  (CARRY4=1 LUT4=1 LUT5=1 LUT6=2)
  Clock Path Skew:        0.000ns (DCD - SCD + CPR)
    Destination Clock Delay (DCD):    3.710ns = ( 36.710 - 33.000 ) 
    Source Clock Delay      (SCD):    4.212ns
    Clock Pessimism Removal (CPR):    0.502ns
  Clock Uncertainty:      0.035ns  ((TSJ^2 + TIJ^2)^1/2 + DJ) / 2 + PE
    Total System Jitter     (TSJ):    0.071ns
    Total Input Jitter      (TIJ):    0.000ns
    Discrete Jitter          (DJ):    0.000ns
    Phase Error              (PE):    0.000ns

    Location             Delay type                Incr(ns)  Path(ns)    Netlist Resource(s)
  -------------------------------------------------------------------    -------------------
                         (clock dbg_hub/inst/BSCANID.u_xsdbm_id/SWITCH_N_EXT_BSCAN.bscan_inst/SERIES7_BSCAN.bscan_inst/TCK rise edge)
                                                      0.000     0.000 r  
    BSCAN_X0Y0           BSCANE2                      0.000     0.000 r  dbg_hub/inst/BSCANID.u_xsdbm_id/SWITCH_N_EXT_BSCAN.bscan_inst/SERIES7_BSCAN.bscan_inst/TCK
                         net (fo=1, routed)           2.325     2.325    dbg_hub/inst/BSCANID.u_xsdbm_id/tck_bs
    BUFGCTRL_X0Y1        BUFG (Prop_bufg_I_O)         0.101     2.426 r  dbg_hub/inst/BSCANID.u_xsdbm_id/SWITCH_N_EXT_BSCAN.u_bufg_icon_tck/O
                         net (fo=482, routed)         1.786     4.212    dbg_hub/inst/BSCANID.u_xsdbm_id/SWITCH_N_EXT_BSCAN.bscan_switch/s_bscan_tck
    SLICE_X92Y94         FDRE                                         r  dbg_hub/inst/BSCANID.u_xsdbm_id/SWITCH_N_EXT_BSCAN.bscan_switch/state_reg[2]/C
  -------------------------------------------------------------------    -------------------
    SLICE_X92Y94         FDRE (Prop_fdre_C_Q)         0.478     4.690 r  dbg_hub/inst/BSCANID.u_xsdbm_id/SWITCH_N_EXT_BSCAN.bscan_switch/state_reg[2]/Q
                         net (fo=50, routed)          1.938     6.628    dbg_hub/inst/BSCANID.u_xsdbm_id/SWITCH_N_EXT_BSCAN.bscan_switch/state[2]
    SLICE_X86Y95         LUT4 (Prop_lut4_I2_O)        0.329     6.957 r  dbg_hub/inst/BSCANID.u_xsdbm_id/SWITCH_N_EXT_BSCAN.bscan_switch/curid_inferred_i_9/O
                         net (fo=2, routed)           0.969     7.927    dbg_hub/inst/BSCANID.u_xsdbm_id/SWITCH_N_EXT_BSCAN.bscan_switch/curid[23]
    SLICE_X87Y94         LUT6 (Prop_lut6_I1_O)        0.348     8.275 r  dbg_hub/inst/BSCANID.u_xsdbm_id/SWITCH_N_EXT_BSCAN.bscan_switch/state_temp[0]_i_7/O
                         net (fo=1, routed)           0.000     8.275    dbg_hub/inst/BSCANID.u_xsdbm_id/SWITCH_N_EXT_BSCAN.bscan_switch/state_temp[0]_i_7_n_0
    SLICE_X87Y94         CARRY4 (Prop_carry4_S[1]_CO[3])
                                                      0.550     8.825 f  dbg_hub/inst/BSCANID.u_xsdbm_id/SWITCH_N_EXT_BSCAN.bscan_switch/state_temp_reg[0]_i_3/CO[3]
                         net (fo=4, routed)           1.506    10.331    dbg_hub/inst/BSCANID.u_xsdbm_id/SWITCH_N_EXT_BSCAN.bscan_switch/state_temp_reg[0]_i_3_n_0
    SLICE_X92Y94         LUT5 (Prop_lut5_I1_O)        0.153    10.484 r  dbg_hub/inst/BSCANID.u_xsdbm_id/SWITCH_N_EXT_BSCAN.bscan_switch/portno_temp[5]_i_2/O
                         net (fo=7, routed)           0.305    10.788    dbg_hub/inst/BSCANID.u_xsdbm_id/SWITCH_N_EXT_BSCAN.bscan_switch/portno_temp[5]_i_2_n_0
    SLICE_X92Y94         LUT6 (Prop_lut6_I2_O)        0.331    11.119 r  dbg_hub/inst/BSCANID.u_xsdbm_id/SWITCH_N_EXT_BSCAN.bscan_switch/state_temp[2]_i_1/O
                         net (fo=1, routed)           0.000    11.119    dbg_hub/inst/BSCANID.u_xsdbm_id/SWITCH_N_EXT_BSCAN.bscan_switch/state_temp[2]_i_1_n_0
    SLICE_X92Y94         FDRE                                         r  dbg_hub/inst/BSCANID.u_xsdbm_id/SWITCH_N_EXT_BSCAN.bscan_switch/state_temp_reg[2]/D
  -------------------------------------------------------------------    -------------------

                         (clock dbg_hub/inst/BSCANID.u_xsdbm_id/SWITCH_N_EXT_BSCAN.bscan_inst/SERIES7_BSCAN.bscan_inst/TCK rise edge)
                                                     33.000    33.000 r  
    BSCAN_X0Y0           BSCANE2                      0.000    33.000 r  dbg_hub/inst/BSCANID.u_xsdbm_id/SWITCH_N_EXT_BSCAN.bscan_inst/SERIES7_BSCAN.bscan_inst/TCK
                         net (fo=1, routed)           2.010    35.010    dbg_hub/inst/BSCANID.u_xsdbm_id/tck_bs
    BUFGCTRL_X0Y1        BUFG (Prop_bufg_I_O)         0.091    35.101 r  dbg_hub/inst/BSCANID.u_xsdbm_id/SWITCH_N_EXT_BSCAN.u_bufg_icon_tck/O
                         net (fo=482, routed)         1.609    36.710    dbg_hub/inst/BSCANID.u_xsdbm_id/SWITCH_N_EXT_BSCAN.bscan_switch/s_bscan_tck
    SLICE_X92Y94         FDRE                                         r  dbg_hub/inst/BSCANID.u_xsdbm_id/SWITCH_N_EXT_BSCAN.bscan_switch/state_temp_reg[2]/C
                         clock pessimism              0.502    37.212    
                         clock uncertainty           -0.035    37.177    
    SLICE_X92Y94         FDRE (Setup_fdre_C_D)        0.081    37.258    dbg_hub/inst/BSCANID.u_xsdbm_id/SWITCH_N_EXT_BSCAN.bscan_switch/state_temp_reg[2]
  -------------------------------------------------------------------
                         required time                         37.258    
                         arrival time                         -11.119    
  -------------------------------------------------------------------
                         slack                                 26.139    

Slack (MET) :             26.443ns  (required time - arrival time)
  Source:                 dbg_hub/inst/BSCANID.u_xsdbm_id/SWITCH_N_EXT_BSCAN.bscan_switch/state_reg[2]/C
                            (rising edge-triggered cell FDRE clocked by dbg_hub/inst/BSCANID.u_xsdbm_id/SWITCH_N_EXT_BSCAN.bscan_inst/SERIES7_BSCAN.bscan_inst/TCK  {rise@0.000ns fall@16.500ns period=33.000ns})
  Destination:            dbg_hub/inst/BSCANID.u_xsdbm_id/SWITCH_N_EXT_BSCAN.bscan_switch/state_temp_reg[0]/D
                            (rising edge-triggered cell FDRE clocked by dbg_hub/inst/BSCANID.u_xsdbm_id/SWITCH_N_EXT_BSCAN.bscan_inst/SERIES7_BSCAN.bscan_inst/TCK  {rise@0.000ns fall@16.500ns period=33.000ns})
  Path Group:             dbg_hub/inst/BSCANID.u_xsdbm_id/SWITCH_N_EXT_BSCAN.bscan_inst/SERIES7_BSCAN.bscan_inst/TCK
  Path Type:              Setup (Max at Slow Process Corner)
  Requirement:            33.000ns  (dbg_hub/inst/BSCANID.u_xsdbm_id/SWITCH_N_EXT_BSCAN.bscan_inst/SERIES7_BSCAN.bscan_inst/TCK rise@33.000ns - dbg_hub/inst/BSCANID.u_xsdbm_id/SWITCH_N_EXT_BSCAN.bscan_inst/SERIES7_BSCAN.bscan_inst/TCK rise@0.000ns)
  Data Path Delay:        6.535ns  (logic 1.953ns (29.885%)  route 4.582ns (70.115%))
  Logic Levels:           5  (CARRY4=1 LUT4=1 LUT6=3)
  Clock Path Skew:        -0.064ns (DCD - SCD + CPR)
    Destination Clock Delay (DCD):    3.709ns = ( 36.709 - 33.000 ) 
    Source Clock Delay      (SCD):    4.212ns
    Clock Pessimism Removal (CPR):    0.439ns
  Clock Uncertainty:      0.035ns  ((TSJ^2 + TIJ^2)^1/2 + DJ) / 2 + PE
    Total System Jitter     (TSJ):    0.071ns
    Total Input Jitter      (TIJ):    0.000ns
    Discrete Jitter          (DJ):    0.000ns
    Phase Error              (PE):    0.000ns

    Location             Delay type                Incr(ns)  Path(ns)    Netlist Resource(s)
  -------------------------------------------------------------------    -------------------
                         (clock dbg_hub/inst/BSCANID.u_xsdbm_id/SWITCH_N_EXT_BSCAN.bscan_inst/SERIES7_BSCAN.bscan_inst/TCK rise edge)
                                                      0.000     0.000 r  
    BSCAN_X0Y0           BSCANE2                      0.000     0.000 r  dbg_hub/inst/BSCANID.u_xsdbm_id/SWITCH_N_EXT_BSCAN.bscan_inst/SERIES7_BSCAN.bscan_inst/TCK
                         net (fo=1, routed)           2.325     2.325    dbg_hub/inst/BSCANID.u_xsdbm_id/tck_bs
    BUFGCTRL_X0Y1        BUFG (Prop_bufg_I_O)         0.101     2.426 r  dbg_hub/inst/BSCANID.u_xsdbm_id/SWITCH_N_EXT_BSCAN.u_bufg_icon_tck/O
                         net (fo=482, routed)         1.786     4.212    dbg_hub/inst/BSCANID.u_xsdbm_id/SWITCH_N_EXT_BSCAN.bscan_switch/s_bscan_tck
    SLICE_X92Y94         FDRE                                         r  dbg_hub/inst/BSCANID.u_xsdbm_id/SWITCH_N_EXT_BSCAN.bscan_switch/state_reg[2]/C
  -------------------------------------------------------------------    -------------------
    SLICE_X92Y94         FDRE (Prop_fdre_C_Q)         0.478     4.690 r  dbg_hub/inst/BSCANID.u_xsdbm_id/SWITCH_N_EXT_BSCAN.bscan_switch/state_reg[2]/Q
                         net (fo=50, routed)          1.938     6.628    dbg_hub/inst/BSCANID.u_xsdbm_id/SWITCH_N_EXT_BSCAN.bscan_switch/state[2]
    SLICE_X86Y95         LUT4 (Prop_lut4_I2_O)        0.329     6.957 r  dbg_hub/inst/BSCANID.u_xsdbm_id/SWITCH_N_EXT_BSCAN.bscan_switch/curid_inferred_i_9/O
                         net (fo=2, routed)           0.969     7.927    dbg_hub/inst/BSCANID.u_xsdbm_id/SWITCH_N_EXT_BSCAN.bscan_switch/curid[23]
    SLICE_X87Y94         LUT6 (Prop_lut6_I1_O)        0.348     8.275 r  dbg_hub/inst/BSCANID.u_xsdbm_id/SWITCH_N_EXT_BSCAN.bscan_switch/state_temp[0]_i_7/O
                         net (fo=1, routed)           0.000     8.275    dbg_hub/inst/BSCANID.u_xsdbm_id/SWITCH_N_EXT_BSCAN.bscan_switch/state_temp[0]_i_7_n_0
    SLICE_X87Y94         CARRY4 (Prop_carry4_S[1]_CO[3])
                                                      0.550     8.825 f  dbg_hub/inst/BSCANID.u_xsdbm_id/SWITCH_N_EXT_BSCAN.bscan_switch/state_temp_reg[0]_i_3/CO[3]
                         net (fo=4, routed)           1.223    10.048    dbg_hub/inst/BSCANID.u_xsdbm_id/SWITCH_N_EXT_BSCAN.bscan_switch/state_temp_reg[0]_i_3_n_0
    SLICE_X90Y94         LUT6 (Prop_lut6_I0_O)        0.124    10.172 r  dbg_hub/inst/BSCANID.u_xsdbm_id/SWITCH_N_EXT_BSCAN.bscan_switch/state_temp[0]_i_2/O
                         net (fo=1, routed)           0.452    10.624    dbg_hub/inst/BSCANID.u_xsdbm_id/SWITCH_N_EXT_BSCAN.bscan_switch/state_temp[0]_i_2_n_0
    SLICE_X90Y94         LUT6 (Prop_lut6_I0_O)        0.124    10.748 r  dbg_hub/inst/BSCANID.u_xsdbm_id/SWITCH_N_EXT_BSCAN.bscan_switch/state_temp[0]_i_1/O
                         net (fo=1, routed)           0.000    10.748    dbg_hub/inst/BSCANID.u_xsdbm_id/SWITCH_N_EXT_BSCAN.bscan_switch/state_temp[0]_i_1_n_0
    SLICE_X90Y94         FDRE                                         r  dbg_hub/inst/BSCANID.u_xsdbm_id/SWITCH_N_EXT_BSCAN.bscan_switch/state_temp_reg[0]/D
  -------------------------------------------------------------------    -------------------

                         (clock dbg_hub/inst/BSCANID.u_xsdbm_id/SWITCH_N_EXT_BSCAN.bscan_inst/SERIES7_BSCAN.bscan_inst/TCK rise edge)
                                                     33.000    33.000 r  
    BSCAN_X0Y0           BSCANE2                      0.000    33.000 r  dbg_hub/inst/BSCANID.u_xsdbm_id/SWITCH_N_EXT_BSCAN.bscan_inst/SERIES7_BSCAN.bscan_inst/TCK
                         net (fo=1, routed)           2.010    35.010    dbg_hub/inst/BSCANID.u_xsdbm_id/tck_bs
    BUFGCTRL_X0Y1        BUFG (Prop_bufg_I_O)         0.091    35.101 r  dbg_hub/inst/BSCANID.u_xsdbm_id/SWITCH_N_EXT_BSCAN.u_bufg_icon_tck/O
                         net (fo=482, routed)         1.608    36.709    dbg_hub/inst/BSCANID.u_xsdbm_id/SWITCH_N_EXT_BSCAN.bscan_switch/s_bscan_tck
    SLICE_X90Y94         FDRE                                         r  dbg_hub/inst/BSCANID.u_xsdbm_id/SWITCH_N_EXT_BSCAN.bscan_switch/state_temp_reg[0]/C
                         clock pessimism              0.439    37.148    
                         clock uncertainty           -0.035    37.113    
    SLICE_X90Y94         FDRE (Setup_fdre_C_D)        0.077    37.190    dbg_hub/inst/BSCANID.u_xsdbm_id/SWITCH_N_EXT_BSCAN.bscan_switch/state_temp_reg[0]
  -------------------------------------------------------------------
                         required time                         37.190    
                         arrival time                         -10.748    
  -------------------------------------------------------------------
                         slack                                 26.443    

Slack (MET) :             26.479ns  (required time - arrival time)
  Source:                 dbg_hub/inst/BSCANID.u_xsdbm_id/SWITCH_N_EXT_BSCAN.bscan_switch/state_reg[2]/C
                            (rising edge-triggered cell FDRE clocked by dbg_hub/inst/BSCANID.u_xsdbm_id/SWITCH_N_EXT_BSCAN.bscan_inst/SERIES7_BSCAN.bscan_inst/TCK  {rise@0.000ns fall@16.500ns period=33.000ns})
  Destination:            dbg_hub/inst/BSCANID.u_xsdbm_id/SWITCH_N_EXT_BSCAN.bscan_switch/state_temp_reg[1]/D
                            (rising edge-triggered cell FDRE clocked by dbg_hub/inst/BSCANID.u_xsdbm_id/SWITCH_N_EXT_BSCAN.bscan_inst/SERIES7_BSCAN.bscan_inst/TCK  {rise@0.000ns fall@16.500ns period=33.000ns})
  Path Group:             dbg_hub/inst/BSCANID.u_xsdbm_id/SWITCH_N_EXT_BSCAN.bscan_inst/SERIES7_BSCAN.bscan_inst/TCK
  Path Type:              Setup (Max at Slow Process Corner)
  Requirement:            33.000ns  (dbg_hub/inst/BSCANID.u_xsdbm_id/SWITCH_N_EXT_BSCAN.bscan_inst/SERIES7_BSCAN.bscan_inst/TCK rise@33.000ns - dbg_hub/inst/BSCANID.u_xsdbm_id/SWITCH_N_EXT_BSCAN.bscan_inst/SERIES7_BSCAN.bscan_inst/TCK rise@0.000ns)
  Data Path Delay:        6.563ns  (logic 1.953ns (29.757%)  route 4.610ns (70.243%))
  Logic Levels:           5  (CARRY4=1 LUT4=1 LUT6=3)
  Clock Path Skew:        0.000ns (DCD - SCD + CPR)
    Destination Clock Delay (DCD):    3.710ns = ( 36.710 - 33.000 ) 
    Source Clock Delay      (SCD):    4.212ns
    Clock Pessimism Removal (CPR):    0.502ns
  Clock Uncertainty:      0.035ns  ((TSJ^2 + TIJ^2)^1/2 + DJ) / 2 + PE
    Total System Jitter     (TSJ):    0.071ns
    Total Input Jitter      (TIJ):    0.000ns
    Discrete Jitter          (DJ):    0.000ns
    Phase Error              (PE):    0.000ns

    Location             Delay type                Incr(ns)  Path(ns)    Netlist Resource(s)
  -------------------------------------------------------------------    -------------------
                         (clock dbg_hub/inst/BSCANID.u_xsdbm_id/SWITCH_N_EXT_BSCAN.bscan_inst/SERIES7_BSCAN.bscan_inst/TCK rise edge)
                                                      0.000     0.000 r  
    BSCAN_X0Y0           BSCANE2                      0.000     0.000 r  dbg_hub/inst/BSCANID.u_xsdbm_id/SWITCH_N_EXT_BSCAN.bscan_inst/SERIES7_BSCAN.bscan_inst/TCK
                         net (fo=1, routed)           2.325     2.325    dbg_hub/inst/BSCANID.u_xsdbm_id/tck_bs
    BUFGCTRL_X0Y1        BUFG (Prop_bufg_I_O)         0.101     2.426 r  dbg_hub/inst/BSCANID.u_xsdbm_id/SWITCH_N_EXT_BSCAN.u_bufg_icon_tck/O
                         net (fo=482, routed)         1.786     4.212    dbg_hub/inst/BSCANID.u_xsdbm_id/SWITCH_N_EXT_BSCAN.bscan_switch/s_bscan_tck
    SLICE_X92Y94         FDRE                                         r  dbg_hub/inst/BSCANID.u_xsdbm_id/SWITCH_N_EXT_BSCAN.bscan_switch/state_reg[2]/C
  -------------------------------------------------------------------    -------------------
    SLICE_X92Y94         FDRE (Prop_fdre_C_Q)         0.478     4.690 r  dbg_hub/inst/BSCANID.u_xsdbm_id/SWITCH_N_EXT_BSCAN.bscan_switch/state_reg[2]/Q
                         net (fo=50, routed)          1.938     6.628    dbg_hub/inst/BSCANID.u_xsdbm_id/SWITCH_N_EXT_BSCAN.bscan_switch/state[2]
    SLICE_X86Y95         LUT4 (Prop_lut4_I2_O)        0.329     6.957 r  dbg_hub/inst/BSCANID.u_xsdbm_id/SWITCH_N_EXT_BSCAN.bscan_switch/curid_inferred_i_9/O
                         net (fo=2, routed)           0.969     7.927    dbg_hub/inst/BSCANID.u_xsdbm_id/SWITCH_N_EXT_BSCAN.bscan_switch/curid[23]
    SLICE_X87Y94         LUT6 (Prop_lut6_I1_O)        0.348     8.275 r  dbg_hub/inst/BSCANID.u_xsdbm_id/SWITCH_N_EXT_BSCAN.bscan_switch/state_temp[0]_i_7/O
                         net (fo=1, routed)           0.000     8.275    dbg_hub/inst/BSCANID.u_xsdbm_id/SWITCH_N_EXT_BSCAN.bscan_switch/state_temp[0]_i_7_n_0
    SLICE_X87Y94         CARRY4 (Prop_carry4_S[1]_CO[3])
                                                      0.550     8.825 f  dbg_hub/inst/BSCANID.u_xsdbm_id/SWITCH_N_EXT_BSCAN.bscan_switch/state_temp_reg[0]_i_3/CO[3]
                         net (fo=4, routed)           1.023     9.847    dbg_hub/inst/BSCANID.u_xsdbm_id/SWITCH_N_EXT_BSCAN.bscan_switch/state_temp_reg[0]_i_3_n_0
    SLICE_X92Y94         LUT6 (Prop_lut6_I5_O)        0.124     9.971 f  dbg_hub/inst/BSCANID.u_xsdbm_id/SWITCH_N_EXT_BSCAN.bscan_switch/state_temp[1]_i_2/O
                         net (fo=1, routed)           0.680    10.651    dbg_hub/inst/BSCANID.u_xsdbm_id/SWITCH_N_EXT_BSCAN.bscan_switch/state_temp[1]_i_2_n_0
    SLICE_X92Y94         LUT6 (Prop_lut6_I5_O)        0.124    10.775 r  dbg_hub/inst/BSCANID.u_xsdbm_id/SWITCH_N_EXT_BSCAN.bscan_switch/state_temp[1]_i_1/O
                         net (fo=1, routed)           0.000    10.775    dbg_hub/inst/BSCANID.u_xsdbm_id/SWITCH_N_EXT_BSCAN.bscan_switch/state_temp[1]_i_1_n_0
    SLICE_X92Y94         FDRE                                         r  dbg_hub/inst/BSCANID.u_xsdbm_id/SWITCH_N_EXT_BSCAN.bscan_switch/state_temp_reg[1]/D
  -------------------------------------------------------------------    -------------------

                         (clock dbg_hub/inst/BSCANID.u_xsdbm_id/SWITCH_N_EXT_BSCAN.bscan_inst/SERIES7_BSCAN.bscan_inst/TCK rise edge)
                                                     33.000    33.000 r  
    BSCAN_X0Y0           BSCANE2                      0.000    33.000 r  dbg_hub/inst/BSCANID.u_xsdbm_id/SWITCH_N_EXT_BSCAN.bscan_inst/SERIES7_BSCAN.bscan_inst/TCK
                         net (fo=1, routed)           2.010    35.010    dbg_hub/inst/BSCANID.u_xsdbm_id/tck_bs
    BUFGCTRL_X0Y1        BUFG (Prop_bufg_I_O)         0.091    35.101 r  dbg_hub/inst/BSCANID.u_xsdbm_id/SWITCH_N_EXT_BSCAN.u_bufg_icon_tck/O
                         net (fo=482, routed)         1.609    36.710    dbg_hub/inst/BSCANID.u_xsdbm_id/SWITCH_N_EXT_BSCAN.bscan_switch/s_bscan_tck
    SLICE_X92Y94         FDRE                                         r  dbg_hub/inst/BSCANID.u_xsdbm_id/SWITCH_N_EXT_BSCAN.bscan_switch/state_temp_reg[1]/C
                         clock pessimism              0.502    37.212    
                         clock uncertainty           -0.035    37.177    
    SLICE_X92Y94         FDRE (Setup_fdre_C_D)        0.077    37.254    dbg_hub/inst/BSCANID.u_xsdbm_id/SWITCH_N_EXT_BSCAN.bscan_switch/state_temp_reg[1]
  -------------------------------------------------------------------
                         required time                         37.254    
                         arrival time                         -10.775    
  -------------------------------------------------------------------
                         slack                                 26.479    

Slack (MET) :             26.970ns  (required time - arrival time)
  Source:                 dbg_hub/inst/BSCANID.u_xsdbm_id/SWITCH_N_EXT_BSCAN.bscan_switch/state_reg[2]/C
                            (rising edge-triggered cell FDRE clocked by dbg_hub/inst/BSCANID.u_xsdbm_id/SWITCH_N_EXT_BSCAN.bscan_inst/SERIES7_BSCAN.bscan_inst/TCK  {rise@0.000ns fall@16.500ns period=33.000ns})
  Destination:            dbg_hub/inst/BSCANID.u_xsdbm_id/CORE_XSDB.U_ICON/U_STAT/iSTAT_CNT_reg[0]/R
                            (rising edge-triggered cell FDRE clocked by dbg_hub/inst/BSCANID.u_xsdbm_id/SWITCH_N_EXT_BSCAN.bscan_inst/SERIES7_BSCAN.bscan_inst/TCK  {rise@0.000ns fall@16.500ns period=33.000ns})
  Path Group:             dbg_hub/inst/BSCANID.u_xsdbm_id/SWITCH_N_EXT_BSCAN.bscan_inst/SERIES7_BSCAN.bscan_inst/TCK
  Path Type:              Setup (Max at Slow Process Corner)
  Requirement:            33.000ns  (dbg_hub/inst/BSCANID.u_xsdbm_id/SWITCH_N_EXT_BSCAN.bscan_inst/SERIES7_BSCAN.bscan_inst/TCK rise@33.000ns - dbg_hub/inst/BSCANID.u_xsdbm_id/SWITCH_N_EXT_BSCAN.bscan_inst/SERIES7_BSCAN.bscan_inst/TCK rise@0.000ns)
  Data Path Delay:        5.184ns  (logic 1.020ns (19.675%)  route 4.164ns (80.325%))
  Logic Levels:           3  (LUT4=1 LUT5=2)
  Clock Path Skew:        -0.062ns (DCD - SCD + CPR)
    Destination Clock Delay (DCD):    3.711ns = ( 36.711 - 33.000 ) 
    Source Clock Delay      (SCD):    4.212ns
    Clock Pessimism Removal (CPR):    0.439ns
  Clock Uncertainty:      0.035ns  ((TSJ^2 + TIJ^2)^1/2 + DJ) / 2 + PE
    Total System Jitter     (TSJ):    0.071ns
    Total Input Jitter      (TIJ):    0.000ns
    Discrete Jitter          (DJ):    0.000ns
    Phase Error              (PE):    0.000ns

    Location             Delay type                Incr(ns)  Path(ns)    Netlist Resource(s)
  -------------------------------------------------------------------    -------------------
                         (clock dbg_hub/inst/BSCANID.u_xsdbm_id/SWITCH_N_EXT_BSCAN.bscan_inst/SERIES7_BSCAN.bscan_inst/TCK rise edge)
                                                      0.000     0.000 r  
    BSCAN_X0Y0           BSCANE2                      0.000     0.000 r  dbg_hub/inst/BSCANID.u_xsdbm_id/SWITCH_N_EXT_BSCAN.bscan_inst/SERIES7_BSCAN.bscan_inst/TCK
                         net (fo=1, routed)           2.325     2.325    dbg_hub/inst/BSCANID.u_xsdbm_id/tck_bs
    BUFGCTRL_X0Y1        BUFG (Prop_bufg_I_O)         0.101     2.426 r  dbg_hub/inst/BSCANID.u_xsdbm_id/SWITCH_N_EXT_BSCAN.u_bufg_icon_tck/O
                         net (fo=482, routed)         1.786     4.212    dbg_hub/inst/BSCANID.u_xsdbm_id/SWITCH_N_EXT_BSCAN.bscan_switch/s_bscan_tck
    SLICE_X92Y94         FDRE                                         r  dbg_hub/inst/BSCANID.u_xsdbm_id/SWITCH_N_EXT_BSCAN.bscan_switch/state_reg[2]/C
  -------------------------------------------------------------------    -------------------
    SLICE_X92Y94         FDRE (Prop_fdre_C_Q)         0.478     4.690 f  dbg_hub/inst/BSCANID.u_xsdbm_id/SWITCH_N_EXT_BSCAN.bscan_switch/state_reg[2]/Q
                         net (fo=50, routed)          2.197     6.887    dbg_hub/inst/BSCANID.u_xsdbm_id/SWITCH_N_EXT_BSCAN.bscan_switch/state[2]
    SLICE_X93Y93         LUT5 (Prop_lut5_I2_O)        0.301     7.188 f  dbg_hub/inst/BSCANID.u_xsdbm_id/SWITCH_N_EXT_BSCAN.bscan_switch/m_bscan_shift[0]_INST_0/O
                         net (fo=4, routed)           0.933     8.121    dbg_hub/inst/BSCANID.u_xsdbm_id/CORE_XSDB.U_ICON/U_CMD/icn_cmd_en_reg[7]
    SLICE_X100Y92        LUT4 (Prop_lut4_I1_O)        0.124     8.245 f  dbg_hub/inst/BSCANID.u_xsdbm_id/CORE_XSDB.U_ICON/U_CMD/iSTAT_CNT[5]_i_4/O
                         net (fo=1, routed)           0.286     8.531    dbg_hub/inst/BSCANID.u_xsdbm_id/CORE_XSDB.U_ICON/U_CMD/iSTAT_CNT[5]_i_4_n_0
    SLICE_X100Y92        LUT5 (Prop_lut5_I4_O)        0.117     8.648 r  dbg_hub/inst/BSCANID.u_xsdbm_id/CORE_XSDB.U_ICON/U_CMD/iSTAT_CNT[5]_i_1/O
                         net (fo=6, routed)           0.749     9.397    dbg_hub/inst/BSCANID.u_xsdbm_id/CORE_XSDB.U_ICON/U_STAT/SR[0]
    SLICE_X102Y89        FDRE                                         r  dbg_hub/inst/BSCANID.u_xsdbm_id/CORE_XSDB.U_ICON/U_STAT/iSTAT_CNT_reg[0]/R
  -------------------------------------------------------------------    -------------------

                         (clock dbg_hub/inst/BSCANID.u_xsdbm_id/SWITCH_N_EXT_BSCAN.bscan_inst/SERIES7_BSCAN.bscan_inst/TCK rise edge)
                                                     33.000    33.000 r  
    BSCAN_X0Y0           BSCANE2                      0.000    33.000 r  dbg_hub/inst/BSCANID.u_xsdbm_id/SWITCH_N_EXT_BSCAN.bscan_inst/SERIES7_BSCAN.bscan_inst/TCK
                         net (fo=1, routed)           2.010    35.010    dbg_hub/inst/BSCANID.u_xsdbm_id/tck_bs
    BUFGCTRL_X0Y1        BUFG (Prop_bufg_I_O)         0.091    35.101 r  dbg_hub/inst/BSCANID.u_xsdbm_id/SWITCH_N_EXT_BSCAN.u_bufg_icon_tck/O
                         net (fo=482, routed)         1.610    36.711    dbg_hub/inst/BSCANID.u_xsdbm_id/CORE_XSDB.U_ICON/U_STAT/m_bscan_tck[0]
    SLICE_X102Y89        FDRE                                         r  dbg_hub/inst/BSCANID.u_xsdbm_id/CORE_XSDB.U_ICON/U_STAT/iSTAT_CNT_reg[0]/C
                         clock pessimism              0.439    37.150    
                         clock uncertainty           -0.035    37.115    
    SLICE_X102Y89        FDRE (Setup_fdre_C_R)       -0.748    36.367    dbg_hub/inst/BSCANID.u_xsdbm_id/CORE_XSDB.U_ICON/U_STAT/iSTAT_CNT_reg[0]
  -------------------------------------------------------------------
                         required time                         36.367    
                         arrival time                          -9.397    
  -------------------------------------------------------------------
                         slack                                 26.970    





Min Delay Paths
--------------------------------------------------------------------------------------
Slack (MET) :             0.083ns  (arrival time - required time)
  Source:                 dbg_hub/inst/BSCANID.u_xsdbm_id/CORE_XSDB.UUT_MASTER/U_ICON_INTERFACE/U_CMD6_WR/shift_reg_in_reg[7]/C
                            (rising edge-triggered cell FDCE clocked by dbg_hub/inst/BSCANID.u_xsdbm_id/SWITCH_N_EXT_BSCAN.bscan_inst/SERIES7_BSCAN.bscan_inst/TCK  {rise@0.000ns fall@16.500ns period=33.000ns})
  Destination:            dbg_hub/inst/BSCANID.u_xsdbm_id/CORE_XSDB.UUT_MASTER/U_ICON_INTERFACE/U_CMD6_WR/U_WR_FIFO/SUBCORE_FIFO.xsdbm_v3_0_0_wrfifo_inst/inst_fifo_gen/gconvfifo.rf/grf.rf/gntv_or_sync_fifo.mem/gdm.dm_gen.dm/RAM_reg_0_15_6_11/RAMA/I
                            (rising edge-triggered cell RAMD32 clocked by dbg_hub/inst/BSCANID.u_xsdbm_id/SWITCH_N_EXT_BSCAN.bscan_inst/SERIES7_BSCAN.bscan_inst/TCK  {rise@0.000ns fall@16.500ns period=33.000ns})
  Path Group:             dbg_hub/inst/BSCANID.u_xsdbm_id/SWITCH_N_EXT_BSCAN.bscan_inst/SERIES7_BSCAN.bscan_inst/TCK
  Path Type:              Hold (Min at Fast Process Corner)
  Requirement:            0.000ns  (dbg_hub/inst/BSCANID.u_xsdbm_id/SWITCH_N_EXT_BSCAN.bscan_inst/SERIES7_BSCAN.bscan_inst/TCK rise@0.000ns - dbg_hub/inst/BSCANID.u_xsdbm_id/SWITCH_N_EXT_BSCAN.bscan_inst/SERIES7_BSCAN.bscan_inst/TCK rise@0.000ns)
  Data Path Delay:        0.266ns  (logic 0.141ns (52.977%)  route 0.125ns (47.023%))
  Logic Levels:           0  
  Clock Path Skew:        0.036ns (DCD - SCD - CPR)
    Destination Clock Delay (DCD):    2.075ns
    Source Clock Delay      (SCD):    1.668ns
    Clock Pessimism Removal (CPR):    0.371ns

    Location             Delay type                Incr(ns)  Path(ns)    Netlist Resource(s)
  -------------------------------------------------------------------    -------------------
                         (clock dbg_hub/inst/BSCANID.u_xsdbm_id/SWITCH_N_EXT_BSCAN.bscan_inst/SERIES7_BSCAN.bscan_inst/TCK rise edge)
                                                      0.000     0.000 r  
    BSCAN_X0Y0           BSCANE2                      0.000     0.000 r  dbg_hub/inst/BSCANID.u_xsdbm_id/SWITCH_N_EXT_BSCAN.bscan_inst/SERIES7_BSCAN.bscan_inst/TCK
                         net (fo=1, routed)           1.036     1.036    dbg_hub/inst/BSCANID.u_xsdbm_id/tck_bs
    BUFGCTRL_X0Y1        BUFG (Prop_bufg_I_O)         0.026     1.062 r  dbg_hub/inst/BSCANID.u_xsdbm_id/SWITCH_N_EXT_BSCAN.u_bufg_icon_tck/O
                         net (fo=482, routed)         0.606     1.668    dbg_hub/inst/BSCANID.u_xsdbm_id/CORE_XSDB.UUT_MASTER/U_ICON_INTERFACE/U_CMD6_WR/m_bscan_tck[0]
    SLICE_X103Y85        FDCE                                         r  dbg_hub/inst/BSCANID.u_xsdbm_id/CORE_XSDB.UUT_MASTER/U_ICON_INTERFACE/U_CMD6_WR/shift_reg_in_reg[7]/C
  -------------------------------------------------------------------    -------------------
    SLICE_X103Y85        FDCE (Prop_fdce_C_Q)         0.141     1.809 r  dbg_hub/inst/BSCANID.u_xsdbm_id/CORE_XSDB.UUT_MASTER/U_ICON_INTERFACE/U_CMD6_WR/shift_reg_in_reg[7]/Q
                         net (fo=2, routed)           0.125     1.934    dbg_hub/inst/BSCANID.u_xsdbm_id/CORE_XSDB.UUT_MASTER/U_ICON_INTERFACE/U_CMD6_WR/U_WR_FIFO/SUBCORE_FIFO.xsdbm_v3_0_0_wrfifo_inst/inst_fifo_gen/gconvfifo.rf/grf.rf/gntv_or_sync_fifo.mem/gdm.dm_gen.dm/RAM_reg_0_15_6_11/DIA0
    SLICE_X104Y85        RAMD32                                       r  dbg_hub/inst/BSCANID.u_xsdbm_id/CORE_XSDB.UUT_MASTER/U_ICON_INTERFACE/U_CMD6_WR/U_WR_FIFO/SUBCORE_FIFO.xsdbm_v3_0_0_wrfifo_inst/inst_fifo_gen/gconvfifo.rf/grf.rf/gntv_or_sync_fifo.mem/gdm.dm_gen.dm/RAM_reg_0_15_6_11/RAMA/I
  -------------------------------------------------------------------    -------------------

                         (clock dbg_hub/inst/BSCANID.u_xsdbm_id/SWITCH_N_EXT_BSCAN.bscan_inst/SERIES7_BSCAN.bscan_inst/TCK rise edge)
                                                      0.000     0.000 r  
    BSCAN_X0Y0           BSCANE2                      0.000     0.000 r  dbg_hub/inst/BSCANID.u_xsdbm_id/SWITCH_N_EXT_BSCAN.bscan_inst/SERIES7_BSCAN.bscan_inst/TCK
                         net (fo=1, routed)           1.170     1.170    dbg_hub/inst/BSCANID.u_xsdbm_id/tck_bs
    BUFGCTRL_X0Y1        BUFG (Prop_bufg_I_O)         0.029     1.199 r  dbg_hub/inst/BSCANID.u_xsdbm_id/SWITCH_N_EXT_BSCAN.u_bufg_icon_tck/O
                         net (fo=482, routed)         0.876     2.075    dbg_hub/inst/BSCANID.u_xsdbm_id/CORE_XSDB.UUT_MASTER/U_ICON_INTERFACE/U_CMD6_WR/U_WR_FIFO/SUBCORE_FIFO.xsdbm_v3_0_0_wrfifo_inst/inst_fifo_gen/gconvfifo.rf/grf.rf/gntv_or_sync_fifo.mem/gdm.dm_gen.dm/RAM_reg_0_15_6_11/WCLK
    SLICE_X104Y85        RAMD32                                       r  dbg_hub/inst/BSCANID.u_xsdbm_id/CORE_XSDB.UUT_MASTER/U_ICON_INTERFACE/U_CMD6_WR/U_WR_FIFO/SUBCORE_FIFO.xsdbm_v3_0_0_wrfifo_inst/inst_fifo_gen/gconvfifo.rf/grf.rf/gntv_or_sync_fifo.mem/gdm.dm_gen.dm/RAM_reg_0_15_6_11/RAMA/CLK
                         clock pessimism             -0.371     1.704    
    SLICE_X104Y85        RAMD32 (Hold_ramd32_CLK_I)
                                                      0.147     1.851    dbg_hub/inst/BSCANID.u_xsdbm_id/CORE_XSDB.UUT_MASTER/U_ICON_INTERFACE/U_CMD6_WR/U_WR_FIFO/SUBCORE_FIFO.xsdbm_v3_0_0_wrfifo_inst/inst_fifo_gen/gconvfifo.rf/grf.rf/gntv_or_sync_fifo.mem/gdm.dm_gen.dm/RAM_reg_0_15_6_11/RAMA
  -------------------------------------------------------------------
                         required time                         -1.851    
                         arrival time                           1.934    
  -------------------------------------------------------------------
                         slack                                  0.083    

Slack (MET) :             0.084ns  (arrival time - required time)
  Source:                 dbg_hub/inst/BSCANID.u_xsdbm_id/CORE_XSDB.UUT_MASTER/U_ICON_INTERFACE/U_CMD6_WR/shift_reg_in_reg[13]/C
                            (rising edge-triggered cell FDCE clocked by dbg_hub/inst/BSCANID.u_xsdbm_id/SWITCH_N_EXT_BSCAN.bscan_inst/SERIES7_BSCAN.bscan_inst/TCK  {rise@0.000ns fall@16.500ns period=33.000ns})
  Destination:            dbg_hub/inst/BSCANID.u_xsdbm_id/CORE_XSDB.UUT_MASTER/U_ICON_INTERFACE/U_CMD6_WR/U_WR_FIFO/SUBCORE_FIFO.xsdbm_v3_0_0_wrfifo_inst/inst_fifo_gen/gconvfifo.rf/grf.rf/gntv_or_sync_fifo.mem/gdm.dm_gen.dm/RAM_reg_0_15_12_15/RAMA/I
                            (rising edge-triggered cell RAMD32 clocked by dbg_hub/inst/BSCANID.u_xsdbm_id/SWITCH_N_EXT_BSCAN.bscan_inst/SERIES7_BSCAN.bscan_inst/TCK  {rise@0.000ns fall@16.500ns period=33.000ns})
  Path Group:             dbg_hub/inst/BSCANID.u_xsdbm_id/SWITCH_N_EXT_BSCAN.bscan_inst/SERIES7_BSCAN.bscan_inst/TCK
  Path Type:              Hold (Min at Fast Process Corner)
  Requirement:            0.000ns  (dbg_hub/inst/BSCANID.u_xsdbm_id/SWITCH_N_EXT_BSCAN.bscan_inst/SERIES7_BSCAN.bscan_inst/TCK rise@0.000ns - dbg_hub/inst/BSCANID.u_xsdbm_id/SWITCH_N_EXT_BSCAN.bscan_inst/SERIES7_BSCAN.bscan_inst/TCK rise@0.000ns)
  Data Path Delay:        0.266ns  (logic 0.141ns (52.977%)  route 0.125ns (47.023%))
  Logic Levels:           0  
  Clock Path Skew:        0.035ns (DCD - SCD - CPR)
    Destination Clock Delay (DCD):    2.074ns
    Source Clock Delay      (SCD):    1.668ns
    Clock Pessimism Removal (CPR):    0.371ns

    Location             Delay type                Incr(ns)  Path(ns)    Netlist Resource(s)
  -------------------------------------------------------------------    -------------------
                         (clock dbg_hub/inst/BSCANID.u_xsdbm_id/SWITCH_N_EXT_BSCAN.bscan_inst/SERIES7_BSCAN.bscan_inst/TCK rise edge)
                                                      0.000     0.000 r  
    BSCAN_X0Y0           BSCANE2                      0.000     0.000 r  dbg_hub/inst/BSCANID.u_xsdbm_id/SWITCH_N_EXT_BSCAN.bscan_inst/SERIES7_BSCAN.bscan_inst/TCK
                         net (fo=1, routed)           1.036     1.036    dbg_hub/inst/BSCANID.u_xsdbm_id/tck_bs
    BUFGCTRL_X0Y1        BUFG (Prop_bufg_I_O)         0.026     1.062 r  dbg_hub/inst/BSCANID.u_xsdbm_id/SWITCH_N_EXT_BSCAN.u_bufg_icon_tck/O
                         net (fo=482, routed)         0.606     1.668    dbg_hub/inst/BSCANID.u_xsdbm_id/CORE_XSDB.UUT_MASTER/U_ICON_INTERFACE/U_CMD6_WR/m_bscan_tck[0]
    SLICE_X103Y84        FDCE                                         r  dbg_hub/inst/BSCANID.u_xsdbm_id/CORE_XSDB.UUT_MASTER/U_ICON_INTERFACE/U_CMD6_WR/shift_reg_in_reg[13]/C
  -------------------------------------------------------------------    -------------------
    SLICE_X103Y84        FDCE (Prop_fdce_C_Q)         0.141     1.809 r  dbg_hub/inst/BSCANID.u_xsdbm_id/CORE_XSDB.UUT_MASTER/U_ICON_INTERFACE/U_CMD6_WR/shift_reg_in_reg[13]/Q
                         net (fo=2, routed)           0.125     1.934    dbg_hub/inst/BSCANID.u_xsdbm_id/CORE_XSDB.UUT_MASTER/U_ICON_INTERFACE/U_CMD6_WR/U_WR_FIFO/SUBCORE_FIFO.xsdbm_v3_0_0_wrfifo_inst/inst_fifo_gen/gconvfifo.rf/grf.rf/gntv_or_sync_fifo.mem/gdm.dm_gen.dm/RAM_reg_0_15_12_15/DIA0
    SLICE_X104Y84        RAMD32                                       r  dbg_hub/inst/BSCANID.u_xsdbm_id/CORE_XSDB.UUT_MASTER/U_ICON_INTERFACE/U_CMD6_WR/U_WR_FIFO/SUBCORE_FIFO.xsdbm_v3_0_0_wrfifo_inst/inst_fifo_gen/gconvfifo.rf/grf.rf/gntv_or_sync_fifo.mem/gdm.dm_gen.dm/RAM_reg_0_15_12_15/RAMA/I
  -------------------------------------------------------------------    -------------------

                         (clock dbg_hub/inst/BSCANID.u_xsdbm_id/SWITCH_N_EXT_BSCAN.bscan_inst/SERIES7_BSCAN.bscan_inst/TCK rise edge)
                                                      0.000     0.000 r  
    BSCAN_X0Y0           BSCANE2                      0.000     0.000 r  dbg_hub/inst/BSCANID.u_xsdbm_id/SWITCH_N_EXT_BSCAN.bscan_inst/SERIES7_BSCAN.bscan_inst/TCK
                         net (fo=1, routed)           1.170     1.170    dbg_hub/inst/BSCANID.u_xsdbm_id/tck_bs
    BUFGCTRL_X0Y1        BUFG (Prop_bufg_I_O)         0.029     1.199 r  dbg_hub/inst/BSCANID.u_xsdbm_id/SWITCH_N_EXT_BSCAN.u_bufg_icon_tck/O
                         net (fo=482, routed)         0.875     2.074    dbg_hub/inst/BSCANID.u_xsdbm_id/CORE_XSDB.UUT_MASTER/U_ICON_INTERFACE/U_CMD6_WR/U_WR_FIFO/SUBCORE_FIFO.xsdbm_v3_0_0_wrfifo_inst/inst_fifo_gen/gconvfifo.rf/grf.rf/gntv_or_sync_fifo.mem/gdm.dm_gen.dm/RAM_reg_0_15_12_15/WCLK
    SLICE_X104Y84        RAMD32                                       r  dbg_hub/inst/BSCANID.u_xsdbm_id/CORE_XSDB.UUT_MASTER/U_ICON_INTERFACE/U_CMD6_WR/U_WR_FIFO/SUBCORE_FIFO.xsdbm_v3_0_0_wrfifo_inst/inst_fifo_gen/gconvfifo.rf/grf.rf/gntv_or_sync_fifo.mem/gdm.dm_gen.dm/RAM_reg_0_15_12_15/RAMA/CLK
                         clock pessimism             -0.371     1.703    
    SLICE_X104Y84        RAMD32 (Hold_ramd32_CLK_I)
                                                      0.147     1.850    dbg_hub/inst/BSCANID.u_xsdbm_id/CORE_XSDB.UUT_MASTER/U_ICON_INTERFACE/U_CMD6_WR/U_WR_FIFO/SUBCORE_FIFO.xsdbm_v3_0_0_wrfifo_inst/inst_fifo_gen/gconvfifo.rf/grf.rf/gntv_or_sync_fifo.mem/gdm.dm_gen.dm/RAM_reg_0_15_12_15/RAMA
  -------------------------------------------------------------------
                         required time                         -1.850    
                         arrival time                           1.934    
  -------------------------------------------------------------------
                         slack                                  0.084    

Slack (MET) :             0.104ns  (arrival time - required time)
  Source:                 dbg_hub/inst/BSCANID.u_xsdbm_id/SWITCH_N_EXT_BSCAN.bscan_switch/bscanid_reg[28]/C
                            (rising edge-triggered cell FDRE clocked by dbg_hub/inst/BSCANID.u_xsdbm_id/SWITCH_N_EXT_BSCAN.bscan_inst/SERIES7_BSCAN.bscan_inst/TCK  {rise@0.000ns fall@16.500ns period=33.000ns})
  Destination:            dbg_hub/inst/BSCANID.u_xsdbm_id/SWITCH_N_EXT_BSCAN.bscan_switch/bscanid_reg[27]/D
                            (rising edge-triggered cell FDRE clocked by dbg_hub/inst/BSCANID.u_xsdbm_id/SWITCH_N_EXT_BSCAN.bscan_inst/SERIES7_BSCAN.bscan_inst/TCK  {rise@0.000ns fall@16.500ns period=33.000ns})
  Path Group:             dbg_hub/inst/BSCANID.u_xsdbm_id/SWITCH_N_EXT_BSCAN.bscan_inst/SERIES7_BSCAN.bscan_inst/TCK
  Path Type:              Hold (Min at Fast Process Corner)
  Requirement:            0.000ns  (dbg_hub/inst/BSCANID.u_xsdbm_id/SWITCH_N_EXT_BSCAN.bscan_inst/SERIES7_BSCAN.bscan_inst/TCK rise@0.000ns - dbg_hub/inst/BSCANID.u_xsdbm_id/SWITCH_N_EXT_BSCAN.bscan_inst/SERIES7_BSCAN.bscan_inst/TCK rise@0.000ns)
  Data Path Delay:        0.238ns  (logic 0.186ns (78.117%)  route 0.052ns (21.883%))
  Logic Levels:           1  (LUT2=1)
  Clock Path Skew:        0.013ns (DCD - SCD - CPR)
    Destination Clock Delay (DCD):    2.079ns
    Source Clock Delay      (SCD):    1.672ns
    Clock Pessimism Removal (CPR):    0.394ns

    Location             Delay type                Incr(ns)  Path(ns)    Netlist Resource(s)
  -------------------------------------------------------------------    -------------------
                         (clock dbg_hub/inst/BSCANID.u_xsdbm_id/SWITCH_N_EXT_BSCAN.bscan_inst/SERIES7_BSCAN.bscan_inst/TCK rise edge)
                                                      0.000     0.000 r  
    BSCAN_X0Y0           BSCANE2                      0.000     0.000 r  dbg_hub/inst/BSCANID.u_xsdbm_id/SWITCH_N_EXT_BSCAN.bscan_inst/SERIES7_BSCAN.bscan_inst/TCK
                         net (fo=1, routed)           1.036     1.036    dbg_hub/inst/BSCANID.u_xsdbm_id/tck_bs
    BUFGCTRL_X0Y1        BUFG (Prop_bufg_I_O)         0.026     1.062 r  dbg_hub/inst/BSCANID.u_xsdbm_id/SWITCH_N_EXT_BSCAN.u_bufg_icon_tck/O
                         net (fo=482, routed)         0.610     1.672    dbg_hub/inst/BSCANID.u_xsdbm_id/SWITCH_N_EXT_BSCAN.bscan_switch/s_bscan_tck
    SLICE_X99Y96         FDRE                                         r  dbg_hub/inst/BSCANID.u_xsdbm_id/SWITCH_N_EXT_BSCAN.bscan_switch/bscanid_reg[28]/C
  -------------------------------------------------------------------    -------------------
    SLICE_X99Y96         FDRE (Prop_fdre_C_Q)         0.141     1.813 r  dbg_hub/inst/BSCANID.u_xsdbm_id/SWITCH_N_EXT_BSCAN.bscan_switch/bscanid_reg[28]/Q
                         net (fo=1, routed)           0.052     1.865    dbg_hub/inst/BSCANID.u_xsdbm_id/SWITCH_N_EXT_BSCAN.bscan_switch/bscanid__0[28]
    SLICE_X98Y96         LUT2 (Prop_lut2_I1_O)        0.045     1.910 r  dbg_hub/inst/BSCANID.u_xsdbm_id/SWITCH_N_EXT_BSCAN.bscan_switch/bscanid[27]_i_1/O
                         net (fo=1, routed)           0.000     1.910    dbg_hub/inst/BSCANID.u_xsdbm_id/SWITCH_N_EXT_BSCAN.bscan_switch/bscanid[27]_i_1_n_0
    SLICE_X98Y96         FDRE                                         r  dbg_hub/inst/BSCANID.u_xsdbm_id/SWITCH_N_EXT_BSCAN.bscan_switch/bscanid_reg[27]/D
  -------------------------------------------------------------------    -------------------

                         (clock dbg_hub/inst/BSCANID.u_xsdbm_id/SWITCH_N_EXT_BSCAN.bscan_inst/SERIES7_BSCAN.bscan_inst/TCK rise edge)
                                                      0.000     0.000 r  
    BSCAN_X0Y0           BSCANE2                      0.000     0.000 r  dbg_hub/inst/BSCANID.u_xsdbm_id/SWITCH_N_EXT_BSCAN.bscan_inst/SERIES7_BSCAN.bscan_inst/TCK
                         net (fo=1, routed)           1.170     1.170    dbg_hub/inst/BSCANID.u_xsdbm_id/tck_bs
    BUFGCTRL_X0Y1        BUFG (Prop_bufg_I_O)         0.029     1.199 r  dbg_hub/inst/BSCANID.u_xsdbm_id/SWITCH_N_EXT_BSCAN.u_bufg_icon_tck/O
                         net (fo=482, routed)         0.880     2.079    dbg_hub/inst/BSCANID.u_xsdbm_id/SWITCH_N_EXT_BSCAN.bscan_switch/s_bscan_tck
    SLICE_X98Y96         FDRE                                         r  dbg_hub/inst/BSCANID.u_xsdbm_id/SWITCH_N_EXT_BSCAN.bscan_switch/bscanid_reg[27]/C
                         clock pessimism             -0.394     1.685    
    SLICE_X98Y96         FDRE (Hold_fdre_C_D)         0.121     1.806    dbg_hub/inst/BSCANID.u_xsdbm_id/SWITCH_N_EXT_BSCAN.bscan_switch/bscanid_reg[27]
  -------------------------------------------------------------------
                         required time                         -1.806    
                         arrival time                           1.910    
  -------------------------------------------------------------------
                         slack                                  0.104    

Slack (MET) :             0.106ns  (arrival time - required time)
  Source:                 dbg_hub/inst/BSCANID.u_xsdbm_id/SWITCH_N_EXT_BSCAN.bscan_switch/bscanid_reg[4]/C
                            (rising edge-triggered cell FDRE clocked by dbg_hub/inst/BSCANID.u_xsdbm_id/SWITCH_N_EXT_BSCAN.bscan_inst/SERIES7_BSCAN.bscan_inst/TCK  {rise@0.000ns fall@16.500ns period=33.000ns})
  Destination:            dbg_hub/inst/BSCANID.u_xsdbm_id/SWITCH_N_EXT_BSCAN.bscan_switch/bscanid_reg[3]/D
                            (rising edge-triggered cell FDRE clocked by dbg_hub/inst/BSCANID.u_xsdbm_id/SWITCH_N_EXT_BSCAN.bscan_inst/SERIES7_BSCAN.bscan_inst/TCK  {rise@0.000ns fall@16.500ns period=33.000ns})
  Path Group:             dbg_hub/inst/BSCANID.u_xsdbm_id/SWITCH_N_EXT_BSCAN.bscan_inst/SERIES7_BSCAN.bscan_inst/TCK
  Path Type:              Hold (Min at Fast Process Corner)
  Requirement:            0.000ns  (dbg_hub/inst/BSCANID.u_xsdbm_id/SWITCH_N_EXT_BSCAN.bscan_inst/SERIES7_BSCAN.bscan_inst/TCK rise@0.000ns - dbg_hub/inst/BSCANID.u_xsdbm_id/SWITCH_N_EXT_BSCAN.bscan_inst/SERIES7_BSCAN.bscan_inst/TCK rise@0.000ns)
  Data Path Delay:        0.240ns  (logic 0.186ns (77.466%)  route 0.054ns (22.534%))
  Logic Levels:           1  (LUT2=1)
  Clock Path Skew:        0.013ns (DCD - SCD - CPR)
    Destination Clock Delay (DCD):    2.079ns
    Source Clock Delay      (SCD):    1.672ns
    Clock Pessimism Removal (CPR):    0.394ns

    Location             Delay type                Incr(ns)  Path(ns)    Netlist Resource(s)
  -------------------------------------------------------------------    -------------------
                         (clock dbg_hub/inst/BSCANID.u_xsdbm_id/SWITCH_N_EXT_BSCAN.bscan_inst/SERIES7_BSCAN.bscan_inst/TCK rise edge)
                                                      0.000     0.000 r  
    BSCAN_X0Y0           BSCANE2                      0.000     0.000 r  dbg_hub/inst/BSCANID.u_xsdbm_id/SWITCH_N_EXT_BSCAN.bscan_inst/SERIES7_BSCAN.bscan_inst/TCK
                         net (fo=1, routed)           1.036     1.036    dbg_hub/inst/BSCANID.u_xsdbm_id/tck_bs
    BUFGCTRL_X0Y1        BUFG (Prop_bufg_I_O)         0.026     1.062 r  dbg_hub/inst/BSCANID.u_xsdbm_id/SWITCH_N_EXT_BSCAN.u_bufg_icon_tck/O
                         net (fo=482, routed)         0.610     1.672    dbg_hub/inst/BSCANID.u_xsdbm_id/SWITCH_N_EXT_BSCAN.bscan_switch/s_bscan_tck
    SLICE_X99Y95         FDRE                                         r  dbg_hub/inst/BSCANID.u_xsdbm_id/SWITCH_N_EXT_BSCAN.bscan_switch/bscanid_reg[4]/C
  -------------------------------------------------------------------    -------------------
    SLICE_X99Y95         FDRE (Prop_fdre_C_Q)         0.141     1.813 r  dbg_hub/inst/BSCANID.u_xsdbm_id/SWITCH_N_EXT_BSCAN.bscan_switch/bscanid_reg[4]/Q
                         net (fo=1, routed)           0.054     1.867    dbg_hub/inst/BSCANID.u_xsdbm_id/SWITCH_N_EXT_BSCAN.bscan_switch/bscanid__0[4]
    SLICE_X98Y95         LUT2 (Prop_lut2_I1_O)        0.045     1.912 r  dbg_hub/inst/BSCANID.u_xsdbm_id/SWITCH_N_EXT_BSCAN.bscan_switch/bscanid[3]_i_1/O
                         net (fo=1, routed)           0.000     1.912    dbg_hub/inst/BSCANID.u_xsdbm_id/SWITCH_N_EXT_BSCAN.bscan_switch/bscanid[3]_i_1_n_0
    SLICE_X98Y95         FDRE                                         r  dbg_hub/inst/BSCANID.u_xsdbm_id/SWITCH_N_EXT_BSCAN.bscan_switch/bscanid_reg[3]/D
  -------------------------------------------------------------------    -------------------

                         (clock dbg_hub/inst/BSCANID.u_xsdbm_id/SWITCH_N_EXT_BSCAN.bscan_inst/SERIES7_BSCAN.bscan_inst/TCK rise edge)
                                                      0.000     0.000 r  
    BSCAN_X0Y0           BSCANE2                      0.000     0.000 r  dbg_hub/inst/BSCANID.u_xsdbm_id/SWITCH_N_EXT_BSCAN.bscan_inst/SERIES7_BSCAN.bscan_inst/TCK
                         net (fo=1, routed)           1.170     1.170    dbg_hub/inst/BSCANID.u_xsdbm_id/tck_bs
    BUFGCTRL_X0Y1        BUFG (Prop_bufg_I_O)         0.029     1.199 r  dbg_hub/inst/BSCANID.u_xsdbm_id/SWITCH_N_EXT_BSCAN.u_bufg_icon_tck/O
                         net (fo=482, routed)         0.880     2.079    dbg_hub/inst/BSCANID.u_xsdbm_id/SWITCH_N_EXT_BSCAN.bscan_switch/s_bscan_tck
    SLICE_X98Y95         FDRE                                         r  dbg_hub/inst/BSCANID.u_xsdbm_id/SWITCH_N_EXT_BSCAN.bscan_switch/bscanid_reg[3]/C
                         clock pessimism             -0.394     1.685    
    SLICE_X98Y95         FDRE (Hold_fdre_C_D)         0.121     1.806    dbg_hub/inst/BSCANID.u_xsdbm_id/SWITCH_N_EXT_BSCAN.bscan_switch/bscanid_reg[3]
  -------------------------------------------------------------------
                         required time                         -1.806    
                         arrival time                           1.912    
  -------------------------------------------------------------------
                         slack                                  0.106    

Slack (MET) :             0.110ns  (arrival time - required time)
  Source:                 dbg_hub/inst/BSCANID.u_xsdbm_id/CORE_XSDB.UUT_MASTER/U_ICON_INTERFACE/U_CMD6_WR/shift_reg_in_reg[14]/C
                            (rising edge-triggered cell FDCE clocked by dbg_hub/inst/BSCANID.u_xsdbm_id/SWITCH_N_EXT_BSCAN.bscan_inst/SERIES7_BSCAN.bscan_inst/TCK  {rise@0.000ns fall@16.500ns period=33.000ns})
  Destination:            dbg_hub/inst/BSCANID.u_xsdbm_id/CORE_XSDB.UUT_MASTER/U_ICON_INTERFACE/U_CMD6_WR/U_WR_FIFO/SUBCORE_FIFO.xsdbm_v3_0_0_wrfifo_inst/inst_fifo_gen/gconvfifo.rf/grf.rf/gntv_or_sync_fifo.mem/gdm.dm_gen.dm/RAM_reg_0_15_12_15/RAMA_D1/I
                            (rising edge-triggered cell RAMD32 clocked by dbg_hub/inst/BSCANID.u_xsdbm_id/SWITCH_N_EXT_BSCAN.bscan_inst/SERIES7_BSCAN.bscan_inst/TCK  {rise@0.000ns fall@16.500ns period=33.000ns})
  Path Group:             dbg_hub/inst/BSCANID.u_xsdbm_id/SWITCH_N_EXT_BSCAN.bscan_inst/SERIES7_BSCAN.bscan_inst/TCK
  Path Type:              Hold (Min at Fast Process Corner)
  Requirement:            0.000ns  (dbg_hub/inst/BSCANID.u_xsdbm_id/SWITCH_N_EXT_BSCAN.bscan_inst/SERIES7_BSCAN.bscan_inst/TCK rise@0.000ns - dbg_hub/inst/BSCANID.u_xsdbm_id/SWITCH_N_EXT_BSCAN.bscan_inst/SERIES7_BSCAN.bscan_inst/TCK rise@0.000ns)
  Data Path Delay:        0.265ns  (logic 0.141ns (53.237%)  route 0.124ns (46.763%))
  Logic Levels:           0  
  Clock Path Skew:        0.035ns (DCD - SCD - CPR)
    Destination Clock Delay (DCD):    2.074ns
    Source Clock Delay      (SCD):    1.668ns
    Clock Pessimism Removal (CPR):    0.371ns

    Location             Delay type                Incr(ns)  Path(ns)    Netlist Resource(s)
  -------------------------------------------------------------------    -------------------
                         (clock dbg_hub/inst/BSCANID.u_xsdbm_id/SWITCH_N_EXT_BSCAN.bscan_inst/SERIES7_BSCAN.bscan_inst/TCK rise edge)
                                                      0.000     0.000 r  
    BSCAN_X0Y0           BSCANE2                      0.000     0.000 r  dbg_hub/inst/BSCANID.u_xsdbm_id/SWITCH_N_EXT_BSCAN.bscan_inst/SERIES7_BSCAN.bscan_inst/TCK
                         net (fo=1, routed)           1.036     1.036    dbg_hub/inst/BSCANID.u_xsdbm_id/tck_bs
    BUFGCTRL_X0Y1        BUFG (Prop_bufg_I_O)         0.026     1.062 r  dbg_hub/inst/BSCANID.u_xsdbm_id/SWITCH_N_EXT_BSCAN.u_bufg_icon_tck/O
                         net (fo=482, routed)         0.606     1.668    dbg_hub/inst/BSCANID.u_xsdbm_id/CORE_XSDB.UUT_MASTER/U_ICON_INTERFACE/U_CMD6_WR/m_bscan_tck[0]
    SLICE_X103Y84        FDCE                                         r  dbg_hub/inst/BSCANID.u_xsdbm_id/CORE_XSDB.UUT_MASTER/U_ICON_INTERFACE/U_CMD6_WR/shift_reg_in_reg[14]/C
  -------------------------------------------------------------------    -------------------
    SLICE_X103Y84        FDCE (Prop_fdce_C_Q)         0.141     1.809 r  dbg_hub/inst/BSCANID.u_xsdbm_id/CORE_XSDB.UUT_MASTER/U_ICON_INTERFACE/U_CMD6_WR/shift_reg_in_reg[14]/Q
                         net (fo=2, routed)           0.124     1.933    dbg_hub/inst/BSCANID.u_xsdbm_id/CORE_XSDB.UUT_MASTER/U_ICON_INTERFACE/U_CMD6_WR/U_WR_FIFO/SUBCORE_FIFO.xsdbm_v3_0_0_wrfifo_inst/inst_fifo_gen/gconvfifo.rf/grf.rf/gntv_or_sync_fifo.mem/gdm.dm_gen.dm/RAM_reg_0_15_12_15/DIA1
    SLICE_X104Y84        RAMD32                                       r  dbg_hub/inst/BSCANID.u_xsdbm_id/CORE_XSDB.UUT_MASTER/U_ICON_INTERFACE/U_CMD6_WR/U_WR_FIFO/SUBCORE_FIFO.xsdbm_v3_0_0_wrfifo_inst/inst_fifo_gen/gconvfifo.rf/grf.rf/gntv_or_sync_fifo.mem/gdm.dm_gen.dm/RAM_reg_0_15_12_15/RAMA_D1/I
  -------------------------------------------------------------------    -------------------

                         (clock dbg_hub/inst/BSCANID.u_xsdbm_id/SWITCH_N_EXT_BSCAN.bscan_inst/SERIES7_BSCAN.bscan_inst/TCK rise edge)
                                                      0.000     0.000 r  
    BSCAN_X0Y0           BSCANE2                      0.000     0.000 r  dbg_hub/inst/BSCANID.u_xsdbm_id/SWITCH_N_EXT_BSCAN.bscan_inst/SERIES7_BSCAN.bscan_inst/TCK
                         net (fo=1, routed)           1.170     1.170    dbg_hub/inst/BSCANID.u_xsdbm_id/tck_bs
    BUFGCTRL_X0Y1        BUFG (Prop_bufg_I_O)         0.029     1.199 r  dbg_hub/inst/BSCANID.u_xsdbm_id/SWITCH_N_EXT_BSCAN.u_bufg_icon_tck/O
                         net (fo=482, routed)         0.875     2.074    dbg_hub/inst/BSCANID.u_xsdbm_id/CORE_XSDB.UUT_MASTER/U_ICON_INTERFACE/U_CMD6_WR/U_WR_FIFO/SUBCORE_FIFO.xsdbm_v3_0_0_wrfifo_inst/inst_fifo_gen/gconvfifo.rf/grf.rf/gntv_or_sync_fifo.mem/gdm.dm_gen.dm/RAM_reg_0_15_12_15/WCLK
    SLICE_X104Y84        RAMD32                                       r  dbg_hub/inst/BSCANID.u_xsdbm_id/CORE_XSDB.UUT_MASTER/U_ICON_INTERFACE/U_CMD6_WR/U_WR_FIFO/SUBCORE_FIFO.xsdbm_v3_0_0_wrfifo_inst/inst_fifo_gen/gconvfifo.rf/grf.rf/gntv_or_sync_fifo.mem/gdm.dm_gen.dm/RAM_reg_0_15_12_15/RAMA_D1/CLK
                         clock pessimism             -0.371     1.703    
    SLICE_X104Y84        RAMD32 (Hold_ramd32_CLK_I)
                                                      0.120     1.823    dbg_hub/inst/BSCANID.u_xsdbm_id/CORE_XSDB.UUT_MASTER/U_ICON_INTERFACE/U_CMD6_WR/U_WR_FIFO/SUBCORE_FIFO.xsdbm_v3_0_0_wrfifo_inst/inst_fifo_gen/gconvfifo.rf/grf.rf/gntv_or_sync_fifo.mem/gdm.dm_gen.dm/RAM_reg_0_15_12_15/RAMA_D1
  -------------------------------------------------------------------
                         required time                         -1.823    
                         arrival time                           1.933    
  -------------------------------------------------------------------
                         slack                                  0.110    

Slack (MET) :             0.110ns  (arrival time - required time)
  Source:                 dbg_hub/inst/BSCANID.u_xsdbm_id/CORE_XSDB.UUT_MASTER/U_ICON_INTERFACE/U_CMD6_WR/shift_reg_in_reg[8]/C
                            (rising edge-triggered cell FDCE clocked by dbg_hub/inst/BSCANID.u_xsdbm_id/SWITCH_N_EXT_BSCAN.bscan_inst/SERIES7_BSCAN.bscan_inst/TCK  {rise@0.000ns fall@16.500ns period=33.000ns})
  Destination:            dbg_hub/inst/BSCANID.u_xsdbm_id/CORE_XSDB.UUT_MASTER/U_ICON_INTERFACE/U_CMD6_WR/U_WR_FIFO/SUBCORE_FIFO.xsdbm_v3_0_0_wrfifo_inst/inst_fifo_gen/gconvfifo.rf/grf.rf/gntv_or_sync_fifo.mem/gdm.dm_gen.dm/RAM_reg_0_15_6_11/RAMA_D1/I
                            (rising edge-triggered cell RAMD32 clocked by dbg_hub/inst/BSCANID.u_xsdbm_id/SWITCH_N_EXT_BSCAN.bscan_inst/SERIES7_BSCAN.bscan_inst/TCK  {rise@0.000ns fall@16.500ns period=33.000ns})
  Path Group:             dbg_hub/inst/BSCANID.u_xsdbm_id/SWITCH_N_EXT_BSCAN.bscan_inst/SERIES7_BSCAN.bscan_inst/TCK
  Path Type:              Hold (Min at Fast Process Corner)
  Requirement:            0.000ns  (dbg_hub/inst/BSCANID.u_xsdbm_id/SWITCH_N_EXT_BSCAN.bscan_inst/SERIES7_BSCAN.bscan_inst/TCK rise@0.000ns - dbg_hub/inst/BSCANID.u_xsdbm_id/SWITCH_N_EXT_BSCAN.bscan_inst/SERIES7_BSCAN.bscan_inst/TCK rise@0.000ns)
  Data Path Delay:        0.266ns  (logic 0.141ns (52.977%)  route 0.125ns (47.023%))
  Logic Levels:           0  
  Clock Path Skew:        0.036ns (DCD - SCD - CPR)
    Destination Clock Delay (DCD):    2.075ns
    Source Clock Delay      (SCD):    1.668ns
    Clock Pessimism Removal (CPR):    0.371ns

    Location             Delay type                Incr(ns)  Path(ns)    Netlist Resource(s)
  -------------------------------------------------------------------    -------------------
                         (clock dbg_hub/inst/BSCANID.u_xsdbm_id/SWITCH_N_EXT_BSCAN.bscan_inst/SERIES7_BSCAN.bscan_inst/TCK rise edge)
                                                      0.000     0.000 r  
    BSCAN_X0Y0           BSCANE2                      0.000     0.000 r  dbg_hub/inst/BSCANID.u_xsdbm_id/SWITCH_N_EXT_BSCAN.bscan_inst/SERIES7_BSCAN.bscan_inst/TCK
                         net (fo=1, routed)           1.036     1.036    dbg_hub/inst/BSCANID.u_xsdbm_id/tck_bs
    BUFGCTRL_X0Y1        BUFG (Prop_bufg_I_O)         0.026     1.062 r  dbg_hub/inst/BSCANID.u_xsdbm_id/SWITCH_N_EXT_BSCAN.u_bufg_icon_tck/O
                         net (fo=482, routed)         0.606     1.668    dbg_hub/inst/BSCANID.u_xsdbm_id/CORE_XSDB.UUT_MASTER/U_ICON_INTERFACE/U_CMD6_WR/m_bscan_tck[0]
    SLICE_X103Y85        FDCE                                         r  dbg_hub/inst/BSCANID.u_xsdbm_id/CORE_XSDB.UUT_MASTER/U_ICON_INTERFACE/U_CMD6_WR/shift_reg_in_reg[8]/C
  -------------------------------------------------------------------    -------------------
    SLICE_X103Y85        FDCE (Prop_fdce_C_Q)         0.141     1.809 r  dbg_hub/inst/BSCANID.u_xsdbm_id/CORE_XSDB.UUT_MASTER/U_ICON_INTERFACE/U_CMD6_WR/shift_reg_in_reg[8]/Q
                         net (fo=2, routed)           0.125     1.934    dbg_hub/inst/BSCANID.u_xsdbm_id/CORE_XSDB.UUT_MASTER/U_ICON_INTERFACE/U_CMD6_WR/U_WR_FIFO/SUBCORE_FIFO.xsdbm_v3_0_0_wrfifo_inst/inst_fifo_gen/gconvfifo.rf/grf.rf/gntv_or_sync_fifo.mem/gdm.dm_gen.dm/RAM_reg_0_15_6_11/DIA1
    SLICE_X104Y85        RAMD32                                       r  dbg_hub/inst/BSCANID.u_xsdbm_id/CORE_XSDB.UUT_MASTER/U_ICON_INTERFACE/U_CMD6_WR/U_WR_FIFO/SUBCORE_FIFO.xsdbm_v3_0_0_wrfifo_inst/inst_fifo_gen/gconvfifo.rf/grf.rf/gntv_or_sync_fifo.mem/gdm.dm_gen.dm/RAM_reg_0_15_6_11/RAMA_D1/I
  -------------------------------------------------------------------    -------------------

                         (clock dbg_hub/inst/BSCANID.u_xsdbm_id/SWITCH_N_EXT_BSCAN.bscan_inst/SERIES7_BSCAN.bscan_inst/TCK rise edge)
                                                      0.000     0.000 r  
    BSCAN_X0Y0           BSCANE2                      0.000     0.000 r  dbg_hub/inst/BSCANID.u_xsdbm_id/SWITCH_N_EXT_BSCAN.bscan_inst/SERIES7_BSCAN.bscan_inst/TCK
                         net (fo=1, routed)           1.170     1.170    dbg_hub/inst/BSCANID.u_xsdbm_id/tck_bs
    BUFGCTRL_X0Y1        BUFG (Prop_bufg_I_O)         0.029     1.199 r  dbg_hub/inst/BSCANID.u_xsdbm_id/SWITCH_N_EXT_BSCAN.u_bufg_icon_tck/O
                         net (fo=482, routed)         0.876     2.075    dbg_hub/inst/BSCANID.u_xsdbm_id/CORE_XSDB.UUT_MASTER/U_ICON_INTERFACE/U_CMD6_WR/U_WR_FIFO/SUBCORE_FIFO.xsdbm_v3_0_0_wrfifo_inst/inst_fifo_gen/gconvfifo.rf/grf.rf/gntv_or_sync_fifo.mem/gdm.dm_gen.dm/RAM_reg_0_15_6_11/WCLK
    SLICE_X104Y85        RAMD32                                       r  dbg_hub/inst/BSCANID.u_xsdbm_id/CORE_XSDB.UUT_MASTER/U_ICON_INTERFACE/U_CMD6_WR/U_WR_FIFO/SUBCORE_FIFO.xsdbm_v3_0_0_wrfifo_inst/inst_fifo_gen/gconvfifo.rf/grf.rf/gntv_or_sync_fifo.mem/gdm.dm_gen.dm/RAM_reg_0_15_6_11/RAMA_D1/CLK
                         clock pessimism             -0.371     1.704    
    SLICE_X104Y85        RAMD32 (Hold_ramd32_CLK_I)
                                                      0.120     1.824    dbg_hub/inst/BSCANID.u_xsdbm_id/CORE_XSDB.UUT_MASTER/U_ICON_INTERFACE/U_CMD6_WR/U_WR_FIFO/SUBCORE_FIFO.xsdbm_v3_0_0_wrfifo_inst/inst_fifo_gen/gconvfifo.rf/grf.rf/gntv_or_sync_fifo.mem/gdm.dm_gen.dm/RAM_reg_0_15_6_11/RAMA_D1
  -------------------------------------------------------------------
                         required time                         -1.824    
                         arrival time                           1.934    
  -------------------------------------------------------------------
                         slack                                  0.110    

Slack (MET) :             0.121ns  (arrival time - required time)
  Source:                 dbg_hub/inst/BSCANID.u_xsdbm_id/CORE_XSDB.U_ICON/U_SYNC/iSYNC_WORD_reg[2]/C
                            (rising edge-triggered cell FDRE clocked by dbg_hub/inst/BSCANID.u_xsdbm_id/SWITCH_N_EXT_BSCAN.bscan_inst/SERIES7_BSCAN.bscan_inst/TCK  {rise@0.000ns fall@16.500ns period=33.000ns})
  Destination:            dbg_hub/inst/BSCANID.u_xsdbm_id/CORE_XSDB.U_ICON/U_SYNC/SYNC_reg/D
                            (rising edge-triggered cell FDRE clocked by dbg_hub/inst/BSCANID.u_xsdbm_id/SWITCH_N_EXT_BSCAN.bscan_inst/SERIES7_BSCAN.bscan_inst/TCK  {rise@0.000ns fall@16.500ns period=33.000ns})
  Path Group:             dbg_hub/inst/BSCANID.u_xsdbm_id/SWITCH_N_EXT_BSCAN.bscan_inst/SERIES7_BSCAN.bscan_inst/TCK
  Path Type:              Hold (Min at Fast Process Corner)
  Requirement:            0.000ns  (dbg_hub/inst/BSCANID.u_xsdbm_id/SWITCH_N_EXT_BSCAN.bscan_inst/SERIES7_BSCAN.bscan_inst/TCK rise@0.000ns - dbg_hub/inst/BSCANID.u_xsdbm_id/SWITCH_N_EXT_BSCAN.bscan_inst/SERIES7_BSCAN.bscan_inst/TCK rise@0.000ns)
  Data Path Delay:        0.254ns  (logic 0.186ns (73.141%)  route 0.068ns (26.859%))
  Logic Levels:           1  (LUT6=1)
  Clock Path Skew:        0.013ns (DCD - SCD - CPR)
    Destination Clock Delay (DCD):    2.078ns
    Source Clock Delay      (SCD):    1.671ns
    Clock Pessimism Removal (CPR):    0.394ns

    Location             Delay type                Incr(ns)  Path(ns)    Netlist Resource(s)
  -------------------------------------------------------------------    -------------------
                         (clock dbg_hub/inst/BSCANID.u_xsdbm_id/SWITCH_N_EXT_BSCAN.bscan_inst/SERIES7_BSCAN.bscan_inst/TCK rise edge)
                                                      0.000     0.000 r  
    BSCAN_X0Y0           BSCANE2                      0.000     0.000 r  dbg_hub/inst/BSCANID.u_xsdbm_id/SWITCH_N_EXT_BSCAN.bscan_inst/SERIES7_BSCAN.bscan_inst/TCK
                         net (fo=1, routed)           1.036     1.036    dbg_hub/inst/BSCANID.u_xsdbm_id/tck_bs
    BUFGCTRL_X0Y1        BUFG (Prop_bufg_I_O)         0.026     1.062 r  dbg_hub/inst/BSCANID.u_xsdbm_id/SWITCH_N_EXT_BSCAN.u_bufg_icon_tck/O
                         net (fo=482, routed)         0.609     1.671    dbg_hub/inst/BSCANID.u_xsdbm_id/CORE_XSDB.U_ICON/U_SYNC/m_bscan_tck[0]
    SLICE_X103Y92        FDRE                                         r  dbg_hub/inst/BSCANID.u_xsdbm_id/CORE_XSDB.U_ICON/U_SYNC/iSYNC_WORD_reg[2]/C
  -------------------------------------------------------------------    -------------------
    SLICE_X103Y92        FDRE (Prop_fdre_C_Q)         0.141     1.812 f  dbg_hub/inst/BSCANID.u_xsdbm_id/CORE_XSDB.U_ICON/U_SYNC/iSYNC_WORD_reg[2]/Q
                         net (fo=2, routed)           0.068     1.880    dbg_hub/inst/BSCANID.u_xsdbm_id/CORE_XSDB.U_ICON/U_SYNC/iSYNC_WORD[2]
    SLICE_X102Y92        LUT6 (Prop_lut6_I1_O)        0.045     1.925 r  dbg_hub/inst/BSCANID.u_xsdbm_id/CORE_XSDB.U_ICON/U_SYNC/SYNC_i_1/O
                         net (fo=1, routed)           0.000     1.925    dbg_hub/inst/BSCANID.u_xsdbm_id/CORE_XSDB.U_ICON/U_SYNC/SYNC_i_1_n_0
    SLICE_X102Y92        FDRE                                         r  dbg_hub/inst/BSCANID.u_xsdbm_id/CORE_XSDB.U_ICON/U_SYNC/SYNC_reg/D
  -------------------------------------------------------------------    -------------------

                         (clock dbg_hub/inst/BSCANID.u_xsdbm_id/SWITCH_N_EXT_BSCAN.bscan_inst/SERIES7_BSCAN.bscan_inst/TCK rise edge)
                                                      0.000     0.000 r  
    BSCAN_X0Y0           BSCANE2                      0.000     0.000 r  dbg_hub/inst/BSCANID.u_xsdbm_id/SWITCH_N_EXT_BSCAN.bscan_inst/SERIES7_BSCAN.bscan_inst/TCK
                         net (fo=1, routed)           1.170     1.170    dbg_hub/inst/BSCANID.u_xsdbm_id/tck_bs
    BUFGCTRL_X0Y1        BUFG (Prop_bufg_I_O)         0.029     1.199 r  dbg_hub/inst/BSCANID.u_xsdbm_id/SWITCH_N_EXT_BSCAN.u_bufg_icon_tck/O
                         net (fo=482, routed)         0.879     2.078    dbg_hub/inst/BSCANID.u_xsdbm_id/CORE_XSDB.U_ICON/U_SYNC/m_bscan_tck[0]
    SLICE_X102Y92        FDRE                                         r  dbg_hub/inst/BSCANID.u_xsdbm_id/CORE_XSDB.U_ICON/U_SYNC/SYNC_reg/C
                         clock pessimism             -0.394     1.684    
    SLICE_X102Y92        FDRE (Hold_fdre_C_D)         0.120     1.804    dbg_hub/inst/BSCANID.u_xsdbm_id/CORE_XSDB.U_ICON/U_SYNC/SYNC_reg
  -------------------------------------------------------------------
                         required time                         -1.804    
                         arrival time                           1.925    
  -------------------------------------------------------------------
                         slack                                  0.121    

Slack (MET) :             0.122ns  (arrival time - required time)
  Source:                 dbg_hub/inst/BSCANID.u_xsdbm_id/CORE_XSDB.UUT_MASTER/U_ICON_INTERFACE/U_CMD6_WR/U_WR_FIFO/SUBCORE_FIFO.xsdbm_v3_0_0_wrfifo_inst/inst_fifo_gen/gconvfifo.rf/grf.rf/rstblk/ngwrdrst.grst.g7serrst.rst_wr_reg1_reg/C
                            (rising edge-triggered cell FDPE clocked by dbg_hub/inst/BSCANID.u_xsdbm_id/SWITCH_N_EXT_BSCAN.bscan_inst/SERIES7_BSCAN.bscan_inst/TCK  {rise@0.000ns fall@16.500ns period=33.000ns})
  Destination:            dbg_hub/inst/BSCANID.u_xsdbm_id/CORE_XSDB.UUT_MASTER/U_ICON_INTERFACE/U_CMD6_WR/U_WR_FIFO/SUBCORE_FIFO.xsdbm_v3_0_0_wrfifo_inst/inst_fifo_gen/gconvfifo.rf/grf.rf/rstblk/ngwrdrst.grst.g7serrst.rst_wr_reg2_reg/D
                            (rising edge-triggered cell FDPE clocked by dbg_hub/inst/BSCANID.u_xsdbm_id/SWITCH_N_EXT_BSCAN.bscan_inst/SERIES7_BSCAN.bscan_inst/TCK  {rise@0.000ns fall@16.500ns period=33.000ns})
  Path Group:             dbg_hub/inst/BSCANID.u_xsdbm_id/SWITCH_N_EXT_BSCAN.bscan_inst/SERIES7_BSCAN.bscan_inst/TCK
  Path Type:              Hold (Min at Fast Process Corner)
  Requirement:            0.000ns  (dbg_hub/inst/BSCANID.u_xsdbm_id/SWITCH_N_EXT_BSCAN.bscan_inst/SERIES7_BSCAN.bscan_inst/TCK rise@0.000ns - dbg_hub/inst/BSCANID.u_xsdbm_id/SWITCH_N_EXT_BSCAN.bscan_inst/SERIES7_BSCAN.bscan_inst/TCK rise@0.000ns)
  Data Path Delay:        0.197ns  (logic 0.141ns (71.611%)  route 0.056ns (28.389%))
  Logic Levels:           0  
  Clock Path Skew:        0.000ns (DCD - SCD - CPR)
    Destination Clock Delay (DCD):    2.075ns
    Source Clock Delay      (SCD):    1.668ns
    Clock Pessimism Removal (CPR):    0.407ns

    Location             Delay type                Incr(ns)  Path(ns)    Netlist Resource(s)
  -------------------------------------------------------------------    -------------------
                         (clock dbg_hub/inst/BSCANID.u_xsdbm_id/SWITCH_N_EXT_BSCAN.bscan_inst/SERIES7_BSCAN.bscan_inst/TCK rise edge)
                                                      0.000     0.000 r  
    BSCAN_X0Y0           BSCANE2                      0.000     0.000 r  dbg_hub/inst/BSCANID.u_xsdbm_id/SWITCH_N_EXT_BSCAN.bscan_inst/SERIES7_BSCAN.bscan_inst/TCK
                         net (fo=1, routed)           1.036     1.036    dbg_hub/inst/BSCANID.u_xsdbm_id/tck_bs
    BUFGCTRL_X0Y1        BUFG (Prop_bufg_I_O)         0.026     1.062 r  dbg_hub/inst/BSCANID.u_xsdbm_id/SWITCH_N_EXT_BSCAN.u_bufg_icon_tck/O
                         net (fo=482, routed)         0.606     1.668    dbg_hub/inst/BSCANID.u_xsdbm_id/CORE_XSDB.UUT_MASTER/U_ICON_INTERFACE/U_CMD6_WR/U_WR_FIFO/SUBCORE_FIFO.xsdbm_v3_0_0_wrfifo_inst/inst_fifo_gen/gconvfifo.rf/grf.rf/rstblk/wr_clk
    SLICE_X105Y85        FDPE                                         r  dbg_hub/inst/BSCANID.u_xsdbm_id/CORE_XSDB.UUT_MASTER/U_ICON_INTERFACE/U_CMD6_WR/U_WR_FIFO/SUBCORE_FIFO.xsdbm_v3_0_0_wrfifo_inst/inst_fifo_gen/gconvfifo.rf/grf.rf/rstblk/ngwrdrst.grst.g7serrst.rst_wr_reg1_reg/C
  -------------------------------------------------------------------    -------------------
    SLICE_X105Y85        FDPE (Prop_fdpe_C_Q)         0.141     1.809 r  dbg_hub/inst/BSCANID.u_xsdbm_id/CORE_XSDB.UUT_MASTER/U_ICON_INTERFACE/U_CMD6_WR/U_WR_FIFO/SUBCORE_FIFO.xsdbm_v3_0_0_wrfifo_inst/inst_fifo_gen/gconvfifo.rf/grf.rf/rstblk/ngwrdrst.grst.g7serrst.rst_wr_reg1_reg/Q
                         net (fo=1, routed)           0.056     1.865    dbg_hub/inst/BSCANID.u_xsdbm_id/CORE_XSDB.UUT_MASTER/U_ICON_INTERFACE/U_CMD6_WR/U_WR_FIFO/SUBCORE_FIFO.xsdbm_v3_0_0_wrfifo_inst/inst_fifo_gen/gconvfifo.rf/grf.rf/rstblk/rst_wr_reg1
    SLICE_X105Y85        FDPE                                         r  dbg_hub/inst/BSCANID.u_xsdbm_id/CORE_XSDB.UUT_MASTER/U_ICON_INTERFACE/U_CMD6_WR/U_WR_FIFO/SUBCORE_FIFO.xsdbm_v3_0_0_wrfifo_inst/inst_fifo_gen/gconvfifo.rf/grf.rf/rstblk/ngwrdrst.grst.g7serrst.rst_wr_reg2_reg/D
  -------------------------------------------------------------------    -------------------

                         (clock dbg_hub/inst/BSCANID.u_xsdbm_id/SWITCH_N_EXT_BSCAN.bscan_inst/SERIES7_BSCAN.bscan_inst/TCK rise edge)
                                                      0.000     0.000 r  
    BSCAN_X0Y0           BSCANE2                      0.000     0.000 r  dbg_hub/inst/BSCANID.u_xsdbm_id/SWITCH_N_EXT_BSCAN.bscan_inst/SERIES7_BSCAN.bscan_inst/TCK
                         net (fo=1, routed)           1.170     1.170    dbg_hub/inst/BSCANID.u_xsdbm_id/tck_bs
    BUFGCTRL_X0Y1        BUFG (Prop_bufg_I_O)         0.029     1.199 r  dbg_hub/inst/BSCANID.u_xsdbm_id/SWITCH_N_EXT_BSCAN.u_bufg_icon_tck/O
                         net (fo=482, routed)         0.876     2.075    dbg_hub/inst/BSCANID.u_xsdbm_id/CORE_XSDB.UUT_MASTER/U_ICON_INTERFACE/U_CMD6_WR/U_WR_FIFO/SUBCORE_FIFO.xsdbm_v3_0_0_wrfifo_inst/inst_fifo_gen/gconvfifo.rf/grf.rf/rstblk/wr_clk
    SLICE_X105Y85        FDPE                                         r  dbg_hub/inst/BSCANID.u_xsdbm_id/CORE_XSDB.UUT_MASTER/U_ICON_INTERFACE/U_CMD6_WR/U_WR_FIFO/SUBCORE_FIFO.xsdbm_v3_0_0_wrfifo_inst/inst_fifo_gen/gconvfifo.rf/grf.rf/rstblk/ngwrdrst.grst.g7serrst.rst_wr_reg2_reg/C
                         clock pessimism             -0.407     1.668    
    SLICE_X105Y85        FDPE (Hold_fdpe_C_D)         0.075     1.743    dbg_hub/inst/BSCANID.u_xsdbm_id/CORE_XSDB.UUT_MASTER/U_ICON_INTERFACE/U_CMD6_WR/U_WR_FIFO/SUBCORE_FIFO.xsdbm_v3_0_0_wrfifo_inst/inst_fifo_gen/gconvfifo.rf/grf.rf/rstblk/ngwrdrst.grst.g7serrst.rst_wr_reg2_reg
  -------------------------------------------------------------------
                         required time                         -1.743    
                         arrival time                           1.865    
  -------------------------------------------------------------------
                         slack                                  0.122    

Slack (MET) :             0.128ns  (arrival time - required time)
  Source:                 dbg_hub/inst/BSCANID.u_xsdbm_id/CORE_XSDB.UUT_MASTER/U_ICON_INTERFACE/U_CMD4/shift_reg_in_reg[3]/C
                            (rising edge-triggered cell FDRE clocked by dbg_hub/inst/BSCANID.u_xsdbm_id/SWITCH_N_EXT_BSCAN.bscan_inst/SERIES7_BSCAN.bscan_inst/TCK  {rise@0.000ns fall@16.500ns period=33.000ns})
  Destination:            dbg_hub/inst/BSCANID.u_xsdbm_id/CORE_XSDB.UUT_MASTER/U_ICON_INTERFACE/U_CMD4/shift_reg_in_reg[2]/D
                            (rising edge-triggered cell FDRE clocked by dbg_hub/inst/BSCANID.u_xsdbm_id/SWITCH_N_EXT_BSCAN.bscan_inst/SERIES7_BSCAN.bscan_inst/TCK  {rise@0.000ns fall@16.500ns period=33.000ns})
  Path Group:             dbg_hub/inst/BSCANID.u_xsdbm_id/SWITCH_N_EXT_BSCAN.bscan_inst/SERIES7_BSCAN.bscan_inst/TCK
  Path Type:              Hold (Min at Fast Process Corner)
  Requirement:            0.000ns  (dbg_hub/inst/BSCANID.u_xsdbm_id/SWITCH_N_EXT_BSCAN.bscan_inst/SERIES7_BSCAN.bscan_inst/TCK rise@0.000ns - dbg_hub/inst/BSCANID.u_xsdbm_id/SWITCH_N_EXT_BSCAN.bscan_inst/SERIES7_BSCAN.bscan_inst/TCK rise@0.000ns)
  Data Path Delay:        0.199ns  (logic 0.141ns (70.953%)  route 0.058ns (29.047%))
  Logic Levels:           0  
  Clock Path Skew:        0.000ns (DCD - SCD - CPR)
    Destination Clock Delay (DCD):    2.051ns
    Source Clock Delay      (SCD):    1.645ns
    Clock Pessimism Removal (CPR):    0.406ns

    Location             Delay type                Incr(ns)  Path(ns)    Netlist Resource(s)
  -------------------------------------------------------------------    -------------------
                         (clock dbg_hub/inst/BSCANID.u_xsdbm_id/SWITCH_N_EXT_BSCAN.bscan_inst/SERIES7_BSCAN.bscan_inst/TCK rise edge)
                                                      0.000     0.000 r  
    BSCAN_X0Y0           BSCANE2                      0.000     0.000 r  dbg_hub/inst/BSCANID.u_xsdbm_id/SWITCH_N_EXT_BSCAN.bscan_inst/SERIES7_BSCAN.bscan_inst/TCK
                         net (fo=1, routed)           1.036     1.036    dbg_hub/inst/BSCANID.u_xsdbm_id/tck_bs
    BUFGCTRL_X0Y1        BUFG (Prop_bufg_I_O)         0.026     1.062 r  dbg_hub/inst/BSCANID.u_xsdbm_id/SWITCH_N_EXT_BSCAN.u_bufg_icon_tck/O
                         net (fo=482, routed)         0.583     1.645    dbg_hub/inst/BSCANID.u_xsdbm_id/CORE_XSDB.UUT_MASTER/U_ICON_INTERFACE/U_CMD4/m_bscan_tck[0]
    SLICE_X84Y89         FDRE                                         r  dbg_hub/inst/BSCANID.u_xsdbm_id/CORE_XSDB.UUT_MASTER/U_ICON_INTERFACE/U_CMD4/shift_reg_in_reg[3]/C
  -------------------------------------------------------------------    -------------------
    SLICE_X84Y89         FDRE (Prop_fdre_C_Q)         0.141     1.786 r  dbg_hub/inst/BSCANID.u_xsdbm_id/CORE_XSDB.UUT_MASTER/U_ICON_INTERFACE/U_CMD4/shift_reg_in_reg[3]/Q
                         net (fo=2, routed)           0.058     1.844    dbg_hub/inst/BSCANID.u_xsdbm_id/CORE_XSDB.UUT_MASTER/U_ICON_INTERFACE/U_CMD4/shift_reg_in[3]
    SLICE_X84Y89         FDRE                                         r  dbg_hub/inst/BSCANID.u_xsdbm_id/CORE_XSDB.UUT_MASTER/U_ICON_INTERFACE/U_CMD4/shift_reg_in_reg[2]/D
  -------------------------------------------------------------------    -------------------

                         (clock dbg_hub/inst/BSCANID.u_xsdbm_id/SWITCH_N_EXT_BSCAN.bscan_inst/SERIES7_BSCAN.bscan_inst/TCK rise edge)
                                                      0.000     0.000 r  
    BSCAN_X0Y0           BSCANE2                      0.000     0.000 r  dbg_hub/inst/BSCANID.u_xsdbm_id/SWITCH_N_EXT_BSCAN.bscan_inst/SERIES7_BSCAN.bscan_inst/TCK
                         net (fo=1, routed)           1.170     1.170    dbg_hub/inst/BSCANID.u_xsdbm_id/tck_bs
    BUFGCTRL_X0Y1        BUFG (Prop_bufg_I_O)         0.029     1.199 r  dbg_hub/inst/BSCANID.u_xsdbm_id/SWITCH_N_EXT_BSCAN.u_bufg_icon_tck/O
                         net (fo=482, routed)         0.852     2.051    dbg_hub/inst/BSCANID.u_xsdbm_id/CORE_XSDB.UUT_MASTER/U_ICON_INTERFACE/U_CMD4/m_bscan_tck[0]
    SLICE_X84Y89         FDRE                                         r  dbg_hub/inst/BSCANID.u_xsdbm_id/CORE_XSDB.UUT_MASTER/U_ICON_INTERFACE/U_CMD4/shift_reg_in_reg[2]/C
                         clock pessimism             -0.406     1.645    
    SLICE_X84Y89         FDRE (Hold_fdre_C_D)         0.071     1.716    dbg_hub/inst/BSCANID.u_xsdbm_id/CORE_XSDB.UUT_MASTER/U_ICON_INTERFACE/U_CMD4/shift_reg_in_reg[2]
  -------------------------------------------------------------------
                         required time                         -1.716    
                         arrival time                           1.844    
  -------------------------------------------------------------------
                         slack                                  0.128    

Slack (MET) :             0.131ns  (arrival time - required time)
  Source:                 dbg_hub/inst/BSCANID.u_xsdbm_id/CORE_XSDB.UUT_MASTER/U_ICON_INTERFACE/U_CMD4/shift_reg_in_reg[11]/C
                            (rising edge-triggered cell FDRE clocked by dbg_hub/inst/BSCANID.u_xsdbm_id/SWITCH_N_EXT_BSCAN.bscan_inst/SERIES7_BSCAN.bscan_inst/TCK  {rise@0.000ns fall@16.500ns period=33.000ns})
  Destination:            dbg_hub/inst/BSCANID.u_xsdbm_id/CORE_XSDB.UUT_MASTER/U_ICON_INTERFACE/U_CMD4/shift_reg_in_reg[10]/D
                            (rising edge-triggered cell FDRE clocked by dbg_hub/inst/BSCANID.u_xsdbm_id/SWITCH_N_EXT_BSCAN.bscan_inst/SERIES7_BSCAN.bscan_inst/TCK  {rise@0.000ns fall@16.500ns period=33.000ns})
  Path Group:             dbg_hub/inst/BSCANID.u_xsdbm_id/SWITCH_N_EXT_BSCAN.bscan_inst/SERIES7_BSCAN.bscan_inst/TCK
  Path Type:              Hold (Min at Fast Process Corner)
  Requirement:            0.000ns  (dbg_hub/inst/BSCANID.u_xsdbm_id/SWITCH_N_EXT_BSCAN.bscan_inst/SERIES7_BSCAN.bscan_inst/TCK rise@0.000ns - dbg_hub/inst/BSCANID.u_xsdbm_id/SWITCH_N_EXT_BSCAN.bscan_inst/SERIES7_BSCAN.bscan_inst/TCK rise@0.000ns)
  Data Path Delay:        0.206ns  (logic 0.141ns (68.336%)  route 0.065ns (31.664%))
  Logic Levels:           0  
  Clock Path Skew:        0.000ns (DCD - SCD - CPR)
    Destination Clock Delay (DCD):    2.051ns
    Source Clock Delay      (SCD):    1.645ns
    Clock Pessimism Removal (CPR):    0.406ns

    Location             Delay type                Incr(ns)  Path(ns)    Netlist Resource(s)
  -------------------------------------------------------------------    -------------------
                         (clock dbg_hub/inst/BSCANID.u_xsdbm_id/SWITCH_N_EXT_BSCAN.bscan_inst/SERIES7_BSCAN.bscan_inst/TCK rise edge)
                                                      0.000     0.000 r  
    BSCAN_X0Y0           BSCANE2                      0.000     0.000 r  dbg_hub/inst/BSCANID.u_xsdbm_id/SWITCH_N_EXT_BSCAN.bscan_inst/SERIES7_BSCAN.bscan_inst/TCK
                         net (fo=1, routed)           1.036     1.036    dbg_hub/inst/BSCANID.u_xsdbm_id/tck_bs
    BUFGCTRL_X0Y1        BUFG (Prop_bufg_I_O)         0.026     1.062 r  dbg_hub/inst/BSCANID.u_xsdbm_id/SWITCH_N_EXT_BSCAN.u_bufg_icon_tck/O
                         net (fo=482, routed)         0.583     1.645    dbg_hub/inst/BSCANID.u_xsdbm_id/CORE_XSDB.UUT_MASTER/U_ICON_INTERFACE/U_CMD4/m_bscan_tck[0]
    SLICE_X84Y88         FDRE                                         r  dbg_hub/inst/BSCANID.u_xsdbm_id/CORE_XSDB.UUT_MASTER/U_ICON_INTERFACE/U_CMD4/shift_reg_in_reg[11]/C
  -------------------------------------------------------------------    -------------------
    SLICE_X84Y88         FDRE (Prop_fdre_C_Q)         0.141     1.786 r  dbg_hub/inst/BSCANID.u_xsdbm_id/CORE_XSDB.UUT_MASTER/U_ICON_INTERFACE/U_CMD4/shift_reg_in_reg[11]/Q
                         net (fo=2, routed)           0.065     1.851    dbg_hub/inst/BSCANID.u_xsdbm_id/CORE_XSDB.UUT_MASTER/U_ICON_INTERFACE/U_CMD4/shift_reg_in[11]
    SLICE_X84Y88         FDRE                                         r  dbg_hub/inst/BSCANID.u_xsdbm_id/CORE_XSDB.UUT_MASTER/U_ICON_INTERFACE/U_CMD4/shift_reg_in_reg[10]/D
  -------------------------------------------------------------------    -------------------

                         (clock dbg_hub/inst/BSCANID.u_xsdbm_id/SWITCH_N_EXT_BSCAN.bscan_inst/SERIES7_BSCAN.bscan_inst/TCK rise edge)
                                                      0.000     0.000 r  
    BSCAN_X0Y0           BSCANE2                      0.000     0.000 r  dbg_hub/inst/BSCANID.u_xsdbm_id/SWITCH_N_EXT_BSCAN.bscan_inst/SERIES7_BSCAN.bscan_inst/TCK
                         net (fo=1, routed)           1.170     1.170    dbg_hub/inst/BSCANID.u_xsdbm_id/tck_bs
    BUFGCTRL_X0Y1        BUFG (Prop_bufg_I_O)         0.029     1.199 r  dbg_hub/inst/BSCANID.u_xsdbm_id/SWITCH_N_EXT_BSCAN.u_bufg_icon_tck/O
                         net (fo=482, routed)         0.852     2.051    dbg_hub/inst/BSCANID.u_xsdbm_id/CORE_XSDB.UUT_MASTER/U_ICON_INTERFACE/U_CMD4/m_bscan_tck[0]
    SLICE_X84Y88         FDRE                                         r  dbg_hub/inst/BSCANID.u_xsdbm_id/CORE_XSDB.UUT_MASTER/U_ICON_INTERFACE/U_CMD4/shift_reg_in_reg[10]/C
                         clock pessimism             -0.406     1.645    
    SLICE_X84Y88         FDRE (Hold_fdre_C_D)         0.075     1.720    dbg_hub/inst/BSCANID.u_xsdbm_id/CORE_XSDB.UUT_MASTER/U_ICON_INTERFACE/U_CMD4/shift_reg_in_reg[10]
  -------------------------------------------------------------------
                         required time                         -1.720    
                         arrival time                           1.851    
  -------------------------------------------------------------------
                         slack                                  0.131    





Pulse Width Checks
--------------------------------------------------------------------------------------
Clock Name:         dbg_hub/inst/BSCANID.u_xsdbm_id/SWITCH_N_EXT_BSCAN.bscan_inst/SERIES7_BSCAN.bscan_inst/TCK
Waveform(ns):       { 0.000 16.500 }
Period(ns):         33.000
Sources:            { dbg_hub/inst/BSCANID.u_xsdbm_id/SWITCH_N_EXT_BSCAN.bscan_inst/SERIES7_BSCAN.bscan_inst/TCK }

Check Type        Corner  Lib Pin     Reference Pin  Required(ns)  Actual(ns)  Slack(ns)  Location       Pin
Min Period        n/a     BUFG/I      n/a            2.155         33.000      30.845     BUFGCTRL_X0Y1  dbg_hub/inst/BSCANID.u_xsdbm_id/SWITCH_N_EXT_BSCAN.u_bufg_icon_tck/I
Min Period        n/a     FDRE/C      n/a            1.000         33.000      32.000     SLICE_X95Y85   dbg_hub/inst/BSCANID.u_xsdbm_id/CORE_XSDB.UUT_MASTER/U_ICON_INTERFACE/U_CMD1/icn_cmd_din_temp_reg/C
Min Period        n/a     FDRE/C      n/a            1.000         33.000      32.000     SLICE_X95Y87   dbg_hub/inst/BSCANID.u_xsdbm_id/CORE_XSDB.UUT_MASTER/U_ICON_INTERFACE/U_CMD1/icn_cmd_en_temp_reg/C
Min Period        n/a     FDRE/C      n/a            1.000         33.000      32.000     SLICE_X95Y86   dbg_hub/inst/BSCANID.u_xsdbm_id/CORE_XSDB.UUT_MASTER/U_ICON_INTERFACE/U_CMD1/shift_reg_in_reg[0]/C
Min Period        n/a     FDRE/C      n/a            1.000         33.000      32.000     SLICE_X95Y86   dbg_hub/inst/BSCANID.u_xsdbm_id/CORE_XSDB.UUT_MASTER/U_ICON_INTERFACE/U_CMD1/shift_reg_in_reg[1]/C
Min Period        n/a     FDRE/C      n/a            1.000         33.000      32.000     SLICE_X96Y89   dbg_hub/inst/BSCANID.u_xsdbm_id/CORE_XSDB.UUT_MASTER/U_ICON_INTERFACE/U_CMD2/icn_cmd_din_temp_reg/C
Min Period        n/a     FDRE/C      n/a            1.000         33.000      32.000     SLICE_X94Y90   dbg_hub/inst/BSCANID.u_xsdbm_id/CORE_XSDB.UUT_MASTER/U_ICON_INTERFACE/U_CMD2/icn_cmd_en_temp_reg/C
Min Period        n/a     FDRE/C      n/a            1.000         33.000      32.000     SLICE_X94Y90   dbg_hub/inst/BSCANID.u_xsdbm_id/CORE_XSDB.UUT_MASTER/U_ICON_INTERFACE/U_CMD2/shift_en_reg/C
Min Period        n/a     FDRE/C      n/a            1.000         33.000      32.000     SLICE_X95Y89   dbg_hub/inst/BSCANID.u_xsdbm_id/CORE_XSDB.UUT_MASTER/U_ICON_INTERFACE/U_CMD2/shift_reg_in_reg[0]/C
Min Period        n/a     FDRE/C      n/a            1.000         33.000      32.000     SLICE_X95Y89   dbg_hub/inst/BSCANID.u_xsdbm_id/CORE_XSDB.UUT_MASTER/U_ICON_INTERFACE/U_CMD2/shift_reg_in_reg[1]/C
Low Pulse Width   Slow    RAMD32/CLK  n/a            1.250         16.500      15.250     SLICE_X104Y84  dbg_hub/inst/BSCANID.u_xsdbm_id/CORE_XSDB.UUT_MASTER/U_ICON_INTERFACE/U_CMD6_WR/U_WR_FIFO/SUBCORE_FIFO.xsdbm_v3_0_0_wrfifo_inst/inst_fifo_gen/gconvfifo.rf/grf.rf/gntv_or_sync_fifo.mem/gdm.dm_gen.dm/RAM_reg_0_15_12_15/RAMA/CLK
Low Pulse Width   Slow    RAMD32/CLK  n/a            1.250         16.500      15.250     SLICE_X104Y84  dbg_hub/inst/BSCANID.u_xsdbm_id/CORE_XSDB.UUT_MASTER/U_ICON_INTERFACE/U_CMD6_WR/U_WR_FIFO/SUBCORE_FIFO.xsdbm_v3_0_0_wrfifo_inst/inst_fifo_gen/gconvfifo.rf/grf.rf/gntv_or_sync_fifo.mem/gdm.dm_gen.dm/RAM_reg_0_15_12_15/RAMA_D1/CLK
Low Pulse Width   Slow    RAMD32/CLK  n/a            1.250         16.500      15.250     SLICE_X104Y84  dbg_hub/inst/BSCANID.u_xsdbm_id/CORE_XSDB.UUT_MASTER/U_ICON_INTERFACE/U_CMD6_WR/U_WR_FIFO/SUBCORE_FIFO.xsdbm_v3_0_0_wrfifo_inst/inst_fifo_gen/gconvfifo.rf/grf.rf/gntv_or_sync_fifo.mem/gdm.dm_gen.dm/RAM_reg_0_15_12_15/RAMB/CLK
Low Pulse Width   Slow    RAMD32/CLK  n/a            1.250         16.500      15.250     SLICE_X104Y84  dbg_hub/inst/BSCANID.u_xsdbm_id/CORE_XSDB.UUT_MASTER/U_ICON_INTERFACE/U_CMD6_WR/U_WR_FIFO/SUBCORE_FIFO.xsdbm_v3_0_0_wrfifo_inst/inst_fifo_gen/gconvfifo.rf/grf.rf/gntv_or_sync_fifo.mem/gdm.dm_gen.dm/RAM_reg_0_15_12_15/RAMB_D1/CLK
Low Pulse Width   Slow    RAMD32/CLK  n/a            1.250         16.500      15.250     SLICE_X104Y84  dbg_hub/inst/BSCANID.u_xsdbm_id/CORE_XSDB.UUT_MASTER/U_ICON_INTERFACE/U_CMD6_WR/U_WR_FIFO/SUBCORE_FIFO.xsdbm_v3_0_0_wrfifo_inst/inst_fifo_gen/gconvfifo.rf/grf.rf/gntv_or_sync_fifo.mem/gdm.dm_gen.dm/RAM_reg_0_15_12_15/RAMC/CLK
Low Pulse Width   Slow    RAMD32/CLK  n/a            1.250         16.500      15.250     SLICE_X104Y84  dbg_hub/inst/BSCANID.u_xsdbm_id/CORE_XSDB.UUT_MASTER/U_ICON_INTERFACE/U_CMD6_WR/U_WR_FIFO/SUBCORE_FIFO.xsdbm_v3_0_0_wrfifo_inst/inst_fifo_gen/gconvfifo.rf/grf.rf/gntv_or_sync_fifo.mem/gdm.dm_gen.dm/RAM_reg_0_15_12_15/RAMC_D1/CLK
Low Pulse Width   Slow    RAMS32/CLK  n/a            1.250         16.500      15.250     SLICE_X104Y84  dbg_hub/inst/BSCANID.u_xsdbm_id/CORE_XSDB.UUT_MASTER/U_ICON_INTERFACE/U_CMD6_WR/U_WR_FIFO/SUBCORE_FIFO.xsdbm_v3_0_0_wrfifo_inst/inst_fifo_gen/gconvfifo.rf/grf.rf/gntv_or_sync_fifo.mem/gdm.dm_gen.dm/RAM_reg_0_15_12_15/RAMD/CLK
Low Pulse Width   Slow    RAMS32/CLK  n/a            1.250         16.500      15.250     SLICE_X104Y84  dbg_hub/inst/BSCANID.u_xsdbm_id/CORE_XSDB.UUT_MASTER/U_ICON_INTERFACE/U_CMD6_WR/U_WR_FIFO/SUBCORE_FIFO.xsdbm_v3_0_0_wrfifo_inst/inst_fifo_gen/gconvfifo.rf/grf.rf/gntv_or_sync_fifo.mem/gdm.dm_gen.dm/RAM_reg_0_15_12_15/RAMD_D1/CLK
Low Pulse Width   Slow    RAMD32/CLK  n/a            1.250         16.500      15.250     SLICE_X100Y84  dbg_hub/inst/BSCANID.u_xsdbm_id/CORE_XSDB.UUT_MASTER/U_ICON_INTERFACE/U_CMD6_WR/U_WR_FIFO/SUBCORE_FIFO.xsdbm_v3_0_0_wrfifo_inst/inst_fifo_gen/gconvfifo.rf/grf.rf/gntv_or_sync_fifo.mem/gdm.dm_gen.dm/RAM_reg_0_15_0_5/RAMA/CLK
Low Pulse Width   Fast    RAMD32/CLK  n/a            1.250         16.500      15.250     SLICE_X100Y84  dbg_hub/inst/BSCANID.u_xsdbm_id/CORE_XSDB.UUT_MASTER/U_ICON_INTERFACE/U_CMD6_WR/U_WR_FIFO/SUBCORE_FIFO.xsdbm_v3_0_0_wrfifo_inst/inst_fifo_gen/gconvfifo.rf/grf.rf/gntv_or_sync_fifo.mem/gdm.dm_gen.dm/RAM_reg_0_15_0_5/RAMA/CLK
High Pulse Width  Slow    RAMD32/CLK  n/a            1.250         16.500      15.250     SLICE_X100Y84  dbg_hub/inst/BSCANID.u_xsdbm_id/CORE_XSDB.UUT_MASTER/U_ICON_INTERFACE/U_CMD6_WR/U_WR_FIFO/SUBCORE_FIFO.xsdbm_v3_0_0_wrfifo_inst/inst_fifo_gen/gconvfifo.rf/grf.rf/gntv_or_sync_fifo.mem/gdm.dm_gen.dm/RAM_reg_0_15_0_5/RAMA/CLK
High Pulse Width  Fast    RAMD32/CLK  n/a            1.250         16.500      15.250     SLICE_X100Y84  dbg_hub/inst/BSCANID.u_xsdbm_id/CORE_XSDB.UUT_MASTER/U_ICON_INTERFACE/U_CMD6_WR/U_WR_FIFO/SUBCORE_FIFO.xsdbm_v3_0_0_wrfifo_inst/inst_fifo_gen/gconvfifo.rf/grf.rf/gntv_or_sync_fifo.mem/gdm.dm_gen.dm/RAM_reg_0_15_0_5/RAMA/CLK
High Pulse Width  Slow    RAMD32/CLK  n/a            1.250         16.500      15.250     SLICE_X100Y84  dbg_hub/inst/BSCANID.u_xsdbm_id/CORE_XSDB.UUT_MASTER/U_ICON_INTERFACE/U_CMD6_WR/U_WR_FIFO/SUBCORE_FIFO.xsdbm_v3_0_0_wrfifo_inst/inst_fifo_gen/gconvfifo.rf/grf.rf/gntv_or_sync_fifo.mem/gdm.dm_gen.dm/RAM_reg_0_15_0_5/RAMA_D1/CLK
High Pulse Width  Fast    RAMD32/CLK  n/a            1.250         16.500      15.250     SLICE_X100Y84  dbg_hub/inst/BSCANID.u_xsdbm_id/CORE_XSDB.UUT_MASTER/U_ICON_INTERFACE/U_CMD6_WR/U_WR_FIFO/SUBCORE_FIFO.xsdbm_v3_0_0_wrfifo_inst/inst_fifo_gen/gconvfifo.rf/grf.rf/gntv_or_sync_fifo.mem/gdm.dm_gen.dm/RAM_reg_0_15_0_5/RAMA_D1/CLK
High Pulse Width  Slow    RAMD32/CLK  n/a            1.250         16.500      15.250     SLICE_X100Y84  dbg_hub/inst/BSCANID.u_xsdbm_id/CORE_XSDB.UUT_MASTER/U_ICON_INTERFACE/U_CMD6_WR/U_WR_FIFO/SUBCORE_FIFO.xsdbm_v3_0_0_wrfifo_inst/inst_fifo_gen/gconvfifo.rf/grf.rf/gntv_or_sync_fifo.mem/gdm.dm_gen.dm/RAM_reg_0_15_0_5/RAMB/CLK
High Pulse Width  Fast    RAMD32/CLK  n/a            1.250         16.500      15.250     SLICE_X100Y84  dbg_hub/inst/BSCANID.u_xsdbm_id/CORE_XSDB.UUT_MASTER/U_ICON_INTERFACE/U_CMD6_WR/U_WR_FIFO/SUBCORE_FIFO.xsdbm_v3_0_0_wrfifo_inst/inst_fifo_gen/gconvfifo.rf/grf.rf/gntv_or_sync_fifo.mem/gdm.dm_gen.dm/RAM_reg_0_15_0_5/RAMB/CLK
High Pulse Width  Slow    RAMD32/CLK  n/a            1.250         16.500      15.250     SLICE_X100Y84  dbg_hub/inst/BSCANID.u_xsdbm_id/CORE_XSDB.UUT_MASTER/U_ICON_INTERFACE/U_CMD6_WR/U_WR_FIFO/SUBCORE_FIFO.xsdbm_v3_0_0_wrfifo_inst/inst_fifo_gen/gconvfifo.rf/grf.rf/gntv_or_sync_fifo.mem/gdm.dm_gen.dm/RAM_reg_0_15_0_5/RAMB_D1/CLK
High Pulse Width  Fast    RAMD32/CLK  n/a            1.250         16.500      15.250     SLICE_X100Y84  dbg_hub/inst/BSCANID.u_xsdbm_id/CORE_XSDB.UUT_MASTER/U_ICON_INTERFACE/U_CMD6_WR/U_WR_FIFO/SUBCORE_FIFO.xsdbm_v3_0_0_wrfifo_inst/inst_fifo_gen/gconvfifo.rf/grf.rf/gntv_or_sync_fifo.mem/gdm.dm_gen.dm/RAM_reg_0_15_0_5/RAMB_D1/CLK
High Pulse Width  Slow    RAMD32/CLK  n/a            1.250         16.500      15.250     SLICE_X100Y84  dbg_hub/inst/BSCANID.u_xsdbm_id/CORE_XSDB.UUT_MASTER/U_ICON_INTERFACE/U_CMD6_WR/U_WR_FIFO/SUBCORE_FIFO.xsdbm_v3_0_0_wrfifo_inst/inst_fifo_gen/gconvfifo.rf/grf.rf/gntv_or_sync_fifo.mem/gdm.dm_gen.dm/RAM_reg_0_15_0_5/RAMC/CLK
High Pulse Width  Fast    RAMD32/CLK  n/a            1.250         16.500      15.250     SLICE_X100Y84  dbg_hub/inst/BSCANID.u_xsdbm_id/CORE_XSDB.UUT_MASTER/U_ICON_INTERFACE/U_CMD6_WR/U_WR_FIFO/SUBCORE_FIFO.xsdbm_v3_0_0_wrfifo_inst/inst_fifo_gen/gconvfifo.rf/grf.rf/gntv_or_sync_fifo.mem/gdm.dm_gen.dm/RAM_reg_0_15_0_5/RAMC/CLK



---------------------------------------------------------------------------------------------------
From Clock:  sys_clk_pin
  To Clock:  sys_clk_pin

Setup :           16  Failing Endpoints,  Worst Slack       -3.554ns,  Total Violation      -50.629ns
Hold  :            0  Failing Endpoints,  Worst Slack        0.391ns,  Total Violation        0.000ns
PW    :            0  Failing Endpoints,  Worst Slack        2.000ns,  Total Violation        0.000ns
---------------------------------------------------------------------------------------------------


Max Delay Paths
--------------------------------------------------------------------------------------
Slack (VIOLATED) :        -3.554ns  (required time - arrival time)
  Source:                 design_1_i/FIR5_Mult_0/U0/x4_reg[15]/C
                            (rising edge-triggered cell FDRE clocked by sys_clk_pin  {rise@0.000ns fall@4.000ns period=8.000ns})
  Destination:            design_1_i/FIR5_Add_0/U0/y_reg[14]/D
                            (rising edge-triggered cell FDRE clocked by sys_clk_pin  {rise@0.000ns fall@4.000ns period=8.000ns})
  Path Group:             sys_clk_pin
  Path Type:              Setup (Max at Slow Process Corner)
  Requirement:            8.000ns  (sys_clk_pin rise@8.000ns - sys_clk_pin rise@0.000ns)
  Data Path Delay:        11.129ns  (logic 7.468ns (67.102%)  route 3.661ns (32.898%))
  Logic Levels:           14  (CARRY4=9 DSP48E1=1 LUT3=2 LUT4=2)
  Clock Path Skew:        -0.499ns (DCD - SCD + CPR)
    Destination Clock Delay (DCD):    3.763ns = ( 11.763 - 8.000 ) 
    Source Clock Delay      (SCD):    4.636ns
    Clock Pessimism Removal (CPR):    0.375ns
  Clock Uncertainty:      0.035ns  ((TSJ^2 + TIJ^2)^1/2 + DJ) / 2 + PE
    Total System Jitter     (TSJ):    0.071ns
    Total Input Jitter      (TIJ):    0.000ns
    Discrete Jitter          (DJ):    0.000ns
    Phase Error              (PE):    0.000ns

    Location             Delay type                Incr(ns)  Path(ns)    Netlist Resource(s)
  -------------------------------------------------------------------    -------------------
                         (clock sys_clk_pin rise edge)
                                                      0.000     0.000 r  
    K17                                               0.000     0.000 r  clk (IN)
                         net (fo=0)                   0.000     0.000    clk
    K17                  IBUF (Prop_ibuf_I_O)         1.475     1.475 r  clk_IBUF_inst/O
                         net (fo=21, routed)          3.161     4.636    design_1_i/FIR5_Mult_0/U0/clk
    SLICE_X91Y57         FDRE                                         r  design_1_i/FIR5_Mult_0/U0/x4_reg[15]/C
  -------------------------------------------------------------------    -------------------
    SLICE_X91Y57         FDRE (Prop_fdre_C_Q)         0.456     5.092 r  design_1_i/FIR5_Mult_0/U0/x4_reg[15]/Q
                         net (fo=15, routed)          0.609     5.701    design_1_i/FIR5_Mult_0/U0/Mult4/U0/i_synth/i_synth_option.i_synth_model/opt_7series.i_uniwrap/A[15]
    DSP48_X3Y22          DSP48E1 (Prop_dsp48e1_A[27]_P[2])
                                                      3.841     9.542 r  design_1_i/FIR5_Mult_0/U0/Mult4/U0/i_synth/i_synth_option.i_synth_model/opt_7series.i_uniwrap/i_primitive/P[2]
                         net (fo=4, routed)           0.964    10.506    design_1_i/FIR5_Add_0/U0/M4[2]
    SLICE_X99Y56         LUT3 (Prop_lut3_I1_O)        0.153    10.659 r  design_1_i/FIR5_Add_0/U0/y[0]_i_55/O
                         net (fo=2, routed)           0.593    11.252    design_1_i/FIR5_Add_0/U0/y[0]_i_55_n_0
    SLICE_X99Y56         LUT4 (Prop_lut4_I3_O)        0.327    11.579 r  design_1_i/FIR5_Add_0/U0/y[0]_i_58/O
                         net (fo=1, routed)           0.000    11.579    design_1_i/FIR5_Add_0/U0/y[0]_i_58_n_0
    SLICE_X99Y56         CARRY4 (Prop_carry4_S[3]_CO[3])
                                                      0.401    11.980 r  design_1_i/FIR5_Add_0/U0/y_reg[0]_i_46/CO[3]
                         net (fo=1, routed)           0.000    11.980    design_1_i/FIR5_Add_0/U0/y_reg[0]_i_46_n_0
    SLICE_X99Y57         CARRY4 (Prop_carry4_CI_CO[3])
                                                      0.114    12.094 r  design_1_i/FIR5_Add_0/U0/y_reg[0]_i_30/CO[3]
                         net (fo=1, routed)           0.000    12.094    design_1_i/FIR5_Add_0/U0/y_reg[0]_i_30_n_0
    SLICE_X99Y58         CARRY4 (Prop_carry4_CI_CO[3])
                                                      0.114    12.208 r  design_1_i/FIR5_Add_0/U0/y_reg[0]_i_20/CO[3]
                         net (fo=1, routed)           0.000    12.208    design_1_i/FIR5_Add_0/U0/y_reg[0]_i_20_n_0
    SLICE_X99Y59         CARRY4 (Prop_carry4_CI_CO[3])
                                                      0.114    12.322 r  design_1_i/FIR5_Add_0/U0/y_reg[4]_i_10/CO[3]
                         net (fo=1, routed)           0.000    12.322    design_1_i/FIR5_Add_0/U0/y_reg[4]_i_10_n_0
    SLICE_X99Y60         CARRY4 (Prop_carry4_CI_O[1])
                                                      0.334    12.656 r  design_1_i/FIR5_Add_0/U0/y_reg[8]_i_10/O[1]
                         net (fo=2, routed)           0.653    13.309    design_1_i/FIR5_Add_0/U0/y_reg[8]_i_10_n_6
    SLICE_X100Y60        LUT3 (Prop_lut3_I0_O)        0.329    13.638 r  design_1_i/FIR5_Add_0/U0/y[4]_i_3/O
                         net (fo=2, routed)           0.843    14.481    design_1_i/FIR5_Add_0/U0/y[4]_i_3_n_0
    SLICE_X100Y60        LUT4 (Prop_lut4_I3_O)        0.348    14.829 r  design_1_i/FIR5_Add_0/U0/y[4]_i_7/O
                         net (fo=1, routed)           0.000    14.829    design_1_i/FIR5_Add_0/U0/y[4]_i_7_n_0
    SLICE_X100Y60        CARRY4 (Prop_carry4_S[2]_CO[3])
                                                      0.380    15.209 r  design_1_i/FIR5_Add_0/U0/y_reg[4]_i_1/CO[3]
                         net (fo=1, routed)           0.000    15.209    design_1_i/FIR5_Add_0/U0/y_reg[4]_i_1_n_0
    SLICE_X100Y61        CARRY4 (Prop_carry4_CI_CO[3])
                                                      0.117    15.326 r  design_1_i/FIR5_Add_0/U0/y_reg[8]_i_1/CO[3]
                         net (fo=1, routed)           0.000    15.326    design_1_i/FIR5_Add_0/U0/y_reg[8]_i_1_n_0
    SLICE_X100Y62        CARRY4 (Prop_carry4_CI_CO[3])
                                                      0.117    15.443 r  design_1_i/FIR5_Add_0/U0/y_reg[12]_i_1/CO[3]
                         net (fo=1, routed)           0.000    15.443    design_1_i/FIR5_Add_0/U0/y_reg[12]_i_1_n_0
    SLICE_X100Y63        CARRY4 (Prop_carry4_CI_O[1])
                                                      0.323    15.766 r  design_1_i/FIR5_Add_0/U0/y_reg[15]_i_1/O[1]
                         net (fo=1, routed)           0.000    15.766    design_1_i/FIR5_Add_0/U0/p_0_in[14]
    SLICE_X100Y63        FDRE                                         r  design_1_i/FIR5_Add_0/U0/y_reg[14]/D
  -------------------------------------------------------------------    -------------------

                         (clock sys_clk_pin rise edge)
                                                      8.000     8.000 r  
    K17                                               0.000     8.000 r  clk (IN)
                         net (fo=0)                   0.000     8.000    clk
    K17                  IBUF (Prop_ibuf_I_O)         1.404     9.404 r  clk_IBUF_inst/O
                         net (fo=21, routed)          2.359    11.763    design_1_i/FIR5_Add_0/U0/clk
    SLICE_X100Y63        FDRE                                         r  design_1_i/FIR5_Add_0/U0/y_reg[14]/C
                         clock pessimism              0.375    12.138    
                         clock uncertainty           -0.035    12.102    
    SLICE_X100Y63        FDRE (Setup_fdre_C_D)        0.109    12.211    design_1_i/FIR5_Add_0/U0/y_reg[14]
  -------------------------------------------------------------------
                         required time                         12.211    
                         arrival time                         -15.766    
  -------------------------------------------------------------------
                         slack                                 -3.554    

Slack (VIOLATED) :        -3.470ns  (required time - arrival time)
  Source:                 design_1_i/FIR5_Mult_0/U0/x4_reg[15]/C
                            (rising edge-triggered cell FDRE clocked by sys_clk_pin  {rise@0.000ns fall@4.000ns period=8.000ns})
  Destination:            design_1_i/FIR5_Add_0/U0/y_reg[15]/D
                            (rising edge-triggered cell FDRE clocked by sys_clk_pin  {rise@0.000ns fall@4.000ns period=8.000ns})
  Path Group:             sys_clk_pin
  Path Type:              Setup (Max at Slow Process Corner)
  Requirement:            8.000ns  (sys_clk_pin rise@8.000ns - sys_clk_pin rise@0.000ns)
  Data Path Delay:        11.045ns  (logic 7.384ns (66.851%)  route 3.661ns (33.149%))
  Logic Levels:           14  (CARRY4=9 DSP48E1=1 LUT3=2 LUT4=2)
  Clock Path Skew:        -0.499ns (DCD - SCD + CPR)
    Destination Clock Delay (DCD):    3.763ns = ( 11.763 - 8.000 ) 
    Source Clock Delay      (SCD):    4.636ns
    Clock Pessimism Removal (CPR):    0.375ns
  Clock Uncertainty:      0.035ns  ((TSJ^2 + TIJ^2)^1/2 + DJ) / 2 + PE
    Total System Jitter     (TSJ):    0.071ns
    Total Input Jitter      (TIJ):    0.000ns
    Discrete Jitter          (DJ):    0.000ns
    Phase Error              (PE):    0.000ns

    Location             Delay type                Incr(ns)  Path(ns)    Netlist Resource(s)
  -------------------------------------------------------------------    -------------------
                         (clock sys_clk_pin rise edge)
                                                      0.000     0.000 r  
    K17                                               0.000     0.000 r  clk (IN)
                         net (fo=0)                   0.000     0.000    clk
    K17                  IBUF (Prop_ibuf_I_O)         1.475     1.475 r  clk_IBUF_inst/O
                         net (fo=21, routed)          3.161     4.636    design_1_i/FIR5_Mult_0/U0/clk
    SLICE_X91Y57         FDRE                                         r  design_1_i/FIR5_Mult_0/U0/x4_reg[15]/C
  -------------------------------------------------------------------    -------------------
    SLICE_X91Y57         FDRE (Prop_fdre_C_Q)         0.456     5.092 r  design_1_i/FIR5_Mult_0/U0/x4_reg[15]/Q
                         net (fo=15, routed)          0.609     5.701    design_1_i/FIR5_Mult_0/U0/Mult4/U0/i_synth/i_synth_option.i_synth_model/opt_7series.i_uniwrap/A[15]
    DSP48_X3Y22          DSP48E1 (Prop_dsp48e1_A[27]_P[2])
                                                      3.841     9.542 r  design_1_i/FIR5_Mult_0/U0/Mult4/U0/i_synth/i_synth_option.i_synth_model/opt_7series.i_uniwrap/i_primitive/P[2]
                         net (fo=4, routed)           0.964    10.506    design_1_i/FIR5_Add_0/U0/M4[2]
    SLICE_X99Y56         LUT3 (Prop_lut3_I1_O)        0.153    10.659 r  design_1_i/FIR5_Add_0/U0/y[0]_i_55/O
                         net (fo=2, routed)           0.593    11.252    design_1_i/FIR5_Add_0/U0/y[0]_i_55_n_0
    SLICE_X99Y56         LUT4 (Prop_lut4_I3_O)        0.327    11.579 r  design_1_i/FIR5_Add_0/U0/y[0]_i_58/O
                         net (fo=1, routed)           0.000    11.579    design_1_i/FIR5_Add_0/U0/y[0]_i_58_n_0
    SLICE_X99Y56         CARRY4 (Prop_carry4_S[3]_CO[3])
                                                      0.401    11.980 r  design_1_i/FIR5_Add_0/U0/y_reg[0]_i_46/CO[3]
                         net (fo=1, routed)           0.000    11.980    design_1_i/FIR5_Add_0/U0/y_reg[0]_i_46_n_0
    SLICE_X99Y57         CARRY4 (Prop_carry4_CI_CO[3])
                                                      0.114    12.094 r  design_1_i/FIR5_Add_0/U0/y_reg[0]_i_30/CO[3]
                         net (fo=1, routed)           0.000    12.094    design_1_i/FIR5_Add_0/U0/y_reg[0]_i_30_n_0
    SLICE_X99Y58         CARRY4 (Prop_carry4_CI_CO[3])
                                                      0.114    12.208 r  design_1_i/FIR5_Add_0/U0/y_reg[0]_i_20/CO[3]
                         net (fo=1, routed)           0.000    12.208    design_1_i/FIR5_Add_0/U0/y_reg[0]_i_20_n_0
    SLICE_X99Y59         CARRY4 (Prop_carry4_CI_CO[3])
                                                      0.114    12.322 r  design_1_i/FIR5_Add_0/U0/y_reg[4]_i_10/CO[3]
                         net (fo=1, routed)           0.000    12.322    design_1_i/FIR5_Add_0/U0/y_reg[4]_i_10_n_0
    SLICE_X99Y60         CARRY4 (Prop_carry4_CI_O[1])
                                                      0.334    12.656 r  design_1_i/FIR5_Add_0/U0/y_reg[8]_i_10/O[1]
                         net (fo=2, routed)           0.653    13.309    design_1_i/FIR5_Add_0/U0/y_reg[8]_i_10_n_6
    SLICE_X100Y60        LUT3 (Prop_lut3_I0_O)        0.329    13.638 r  design_1_i/FIR5_Add_0/U0/y[4]_i_3/O
                         net (fo=2, routed)           0.843    14.481    design_1_i/FIR5_Add_0/U0/y[4]_i_3_n_0
    SLICE_X100Y60        LUT4 (Prop_lut4_I3_O)        0.348    14.829 r  design_1_i/FIR5_Add_0/U0/y[4]_i_7/O
                         net (fo=1, routed)           0.000    14.829    design_1_i/FIR5_Add_0/U0/y[4]_i_7_n_0
    SLICE_X100Y60        CARRY4 (Prop_carry4_S[2]_CO[3])
                                                      0.380    15.209 r  design_1_i/FIR5_Add_0/U0/y_reg[4]_i_1/CO[3]
                         net (fo=1, routed)           0.000    15.209    design_1_i/FIR5_Add_0/U0/y_reg[4]_i_1_n_0
    SLICE_X100Y61        CARRY4 (Prop_carry4_CI_CO[3])
                                                      0.117    15.326 r  design_1_i/FIR5_Add_0/U0/y_reg[8]_i_1/CO[3]
                         net (fo=1, routed)           0.000    15.326    design_1_i/FIR5_Add_0/U0/y_reg[8]_i_1_n_0
    SLICE_X100Y62        CARRY4 (Prop_carry4_CI_CO[3])
                                                      0.117    15.443 r  design_1_i/FIR5_Add_0/U0/y_reg[12]_i_1/CO[3]
                         net (fo=1, routed)           0.000    15.443    design_1_i/FIR5_Add_0/U0/y_reg[12]_i_1_n_0
    SLICE_X100Y63        CARRY4 (Prop_carry4_CI_O[2])
                                                      0.239    15.682 r  design_1_i/FIR5_Add_0/U0/y_reg[15]_i_1/O[2]
                         net (fo=1, routed)           0.000    15.682    design_1_i/FIR5_Add_0/U0/p_0_in[15]
    SLICE_X100Y63        FDRE                                         r  design_1_i/FIR5_Add_0/U0/y_reg[15]/D
  -------------------------------------------------------------------    -------------------

                         (clock sys_clk_pin rise edge)
                                                      8.000     8.000 r  
    K17                                               0.000     8.000 r  clk (IN)
                         net (fo=0)                   0.000     8.000    clk
    K17                  IBUF (Prop_ibuf_I_O)         1.404     9.404 r  clk_IBUF_inst/O
                         net (fo=21, routed)          2.359    11.763    design_1_i/FIR5_Add_0/U0/clk
    SLICE_X100Y63        FDRE                                         r  design_1_i/FIR5_Add_0/U0/y_reg[15]/C
                         clock pessimism              0.375    12.138    
                         clock uncertainty           -0.035    12.102    
    SLICE_X100Y63        FDRE (Setup_fdre_C_D)        0.109    12.211    design_1_i/FIR5_Add_0/U0/y_reg[15]
  -------------------------------------------------------------------
                         required time                         12.211    
                         arrival time                         -15.682    
  -------------------------------------------------------------------
                         slack                                 -3.470    

Slack (VIOLATED) :        -3.450ns  (required time - arrival time)
  Source:                 design_1_i/FIR5_Mult_0/U0/x4_reg[15]/C
                            (rising edge-triggered cell FDRE clocked by sys_clk_pin  {rise@0.000ns fall@4.000ns period=8.000ns})
  Destination:            design_1_i/FIR5_Add_0/U0/y_reg[13]/D
                            (rising edge-triggered cell FDRE clocked by sys_clk_pin  {rise@0.000ns fall@4.000ns period=8.000ns})
  Path Group:             sys_clk_pin
  Path Type:              Setup (Max at Slow Process Corner)
  Requirement:            8.000ns  (sys_clk_pin rise@8.000ns - sys_clk_pin rise@0.000ns)
  Data Path Delay:        11.025ns  (logic 7.364ns (66.791%)  route 3.661ns (33.209%))
  Logic Levels:           14  (CARRY4=9 DSP48E1=1 LUT3=2 LUT4=2)
  Clock Path Skew:        -0.499ns (DCD - SCD + CPR)
    Destination Clock Delay (DCD):    3.763ns = ( 11.763 - 8.000 ) 
    Source Clock Delay      (SCD):    4.636ns
    Clock Pessimism Removal (CPR):    0.375ns
  Clock Uncertainty:      0.035ns  ((TSJ^2 + TIJ^2)^1/2 + DJ) / 2 + PE
    Total System Jitter     (TSJ):    0.071ns
    Total Input Jitter      (TIJ):    0.000ns
    Discrete Jitter          (DJ):    0.000ns
    Phase Error              (PE):    0.000ns

    Location             Delay type                Incr(ns)  Path(ns)    Netlist Resource(s)
  -------------------------------------------------------------------    -------------------
                         (clock sys_clk_pin rise edge)
                                                      0.000     0.000 r  
    K17                                               0.000     0.000 r  clk (IN)
                         net (fo=0)                   0.000     0.000    clk
    K17                  IBUF (Prop_ibuf_I_O)         1.475     1.475 r  clk_IBUF_inst/O
                         net (fo=21, routed)          3.161     4.636    design_1_i/FIR5_Mult_0/U0/clk
    SLICE_X91Y57         FDRE                                         r  design_1_i/FIR5_Mult_0/U0/x4_reg[15]/C
  -------------------------------------------------------------------    -------------------
    SLICE_X91Y57         FDRE (Prop_fdre_C_Q)         0.456     5.092 r  design_1_i/FIR5_Mult_0/U0/x4_reg[15]/Q
                         net (fo=15, routed)          0.609     5.701    design_1_i/FIR5_Mult_0/U0/Mult4/U0/i_synth/i_synth_option.i_synth_model/opt_7series.i_uniwrap/A[15]
    DSP48_X3Y22          DSP48E1 (Prop_dsp48e1_A[27]_P[2])
                                                      3.841     9.542 r  design_1_i/FIR5_Mult_0/U0/Mult4/U0/i_synth/i_synth_option.i_synth_model/opt_7series.i_uniwrap/i_primitive/P[2]
                         net (fo=4, routed)           0.964    10.506    design_1_i/FIR5_Add_0/U0/M4[2]
    SLICE_X99Y56         LUT3 (Prop_lut3_I1_O)        0.153    10.659 r  design_1_i/FIR5_Add_0/U0/y[0]_i_55/O
                         net (fo=2, routed)           0.593    11.252    design_1_i/FIR5_Add_0/U0/y[0]_i_55_n_0
    SLICE_X99Y56         LUT4 (Prop_lut4_I3_O)        0.327    11.579 r  design_1_i/FIR5_Add_0/U0/y[0]_i_58/O
                         net (fo=1, routed)           0.000    11.579    design_1_i/FIR5_Add_0/U0/y[0]_i_58_n_0
    SLICE_X99Y56         CARRY4 (Prop_carry4_S[3]_CO[3])
                                                      0.401    11.980 r  design_1_i/FIR5_Add_0/U0/y_reg[0]_i_46/CO[3]
                         net (fo=1, routed)           0.000    11.980    design_1_i/FIR5_Add_0/U0/y_reg[0]_i_46_n_0
    SLICE_X99Y57         CARRY4 (Prop_carry4_CI_CO[3])
                                                      0.114    12.094 r  design_1_i/FIR5_Add_0/U0/y_reg[0]_i_30/CO[3]
                         net (fo=1, routed)           0.000    12.094    design_1_i/FIR5_Add_0/U0/y_reg[0]_i_30_n_0
    SLICE_X99Y58         CARRY4 (Prop_carry4_CI_CO[3])
                                                      0.114    12.208 r  design_1_i/FIR5_Add_0/U0/y_reg[0]_i_20/CO[3]
                         net (fo=1, routed)           0.000    12.208    design_1_i/FIR5_Add_0/U0/y_reg[0]_i_20_n_0
    SLICE_X99Y59         CARRY4 (Prop_carry4_CI_CO[3])
                                                      0.114    12.322 r  design_1_i/FIR5_Add_0/U0/y_reg[4]_i_10/CO[3]
                         net (fo=1, routed)           0.000    12.322    design_1_i/FIR5_Add_0/U0/y_reg[4]_i_10_n_0
    SLICE_X99Y60         CARRY4 (Prop_carry4_CI_O[1])
                                                      0.334    12.656 r  design_1_i/FIR5_Add_0/U0/y_reg[8]_i_10/O[1]
                         net (fo=2, routed)           0.653    13.309    design_1_i/FIR5_Add_0/U0/y_reg[8]_i_10_n_6
    SLICE_X100Y60        LUT3 (Prop_lut3_I0_O)        0.329    13.638 r  design_1_i/FIR5_Add_0/U0/y[4]_i_3/O
                         net (fo=2, routed)           0.843    14.481    design_1_i/FIR5_Add_0/U0/y[4]_i_3_n_0
    SLICE_X100Y60        LUT4 (Prop_lut4_I3_O)        0.348    14.829 r  design_1_i/FIR5_Add_0/U0/y[4]_i_7/O
                         net (fo=1, routed)           0.000    14.829    design_1_i/FIR5_Add_0/U0/y[4]_i_7_n_0
    SLICE_X100Y60        CARRY4 (Prop_carry4_S[2]_CO[3])
                                                      0.380    15.209 r  design_1_i/FIR5_Add_0/U0/y_reg[4]_i_1/CO[3]
                         net (fo=1, routed)           0.000    15.209    design_1_i/FIR5_Add_0/U0/y_reg[4]_i_1_n_0
    SLICE_X100Y61        CARRY4 (Prop_carry4_CI_CO[3])
                                                      0.117    15.326 r  design_1_i/FIR5_Add_0/U0/y_reg[8]_i_1/CO[3]
                         net (fo=1, routed)           0.000    15.326    design_1_i/FIR5_Add_0/U0/y_reg[8]_i_1_n_0
    SLICE_X100Y62        CARRY4 (Prop_carry4_CI_CO[3])
                                                      0.117    15.443 r  design_1_i/FIR5_Add_0/U0/y_reg[12]_i_1/CO[3]
                         net (fo=1, routed)           0.000    15.443    design_1_i/FIR5_Add_0/U0/y_reg[12]_i_1_n_0
    SLICE_X100Y63        CARRY4 (Prop_carry4_CI_O[0])
                                                      0.219    15.662 r  design_1_i/FIR5_Add_0/U0/y_reg[15]_i_1/O[0]
                         net (fo=1, routed)           0.000    15.662    design_1_i/FIR5_Add_0/U0/p_0_in[13]
    SLICE_X100Y63        FDRE                                         r  design_1_i/FIR5_Add_0/U0/y_reg[13]/D
  -------------------------------------------------------------------    -------------------

                         (clock sys_clk_pin rise edge)
                                                      8.000     8.000 r  
    K17                                               0.000     8.000 r  clk (IN)
                         net (fo=0)                   0.000     8.000    clk
    K17                  IBUF (Prop_ibuf_I_O)         1.404     9.404 r  clk_IBUF_inst/O
                         net (fo=21, routed)          2.359    11.763    design_1_i/FIR5_Add_0/U0/clk
    SLICE_X100Y63        FDRE                                         r  design_1_i/FIR5_Add_0/U0/y_reg[13]/C
                         clock pessimism              0.375    12.138    
                         clock uncertainty           -0.035    12.102    
    SLICE_X100Y63        FDRE (Setup_fdre_C_D)        0.109    12.211    design_1_i/FIR5_Add_0/U0/y_reg[13]
  -------------------------------------------------------------------
                         required time                         12.211    
                         arrival time                         -15.662    
  -------------------------------------------------------------------
                         slack                                 -3.450    

Slack (VIOLATED) :        -3.332ns  (required time - arrival time)
  Source:                 design_1_i/FIR5_Mult_0/U0/x4_reg[15]/C
                            (rising edge-triggered cell FDRE clocked by sys_clk_pin  {rise@0.000ns fall@4.000ns period=8.000ns})
  Destination:            design_1_i/FIR5_Add_0/U0/y_reg[6]/D
                            (rising edge-triggered cell FDRE clocked by sys_clk_pin  {rise@0.000ns fall@4.000ns period=8.000ns})
  Path Group:             sys_clk_pin
  Path Type:              Setup (Max at Slow Process Corner)
  Requirement:            8.000ns  (sys_clk_pin rise@8.000ns - sys_clk_pin rise@0.000ns)
  Data Path Delay:        10.895ns  (logic 7.234ns (66.395%)  route 3.661ns (33.605%))
  Logic Levels:           12  (CARRY4=7 DSP48E1=1 LUT3=2 LUT4=2)
  Clock Path Skew:        -0.510ns (DCD - SCD + CPR)
    Destination Clock Delay (DCD):    3.751ns = ( 11.751 - 8.000 ) 
    Source Clock Delay      (SCD):    4.636ns
    Clock Pessimism Removal (CPR):    0.375ns
  Clock Uncertainty:      0.035ns  ((TSJ^2 + TIJ^2)^1/2 + DJ) / 2 + PE
    Total System Jitter     (TSJ):    0.071ns
    Total Input Jitter      (TIJ):    0.000ns
    Discrete Jitter          (DJ):    0.000ns
    Phase Error              (PE):    0.000ns

    Location             Delay type                Incr(ns)  Path(ns)    Netlist Resource(s)
  -------------------------------------------------------------------    -------------------
                         (clock sys_clk_pin rise edge)
                                                      0.000     0.000 r  
    K17                                               0.000     0.000 r  clk (IN)
                         net (fo=0)                   0.000     0.000    clk
    K17                  IBUF (Prop_ibuf_I_O)         1.475     1.475 r  clk_IBUF_inst/O
                         net (fo=21, routed)          3.161     4.636    design_1_i/FIR5_Mult_0/U0/clk
    SLICE_X91Y57         FDRE                                         r  design_1_i/FIR5_Mult_0/U0/x4_reg[15]/C
  -------------------------------------------------------------------    -------------------
    SLICE_X91Y57         FDRE (Prop_fdre_C_Q)         0.456     5.092 r  design_1_i/FIR5_Mult_0/U0/x4_reg[15]/Q
                         net (fo=15, routed)          0.609     5.701    design_1_i/FIR5_Mult_0/U0/Mult4/U0/i_synth/i_synth_option.i_synth_model/opt_7series.i_uniwrap/A[15]
    DSP48_X3Y22          DSP48E1 (Prop_dsp48e1_A[27]_P[2])
                                                      3.841     9.542 r  design_1_i/FIR5_Mult_0/U0/Mult4/U0/i_synth/i_synth_option.i_synth_model/opt_7series.i_uniwrap/i_primitive/P[2]
                         net (fo=4, routed)           0.964    10.506    design_1_i/FIR5_Add_0/U0/M4[2]
    SLICE_X99Y56         LUT3 (Prop_lut3_I1_O)        0.153    10.659 r  design_1_i/FIR5_Add_0/U0/y[0]_i_55/O
                         net (fo=2, routed)           0.593    11.252    design_1_i/FIR5_Add_0/U0/y[0]_i_55_n_0
    SLICE_X99Y56         LUT4 (Prop_lut4_I3_O)        0.327    11.579 r  design_1_i/FIR5_Add_0/U0/y[0]_i_58/O
                         net (fo=1, routed)           0.000    11.579    design_1_i/FIR5_Add_0/U0/y[0]_i_58_n_0
    SLICE_X99Y56         CARRY4 (Prop_carry4_S[3]_CO[3])
                                                      0.401    11.980 r  design_1_i/FIR5_Add_0/U0/y_reg[0]_i_46/CO[3]
                         net (fo=1, routed)           0.000    11.980    design_1_i/FIR5_Add_0/U0/y_reg[0]_i_46_n_0
    SLICE_X99Y57         CARRY4 (Prop_carry4_CI_CO[3])
                                                      0.114    12.094 r  design_1_i/FIR5_Add_0/U0/y_reg[0]_i_30/CO[3]
                         net (fo=1, routed)           0.000    12.094    design_1_i/FIR5_Add_0/U0/y_reg[0]_i_30_n_0
    SLICE_X99Y58         CARRY4 (Prop_carry4_CI_CO[3])
                                                      0.114    12.208 r  design_1_i/FIR5_Add_0/U0/y_reg[0]_i_20/CO[3]
                         net (fo=1, routed)           0.000    12.208    design_1_i/FIR5_Add_0/U0/y_reg[0]_i_20_n_0
    SLICE_X99Y59         CARRY4 (Prop_carry4_CI_CO[3])
                                                      0.114    12.322 r  design_1_i/FIR5_Add_0/U0/y_reg[4]_i_10/CO[3]
                         net (fo=1, routed)           0.000    12.322    design_1_i/FIR5_Add_0/U0/y_reg[4]_i_10_n_0
    SLICE_X99Y60         CARRY4 (Prop_carry4_CI_O[1])
                                                      0.334    12.656 r  design_1_i/FIR5_Add_0/U0/y_reg[8]_i_10/O[1]
                         net (fo=2, routed)           0.653    13.309    design_1_i/FIR5_Add_0/U0/y_reg[8]_i_10_n_6
    SLICE_X100Y60        LUT3 (Prop_lut3_I0_O)        0.329    13.638 r  design_1_i/FIR5_Add_0/U0/y[4]_i_3/O
                         net (fo=2, routed)           0.843    14.481    design_1_i/FIR5_Add_0/U0/y[4]_i_3_n_0
    SLICE_X100Y60        LUT4 (Prop_lut4_I3_O)        0.348    14.829 r  design_1_i/FIR5_Add_0/U0/y[4]_i_7/O
                         net (fo=1, routed)           0.000    14.829    design_1_i/FIR5_Add_0/U0/y[4]_i_7_n_0
    SLICE_X100Y60        CARRY4 (Prop_carry4_S[2]_CO[3])
                                                      0.380    15.209 r  design_1_i/FIR5_Add_0/U0/y_reg[4]_i_1/CO[3]
                         net (fo=1, routed)           0.000    15.209    design_1_i/FIR5_Add_0/U0/y_reg[4]_i_1_n_0
    SLICE_X100Y61        CARRY4 (Prop_carry4_CI_O[1])
                                                      0.323    15.532 r  design_1_i/FIR5_Add_0/U0/y_reg[8]_i_1/O[1]
                         net (fo=1, routed)           0.000    15.532    design_1_i/FIR5_Add_0/U0/p_0_in[6]
    SLICE_X100Y61        FDRE                                         r  design_1_i/FIR5_Add_0/U0/y_reg[6]/D
  -------------------------------------------------------------------    -------------------

                         (clock sys_clk_pin rise edge)
                                                      8.000     8.000 r  
    K17                                               0.000     8.000 r  clk (IN)
                         net (fo=0)                   0.000     8.000    clk
    K17                  IBUF (Prop_ibuf_I_O)         1.404     9.404 r  clk_IBUF_inst/O
                         net (fo=21, routed)          2.347    11.751    design_1_i/FIR5_Add_0/U0/clk
    SLICE_X100Y61        FDRE                                         r  design_1_i/FIR5_Add_0/U0/y_reg[6]/C
                         clock pessimism              0.375    12.126    
                         clock uncertainty           -0.035    12.091    
    SLICE_X100Y61        FDRE (Setup_fdre_C_D)        0.109    12.200    design_1_i/FIR5_Add_0/U0/y_reg[6]
  -------------------------------------------------------------------
                         required time                         12.200    
                         arrival time                         -15.532    
  -------------------------------------------------------------------
                         slack                                 -3.332    

Slack (VIOLATED) :        -3.324ns  (required time - arrival time)
  Source:                 design_1_i/FIR5_Mult_0/U0/x4_reg[15]/C
                            (rising edge-triggered cell FDRE clocked by sys_clk_pin  {rise@0.000ns fall@4.000ns period=8.000ns})
  Destination:            design_1_i/FIR5_Add_0/U0/y_reg[8]/D
                            (rising edge-triggered cell FDRE clocked by sys_clk_pin  {rise@0.000ns fall@4.000ns period=8.000ns})
  Path Group:             sys_clk_pin
  Path Type:              Setup (Max at Slow Process Corner)
  Requirement:            8.000ns  (sys_clk_pin rise@8.000ns - sys_clk_pin rise@0.000ns)
  Data Path Delay:        10.887ns  (logic 7.226ns (66.370%)  route 3.661ns (33.630%))
  Logic Levels:           12  (CARRY4=7 DSP48E1=1 LUT3=2 LUT4=2)
  Clock Path Skew:        -0.510ns (DCD - SCD + CPR)
    Destination Clock Delay (DCD):    3.751ns = ( 11.751 - 8.000 ) 
    Source Clock Delay      (SCD):    4.636ns
    Clock Pessimism Removal (CPR):    0.375ns
  Clock Uncertainty:      0.035ns  ((TSJ^2 + TIJ^2)^1/2 + DJ) / 2 + PE
    Total System Jitter     (TSJ):    0.071ns
    Total Input Jitter      (TIJ):    0.000ns
    Discrete Jitter          (DJ):    0.000ns
    Phase Error              (PE):    0.000ns

    Location             Delay type                Incr(ns)  Path(ns)    Netlist Resource(s)
  -------------------------------------------------------------------    -------------------
                         (clock sys_clk_pin rise edge)
                                                      0.000     0.000 r  
    K17                                               0.000     0.000 r  clk (IN)
                         net (fo=0)                   0.000     0.000    clk
    K17                  IBUF (Prop_ibuf_I_O)         1.475     1.475 r  clk_IBUF_inst/O
                         net (fo=21, routed)          3.161     4.636    design_1_i/FIR5_Mult_0/U0/clk
    SLICE_X91Y57         FDRE                                         r  design_1_i/FIR5_Mult_0/U0/x4_reg[15]/C
  -------------------------------------------------------------------    -------------------
    SLICE_X91Y57         FDRE (Prop_fdre_C_Q)         0.456     5.092 r  design_1_i/FIR5_Mult_0/U0/x4_reg[15]/Q
                         net (fo=15, routed)          0.609     5.701    design_1_i/FIR5_Mult_0/U0/Mult4/U0/i_synth/i_synth_option.i_synth_model/opt_7series.i_uniwrap/A[15]
    DSP48_X3Y22          DSP48E1 (Prop_dsp48e1_A[27]_P[2])
                                                      3.841     9.542 r  design_1_i/FIR5_Mult_0/U0/Mult4/U0/i_synth/i_synth_option.i_synth_model/opt_7series.i_uniwrap/i_primitive/P[2]
                         net (fo=4, routed)           0.964    10.506    design_1_i/FIR5_Add_0/U0/M4[2]
    SLICE_X99Y56         LUT3 (Prop_lut3_I1_O)        0.153    10.659 r  design_1_i/FIR5_Add_0/U0/y[0]_i_55/O
                         net (fo=2, routed)           0.593    11.252    design_1_i/FIR5_Add_0/U0/y[0]_i_55_n_0
    SLICE_X99Y56         LUT4 (Prop_lut4_I3_O)        0.327    11.579 r  design_1_i/FIR5_Add_0/U0/y[0]_i_58/O
                         net (fo=1, routed)           0.000    11.579    design_1_i/FIR5_Add_0/U0/y[0]_i_58_n_0
    SLICE_X99Y56         CARRY4 (Prop_carry4_S[3]_CO[3])
                                                      0.401    11.980 r  design_1_i/FIR5_Add_0/U0/y_reg[0]_i_46/CO[3]
                         net (fo=1, routed)           0.000    11.980    design_1_i/FIR5_Add_0/U0/y_reg[0]_i_46_n_0
    SLICE_X99Y57         CARRY4 (Prop_carry4_CI_CO[3])
                                                      0.114    12.094 r  design_1_i/FIR5_Add_0/U0/y_reg[0]_i_30/CO[3]
                         net (fo=1, routed)           0.000    12.094    design_1_i/FIR5_Add_0/U0/y_reg[0]_i_30_n_0
    SLICE_X99Y58         CARRY4 (Prop_carry4_CI_CO[3])
                                                      0.114    12.208 r  design_1_i/FIR5_Add_0/U0/y_reg[0]_i_20/CO[3]
                         net (fo=1, routed)           0.000    12.208    design_1_i/FIR5_Add_0/U0/y_reg[0]_i_20_n_0
    SLICE_X99Y59         CARRY4 (Prop_carry4_CI_CO[3])
                                                      0.114    12.322 r  design_1_i/FIR5_Add_0/U0/y_reg[4]_i_10/CO[3]
                         net (fo=1, routed)           0.000    12.322    design_1_i/FIR5_Add_0/U0/y_reg[4]_i_10_n_0
    SLICE_X99Y60         CARRY4 (Prop_carry4_CI_O[1])
                                                      0.334    12.656 r  design_1_i/FIR5_Add_0/U0/y_reg[8]_i_10/O[1]
                         net (fo=2, routed)           0.653    13.309    design_1_i/FIR5_Add_0/U0/y_reg[8]_i_10_n_6
    SLICE_X100Y60        LUT3 (Prop_lut3_I0_O)        0.329    13.638 r  design_1_i/FIR5_Add_0/U0/y[4]_i_3/O
                         net (fo=2, routed)           0.843    14.481    design_1_i/FIR5_Add_0/U0/y[4]_i_3_n_0
    SLICE_X100Y60        LUT4 (Prop_lut4_I3_O)        0.348    14.829 r  design_1_i/FIR5_Add_0/U0/y[4]_i_7/O
                         net (fo=1, routed)           0.000    14.829    design_1_i/FIR5_Add_0/U0/y[4]_i_7_n_0
    SLICE_X100Y60        CARRY4 (Prop_carry4_S[2]_CO[3])
                                                      0.380    15.209 r  design_1_i/FIR5_Add_0/U0/y_reg[4]_i_1/CO[3]
                         net (fo=1, routed)           0.000    15.209    design_1_i/FIR5_Add_0/U0/y_reg[4]_i_1_n_0
    SLICE_X100Y61        CARRY4 (Prop_carry4_CI_O[3])
                                                      0.315    15.524 r  design_1_i/FIR5_Add_0/U0/y_reg[8]_i_1/O[3]
                         net (fo=1, routed)           0.000    15.524    design_1_i/FIR5_Add_0/U0/p_0_in[8]
    SLICE_X100Y61        FDRE                                         r  design_1_i/FIR5_Add_0/U0/y_reg[8]/D
  -------------------------------------------------------------------    -------------------

                         (clock sys_clk_pin rise edge)
                                                      8.000     8.000 r  
    K17                                               0.000     8.000 r  clk (IN)
                         net (fo=0)                   0.000     8.000    clk
    K17                  IBUF (Prop_ibuf_I_O)         1.404     9.404 r  clk_IBUF_inst/O
                         net (fo=21, routed)          2.347    11.751    design_1_i/FIR5_Add_0/U0/clk
    SLICE_X100Y61        FDRE                                         r  design_1_i/FIR5_Add_0/U0/y_reg[8]/C
                         clock pessimism              0.375    12.126    
                         clock uncertainty           -0.035    12.091    
    SLICE_X100Y61        FDRE (Setup_fdre_C_D)        0.109    12.200    design_1_i/FIR5_Add_0/U0/y_reg[8]
  -------------------------------------------------------------------
                         required time                         12.200    
                         arrival time                         -15.524    
  -------------------------------------------------------------------
                         slack                                 -3.324    

Slack (VIOLATED) :        -3.310ns  (required time - arrival time)
  Source:                 design_1_i/FIR5_Mult_0/U0/x4_reg[15]/C
                            (rising edge-triggered cell FDRE clocked by sys_clk_pin  {rise@0.000ns fall@4.000ns period=8.000ns})
  Destination:            design_1_i/FIR5_Add_0/U0/y_reg[10]/D
                            (rising edge-triggered cell FDRE clocked by sys_clk_pin  {rise@0.000ns fall@4.000ns period=8.000ns})
  Path Group:             sys_clk_pin
  Path Type:              Setup (Max at Slow Process Corner)
  Requirement:            8.000ns  (sys_clk_pin rise@8.000ns - sys_clk_pin rise@0.000ns)
  Data Path Delay:        11.012ns  (logic 7.351ns (66.752%)  route 3.661ns (33.248%))
  Logic Levels:           13  (CARRY4=8 DSP48E1=1 LUT3=2 LUT4=2)
  Clock Path Skew:        -0.371ns (DCD - SCD + CPR)
    Destination Clock Delay (DCD):    3.891ns = ( 11.891 - 8.000 ) 
    Source Clock Delay      (SCD):    4.636ns
    Clock Pessimism Removal (CPR):    0.375ns
  Clock Uncertainty:      0.035ns  ((TSJ^2 + TIJ^2)^1/2 + DJ) / 2 + PE
    Total System Jitter     (TSJ):    0.071ns
    Total Input Jitter      (TIJ):    0.000ns
    Discrete Jitter          (DJ):    0.000ns
    Phase Error              (PE):    0.000ns

    Location             Delay type                Incr(ns)  Path(ns)    Netlist Resource(s)
  -------------------------------------------------------------------    -------------------
                         (clock sys_clk_pin rise edge)
                                                      0.000     0.000 r  
    K17                                               0.000     0.000 r  clk (IN)
                         net (fo=0)                   0.000     0.000    clk
    K17                  IBUF (Prop_ibuf_I_O)         1.475     1.475 r  clk_IBUF_inst/O
                         net (fo=21, routed)          3.161     4.636    design_1_i/FIR5_Mult_0/U0/clk
    SLICE_X91Y57         FDRE                                         r  design_1_i/FIR5_Mult_0/U0/x4_reg[15]/C
  -------------------------------------------------------------------    -------------------
    SLICE_X91Y57         FDRE (Prop_fdre_C_Q)         0.456     5.092 r  design_1_i/FIR5_Mult_0/U0/x4_reg[15]/Q
                         net (fo=15, routed)          0.609     5.701    design_1_i/FIR5_Mult_0/U0/Mult4/U0/i_synth/i_synth_option.i_synth_model/opt_7series.i_uniwrap/A[15]
    DSP48_X3Y22          DSP48E1 (Prop_dsp48e1_A[27]_P[2])
                                                      3.841     9.542 r  design_1_i/FIR5_Mult_0/U0/Mult4/U0/i_synth/i_synth_option.i_synth_model/opt_7series.i_uniwrap/i_primitive/P[2]
                         net (fo=4, routed)           0.964    10.506    design_1_i/FIR5_Add_0/U0/M4[2]
    SLICE_X99Y56         LUT3 (Prop_lut3_I1_O)        0.153    10.659 r  design_1_i/FIR5_Add_0/U0/y[0]_i_55/O
                         net (fo=2, routed)           0.593    11.252    design_1_i/FIR5_Add_0/U0/y[0]_i_55_n_0
    SLICE_X99Y56         LUT4 (Prop_lut4_I3_O)        0.327    11.579 r  design_1_i/FIR5_Add_0/U0/y[0]_i_58/O
                         net (fo=1, routed)           0.000    11.579    design_1_i/FIR5_Add_0/U0/y[0]_i_58_n_0
    SLICE_X99Y56         CARRY4 (Prop_carry4_S[3]_CO[3])
                                                      0.401    11.980 r  design_1_i/FIR5_Add_0/U0/y_reg[0]_i_46/CO[3]
                         net (fo=1, routed)           0.000    11.980    design_1_i/FIR5_Add_0/U0/y_reg[0]_i_46_n_0
    SLICE_X99Y57         CARRY4 (Prop_carry4_CI_CO[3])
                                                      0.114    12.094 r  design_1_i/FIR5_Add_0/U0/y_reg[0]_i_30/CO[3]
                         net (fo=1, routed)           0.000    12.094    design_1_i/FIR5_Add_0/U0/y_reg[0]_i_30_n_0
    SLICE_X99Y58         CARRY4 (Prop_carry4_CI_CO[3])
                                                      0.114    12.208 r  design_1_i/FIR5_Add_0/U0/y_reg[0]_i_20/CO[3]
                         net (fo=1, routed)           0.000    12.208    design_1_i/FIR5_Add_0/U0/y_reg[0]_i_20_n_0
    SLICE_X99Y59         CARRY4 (Prop_carry4_CI_CO[3])
                                                      0.114    12.322 r  design_1_i/FIR5_Add_0/U0/y_reg[4]_i_10/CO[3]
                         net (fo=1, routed)           0.000    12.322    design_1_i/FIR5_Add_0/U0/y_reg[4]_i_10_n_0
    SLICE_X99Y60         CARRY4 (Prop_carry4_CI_O[1])
                                                      0.334    12.656 r  design_1_i/FIR5_Add_0/U0/y_reg[8]_i_10/O[1]
                         net (fo=2, routed)           0.653    13.309    design_1_i/FIR5_Add_0/U0/y_reg[8]_i_10_n_6
    SLICE_X100Y60        LUT3 (Prop_lut3_I0_O)        0.329    13.638 r  design_1_i/FIR5_Add_0/U0/y[4]_i_3/O
                         net (fo=2, routed)           0.843    14.481    design_1_i/FIR5_Add_0/U0/y[4]_i_3_n_0
    SLICE_X100Y60        LUT4 (Prop_lut4_I3_O)        0.348    14.829 r  design_1_i/FIR5_Add_0/U0/y[4]_i_7/O
                         net (fo=1, routed)           0.000    14.829    design_1_i/FIR5_Add_0/U0/y[4]_i_7_n_0
    SLICE_X100Y60        CARRY4 (Prop_carry4_S[2]_CO[3])
                                                      0.380    15.209 r  design_1_i/FIR5_Add_0/U0/y_reg[4]_i_1/CO[3]
                         net (fo=1, routed)           0.000    15.209    design_1_i/FIR5_Add_0/U0/y_reg[4]_i_1_n_0
    SLICE_X100Y61        CARRY4 (Prop_carry4_CI_CO[3])
                                                      0.117    15.326 r  design_1_i/FIR5_Add_0/U0/y_reg[8]_i_1/CO[3]
                         net (fo=1, routed)           0.000    15.326    design_1_i/FIR5_Add_0/U0/y_reg[8]_i_1_n_0
    SLICE_X100Y62        CARRY4 (Prop_carry4_CI_O[1])
                                                      0.323    15.649 r  design_1_i/FIR5_Add_0/U0/y_reg[12]_i_1/O[1]
                         net (fo=1, routed)           0.000    15.649    design_1_i/FIR5_Add_0/U0/p_0_in[10]
    SLICE_X100Y62        FDRE                                         r  design_1_i/FIR5_Add_0/U0/y_reg[10]/D
  -------------------------------------------------------------------    -------------------

                         (clock sys_clk_pin rise edge)
                                                      8.000     8.000 r  
    K17                                               0.000     8.000 r  clk (IN)
                         net (fo=0)                   0.000     8.000    clk
    K17                  IBUF (Prop_ibuf_I_O)         1.404     9.404 r  clk_IBUF_inst/O
                         net (fo=21, routed)          2.487    11.891    design_1_i/FIR5_Add_0/U0/clk
    SLICE_X100Y62        FDRE                                         r  design_1_i/FIR5_Add_0/U0/y_reg[10]/C
                         clock pessimism              0.375    12.265    
                         clock uncertainty           -0.035    12.230    
    SLICE_X100Y62        FDRE (Setup_fdre_C_D)        0.109    12.339    design_1_i/FIR5_Add_0/U0/y_reg[10]
  -------------------------------------------------------------------
                         required time                         12.339    
                         arrival time                         -15.649    
  -------------------------------------------------------------------
                         slack                                 -3.310    

Slack (VIOLATED) :        -3.302ns  (required time - arrival time)
  Source:                 design_1_i/FIR5_Mult_0/U0/x4_reg[15]/C
                            (rising edge-triggered cell FDRE clocked by sys_clk_pin  {rise@0.000ns fall@4.000ns period=8.000ns})
  Destination:            design_1_i/FIR5_Add_0/U0/y_reg[12]/D
                            (rising edge-triggered cell FDRE clocked by sys_clk_pin  {rise@0.000ns fall@4.000ns period=8.000ns})
  Path Group:             sys_clk_pin
  Path Type:              Setup (Max at Slow Process Corner)
  Requirement:            8.000ns  (sys_clk_pin rise@8.000ns - sys_clk_pin rise@0.000ns)
  Data Path Delay:        11.004ns  (logic 7.343ns (66.728%)  route 3.661ns (33.272%))
  Logic Levels:           13  (CARRY4=8 DSP48E1=1 LUT3=2 LUT4=2)
  Clock Path Skew:        -0.371ns (DCD - SCD + CPR)
    Destination Clock Delay (DCD):    3.891ns = ( 11.891 - 8.000 ) 
    Source Clock Delay      (SCD):    4.636ns
    Clock Pessimism Removal (CPR):    0.375ns
  Clock Uncertainty:      0.035ns  ((TSJ^2 + TIJ^2)^1/2 + DJ) / 2 + PE
    Total System Jitter     (TSJ):    0.071ns
    Total Input Jitter      (TIJ):    0.000ns
    Discrete Jitter          (DJ):    0.000ns
    Phase Error              (PE):    0.000ns

    Location             Delay type                Incr(ns)  Path(ns)    Netlist Resource(s)
  -------------------------------------------------------------------    -------------------
                         (clock sys_clk_pin rise edge)
                                                      0.000     0.000 r  
    K17                                               0.000     0.000 r  clk (IN)
                         net (fo=0)                   0.000     0.000    clk
    K17                  IBUF (Prop_ibuf_I_O)         1.475     1.475 r  clk_IBUF_inst/O
                         net (fo=21, routed)          3.161     4.636    design_1_i/FIR5_Mult_0/U0/clk
    SLICE_X91Y57         FDRE                                         r  design_1_i/FIR5_Mult_0/U0/x4_reg[15]/C
  -------------------------------------------------------------------    -------------------
    SLICE_X91Y57         FDRE (Prop_fdre_C_Q)         0.456     5.092 r  design_1_i/FIR5_Mult_0/U0/x4_reg[15]/Q
                         net (fo=15, routed)          0.609     5.701    design_1_i/FIR5_Mult_0/U0/Mult4/U0/i_synth/i_synth_option.i_synth_model/opt_7series.i_uniwrap/A[15]
    DSP48_X3Y22          DSP48E1 (Prop_dsp48e1_A[27]_P[2])
                                                      3.841     9.542 r  design_1_i/FIR5_Mult_0/U0/Mult4/U0/i_synth/i_synth_option.i_synth_model/opt_7series.i_uniwrap/i_primitive/P[2]
                         net (fo=4, routed)           0.964    10.506    design_1_i/FIR5_Add_0/U0/M4[2]
    SLICE_X99Y56         LUT3 (Prop_lut3_I1_O)        0.153    10.659 r  design_1_i/FIR5_Add_0/U0/y[0]_i_55/O
                         net (fo=2, routed)           0.593    11.252    design_1_i/FIR5_Add_0/U0/y[0]_i_55_n_0
    SLICE_X99Y56         LUT4 (Prop_lut4_I3_O)        0.327    11.579 r  design_1_i/FIR5_Add_0/U0/y[0]_i_58/O
                         net (fo=1, routed)           0.000    11.579    design_1_i/FIR5_Add_0/U0/y[0]_i_58_n_0
    SLICE_X99Y56         CARRY4 (Prop_carry4_S[3]_CO[3])
                                                      0.401    11.980 r  design_1_i/FIR5_Add_0/U0/y_reg[0]_i_46/CO[3]
                         net (fo=1, routed)           0.000    11.980    design_1_i/FIR5_Add_0/U0/y_reg[0]_i_46_n_0
    SLICE_X99Y57         CARRY4 (Prop_carry4_CI_CO[3])
                                                      0.114    12.094 r  design_1_i/FIR5_Add_0/U0/y_reg[0]_i_30/CO[3]
                         net (fo=1, routed)           0.000    12.094    design_1_i/FIR5_Add_0/U0/y_reg[0]_i_30_n_0
    SLICE_X99Y58         CARRY4 (Prop_carry4_CI_CO[3])
                                                      0.114    12.208 r  design_1_i/FIR5_Add_0/U0/y_reg[0]_i_20/CO[3]
                         net (fo=1, routed)           0.000    12.208    design_1_i/FIR5_Add_0/U0/y_reg[0]_i_20_n_0
    SLICE_X99Y59         CARRY4 (Prop_carry4_CI_CO[3])
                                                      0.114    12.322 r  design_1_i/FIR5_Add_0/U0/y_reg[4]_i_10/CO[3]
                         net (fo=1, routed)           0.000    12.322    design_1_i/FIR5_Add_0/U0/y_reg[4]_i_10_n_0
    SLICE_X99Y60         CARRY4 (Prop_carry4_CI_O[1])
                                                      0.334    12.656 r  design_1_i/FIR5_Add_0/U0/y_reg[8]_i_10/O[1]
                         net (fo=2, routed)           0.653    13.309    design_1_i/FIR5_Add_0/U0/y_reg[8]_i_10_n_6
    SLICE_X100Y60        LUT3 (Prop_lut3_I0_O)        0.329    13.638 r  design_1_i/FIR5_Add_0/U0/y[4]_i_3/O
                         net (fo=2, routed)           0.843    14.481    design_1_i/FIR5_Add_0/U0/y[4]_i_3_n_0
    SLICE_X100Y60        LUT4 (Prop_lut4_I3_O)        0.348    14.829 r  design_1_i/FIR5_Add_0/U0/y[4]_i_7/O
                         net (fo=1, routed)           0.000    14.829    design_1_i/FIR5_Add_0/U0/y[4]_i_7_n_0
    SLICE_X100Y60        CARRY4 (Prop_carry4_S[2]_CO[3])
                                                      0.380    15.209 r  design_1_i/FIR5_Add_0/U0/y_reg[4]_i_1/CO[3]
                         net (fo=1, routed)           0.000    15.209    design_1_i/FIR5_Add_0/U0/y_reg[4]_i_1_n_0
    SLICE_X100Y61        CARRY4 (Prop_carry4_CI_CO[3])
                                                      0.117    15.326 r  design_1_i/FIR5_Add_0/U0/y_reg[8]_i_1/CO[3]
                         net (fo=1, routed)           0.000    15.326    design_1_i/FIR5_Add_0/U0/y_reg[8]_i_1_n_0
    SLICE_X100Y62        CARRY4 (Prop_carry4_CI_O[3])
                                                      0.315    15.641 r  design_1_i/FIR5_Add_0/U0/y_reg[12]_i_1/O[3]
                         net (fo=1, routed)           0.000    15.641    design_1_i/FIR5_Add_0/U0/p_0_in[12]
    SLICE_X100Y62        FDRE                                         r  design_1_i/FIR5_Add_0/U0/y_reg[12]/D
  -------------------------------------------------------------------    -------------------

                         (clock sys_clk_pin rise edge)
                                                      8.000     8.000 r  
    K17                                               0.000     8.000 r  clk (IN)
                         net (fo=0)                   0.000     8.000    clk
    K17                  IBUF (Prop_ibuf_I_O)         1.404     9.404 r  clk_IBUF_inst/O
                         net (fo=21, routed)          2.487    11.891    design_1_i/FIR5_Add_0/U0/clk
    SLICE_X100Y62        FDRE                                         r  design_1_i/FIR5_Add_0/U0/y_reg[12]/C
                         clock pessimism              0.375    12.265    
                         clock uncertainty           -0.035    12.230    
    SLICE_X100Y62        FDRE (Setup_fdre_C_D)        0.109    12.339    design_1_i/FIR5_Add_0/U0/y_reg[12]
  -------------------------------------------------------------------
                         required time                         12.339    
                         arrival time                         -15.641    
  -------------------------------------------------------------------
                         slack                                 -3.302    

Slack (VIOLATED) :        -3.248ns  (required time - arrival time)
  Source:                 design_1_i/FIR5_Mult_0/U0/x4_reg[15]/C
                            (rising edge-triggered cell FDRE clocked by sys_clk_pin  {rise@0.000ns fall@4.000ns period=8.000ns})
  Destination:            design_1_i/FIR5_Add_0/U0/y_reg[7]/D
                            (rising edge-triggered cell FDRE clocked by sys_clk_pin  {rise@0.000ns fall@4.000ns period=8.000ns})
  Path Group:             sys_clk_pin
  Path Type:              Setup (Max at Slow Process Corner)
  Requirement:            8.000ns  (sys_clk_pin rise@8.000ns - sys_clk_pin rise@0.000ns)
  Data Path Delay:        10.811ns  (logic 7.150ns (66.134%)  route 3.661ns (33.866%))
  Logic Levels:           12  (CARRY4=7 DSP48E1=1 LUT3=2 LUT4=2)
  Clock Path Skew:        -0.510ns (DCD - SCD + CPR)
    Destination Clock Delay (DCD):    3.751ns = ( 11.751 - 8.000 ) 
    Source Clock Delay      (SCD):    4.636ns
    Clock Pessimism Removal (CPR):    0.375ns
  Clock Uncertainty:      0.035ns  ((TSJ^2 + TIJ^2)^1/2 + DJ) / 2 + PE
    Total System Jitter     (TSJ):    0.071ns
    Total Input Jitter      (TIJ):    0.000ns
    Discrete Jitter          (DJ):    0.000ns
    Phase Error              (PE):    0.000ns

    Location             Delay type                Incr(ns)  Path(ns)    Netlist Resource(s)
  -------------------------------------------------------------------    -------------------
                         (clock sys_clk_pin rise edge)
                                                      0.000     0.000 r  
    K17                                               0.000     0.000 r  clk (IN)
                         net (fo=0)                   0.000     0.000    clk
    K17                  IBUF (Prop_ibuf_I_O)         1.475     1.475 r  clk_IBUF_inst/O
                         net (fo=21, routed)          3.161     4.636    design_1_i/FIR5_Mult_0/U0/clk
    SLICE_X91Y57         FDRE                                         r  design_1_i/FIR5_Mult_0/U0/x4_reg[15]/C
  -------------------------------------------------------------------    -------------------
    SLICE_X91Y57         FDRE (Prop_fdre_C_Q)         0.456     5.092 r  design_1_i/FIR5_Mult_0/U0/x4_reg[15]/Q
                         net (fo=15, routed)          0.609     5.701    design_1_i/FIR5_Mult_0/U0/Mult4/U0/i_synth/i_synth_option.i_synth_model/opt_7series.i_uniwrap/A[15]
    DSP48_X3Y22          DSP48E1 (Prop_dsp48e1_A[27]_P[2])
                                                      3.841     9.542 r  design_1_i/FIR5_Mult_0/U0/Mult4/U0/i_synth/i_synth_option.i_synth_model/opt_7series.i_uniwrap/i_primitive/P[2]
                         net (fo=4, routed)           0.964    10.506    design_1_i/FIR5_Add_0/U0/M4[2]
    SLICE_X99Y56         LUT3 (Prop_lut3_I1_O)        0.153    10.659 r  design_1_i/FIR5_Add_0/U0/y[0]_i_55/O
                         net (fo=2, routed)           0.593    11.252    design_1_i/FIR5_Add_0/U0/y[0]_i_55_n_0
    SLICE_X99Y56         LUT4 (Prop_lut4_I3_O)        0.327    11.579 r  design_1_i/FIR5_Add_0/U0/y[0]_i_58/O
                         net (fo=1, routed)           0.000    11.579    design_1_i/FIR5_Add_0/U0/y[0]_i_58_n_0
    SLICE_X99Y56         CARRY4 (Prop_carry4_S[3]_CO[3])
                                                      0.401    11.980 r  design_1_i/FIR5_Add_0/U0/y_reg[0]_i_46/CO[3]
                         net (fo=1, routed)           0.000    11.980    design_1_i/FIR5_Add_0/U0/y_reg[0]_i_46_n_0
    SLICE_X99Y57         CARRY4 (Prop_carry4_CI_CO[3])
                                                      0.114    12.094 r  design_1_i/FIR5_Add_0/U0/y_reg[0]_i_30/CO[3]
                         net (fo=1, routed)           0.000    12.094    design_1_i/FIR5_Add_0/U0/y_reg[0]_i_30_n_0
    SLICE_X99Y58         CARRY4 (Prop_carry4_CI_CO[3])
                                                      0.114    12.208 r  design_1_i/FIR5_Add_0/U0/y_reg[0]_i_20/CO[3]
                         net (fo=1, routed)           0.000    12.208    design_1_i/FIR5_Add_0/U0/y_reg[0]_i_20_n_0
    SLICE_X99Y59         CARRY4 (Prop_carry4_CI_CO[3])
                                                      0.114    12.322 r  design_1_i/FIR5_Add_0/U0/y_reg[4]_i_10/CO[3]
                         net (fo=1, routed)           0.000    12.322    design_1_i/FIR5_Add_0/U0/y_reg[4]_i_10_n_0
    SLICE_X99Y60         CARRY4 (Prop_carry4_CI_O[1])
                                                      0.334    12.656 r  design_1_i/FIR5_Add_0/U0/y_reg[8]_i_10/O[1]
                         net (fo=2, routed)           0.653    13.309    design_1_i/FIR5_Add_0/U0/y_reg[8]_i_10_n_6
    SLICE_X100Y60        LUT3 (Prop_lut3_I0_O)        0.329    13.638 r  design_1_i/FIR5_Add_0/U0/y[4]_i_3/O
                         net (fo=2, routed)           0.843    14.481    design_1_i/FIR5_Add_0/U0/y[4]_i_3_n_0
    SLICE_X100Y60        LUT4 (Prop_lut4_I3_O)        0.348    14.829 r  design_1_i/FIR5_Add_0/U0/y[4]_i_7/O
                         net (fo=1, routed)           0.000    14.829    design_1_i/FIR5_Add_0/U0/y[4]_i_7_n_0
    SLICE_X100Y60        CARRY4 (Prop_carry4_S[2]_CO[3])
                                                      0.380    15.209 r  design_1_i/FIR5_Add_0/U0/y_reg[4]_i_1/CO[3]
                         net (fo=1, routed)           0.000    15.209    design_1_i/FIR5_Add_0/U0/y_reg[4]_i_1_n_0
    SLICE_X100Y61        CARRY4 (Prop_carry4_CI_O[2])
                                                      0.239    15.448 r  design_1_i/FIR5_Add_0/U0/y_reg[8]_i_1/O[2]
                         net (fo=1, routed)           0.000    15.448    design_1_i/FIR5_Add_0/U0/p_0_in[7]
    SLICE_X100Y61        FDRE                                         r  design_1_i/FIR5_Add_0/U0/y_reg[7]/D
  -------------------------------------------------------------------    -------------------

                         (clock sys_clk_pin rise edge)
                                                      8.000     8.000 r  
    K17                                               0.000     8.000 r  clk (IN)
                         net (fo=0)                   0.000     8.000    clk
    K17                  IBUF (Prop_ibuf_I_O)         1.404     9.404 r  clk_IBUF_inst/O
                         net (fo=21, routed)          2.347    11.751    design_1_i/FIR5_Add_0/U0/clk
    SLICE_X100Y61        FDRE                                         r  design_1_i/FIR5_Add_0/U0/y_reg[7]/C
                         clock pessimism              0.375    12.126    
                         clock uncertainty           -0.035    12.091    
    SLICE_X100Y61        FDRE (Setup_fdre_C_D)        0.109    12.200    design_1_i/FIR5_Add_0/U0/y_reg[7]
  -------------------------------------------------------------------
                         required time                         12.200    
                         arrival time                         -15.448    
  -------------------------------------------------------------------
                         slack                                 -3.248    

Slack (VIOLATED) :        -3.228ns  (required time - arrival time)
  Source:                 design_1_i/FIR5_Mult_0/U0/x4_reg[15]/C
                            (rising edge-triggered cell FDRE clocked by sys_clk_pin  {rise@0.000ns fall@4.000ns period=8.000ns})
  Destination:            design_1_i/FIR5_Add_0/U0/y_reg[5]/D
                            (rising edge-triggered cell FDRE clocked by sys_clk_pin  {rise@0.000ns fall@4.000ns period=8.000ns})
  Path Group:             sys_clk_pin
  Path Type:              Setup (Max at Slow Process Corner)
  Requirement:            8.000ns  (sys_clk_pin rise@8.000ns - sys_clk_pin rise@0.000ns)
  Data Path Delay:        10.791ns  (logic 7.130ns (66.071%)  route 3.661ns (33.929%))
  Logic Levels:           12  (CARRY4=7 DSP48E1=1 LUT3=2 LUT4=2)
  Clock Path Skew:        -0.510ns (DCD - SCD + CPR)
    Destination Clock Delay (DCD):    3.751ns = ( 11.751 - 8.000 ) 
    Source Clock Delay      (SCD):    4.636ns
    Clock Pessimism Removal (CPR):    0.375ns
  Clock Uncertainty:      0.035ns  ((TSJ^2 + TIJ^2)^1/2 + DJ) / 2 + PE
    Total System Jitter     (TSJ):    0.071ns
    Total Input Jitter      (TIJ):    0.000ns
    Discrete Jitter          (DJ):    0.000ns
    Phase Error              (PE):    0.000ns

    Location             Delay type                Incr(ns)  Path(ns)    Netlist Resource(s)
  -------------------------------------------------------------------    -------------------
                         (clock sys_clk_pin rise edge)
                                                      0.000     0.000 r  
    K17                                               0.000     0.000 r  clk (IN)
                         net (fo=0)                   0.000     0.000    clk
    K17                  IBUF (Prop_ibuf_I_O)         1.475     1.475 r  clk_IBUF_inst/O
                         net (fo=21, routed)          3.161     4.636    design_1_i/FIR5_Mult_0/U0/clk
    SLICE_X91Y57         FDRE                                         r  design_1_i/FIR5_Mult_0/U0/x4_reg[15]/C
  -------------------------------------------------------------------    -------------------
    SLICE_X91Y57         FDRE (Prop_fdre_C_Q)         0.456     5.092 r  design_1_i/FIR5_Mult_0/U0/x4_reg[15]/Q
                         net (fo=15, routed)          0.609     5.701    design_1_i/FIR5_Mult_0/U0/Mult4/U0/i_synth/i_synth_option.i_synth_model/opt_7series.i_uniwrap/A[15]
    DSP48_X3Y22          DSP48E1 (Prop_dsp48e1_A[27]_P[2])
                                                      3.841     9.542 r  design_1_i/FIR5_Mult_0/U0/Mult4/U0/i_synth/i_synth_option.i_synth_model/opt_7series.i_uniwrap/i_primitive/P[2]
                         net (fo=4, routed)           0.964    10.506    design_1_i/FIR5_Add_0/U0/M4[2]
    SLICE_X99Y56         LUT3 (Prop_lut3_I1_O)        0.153    10.659 r  design_1_i/FIR5_Add_0/U0/y[0]_i_55/O
                         net (fo=2, routed)           0.593    11.252    design_1_i/FIR5_Add_0/U0/y[0]_i_55_n_0
    SLICE_X99Y56         LUT4 (Prop_lut4_I3_O)        0.327    11.579 r  design_1_i/FIR5_Add_0/U0/y[0]_i_58/O
                         net (fo=1, routed)           0.000    11.579    design_1_i/FIR5_Add_0/U0/y[0]_i_58_n_0
    SLICE_X99Y56         CARRY4 (Prop_carry4_S[3]_CO[3])
                                                      0.401    11.980 r  design_1_i/FIR5_Add_0/U0/y_reg[0]_i_46/CO[3]
                         net (fo=1, routed)           0.000    11.980    design_1_i/FIR5_Add_0/U0/y_reg[0]_i_46_n_0
    SLICE_X99Y57         CARRY4 (Prop_carry4_CI_CO[3])
                                                      0.114    12.094 r  design_1_i/FIR5_Add_0/U0/y_reg[0]_i_30/CO[3]
                         net (fo=1, routed)           0.000    12.094    design_1_i/FIR5_Add_0/U0/y_reg[0]_i_30_n_0
    SLICE_X99Y58         CARRY4 (Prop_carry4_CI_CO[3])
                                                      0.114    12.208 r  design_1_i/FIR5_Add_0/U0/y_reg[0]_i_20/CO[3]
                         net (fo=1, routed)           0.000    12.208    design_1_i/FIR5_Add_0/U0/y_reg[0]_i_20_n_0
    SLICE_X99Y59         CARRY4 (Prop_carry4_CI_CO[3])
                                                      0.114    12.322 r  design_1_i/FIR5_Add_0/U0/y_reg[4]_i_10/CO[3]
                         net (fo=1, routed)           0.000    12.322    design_1_i/FIR5_Add_0/U0/y_reg[4]_i_10_n_0
    SLICE_X99Y60         CARRY4 (Prop_carry4_CI_O[1])
                                                      0.334    12.656 r  design_1_i/FIR5_Add_0/U0/y_reg[8]_i_10/O[1]
                         net (fo=2, routed)           0.653    13.309    design_1_i/FIR5_Add_0/U0/y_reg[8]_i_10_n_6
    SLICE_X100Y60        LUT3 (Prop_lut3_I0_O)        0.329    13.638 r  design_1_i/FIR5_Add_0/U0/y[4]_i_3/O
                         net (fo=2, routed)           0.843    14.481    design_1_i/FIR5_Add_0/U0/y[4]_i_3_n_0
    SLICE_X100Y60        LUT4 (Prop_lut4_I3_O)        0.348    14.829 r  design_1_i/FIR5_Add_0/U0/y[4]_i_7/O
                         net (fo=1, routed)           0.000    14.829    design_1_i/FIR5_Add_0/U0/y[4]_i_7_n_0
    SLICE_X100Y60        CARRY4 (Prop_carry4_S[2]_CO[3])
                                                      0.380    15.209 r  design_1_i/FIR5_Add_0/U0/y_reg[4]_i_1/CO[3]
                         net (fo=1, routed)           0.000    15.209    design_1_i/FIR5_Add_0/U0/y_reg[4]_i_1_n_0
    SLICE_X100Y61        CARRY4 (Prop_carry4_CI_O[0])
                                                      0.219    15.428 r  design_1_i/FIR5_Add_0/U0/y_reg[8]_i_1/O[0]
                         net (fo=1, routed)           0.000    15.428    design_1_i/FIR5_Add_0/U0/p_0_in[5]
    SLICE_X100Y61        FDRE                                         r  design_1_i/FIR5_Add_0/U0/y_reg[5]/D
  -------------------------------------------------------------------    -------------------

                         (clock sys_clk_pin rise edge)
                                                      8.000     8.000 r  
    K17                                               0.000     8.000 r  clk (IN)
                         net (fo=0)                   0.000     8.000    clk
    K17                  IBUF (Prop_ibuf_I_O)         1.404     9.404 r  clk_IBUF_inst/O
                         net (fo=21, routed)          2.347    11.751    design_1_i/FIR5_Add_0/U0/clk
    SLICE_X100Y61        FDRE                                         r  design_1_i/FIR5_Add_0/U0/y_reg[5]/C
                         clock pessimism              0.375    12.126    
                         clock uncertainty           -0.035    12.091    
    SLICE_X100Y61        FDRE (Setup_fdre_C_D)        0.109    12.200    design_1_i/FIR5_Add_0/U0/y_reg[5]
  -------------------------------------------------------------------
                         required time                         12.200    
                         arrival time                         -15.428    
  -------------------------------------------------------------------
                         slack                                 -3.228    

Slack (VIOLATED) :        -3.226ns  (required time - arrival time)
  Source:                 design_1_i/FIR5_Mult_0/U0/x4_reg[15]/C
                            (rising edge-triggered cell FDRE clocked by sys_clk_pin  {rise@0.000ns fall@4.000ns period=8.000ns})
  Destination:            design_1_i/FIR5_Add_0/U0/y_reg[11]/D
                            (rising edge-triggered cell FDRE clocked by sys_clk_pin  {rise@0.000ns fall@4.000ns period=8.000ns})
  Path Group:             sys_clk_pin
  Path Type:              Setup (Max at Slow Process Corner)
  Requirement:            8.000ns  (sys_clk_pin rise@8.000ns - sys_clk_pin rise@0.000ns)
  Data Path Delay:        10.928ns  (logic 7.267ns (66.496%)  route 3.661ns (33.504%))
  Logic Levels:           13  (CARRY4=8 DSP48E1=1 LUT3=2 LUT4=2)
  Clock Path Skew:        -0.371ns (DCD - SCD + CPR)
    Destination Clock Delay (DCD):    3.891ns = ( 11.891 - 8.000 ) 
    Source Clock Delay      (SCD):    4.636ns
    Clock Pessimism Removal (CPR):    0.375ns
  Clock Uncertainty:      0.035ns  ((TSJ^2 + TIJ^2)^1/2 + DJ) / 2 + PE
    Total System Jitter     (TSJ):    0.071ns
    Total Input Jitter      (TIJ):    0.000ns
    Discrete Jitter          (DJ):    0.000ns
    Phase Error              (PE):    0.000ns

    Location             Delay type                Incr(ns)  Path(ns)    Netlist Resource(s)
  -------------------------------------------------------------------    -------------------
                         (clock sys_clk_pin rise edge)
                                                      0.000     0.000 r  
    K17                                               0.000     0.000 r  clk (IN)
                         net (fo=0)                   0.000     0.000    clk
    K17                  IBUF (Prop_ibuf_I_O)         1.475     1.475 r  clk_IBUF_inst/O
                         net (fo=21, routed)          3.161     4.636    design_1_i/FIR5_Mult_0/U0/clk
    SLICE_X91Y57         FDRE                                         r  design_1_i/FIR5_Mult_0/U0/x4_reg[15]/C
  -------------------------------------------------------------------    -------------------
    SLICE_X91Y57         FDRE (Prop_fdre_C_Q)         0.456     5.092 r  design_1_i/FIR5_Mult_0/U0/x4_reg[15]/Q
                         net (fo=15, routed)          0.609     5.701    design_1_i/FIR5_Mult_0/U0/Mult4/U0/i_synth/i_synth_option.i_synth_model/opt_7series.i_uniwrap/A[15]
    DSP48_X3Y22          DSP48E1 (Prop_dsp48e1_A[27]_P[2])
                                                      3.841     9.542 r  design_1_i/FIR5_Mult_0/U0/Mult4/U0/i_synth/i_synth_option.i_synth_model/opt_7series.i_uniwrap/i_primitive/P[2]
                         net (fo=4, routed)           0.964    10.506    design_1_i/FIR5_Add_0/U0/M4[2]
    SLICE_X99Y56         LUT3 (Prop_lut3_I1_O)        0.153    10.659 r  design_1_i/FIR5_Add_0/U0/y[0]_i_55/O
                         net (fo=2, routed)           0.593    11.252    design_1_i/FIR5_Add_0/U0/y[0]_i_55_n_0
    SLICE_X99Y56         LUT4 (Prop_lut4_I3_O)        0.327    11.579 r  design_1_i/FIR5_Add_0/U0/y[0]_i_58/O
                         net (fo=1, routed)           0.000    11.579    design_1_i/FIR5_Add_0/U0/y[0]_i_58_n_0
    SLICE_X99Y56         CARRY4 (Prop_carry4_S[3]_CO[3])
                                                      0.401    11.980 r  design_1_i/FIR5_Add_0/U0/y_reg[0]_i_46/CO[3]
                         net (fo=1, routed)           0.000    11.980    design_1_i/FIR5_Add_0/U0/y_reg[0]_i_46_n_0
    SLICE_X99Y57         CARRY4 (Prop_carry4_CI_CO[3])
                                                      0.114    12.094 r  design_1_i/FIR5_Add_0/U0/y_reg[0]_i_30/CO[3]
                         net (fo=1, routed)           0.000    12.094    design_1_i/FIR5_Add_0/U0/y_reg[0]_i_30_n_0
    SLICE_X99Y58         CARRY4 (Prop_carry4_CI_CO[3])
                                                      0.114    12.208 r  design_1_i/FIR5_Add_0/U0/y_reg[0]_i_20/CO[3]
                         net (fo=1, routed)           0.000    12.208    design_1_i/FIR5_Add_0/U0/y_reg[0]_i_20_n_0
    SLICE_X99Y59         CARRY4 (Prop_carry4_CI_CO[3])
                                                      0.114    12.322 r  design_1_i/FIR5_Add_0/U0/y_reg[4]_i_10/CO[3]
                         net (fo=1, routed)           0.000    12.322    design_1_i/FIR5_Add_0/U0/y_reg[4]_i_10_n_0
    SLICE_X99Y60         CARRY4 (Prop_carry4_CI_O[1])
                                                      0.334    12.656 r  design_1_i/FIR5_Add_0/U0/y_reg[8]_i_10/O[1]
                         net (fo=2, routed)           0.653    13.309    design_1_i/FIR5_Add_0/U0/y_reg[8]_i_10_n_6
    SLICE_X100Y60        LUT3 (Prop_lut3_I0_O)        0.329    13.638 r  design_1_i/FIR5_Add_0/U0/y[4]_i_3/O
                         net (fo=2, routed)           0.843    14.481    design_1_i/FIR5_Add_0/U0/y[4]_i_3_n_0
    SLICE_X100Y60        LUT4 (Prop_lut4_I3_O)        0.348    14.829 r  design_1_i/FIR5_Add_0/U0/y[4]_i_7/O
                         net (fo=1, routed)           0.000    14.829    design_1_i/FIR5_Add_0/U0/y[4]_i_7_n_0
    SLICE_X100Y60        CARRY4 (Prop_carry4_S[2]_CO[3])
                                                      0.380    15.209 r  design_1_i/FIR5_Add_0/U0/y_reg[4]_i_1/CO[3]
                         net (fo=1, routed)           0.000    15.209    design_1_i/FIR5_Add_0/U0/y_reg[4]_i_1_n_0
    SLICE_X100Y61        CARRY4 (Prop_carry4_CI_CO[3])
                                                      0.117    15.326 r  design_1_i/FIR5_Add_0/U0/y_reg[8]_i_1/CO[3]
                         net (fo=1, routed)           0.000    15.326    design_1_i/FIR5_Add_0/U0/y_reg[8]_i_1_n_0
    SLICE_X100Y62        CARRY4 (Prop_carry4_CI_O[2])
                                                      0.239    15.565 r  design_1_i/FIR5_Add_0/U0/y_reg[12]_i_1/O[2]
                         net (fo=1, routed)           0.000    15.565    design_1_i/FIR5_Add_0/U0/p_0_in[11]
    SLICE_X100Y62        FDRE                                         r  design_1_i/FIR5_Add_0/U0/y_reg[11]/D
  -------------------------------------------------------------------    -------------------

                         (clock sys_clk_pin rise edge)
                                                      8.000     8.000 r  
    K17                                               0.000     8.000 r  clk (IN)
                         net (fo=0)                   0.000     8.000    clk
    K17                  IBUF (Prop_ibuf_I_O)         1.404     9.404 r  clk_IBUF_inst/O
                         net (fo=21, routed)          2.487    11.891    design_1_i/FIR5_Add_0/U0/clk
    SLICE_X100Y62        FDRE                                         r  design_1_i/FIR5_Add_0/U0/y_reg[11]/C
                         clock pessimism              0.375    12.265    
                         clock uncertainty           -0.035    12.230    
    SLICE_X100Y62        FDRE (Setup_fdre_C_D)        0.109    12.339    design_1_i/FIR5_Add_0/U0/y_reg[11]
  -------------------------------------------------------------------
                         required time                         12.339    
                         arrival time                         -15.565    
  -------------------------------------------------------------------
                         slack                                 -3.226    





Min Delay Paths
--------------------------------------------------------------------------------------
Slack (MET) :             0.391ns  (arrival time - required time)
  Source:                 design_1_i/FIR5_Mult_0/U0/x2_reg[15]/C
                            (rising edge-triggered cell FDRE clocked by sys_clk_pin  {rise@0.000ns fall@4.000ns period=8.000ns})
  Destination:            design_1_i/FIR5_Mult_0/U0/x3_reg[15]/D
                            (rising edge-triggered cell FDRE clocked by sys_clk_pin  {rise@0.000ns fall@4.000ns period=8.000ns})
  Path Group:             sys_clk_pin
  Path Type:              Hold (Min at Fast Process Corner)
  Requirement:            0.000ns  (sys_clk_pin rise@0.000ns - sys_clk_pin rise@0.000ns)
  Data Path Delay:        0.519ns  (logic 0.141ns (27.174%)  route 0.378ns (72.826%))
  Logic Levels:           0  
  Clock Path Skew:        0.058ns (DCD - SCD - CPR)
    Destination Clock Delay (DCD):    1.829ns
    Source Clock Delay      (SCD):    1.425ns
    Clock Pessimism Removal (CPR):    0.347ns

    Location             Delay type                Incr(ns)  Path(ns)    Netlist Resource(s)
  -------------------------------------------------------------------    -------------------
                         (clock sys_clk_pin rise edge)
                                                      0.000     0.000 r  
    K17                                               0.000     0.000 r  clk (IN)
                         net (fo=0)                   0.000     0.000    clk
    K17                  IBUF (Prop_ibuf_I_O)         0.243     0.243 r  clk_IBUF_inst/O
                         net (fo=21, routed)          1.182     1.425    design_1_i/FIR5_Mult_0/U0/clk
    SLICE_X103Y62        FDRE                                         r  design_1_i/FIR5_Mult_0/U0/x2_reg[15]/C
  -------------------------------------------------------------------    -------------------
    SLICE_X103Y62        FDRE (Prop_fdre_C_Q)         0.141     1.566 r  design_1_i/FIR5_Mult_0/U0/x2_reg[15]/Q
                         net (fo=16, routed)          0.378     1.943    design_1_i/FIR5_Mult_0/U0/x2[15]
    SLICE_X103Y57        FDRE                                         r  design_1_i/FIR5_Mult_0/U0/x3_reg[15]/D
  -------------------------------------------------------------------    -------------------

                         (clock sys_clk_pin rise edge)
                                                      0.000     0.000 r  
    K17                                               0.000     0.000 r  clk (IN)
                         net (fo=0)                   0.000     0.000    clk
    K17                  IBUF (Prop_ibuf_I_O)         0.431     0.431 r  clk_IBUF_inst/O
                         net (fo=21, routed)          1.399     1.829    design_1_i/FIR5_Mult_0/U0/clk
    SLICE_X103Y57        FDRE                                         r  design_1_i/FIR5_Mult_0/U0/x3_reg[15]/C
                         clock pessimism             -0.347     1.482    
    SLICE_X103Y57        FDRE (Hold_fdre_C_D)         0.070     1.552    design_1_i/FIR5_Mult_0/U0/x3_reg[15]
  -------------------------------------------------------------------
                         required time                         -1.552    
                         arrival time                           1.943    
  -------------------------------------------------------------------
                         slack                                  0.391    

Slack (MET) :             0.401ns  (arrival time - required time)
  Source:                 design_1_i/FIR5_Mult_0/U0/x1_reg[15]/C
                            (rising edge-triggered cell FDRE clocked by sys_clk_pin  {rise@0.000ns fall@4.000ns period=8.000ns})
  Destination:            design_1_i/FIR5_Mult_0/U0/x2_reg[15]/D
                            (rising edge-triggered cell FDRE clocked by sys_clk_pin  {rise@0.000ns fall@4.000ns period=8.000ns})
  Path Group:             sys_clk_pin
  Path Type:              Hold (Min at Fast Process Corner)
  Requirement:            0.000ns  (sys_clk_pin rise@0.000ns - sys_clk_pin rise@0.000ns)
  Data Path Delay:        0.471ns  (logic 0.141ns (29.920%)  route 0.330ns (70.080%))
  Logic Levels:           0  
  Clock Path Skew:        0.000ns (DCD - SCD - CPR)
    Destination Clock Delay (DCD):    1.804ns
    Source Clock Delay      (SCD):    1.425ns
    Clock Pessimism Removal (CPR):    0.380ns

    Location             Delay type                Incr(ns)  Path(ns)    Netlist Resource(s)
  -------------------------------------------------------------------    -------------------
                         (clock sys_clk_pin rise edge)
                                                      0.000     0.000 r  
    K17                                               0.000     0.000 r  clk (IN)
                         net (fo=0)                   0.000     0.000    clk
    K17                  IBUF (Prop_ibuf_I_O)         0.243     0.243 r  clk_IBUF_inst/O
                         net (fo=21, routed)          1.182     1.425    design_1_i/FIR5_Mult_0/U0/clk
    SLICE_X103Y62        FDRE                                         r  design_1_i/FIR5_Mult_0/U0/x1_reg[15]/C
  -------------------------------------------------------------------    -------------------
    SLICE_X103Y62        FDRE (Prop_fdre_C_Q)         0.141     1.566 r  design_1_i/FIR5_Mult_0/U0/x1_reg[15]/Q
                         net (fo=16, routed)          0.330     1.896    design_1_i/FIR5_Mult_0/U0/x1[15]
    SLICE_X103Y62        FDRE                                         r  design_1_i/FIR5_Mult_0/U0/x2_reg[15]/D
  -------------------------------------------------------------------    -------------------

                         (clock sys_clk_pin rise edge)
                                                      0.000     0.000 r  
    K17                                               0.000     0.000 r  clk (IN)
                         net (fo=0)                   0.000     0.000    clk
    K17                  IBUF (Prop_ibuf_I_O)         0.431     0.431 r  clk_IBUF_inst/O
                         net (fo=21, routed)          1.374     1.804    design_1_i/FIR5_Mult_0/U0/clk
    SLICE_X103Y62        FDRE                                         r  design_1_i/FIR5_Mult_0/U0/x2_reg[15]/C
                         clock pessimism             -0.380     1.425    
    SLICE_X103Y62        FDRE (Hold_fdre_C_D)         0.070     1.495    design_1_i/FIR5_Mult_0/U0/x2_reg[15]
  -------------------------------------------------------------------
                         required time                         -1.495    
                         arrival time                           1.896    
  -------------------------------------------------------------------
                         slack                                  0.401    

Slack (MET) :             0.476ns  (arrival time - required time)
  Source:                 design_1_i/FIR5_Mult_0/U0/x3_reg[15]/C
                            (rising edge-triggered cell FDRE clocked by sys_clk_pin  {rise@0.000ns fall@4.000ns period=8.000ns})
  Destination:            design_1_i/FIR5_Mult_0/U0/x4_reg[15]/D
                            (rising edge-triggered cell FDRE clocked by sys_clk_pin  {rise@0.000ns fall@4.000ns period=8.000ns})
  Path Group:             sys_clk_pin
  Path Type:              Hold (Min at Fast Process Corner)
  Requirement:            0.000ns  (sys_clk_pin rise@0.000ns - sys_clk_pin rise@0.000ns)
  Data Path Delay:        0.771ns  (logic 0.141ns (18.276%)  route 0.630ns (81.724%))
  Logic Levels:           0  
  Clock Path Skew:        0.224ns (DCD - SCD - CPR)
    Destination Clock Delay (DCD):    2.001ns
    Source Clock Delay      (SCD):    1.444ns
    Clock Pessimism Removal (CPR):    0.333ns

    Location             Delay type                Incr(ns)  Path(ns)    Netlist Resource(s)
  -------------------------------------------------------------------    -------------------
                         (clock sys_clk_pin rise edge)
                                                      0.000     0.000 r  
    K17                                               0.000     0.000 r  clk (IN)
                         net (fo=0)                   0.000     0.000    clk
    K17                  IBUF (Prop_ibuf_I_O)         0.243     0.243 r  clk_IBUF_inst/O
                         net (fo=21, routed)          1.202     1.444    design_1_i/FIR5_Mult_0/U0/clk
    SLICE_X103Y57        FDRE                                         r  design_1_i/FIR5_Mult_0/U0/x3_reg[15]/C
  -------------------------------------------------------------------    -------------------
    SLICE_X103Y57        FDRE (Prop_fdre_C_Q)         0.141     1.585 r  design_1_i/FIR5_Mult_0/U0/x3_reg[15]/Q
                         net (fo=16, routed)          0.630     2.216    design_1_i/FIR5_Mult_0/U0/x3[15]
    SLICE_X91Y57         FDRE                                         r  design_1_i/FIR5_Mult_0/U0/x4_reg[15]/D
  -------------------------------------------------------------------    -------------------

                         (clock sys_clk_pin rise edge)
                                                      0.000     0.000 r  
    K17                                               0.000     0.000 r  clk (IN)
                         net (fo=0)                   0.000     0.000    clk
    K17                  IBUF (Prop_ibuf_I_O)         0.431     0.431 r  clk_IBUF_inst/O
                         net (fo=21, routed)          1.570     2.001    design_1_i/FIR5_Mult_0/U0/clk
    SLICE_X91Y57         FDRE                                         r  design_1_i/FIR5_Mult_0/U0/x4_reg[15]/C
                         clock pessimism             -0.333     1.668    
    SLICE_X91Y57         FDRE (Hold_fdre_C_D)         0.072     1.740    design_1_i/FIR5_Mult_0/U0/x4_reg[15]
  -------------------------------------------------------------------
                         required time                         -1.740    
                         arrival time                           2.216    
  -------------------------------------------------------------------
                         slack                                  0.476    

Slack (MET) :             1.155ns  (arrival time - required time)
  Source:                 design_1_i/FIR5_Mult_0/U0/x2_reg[15]/C
                            (rising edge-triggered cell FDRE clocked by sys_clk_pin  {rise@0.000ns fall@4.000ns period=8.000ns})
  Destination:            design_1_i/FIR5_Add_0/U0/y_reg[9]/D
                            (rising edge-triggered cell FDRE clocked by sys_clk_pin  {rise@0.000ns fall@4.000ns period=8.000ns})
  Path Group:             sys_clk_pin
  Path Type:              Hold (Min at Fast Process Corner)
  Requirement:            0.000ns  (sys_clk_pin rise@0.000ns - sys_clk_pin rise@0.000ns)
  Data Path Delay:        1.400ns  (logic 0.865ns (61.768%)  route 0.535ns (38.232%))
  Logic Levels:           3  (CARRY4=1 DSP48E1=1 LUT4=1)
  Clock Path Skew:        0.112ns (DCD - SCD - CPR)
    Destination Clock Delay (DCD):    1.893ns
    Source Clock Delay      (SCD):    1.425ns
    Clock Pessimism Removal (CPR):    0.357ns

    Location             Delay type                Incr(ns)  Path(ns)    Netlist Resource(s)
  -------------------------------------------------------------------    -------------------
                         (clock sys_clk_pin rise edge)
                                                      0.000     0.000 r  
    K17                                               0.000     0.000 r  clk (IN)
                         net (fo=0)                   0.000     0.000    clk
    K17                  IBUF (Prop_ibuf_I_O)         0.243     0.243 r  clk_IBUF_inst/O
                         net (fo=21, routed)          1.182     1.425    design_1_i/FIR5_Mult_0/U0/clk
    SLICE_X103Y62        FDRE                                         r  design_1_i/FIR5_Mult_0/U0/x2_reg[15]/C
  -------------------------------------------------------------------    -------------------
    SLICE_X103Y62        FDRE (Prop_fdre_C_Q)         0.141     1.566 r  design_1_i/FIR5_Mult_0/U0/x2_reg[15]/Q
                         net (fo=16, routed)          0.238     1.803    design_1_i/FIR5_Mult_0/U0/Mult2/U0/i_synth/i_synth_option.i_synth_model/opt_7series.i_uniwrap/A[15]
    DSP48_X4Y25          DSP48E1 (Prop_dsp48e1_A[15]_P[24])
                                                      0.609     2.412 r  design_1_i/FIR5_Mult_0/U0/Mult2/U0/i_synth/i_synth_option.i_synth_model/opt_7series.i_uniwrap/i_primitive/P[24]
                         net (fo=2, routed)           0.298     2.710    design_1_i/FIR5_Add_0/U0/M2[24]
    SLICE_X100Y62        LUT4 (Prop_lut4_I2_O)        0.045     2.755 r  design_1_i/FIR5_Add_0/U0/y[12]_i_9/O
                         net (fo=1, routed)           0.000     2.755    design_1_i/FIR5_Add_0/U0/y[12]_i_9_n_0
    SLICE_X100Y62        CARRY4 (Prop_carry4_S[0]_O[0])
                                                      0.070     2.825 r  design_1_i/FIR5_Add_0/U0/y_reg[12]_i_1/O[0]
                         net (fo=1, routed)           0.000     2.825    design_1_i/FIR5_Add_0/U0/p_0_in[9]
    SLICE_X100Y62        FDRE                                         r  design_1_i/FIR5_Add_0/U0/y_reg[9]/D
  -------------------------------------------------------------------    -------------------

                         (clock sys_clk_pin rise edge)
                                                      0.000     0.000 r  
    K17                                               0.000     0.000 r  clk (IN)
                         net (fo=0)                   0.000     0.000    clk
    K17                  IBUF (Prop_ibuf_I_O)         0.431     0.431 r  clk_IBUF_inst/O
                         net (fo=21, routed)          1.463     1.893    design_1_i/FIR5_Add_0/U0/clk
    SLICE_X100Y62        FDRE                                         r  design_1_i/FIR5_Add_0/U0/y_reg[9]/C
                         clock pessimism             -0.357     1.536    
    SLICE_X100Y62        FDRE (Hold_fdre_C_D)         0.134     1.670    design_1_i/FIR5_Add_0/U0/y_reg[9]
  -------------------------------------------------------------------
                         required time                         -1.670    
                         arrival time                           2.825    
  -------------------------------------------------------------------
                         slack                                  1.155    

Slack (MET) :             1.177ns  (arrival time - required time)
  Source:                 design_1_i/FIR5_Mult_0/U0/x2_reg[15]/C
                            (rising edge-triggered cell FDRE clocked by sys_clk_pin  {rise@0.000ns fall@4.000ns period=8.000ns})
  Destination:            design_1_i/FIR5_Add_0/U0/y_reg[12]/D
                            (rising edge-triggered cell FDRE clocked by sys_clk_pin  {rise@0.000ns fall@4.000ns period=8.000ns})
  Path Group:             sys_clk_pin
  Path Type:              Hold (Min at Fast Process Corner)
  Requirement:            0.000ns  (sys_clk_pin rise@0.000ns - sys_clk_pin rise@0.000ns)
  Data Path Delay:        1.423ns  (logic 0.859ns (60.363%)  route 0.564ns (39.637%))
  Logic Levels:           3  (CARRY4=1 DSP48E1=1 LUT4=1)
  Clock Path Skew:        0.112ns (DCD - SCD - CPR)
    Destination Clock Delay (DCD):    1.893ns
    Source Clock Delay      (SCD):    1.425ns
    Clock Pessimism Removal (CPR):    0.357ns

    Location             Delay type                Incr(ns)  Path(ns)    Netlist Resource(s)
  -------------------------------------------------------------------    -------------------
                         (clock sys_clk_pin rise edge)
                                                      0.000     0.000 r  
    K17                                               0.000     0.000 r  clk (IN)
                         net (fo=0)                   0.000     0.000    clk
    K17                  IBUF (Prop_ibuf_I_O)         0.243     0.243 r  clk_IBUF_inst/O
                         net (fo=21, routed)          1.182     1.425    design_1_i/FIR5_Mult_0/U0/clk
    SLICE_X103Y62        FDRE                                         r  design_1_i/FIR5_Mult_0/U0/x2_reg[15]/C
  -------------------------------------------------------------------    -------------------
    SLICE_X103Y62        FDRE (Prop_fdre_C_Q)         0.141     1.566 r  design_1_i/FIR5_Mult_0/U0/x2_reg[15]/Q
                         net (fo=16, routed)          0.238     1.803    design_1_i/FIR5_Mult_0/U0/Mult2/U0/i_synth/i_synth_option.i_synth_model/opt_7series.i_uniwrap/A[15]
    DSP48_X4Y25          DSP48E1 (Prop_dsp48e1_A[15]_P[27])
                                                      0.609     2.412 r  design_1_i/FIR5_Mult_0/U0/Mult2/U0/i_synth/i_synth_option.i_synth_model/opt_7series.i_uniwrap/i_primitive/P[27]
                         net (fo=2, routed)           0.326     2.739    design_1_i/FIR5_Add_0/U0/M2[27]
    SLICE_X100Y62        LUT4 (Prop_lut4_I2_O)        0.045     2.784 r  design_1_i/FIR5_Add_0/U0/y[12]_i_6/O
                         net (fo=1, routed)           0.000     2.784    design_1_i/FIR5_Add_0/U0/y[12]_i_6_n_0
    SLICE_X100Y62        CARRY4 (Prop_carry4_S[3]_O[3])
                                                      0.064     2.848 r  design_1_i/FIR5_Add_0/U0/y_reg[12]_i_1/O[3]
                         net (fo=1, routed)           0.000     2.848    design_1_i/FIR5_Add_0/U0/p_0_in[12]
    SLICE_X100Y62        FDRE                                         r  design_1_i/FIR5_Add_0/U0/y_reg[12]/D
  -------------------------------------------------------------------    -------------------

                         (clock sys_clk_pin rise edge)
                                                      0.000     0.000 r  
    K17                                               0.000     0.000 r  clk (IN)
                         net (fo=0)                   0.000     0.000    clk
    K17                  IBUF (Prop_ibuf_I_O)         0.431     0.431 r  clk_IBUF_inst/O
                         net (fo=21, routed)          1.463     1.893    design_1_i/FIR5_Add_0/U0/clk
    SLICE_X100Y62        FDRE                                         r  design_1_i/FIR5_Add_0/U0/y_reg[12]/C
                         clock pessimism             -0.357     1.536    
    SLICE_X100Y62        FDRE (Hold_fdre_C_D)         0.134     1.670    design_1_i/FIR5_Add_0/U0/y_reg[12]
  -------------------------------------------------------------------
                         required time                         -1.670    
                         arrival time                           2.848    
  -------------------------------------------------------------------
                         slack                                  1.177    

Slack (MET) :             1.188ns  (arrival time - required time)
  Source:                 design_1_i/FIR5_Mult_0/U0/x2_reg[15]/C
                            (rising edge-triggered cell FDRE clocked by sys_clk_pin  {rise@0.000ns fall@4.000ns period=8.000ns})
  Destination:            design_1_i/FIR5_Add_0/U0/y_reg[15]/D
                            (rising edge-triggered cell FDRE clocked by sys_clk_pin  {rise@0.000ns fall@4.000ns period=8.000ns})
  Path Group:             sys_clk_pin
  Path Type:              Hold (Min at Fast Process Corner)
  Requirement:            0.000ns  (sys_clk_pin rise@0.000ns - sys_clk_pin rise@0.000ns)
  Data Path Delay:        1.370ns  (logic 0.860ns (62.772%)  route 0.510ns (37.228%))
  Logic Levels:           3  (CARRY4=1 DSP48E1=1 LUT6=1)
  Clock Path Skew:        0.048ns (DCD - SCD - CPR)
    Destination Clock Delay (DCD):    1.819ns
    Source Clock Delay      (SCD):    1.425ns
    Clock Pessimism Removal (CPR):    0.347ns

    Location             Delay type                Incr(ns)  Path(ns)    Netlist Resource(s)
  -------------------------------------------------------------------    -------------------
                         (clock sys_clk_pin rise edge)
                                                      0.000     0.000 r  
    K17                                               0.000     0.000 r  clk (IN)
                         net (fo=0)                   0.000     0.000    clk
    K17                  IBUF (Prop_ibuf_I_O)         0.243     0.243 r  clk_IBUF_inst/O
                         net (fo=21, routed)          1.182     1.425    design_1_i/FIR5_Mult_0/U0/clk
    SLICE_X103Y62        FDRE                                         r  design_1_i/FIR5_Mult_0/U0/x2_reg[15]/C
  -------------------------------------------------------------------    -------------------
    SLICE_X103Y62        FDRE (Prop_fdre_C_Q)         0.141     1.566 r  design_1_i/FIR5_Mult_0/U0/x2_reg[15]/Q
                         net (fo=16, routed)          0.238     1.803    design_1_i/FIR5_Mult_0/U0/Mult2/U0/i_synth/i_synth_option.i_synth_model/opt_7series.i_uniwrap/A[15]
    DSP48_X4Y25          DSP48E1 (Prop_dsp48e1_A[15]_P[30])
                                                      0.609     2.412 r  design_1_i/FIR5_Mult_0/U0/Mult2/U0/i_synth/i_synth_option.i_synth_model/opt_7series.i_uniwrap/i_primitive/P[30]
                         net (fo=1, routed)           0.272     2.685    design_1_i/FIR5_Add_0/U0/M2[30]
    SLICE_X100Y63        LUT6 (Prop_lut6_I5_O)        0.045     2.730 r  design_1_i/FIR5_Add_0/U0/y[15]_i_4/O
                         net (fo=1, routed)           0.000     2.730    design_1_i/FIR5_Add_0/U0/y[15]_i_4_n_0
    SLICE_X100Y63        CARRY4 (Prop_carry4_S[2]_O[2])
                                                      0.065     2.795 r  design_1_i/FIR5_Add_0/U0/y_reg[15]_i_1/O[2]
                         net (fo=1, routed)           0.000     2.795    design_1_i/FIR5_Add_0/U0/p_0_in[15]
    SLICE_X100Y63        FDRE                                         r  design_1_i/FIR5_Add_0/U0/y_reg[15]/D
  -------------------------------------------------------------------    -------------------

                         (clock sys_clk_pin rise edge)
                                                      0.000     0.000 r  
    K17                                               0.000     0.000 r  clk (IN)
                         net (fo=0)                   0.000     0.000    clk
    K17                  IBUF (Prop_ibuf_I_O)         0.431     0.431 r  clk_IBUF_inst/O
                         net (fo=21, routed)          1.389     1.819    design_1_i/FIR5_Add_0/U0/clk
    SLICE_X100Y63        FDRE                                         r  design_1_i/FIR5_Add_0/U0/y_reg[15]/C
                         clock pessimism             -0.347     1.473    
    SLICE_X100Y63        FDRE (Hold_fdre_C_D)         0.134     1.607    design_1_i/FIR5_Add_0/U0/y_reg[15]
  -------------------------------------------------------------------
                         required time                         -1.607    
                         arrival time                           2.795    
  -------------------------------------------------------------------
                         slack                                  1.188    

Slack (MET) :             1.190ns  (arrival time - required time)
  Source:                 design_1_i/FIR5_Mult_0/U0/x2_reg[15]/C
                            (rising edge-triggered cell FDRE clocked by sys_clk_pin  {rise@0.000ns fall@4.000ns period=8.000ns})
  Destination:            design_1_i/FIR5_Add_0/U0/y_reg[10]/D
                            (rising edge-triggered cell FDRE clocked by sys_clk_pin  {rise@0.000ns fall@4.000ns period=8.000ns})
  Path Group:             sys_clk_pin
  Path Type:              Hold (Min at Fast Process Corner)
  Requirement:            0.000ns  (sys_clk_pin rise@0.000ns - sys_clk_pin rise@0.000ns)
  Data Path Delay:        1.435ns  (logic 0.900ns (62.701%)  route 0.535ns (37.299%))
  Logic Levels:           3  (CARRY4=1 DSP48E1=1 LUT4=1)
  Clock Path Skew:        0.112ns (DCD - SCD - CPR)
    Destination Clock Delay (DCD):    1.893ns
    Source Clock Delay      (SCD):    1.425ns
    Clock Pessimism Removal (CPR):    0.357ns

    Location             Delay type                Incr(ns)  Path(ns)    Netlist Resource(s)
  -------------------------------------------------------------------    -------------------
                         (clock sys_clk_pin rise edge)
                                                      0.000     0.000 r  
    K17                                               0.000     0.000 r  clk (IN)
                         net (fo=0)                   0.000     0.000    clk
    K17                  IBUF (Prop_ibuf_I_O)         0.243     0.243 r  clk_IBUF_inst/O
                         net (fo=21, routed)          1.182     1.425    design_1_i/FIR5_Mult_0/U0/clk
    SLICE_X103Y62        FDRE                                         r  design_1_i/FIR5_Mult_0/U0/x2_reg[15]/C
  -------------------------------------------------------------------    -------------------
    SLICE_X103Y62        FDRE (Prop_fdre_C_Q)         0.141     1.566 r  design_1_i/FIR5_Mult_0/U0/x2_reg[15]/Q
                         net (fo=16, routed)          0.238     1.803    design_1_i/FIR5_Mult_0/U0/Mult2/U0/i_synth/i_synth_option.i_synth_model/opt_7series.i_uniwrap/A[15]
    DSP48_X4Y25          DSP48E1 (Prop_dsp48e1_A[15]_P[24])
                                                      0.609     2.412 r  design_1_i/FIR5_Mult_0/U0/Mult2/U0/i_synth/i_synth_option.i_synth_model/opt_7series.i_uniwrap/i_primitive/P[24]
                         net (fo=2, routed)           0.298     2.710    design_1_i/FIR5_Add_0/U0/M2[24]
    SLICE_X100Y62        LUT4 (Prop_lut4_I2_O)        0.045     2.755 r  design_1_i/FIR5_Add_0/U0/y[12]_i_9/O
                         net (fo=1, routed)           0.000     2.755    design_1_i/FIR5_Add_0/U0/y[12]_i_9_n_0
    SLICE_X100Y62        CARRY4 (Prop_carry4_S[0]_O[1])
                                                      0.105     2.860 r  design_1_i/FIR5_Add_0/U0/y_reg[12]_i_1/O[1]
                         net (fo=1, routed)           0.000     2.860    design_1_i/FIR5_Add_0/U0/p_0_in[10]
    SLICE_X100Y62        FDRE                                         r  design_1_i/FIR5_Add_0/U0/y_reg[10]/D
  -------------------------------------------------------------------    -------------------

                         (clock sys_clk_pin rise edge)
                                                      0.000     0.000 r  
    K17                                               0.000     0.000 r  clk (IN)
                         net (fo=0)                   0.000     0.000    clk
    K17                  IBUF (Prop_ibuf_I_O)         0.431     0.431 r  clk_IBUF_inst/O
                         net (fo=21, routed)          1.463     1.893    design_1_i/FIR5_Add_0/U0/clk
    SLICE_X100Y62        FDRE                                         r  design_1_i/FIR5_Add_0/U0/y_reg[10]/C
                         clock pessimism             -0.357     1.536    
    SLICE_X100Y62        FDRE (Hold_fdre_C_D)         0.134     1.670    design_1_i/FIR5_Add_0/U0/y_reg[10]
  -------------------------------------------------------------------
                         required time                         -1.670    
                         arrival time                           2.860    
  -------------------------------------------------------------------
                         slack                                  1.190    

Slack (MET) :             1.214ns  (arrival time - required time)
  Source:                 design_1_i/FIR5_Mult_0/U0/x1_reg[15]/C
                            (rising edge-triggered cell FDRE clocked by sys_clk_pin  {rise@0.000ns fall@4.000ns period=8.000ns})
  Destination:            design_1_i/FIR5_Add_0/U0/y_reg[11]/D
                            (rising edge-triggered cell FDRE clocked by sys_clk_pin  {rise@0.000ns fall@4.000ns period=8.000ns})
  Path Group:             sys_clk_pin
  Path Type:              Hold (Min at Fast Process Corner)
  Requirement:            0.000ns  (sys_clk_pin rise@0.000ns - sys_clk_pin rise@0.000ns)
  Data Path Delay:        1.460ns  (logic 0.860ns (58.908%)  route 0.600ns (41.092%))
  Logic Levels:           3  (CARRY4=1 DSP48E1=1 LUT4=1)
  Clock Path Skew:        0.112ns (DCD - SCD - CPR)
    Destination Clock Delay (DCD):    1.893ns
    Source Clock Delay      (SCD):    1.425ns
    Clock Pessimism Removal (CPR):    0.357ns

    Location             Delay type                Incr(ns)  Path(ns)    Netlist Resource(s)
  -------------------------------------------------------------------    -------------------
                         (clock sys_clk_pin rise edge)
                                                      0.000     0.000 r  
    K17                                               0.000     0.000 r  clk (IN)
                         net (fo=0)                   0.000     0.000    clk
    K17                  IBUF (Prop_ibuf_I_O)         0.243     0.243 r  clk_IBUF_inst/O
                         net (fo=21, routed)          1.182     1.425    design_1_i/FIR5_Mult_0/U0/clk
    SLICE_X103Y62        FDRE                                         r  design_1_i/FIR5_Mult_0/U0/x1_reg[15]/C
  -------------------------------------------------------------------    -------------------
    SLICE_X103Y62        FDRE (Prop_fdre_C_Q)         0.141     1.566 r  design_1_i/FIR5_Mult_0/U0/x1_reg[15]/Q
                         net (fo=16, routed)          0.247     1.813    design_1_i/FIR5_Mult_0/U0/Mult1/U0/i_synth/i_synth_option.i_synth_model/opt_7series.i_uniwrap/A[15]
    DSP48_X4Y24          DSP48E1 (Prop_dsp48e1_A[28]_P[26])
                                                      0.609     2.422 r  design_1_i/FIR5_Mult_0/U0/Mult1/U0/i_synth/i_synth_option.i_synth_model/opt_7series.i_uniwrap/i_primitive/P[26]
                         net (fo=2, routed)           0.353     2.774    design_1_i/FIR5_Add_0/U0/M1[26]
    SLICE_X100Y62        LUT4 (Prop_lut4_I1_O)        0.045     2.819 r  design_1_i/FIR5_Add_0/U0/y[12]_i_7/O
                         net (fo=1, routed)           0.000     2.819    design_1_i/FIR5_Add_0/U0/y[12]_i_7_n_0
    SLICE_X100Y62        CARRY4 (Prop_carry4_S[2]_O[2])
                                                      0.065     2.884 r  design_1_i/FIR5_Add_0/U0/y_reg[12]_i_1/O[2]
                         net (fo=1, routed)           0.000     2.884    design_1_i/FIR5_Add_0/U0/p_0_in[11]
    SLICE_X100Y62        FDRE                                         r  design_1_i/FIR5_Add_0/U0/y_reg[11]/D
  -------------------------------------------------------------------    -------------------

                         (clock sys_clk_pin rise edge)
                                                      0.000     0.000 r  
    K17                                               0.000     0.000 r  clk (IN)
                         net (fo=0)                   0.000     0.000    clk
    K17                  IBUF (Prop_ibuf_I_O)         0.431     0.431 r  clk_IBUF_inst/O
                         net (fo=21, routed)          1.463     1.893    design_1_i/FIR5_Add_0/U0/clk
    SLICE_X100Y62        FDRE                                         r  design_1_i/FIR5_Add_0/U0/y_reg[11]/C
                         clock pessimism             -0.357     1.536    
    SLICE_X100Y62        FDRE (Hold_fdre_C_D)         0.134     1.670    design_1_i/FIR5_Add_0/U0/y_reg[11]
  -------------------------------------------------------------------
                         required time                         -1.670    
                         arrival time                           2.884    
  -------------------------------------------------------------------
                         slack                                  1.214    

Slack (MET) :             1.218ns  (arrival time - required time)
  Source:                 design_1_i/FIR5_Mult_0/U0/x2_reg[15]/C
                            (rising edge-triggered cell FDRE clocked by sys_clk_pin  {rise@0.000ns fall@4.000ns period=8.000ns})
  Destination:            design_1_i/FIR5_Add_0/U0/y_reg[13]/D
                            (rising edge-triggered cell FDRE clocked by sys_clk_pin  {rise@0.000ns fall@4.000ns period=8.000ns})
  Path Group:             sys_clk_pin
  Path Type:              Hold (Min at Fast Process Corner)
  Requirement:            0.000ns  (sys_clk_pin rise@0.000ns - sys_clk_pin rise@0.000ns)
  Data Path Delay:        1.400ns  (logic 0.865ns (61.768%)  route 0.535ns (38.232%))
  Logic Levels:           3  (CARRY4=1 DSP48E1=1 LUT4=1)
  Clock Path Skew:        0.048ns (DCD - SCD - CPR)
    Destination Clock Delay (DCD):    1.819ns
    Source Clock Delay      (SCD):    1.425ns
    Clock Pessimism Removal (CPR):    0.347ns

    Location             Delay type                Incr(ns)  Path(ns)    Netlist Resource(s)
  -------------------------------------------------------------------    -------------------
                         (clock sys_clk_pin rise edge)
                                                      0.000     0.000 r  
    K17                                               0.000     0.000 r  clk (IN)
                         net (fo=0)                   0.000     0.000    clk
    K17                  IBUF (Prop_ibuf_I_O)         0.243     0.243 r  clk_IBUF_inst/O
                         net (fo=21, routed)          1.182     1.425    design_1_i/FIR5_Mult_0/U0/clk
    SLICE_X103Y62        FDRE                                         r  design_1_i/FIR5_Mult_0/U0/x2_reg[15]/C
  -------------------------------------------------------------------    -------------------
    SLICE_X103Y62        FDRE (Prop_fdre_C_Q)         0.141     1.566 r  design_1_i/FIR5_Mult_0/U0/x2_reg[15]/Q
                         net (fo=16, routed)          0.238     1.803    design_1_i/FIR5_Mult_0/U0/Mult2/U0/i_synth/i_synth_option.i_synth_model/opt_7series.i_uniwrap/A[15]
    DSP48_X4Y25          DSP48E1 (Prop_dsp48e1_A[15]_P[28])
                                                      0.609     2.412 r  design_1_i/FIR5_Mult_0/U0/Mult2/U0/i_synth/i_synth_option.i_synth_model/opt_7series.i_uniwrap/i_primitive/P[28]
                         net (fo=2, routed)           0.298     2.710    design_1_i/FIR5_Add_0/U0/M2[28]
    SLICE_X100Y63        LUT4 (Prop_lut4_I2_O)        0.045     2.755 r  design_1_i/FIR5_Add_0/U0/y[15]_i_6/O
                         net (fo=1, routed)           0.000     2.755    design_1_i/FIR5_Add_0/U0/y[15]_i_6_n_0
    SLICE_X100Y63        CARRY4 (Prop_carry4_S[0]_O[0])
                                                      0.070     2.825 r  design_1_i/FIR5_Add_0/U0/y_reg[15]_i_1/O[0]
                         net (fo=1, routed)           0.000     2.825    design_1_i/FIR5_Add_0/U0/p_0_in[13]
    SLICE_X100Y63        FDRE                                         r  design_1_i/FIR5_Add_0/U0/y_reg[13]/D
  -------------------------------------------------------------------    -------------------

                         (clock sys_clk_pin rise edge)
                                                      0.000     0.000 r  
    K17                                               0.000     0.000 r  clk (IN)
                         net (fo=0)                   0.000     0.000    clk
    K17                  IBUF (Prop_ibuf_I_O)         0.431     0.431 r  clk_IBUF_inst/O
                         net (fo=21, routed)          1.389     1.819    design_1_i/FIR5_Add_0/U0/clk
    SLICE_X100Y63        FDRE                                         r  design_1_i/FIR5_Add_0/U0/y_reg[13]/C
                         clock pessimism             -0.347     1.473    
    SLICE_X100Y63        FDRE (Hold_fdre_C_D)         0.134     1.607    design_1_i/FIR5_Add_0/U0/y_reg[13]
  -------------------------------------------------------------------
                         required time                         -1.607    
                         arrival time                           2.825    
  -------------------------------------------------------------------
                         slack                                  1.218    

Slack (MET) :             1.231ns  (arrival time - required time)
  Source:                 design_1_i/FIR5_Mult_0/U0/x2_reg[15]/C
                            (rising edge-triggered cell FDRE clocked by sys_clk_pin  {rise@0.000ns fall@4.000ns period=8.000ns})
  Destination:            design_1_i/FIR5_Add_0/U0/y_reg[5]/D
                            (rising edge-triggered cell FDRE clocked by sys_clk_pin  {rise@0.000ns fall@4.000ns period=8.000ns})
  Path Group:             sys_clk_pin
  Path Type:              Hold (Min at Fast Process Corner)
  Requirement:            0.000ns  (sys_clk_pin rise@0.000ns - sys_clk_pin rise@0.000ns)
  Data Path Delay:        1.400ns  (logic 0.865ns (61.768%)  route 0.535ns (38.232%))
  Logic Levels:           3  (CARRY4=1 DSP48E1=1 LUT4=1)
  Clock Path Skew:        0.035ns (DCD - SCD - CPR)
    Destination Clock Delay (DCD):    1.793ns
    Source Clock Delay      (SCD):    1.425ns
    Clock Pessimism Removal (CPR):    0.333ns

    Location             Delay type                Incr(ns)  Path(ns)    Netlist Resource(s)
  -------------------------------------------------------------------    -------------------
                         (clock sys_clk_pin rise edge)
                                                      0.000     0.000 r  
    K17                                               0.000     0.000 r  clk (IN)
                         net (fo=0)                   0.000     0.000    clk
    K17                  IBUF (Prop_ibuf_I_O)         0.243     0.243 r  clk_IBUF_inst/O
                         net (fo=21, routed)          1.182     1.425    design_1_i/FIR5_Mult_0/U0/clk
    SLICE_X103Y62        FDRE                                         r  design_1_i/FIR5_Mult_0/U0/x2_reg[15]/C
  -------------------------------------------------------------------    -------------------
    SLICE_X103Y62        FDRE (Prop_fdre_C_Q)         0.141     1.566 r  design_1_i/FIR5_Mult_0/U0/x2_reg[15]/Q
                         net (fo=16, routed)          0.238     1.803    design_1_i/FIR5_Mult_0/U0/Mult2/U0/i_synth/i_synth_option.i_synth_model/opt_7series.i_uniwrap/A[15]
    DSP48_X4Y25          DSP48E1 (Prop_dsp48e1_A[15]_P[20])
                                                      0.609     2.412 r  design_1_i/FIR5_Mult_0/U0/Mult2/U0/i_synth/i_synth_option.i_synth_model/opt_7series.i_uniwrap/i_primitive/P[20]
                         net (fo=2, routed)           0.298     2.710    design_1_i/FIR5_Add_0/U0/M2[20]
    SLICE_X100Y61        LUT4 (Prop_lut4_I2_O)        0.045     2.755 r  design_1_i/FIR5_Add_0/U0/y[8]_i_9/O
                         net (fo=1, routed)           0.000     2.755    design_1_i/FIR5_Add_0/U0/y[8]_i_9_n_0
    SLICE_X100Y61        CARRY4 (Prop_carry4_S[0]_O[0])
                                                      0.070     2.825 r  design_1_i/FIR5_Add_0/U0/y_reg[8]_i_1/O[0]
                         net (fo=1, routed)           0.000     2.825    design_1_i/FIR5_Add_0/U0/p_0_in[5]
    SLICE_X100Y61        FDRE                                         r  design_1_i/FIR5_Add_0/U0/y_reg[5]/D
  -------------------------------------------------------------------    -------------------

                         (clock sys_clk_pin rise edge)
                                                      0.000     0.000 r  
    K17                                               0.000     0.000 r  clk (IN)
                         net (fo=0)                   0.000     0.000    clk
    K17                  IBUF (Prop_ibuf_I_O)         0.431     0.431 r  clk_IBUF_inst/O
                         net (fo=21, routed)          1.362     1.793    design_1_i/FIR5_Add_0/U0/clk
    SLICE_X100Y61        FDRE                                         r  design_1_i/FIR5_Add_0/U0/y_reg[5]/C
                         clock pessimism             -0.333     1.460    
    SLICE_X100Y61        FDRE (Hold_fdre_C_D)         0.134     1.594    design_1_i/FIR5_Add_0/U0/y_reg[5]
  -------------------------------------------------------------------
                         required time                         -1.594    
                         arrival time                           2.825    
  -------------------------------------------------------------------
                         slack                                  1.231    





Pulse Width Checks
--------------------------------------------------------------------------------------
Clock Name:         sys_clk_pin
Waveform(ns):       { 0.000 4.000 }
Period(ns):         8.000
Sources:            { clk }

Check Type        Corner  Lib Pin           Reference Pin  Required(ns)  Actual(ns)  Slack(ns)  Location        Pin
Min Period        n/a     BUFG/I            n/a            2.155         8.000       5.845      BUFGCTRL_X0Y16  design_1_i/clk_wiz_0/inst/clkin1_bufg/I
Min Period        n/a     PLLE2_ADV/CLKIN1  n/a            1.249         8.000       6.751      PLLE2_ADV_X1Y0  design_1_i/clk_wiz_0/inst/plle2_adv_inst/CLKIN1
Min Period        n/a     FDRE/C            n/a            1.000         8.000       7.000      SLICE_X103Y62   design_1_i/FIR5_Mult_0/U0/x1_reg[15]/C
Min Period        n/a     FDRE/C            n/a            1.000         8.000       7.000      SLICE_X103Y62   design_1_i/FIR5_Mult_0/U0/x2_reg[15]/C
Min Period        n/a     FDRE/C            n/a            1.000         8.000       7.000      SLICE_X103Y57   design_1_i/FIR5_Mult_0/U0/x3_reg[15]/C
Min Period        n/a     FDRE/C            n/a            1.000         8.000       7.000      SLICE_X91Y57    design_1_i/FIR5_Mult_0/U0/x4_reg[15]/C
Min Period        n/a     FDRE/C            n/a            1.000         8.000       7.000      SLICE_X100Y59   design_1_i/FIR5_Add_0/U0/y_reg[0]/C
Min Period        n/a     FDRE/C            n/a            1.000         8.000       7.000      SLICE_X100Y62   design_1_i/FIR5_Add_0/U0/y_reg[10]/C
Min Period        n/a     FDRE/C            n/a            1.000         8.000       7.000      SLICE_X100Y62   design_1_i/FIR5_Add_0/U0/y_reg[11]/C
Min Period        n/a     FDRE/C            n/a            1.000         8.000       7.000      SLICE_X100Y62   design_1_i/FIR5_Add_0/U0/y_reg[12]/C
Max Period        n/a     PLLE2_ADV/CLKIN1  n/a            52.633        8.000       44.633     PLLE2_ADV_X1Y0  design_1_i/clk_wiz_0/inst/plle2_adv_inst/CLKIN1
Low Pulse Width   Slow    PLLE2_ADV/CLKIN1  n/a            2.000         4.000       2.000      PLLE2_ADV_X1Y0  design_1_i/clk_wiz_0/inst/plle2_adv_inst/CLKIN1
Low Pulse Width   Fast    PLLE2_ADV/CLKIN1  n/a            2.000         4.000       2.000      PLLE2_ADV_X1Y0  design_1_i/clk_wiz_0/inst/plle2_adv_inst/CLKIN1
Low Pulse Width   Slow    FDRE/C            n/a            0.500         4.000       3.500      SLICE_X100Y59   design_1_i/FIR5_Add_0/U0/y_reg[0]/C
Low Pulse Width   Fast    FDRE/C            n/a            0.500         4.000       3.500      SLICE_X100Y62   design_1_i/FIR5_Add_0/U0/y_reg[10]/C
Low Pulse Width   Fast    FDRE/C            n/a            0.500         4.000       3.500      SLICE_X100Y62   design_1_i/FIR5_Add_0/U0/y_reg[11]/C
Low Pulse Width   Fast    FDRE/C            n/a            0.500         4.000       3.500      SLICE_X100Y62   design_1_i/FIR5_Add_0/U0/y_reg[12]/C
Low Pulse Width   Slow    FDRE/C            n/a            0.500         4.000       3.500      SLICE_X100Y63   design_1_i/FIR5_Add_0/U0/y_reg[13]/C
Low Pulse Width   Slow    FDRE/C            n/a            0.500         4.000       3.500      SLICE_X100Y63   design_1_i/FIR5_Add_0/U0/y_reg[14]/C
Low Pulse Width   Slow    FDRE/C            n/a            0.500         4.000       3.500      SLICE_X100Y63   design_1_i/FIR5_Add_0/U0/y_reg[15]/C
Low Pulse Width   Slow    FDRE/C            n/a            0.500         4.000       3.500      SLICE_X100Y60   design_1_i/FIR5_Add_0/U0/y_reg[1]/C
High Pulse Width  Fast    PLLE2_ADV/CLKIN1  n/a            2.000         4.000       2.000      PLLE2_ADV_X1Y0  design_1_i/clk_wiz_0/inst/plle2_adv_inst/CLKIN1
High Pulse Width  Slow    PLLE2_ADV/CLKIN1  n/a            2.000         4.000       2.000      PLLE2_ADV_X1Y0  design_1_i/clk_wiz_0/inst/plle2_adv_inst/CLKIN1
High Pulse Width  Fast    FDRE/C            n/a            0.500         4.000       3.500      SLICE_X103Y57   design_1_i/FIR5_Mult_0/U0/x3_reg[15]/C
High Pulse Width  Fast    FDRE/C            n/a            0.500         4.000       3.500      SLICE_X91Y57    design_1_i/FIR5_Mult_0/U0/x4_reg[15]/C
High Pulse Width  Fast    FDRE/C            n/a            0.500         4.000       3.500      SLICE_X100Y59   design_1_i/FIR5_Add_0/U0/y_reg[0]/C
High Pulse Width  Fast    FDRE/C            n/a            0.500         4.000       3.500      SLICE_X100Y62   design_1_i/FIR5_Add_0/U0/y_reg[10]/C
High Pulse Width  Fast    FDRE/C            n/a            0.500         4.000       3.500      SLICE_X100Y62   design_1_i/FIR5_Add_0/U0/y_reg[11]/C
High Pulse Width  Fast    FDRE/C            n/a            0.500         4.000       3.500      SLICE_X100Y62   design_1_i/FIR5_Add_0/U0/y_reg[12]/C
High Pulse Width  Fast    FDRE/C            n/a            0.500         4.000       3.500      SLICE_X100Y63   design_1_i/FIR5_Add_0/U0/y_reg[13]/C
High Pulse Width  Fast    FDRE/C            n/a            0.500         4.000       3.500      SLICE_X100Y63   design_1_i/FIR5_Add_0/U0/y_reg[14]/C



---------------------------------------------------------------------------------------------------
From Clock:  clk_out1_design_1_clk_wiz_0_0
  To Clock:  clk_out1_design_1_clk_wiz_0_0

Setup :           74  Failing Endpoints,  Worst Slack       -0.471ns,  Total Violation      -14.341ns
Hold  :            0  Failing Endpoints,  Worst Slack        0.051ns,  Total Violation        0.000ns
PW    :            0  Failing Endpoints,  Worst Slack        0.750ns,  Total Violation        0.000ns
---------------------------------------------------------------------------------------------------


Max Delay Paths
--------------------------------------------------------------------------------------
Slack (VIOLATED) :        -0.471ns  (required time - arrival time)
  Source:                 dbg_hub/inst/BSCANID.u_xsdbm_id/CORE_XSDB.UUT_MASTER/U_ICON_INTERFACE/U_CMD4/ctl_reg_reg[17]/C
                            (rising edge-triggered cell FDRE clocked by clk_out1_design_1_clk_wiz_0_0  {rise@0.000ns fall@2.000ns period=4.000ns})
  Destination:            dbg_hub/inst/BSCANID.u_xsdbm_id/CORE_XSDB.UUT_MASTER/U_XSDB_BUS_CONTROLLER/auto_sl_drdy_reg/D
                            (rising edge-triggered cell FDCE clocked by clk_out1_design_1_clk_wiz_0_0  {rise@0.000ns fall@2.000ns period=4.000ns})
  Path Group:             clk_out1_design_1_clk_wiz_0_0
  Path Type:              Setup (Max at Slow Process Corner)
  Requirement:            4.000ns  (clk_out1_design_1_clk_wiz_0_0 rise@4.000ns - clk_out1_design_1_clk_wiz_0_0 rise@0.000ns)
  Data Path Delay:        4.434ns  (logic 1.090ns (24.580%)  route 3.344ns (75.420%))
  Logic Levels:           4  (LUT3=1 LUT4=1 LUT5=1 LUT6=1)
  Clock Path Skew:        -0.003ns (DCD - SCD + CPR)
    Destination Clock Delay (DCD):    5.394ns = ( 9.394 - 4.000 ) 
    Source Clock Delay      (SCD):    5.821ns
    Clock Pessimism Removal (CPR):    0.424ns
  Clock Uncertainty:      0.063ns  ((TSJ^2 + DJ^2)^1/2) / 2 + PE
    Total System Jitter     (TSJ):    0.071ns
    Discrete Jitter          (DJ):    0.104ns
    Phase Error              (PE):    0.000ns

    Location             Delay type                Incr(ns)  Path(ns)    Netlist Resource(s)
  -------------------------------------------------------------------    -------------------
                         (clock clk_out1_design_1_clk_wiz_0_0 rise edge)
                                                      0.000     0.000 r  
    K17                                               0.000     0.000 r  clk (IN)
                         net (fo=0)                   0.000     0.000    clk
    K17                  IBUF (Prop_ibuf_I_O)         1.475     1.475 r  clk_IBUF_inst/O
                         net (fo=21, routed)          2.522     3.997    design_1_i/clk_wiz_0/inst/clk_in1
    BUFGCTRL_X0Y16       BUFG (Prop_bufg_I_O)         0.101     4.098 r  design_1_i/clk_wiz_0/inst/clkin1_bufg/O
                         net (fo=1, routed)           1.831     5.929    design_1_i/clk_wiz_0/inst/clk_in1_design_1_clk_wiz_0_0
    PLLE2_ADV_X1Y0       PLLE2_ADV (Prop_plle2_adv_CLKIN1_CLKOUT0)
                                                     -3.812     2.117 r  design_1_i/clk_wiz_0/inst/plle2_adv_inst/CLKOUT0
                         net (fo=1, routed)           1.883     4.000    design_1_i/clk_wiz_0/inst/clk_out1_design_1_clk_wiz_0_0
    BUFGCTRL_X0Y0        BUFG (Prop_bufg_I_O)         0.101     4.101 r  design_1_i/clk_wiz_0/inst/clkout1_buf/O
                         net (fo=1802, routed)        1.720     5.821    dbg_hub/inst/BSCANID.u_xsdbm_id/CORE_XSDB.UUT_MASTER/U_ICON_INTERFACE/U_CMD4/clk
    SLICE_X85Y87         FDRE                                         r  dbg_hub/inst/BSCANID.u_xsdbm_id/CORE_XSDB.UUT_MASTER/U_ICON_INTERFACE/U_CMD4/ctl_reg_reg[17]/C
  -------------------------------------------------------------------    -------------------
    SLICE_X85Y87         FDRE (Prop_fdre_C_Q)         0.419     6.240 r  dbg_hub/inst/BSCANID.u_xsdbm_id/CORE_XSDB.UUT_MASTER/U_ICON_INTERFACE/U_CMD4/ctl_reg_reg[17]/Q
                         net (fo=6, routed)           0.954     7.194    dbg_hub/inst/BSCANID.u_xsdbm_id/CORE_XSDB.UUT_MASTER/U_XSDB_BUS_CONTROLLER/FSM_onehot_current_state_reg[16]_0[0]
    SLICE_X89Y88         LUT4 (Prop_lut4_I0_O)        0.299     7.493 f  dbg_hub/inst/BSCANID.u_xsdbm_id/CORE_XSDB.UUT_MASTER/U_XSDB_BUS_CONTROLLER/g0_b0__9_i_8/O
                         net (fo=1, routed)           0.763     8.256    dbg_hub/inst/BSCANID.u_xsdbm_id/CORE_XSDB.UUT_MASTER/U_XSDB_BUS_CONTROLLER/U_TIMER/ma_err_r_reg[0]_3
    SLICE_X88Y88         LUT6 (Prop_lut6_I3_O)        0.124     8.380 r  dbg_hub/inst/BSCANID.u_xsdbm_id/CORE_XSDB.UUT_MASTER/U_XSDB_BUS_CONTROLLER/U_TIMER/g0_b0__9_i_1/O
                         net (fo=22, routed)          1.133     9.514    dbg_hub/inst/BSCANID.u_xsdbm_id/CORE_XSDB.UUT_MASTER/U_XSDB_BUS_CONTROLLER/U_TIMER/g0_b0__9_i_1_n_0
    SLICE_X90Y86         LUT5 (Prop_lut5_I0_O)        0.124     9.638 r  dbg_hub/inst/BSCANID.u_xsdbm_id/CORE_XSDB.UUT_MASTER/U_XSDB_BUS_CONTROLLER/U_TIMER/g0_b0__1/O
                         net (fo=1, routed)           0.493    10.131    dbg_hub/inst/BSCANID.u_xsdbm_id/CORE_XSDB.UUT_MASTER/U_XSDB_BUS_CONTROLLER/U_TIMER/g0_b0__1_n_0
    SLICE_X91Y86         LUT3 (Prop_lut3_I1_O)        0.124    10.255 r  dbg_hub/inst/BSCANID.u_xsdbm_id/CORE_XSDB.UUT_MASTER/U_XSDB_BUS_CONTROLLER/U_TIMER/auto_sl_drdy_i_1/O
                         net (fo=1, routed)           0.000    10.255    dbg_hub/inst/BSCANID.u_xsdbm_id/CORE_XSDB.UUT_MASTER/U_XSDB_BUS_CONTROLLER/U_TIMER_n_7
    SLICE_X91Y86         FDCE                                         r  dbg_hub/inst/BSCANID.u_xsdbm_id/CORE_XSDB.UUT_MASTER/U_XSDB_BUS_CONTROLLER/auto_sl_drdy_reg/D
  -------------------------------------------------------------------    -------------------

                         (clock clk_out1_design_1_clk_wiz_0_0 rise edge)
                                                      4.000     4.000 r  
    K17                                               0.000     4.000 r  clk (IN)
                         net (fo=0)                   0.000     4.000    clk
    K17                  IBUF (Prop_ibuf_I_O)         1.404     5.404 r  clk_IBUF_inst/O
                         net (fo=21, routed)          2.293     7.697    design_1_i/clk_wiz_0/inst/clk_in1
    BUFGCTRL_X0Y16       BUFG (Prop_bufg_I_O)         0.091     7.788 r  design_1_i/clk_wiz_0/inst/clkin1_bufg/O
                         net (fo=1, routed)           1.634     9.423    design_1_i/clk_wiz_0/inst/clk_in1_design_1_clk_wiz_0_0
    PLLE2_ADV_X1Y0       PLLE2_ADV (Prop_plle2_adv_CLKIN1_CLKOUT0)
                                                     -3.442     5.980 r  design_1_i/clk_wiz_0/inst/plle2_adv_inst/CLKOUT0
                         net (fo=1, routed)           1.720     7.700    design_1_i/clk_wiz_0/inst/clk_out1_design_1_clk_wiz_0_0
    BUFGCTRL_X0Y0        BUFG (Prop_bufg_I_O)         0.091     7.791 r  design_1_i/clk_wiz_0/inst/clkout1_buf/O
                         net (fo=1802, routed)        1.603     9.394    dbg_hub/inst/BSCANID.u_xsdbm_id/CORE_XSDB.UUT_MASTER/U_XSDB_BUS_CONTROLLER/clk
    SLICE_X91Y86         FDCE                                         r  dbg_hub/inst/BSCANID.u_xsdbm_id/CORE_XSDB.UUT_MASTER/U_XSDB_BUS_CONTROLLER/auto_sl_drdy_reg/C
                         clock pessimism              0.424     9.818    
                         clock uncertainty           -0.063     9.755    
    SLICE_X91Y86         FDCE (Setup_fdce_C_D)        0.029     9.784    dbg_hub/inst/BSCANID.u_xsdbm_id/CORE_XSDB.UUT_MASTER/U_XSDB_BUS_CONTROLLER/auto_sl_drdy_reg
  -------------------------------------------------------------------
                         required time                          9.784    
                         arrival time                         -10.255    
  -------------------------------------------------------------------
                         slack                                 -0.471    

Slack (VIOLATED) :        -0.467ns  (required time - arrival time)
  Source:                 <hidden>
                            (rising edge-triggered cell FDRE clocked by clk_out1_design_1_clk_wiz_0_0  {rise@0.000ns fall@2.000ns period=4.000ns})
  Destination:            <hidden>
                            (rising edge-triggered cell FDRE clocked by clk_out1_design_1_clk_wiz_0_0  {rise@0.000ns fall@2.000ns period=4.000ns})
  Path Group:             clk_out1_design_1_clk_wiz_0_0
  Path Type:              Setup (Max at Slow Process Corner)
  Requirement:            4.000ns  (clk_out1_design_1_clk_wiz_0_0 rise@4.000ns - clk_out1_design_1_clk_wiz_0_0 rise@0.000ns)
  Data Path Delay:        4.316ns  (logic 0.890ns (20.622%)  route 3.426ns (79.378%))
  Logic Levels:           3  (LUT5=1 LUT6=2)
  Clock Path Skew:        -0.118ns (DCD - SCD + CPR)
    Destination Clock Delay (DCD):    5.325ns = ( 9.325 - 4.000 ) 
    Source Clock Delay      (SCD):    5.867ns
    Clock Pessimism Removal (CPR):    0.424ns
  Clock Uncertainty:      0.063ns  ((TSJ^2 + DJ^2)^1/2) / 2 + PE
    Total System Jitter     (TSJ):    0.071ns
    Discrete Jitter          (DJ):    0.104ns
    Phase Error              (PE):    0.000ns

    Location             Delay type                Incr(ns)  Path(ns)    Netlist Resource(s)
  -------------------------------------------------------------------    -------------------
                         (clock clk_out1_design_1_clk_wiz_0_0 rise edge)
                                                      0.000     0.000 r  
    K17                                               0.000     0.000 r  clk (IN)
                         net (fo=0)                   0.000     0.000    clk
    K17                  IBUF (Prop_ibuf_I_O)         1.475     1.475 r  clk_IBUF_inst/O
                         net (fo=21, routed)          2.522     3.997    design_1_i/clk_wiz_0/inst/clk_in1
    BUFGCTRL_X0Y16       BUFG (Prop_bufg_I_O)         0.101     4.098 r  design_1_i/clk_wiz_0/inst/clkin1_bufg/O
                         net (fo=1, routed)           1.831     5.929    design_1_i/clk_wiz_0/inst/clk_in1_design_1_clk_wiz_0_0
    PLLE2_ADV_X1Y0       PLLE2_ADV (Prop_plle2_adv_CLKIN1_CLKOUT0)
                                                     -3.812     2.117 r  design_1_i/clk_wiz_0/inst/plle2_adv_inst/CLKOUT0
                         net (fo=1, routed)           1.883     4.000    design_1_i/clk_wiz_0/inst/clk_out1_design_1_clk_wiz_0_0
    BUFGCTRL_X0Y0        BUFG (Prop_bufg_I_O)         0.101     4.101 r  design_1_i/clk_wiz_0/inst/clkout1_buf/O
                         net (fo=1802, routed)        1.766     5.867    <hidden>
    SLICE_X90Y73         FDRE                                         r  <hidden>
  -------------------------------------------------------------------    -------------------
    SLICE_X90Y73         FDRE (Prop_fdre_C_Q)         0.518     6.385 f  <hidden>
                         net (fo=64, routed)          1.636     8.021    <hidden>
    SLICE_X87Y78         LUT6 (Prop_lut6_I1_O)        0.124     8.145 r  <hidden>
                         net (fo=17, routed)          1.012     9.157    <hidden>
    SLICE_X83Y76         LUT6 (Prop_lut6_I0_O)        0.124     9.281 r  <hidden>
                         net (fo=1, routed)           0.777    10.058    <hidden>
    SLICE_X85Y76         LUT5 (Prop_lut5_I1_O)        0.124    10.182 r  <hidden>
                         net (fo=1, routed)           0.000    10.182    <hidden>
    SLICE_X85Y76         FDRE                                         r  <hidden>
  -------------------------------------------------------------------    -------------------

                         (clock clk_out1_design_1_clk_wiz_0_0 rise edge)
                                                      4.000     4.000 r  
    K17                                               0.000     4.000 r  clk (IN)
                         net (fo=0)                   0.000     4.000    clk
    K17                  IBUF (Prop_ibuf_I_O)         1.404     5.404 r  clk_IBUF_inst/O
                         net (fo=21, routed)          2.293     7.697    design_1_i/clk_wiz_0/inst/clk_in1
    BUFGCTRL_X0Y16       BUFG (Prop_bufg_I_O)         0.091     7.788 r  design_1_i/clk_wiz_0/inst/clkin1_bufg/O
                         net (fo=1, routed)           1.634     9.423    design_1_i/clk_wiz_0/inst/clk_in1_design_1_clk_wiz_0_0
    PLLE2_ADV_X1Y0       PLLE2_ADV (Prop_plle2_adv_CLKIN1_CLKOUT0)
                                                     -3.442     5.980 r  design_1_i/clk_wiz_0/inst/plle2_adv_inst/CLKOUT0
                         net (fo=1, routed)           1.720     7.700    design_1_i/clk_wiz_0/inst/clk_out1_design_1_clk_wiz_0_0
    BUFGCTRL_X0Y0        BUFG (Prop_bufg_I_O)         0.091     7.791 r  design_1_i/clk_wiz_0/inst/clkout1_buf/O
                         net (fo=1802, routed)        1.534     9.325    <hidden>
    SLICE_X85Y76         FDRE                                         r  <hidden>
                         clock pessimism              0.424     9.749    
                         clock uncertainty           -0.063     9.686    
    SLICE_X85Y76         FDRE (Setup_fdre_C_D)        0.029     9.715    <hidden>
  -------------------------------------------------------------------
                         required time                          9.715    
                         arrival time                         -10.182    
  -------------------------------------------------------------------
                         slack                                 -0.467    

Slack (VIOLATED) :        -0.422ns  (required time - arrival time)
  Source:                 <hidden>
                            (rising edge-triggered cell FDRE clocked by clk_out1_design_1_clk_wiz_0_0  {rise@0.000ns fall@2.000ns period=4.000ns})
  Destination:            <hidden>
                            (rising edge-triggered cell FDRE clocked by clk_out1_design_1_clk_wiz_0_0  {rise@0.000ns fall@2.000ns period=4.000ns})
  Path Group:             clk_out1_design_1_clk_wiz_0_0
  Path Type:              Setup (Max at Slow Process Corner)
  Requirement:            4.000ns  (clk_out1_design_1_clk_wiz_0_0 rise@4.000ns - clk_out1_design_1_clk_wiz_0_0 rise@0.000ns)
  Data Path Delay:        4.271ns  (logic 0.890ns (20.839%)  route 3.381ns (79.161%))
  Logic Levels:           3  (LUT6=3)
  Clock Path Skew:        -0.118ns (DCD - SCD + CPR)
    Destination Clock Delay (DCD):    5.325ns = ( 9.325 - 4.000 ) 
    Source Clock Delay      (SCD):    5.867ns
    Clock Pessimism Removal (CPR):    0.424ns
  Clock Uncertainty:      0.063ns  ((TSJ^2 + DJ^2)^1/2) / 2 + PE
    Total System Jitter     (TSJ):    0.071ns
    Discrete Jitter          (DJ):    0.104ns
    Phase Error              (PE):    0.000ns

    Location             Delay type                Incr(ns)  Path(ns)    Netlist Resource(s)
  -------------------------------------------------------------------    -------------------
                         (clock clk_out1_design_1_clk_wiz_0_0 rise edge)
                                                      0.000     0.000 r  
    K17                                               0.000     0.000 r  clk (IN)
                         net (fo=0)                   0.000     0.000    clk
    K17                  IBUF (Prop_ibuf_I_O)         1.475     1.475 r  clk_IBUF_inst/O
                         net (fo=21, routed)          2.522     3.997    design_1_i/clk_wiz_0/inst/clk_in1
    BUFGCTRL_X0Y16       BUFG (Prop_bufg_I_O)         0.101     4.098 r  design_1_i/clk_wiz_0/inst/clkin1_bufg/O
                         net (fo=1, routed)           1.831     5.929    design_1_i/clk_wiz_0/inst/clk_in1_design_1_clk_wiz_0_0
    PLLE2_ADV_X1Y0       PLLE2_ADV (Prop_plle2_adv_CLKIN1_CLKOUT0)
                                                     -3.812     2.117 r  design_1_i/clk_wiz_0/inst/plle2_adv_inst/CLKOUT0
                         net (fo=1, routed)           1.883     4.000    design_1_i/clk_wiz_0/inst/clk_out1_design_1_clk_wiz_0_0
    BUFGCTRL_X0Y0        BUFG (Prop_bufg_I_O)         0.101     4.101 r  design_1_i/clk_wiz_0/inst/clkout1_buf/O
                         net (fo=1802, routed)        1.766     5.867    <hidden>
    SLICE_X90Y73         FDRE                                         r  <hidden>
  -------------------------------------------------------------------    -------------------
    SLICE_X90Y73         FDRE (Prop_fdre_C_Q)         0.518     6.385 f  <hidden>
                         net (fo=64, routed)          1.636     8.021    <hidden>
    SLICE_X87Y78         LUT6 (Prop_lut6_I1_O)        0.124     8.145 r  <hidden>
                         net (fo=17, routed)          0.943     9.088    <hidden>
    SLICE_X84Y75         LUT6 (Prop_lut6_I2_O)        0.124     9.212 r  <hidden>
                         net (fo=1, routed)           0.802    10.014    <hidden>
    SLICE_X85Y73         LUT6 (Prop_lut6_I2_O)        0.124    10.138 r  <hidden>
                         net (fo=1, routed)           0.000    10.138    <hidden>
    SLICE_X85Y73         FDRE                                         r  <hidden>
  -------------------------------------------------------------------    -------------------

                         (clock clk_out1_design_1_clk_wiz_0_0 rise edge)
                                                      4.000     4.000 r  
    K17                                               0.000     4.000 r  clk (IN)
                         net (fo=0)                   0.000     4.000    clk
    K17                  IBUF (Prop_ibuf_I_O)         1.404     5.404 r  clk_IBUF_inst/O
                         net (fo=21, routed)          2.293     7.697    design_1_i/clk_wiz_0/inst/clk_in1
    BUFGCTRL_X0Y16       BUFG (Prop_bufg_I_O)         0.091     7.788 r  design_1_i/clk_wiz_0/inst/clkin1_bufg/O
                         net (fo=1, routed)           1.634     9.423    design_1_i/clk_wiz_0/inst/clk_in1_design_1_clk_wiz_0_0
    PLLE2_ADV_X1Y0       PLLE2_ADV (Prop_plle2_adv_CLKIN1_CLKOUT0)
                                                     -3.442     5.980 r  design_1_i/clk_wiz_0/inst/plle2_adv_inst/CLKOUT0
                         net (fo=1, routed)           1.720     7.700    design_1_i/clk_wiz_0/inst/clk_out1_design_1_clk_wiz_0_0
    BUFGCTRL_X0Y0        BUFG (Prop_bufg_I_O)         0.091     7.791 r  design_1_i/clk_wiz_0/inst/clkout1_buf/O
                         net (fo=1802, routed)        1.534     9.325    <hidden>
    SLICE_X85Y73         FDRE                                         r  <hidden>
                         clock pessimism              0.424     9.749    
                         clock uncertainty           -0.063     9.686    
    SLICE_X85Y73         FDRE (Setup_fdre_C_D)        0.029     9.715    <hidden>
  -------------------------------------------------------------------
                         required time                          9.715    
                         arrival time                         -10.138    
  -------------------------------------------------------------------
                         slack                                 -0.422    

Slack (VIOLATED) :        -0.406ns  (required time - arrival time)
  Source:                 <hidden>
                            (rising edge-triggered cell FDRE clocked by clk_out1_design_1_clk_wiz_0_0  {rise@0.000ns fall@2.000ns period=4.000ns})
  Destination:            <hidden>
                            (rising edge-triggered cell FDRE clocked by clk_out1_design_1_clk_wiz_0_0  {rise@0.000ns fall@2.000ns period=4.000ns})
  Path Group:             clk_out1_design_1_clk_wiz_0_0
  Path Type:              Setup (Max at Slow Process Corner)
  Requirement:            4.000ns  (clk_out1_design_1_clk_wiz_0_0 rise@4.000ns - clk_out1_design_1_clk_wiz_0_0 rise@0.000ns)
  Data Path Delay:        4.024ns  (logic 1.244ns (30.917%)  route 2.780ns (69.083%))
  Logic Levels:           4  (LUT2=1 LUT3=1 LUT6=2)
  Clock Path Skew:        -0.115ns (DCD - SCD + CPR)
    Destination Clock Delay (DCD):    5.329ns = ( 9.329 - 4.000 ) 
    Source Clock Delay      (SCD):    5.868ns
    Clock Pessimism Removal (CPR):    0.424ns
  Clock Uncertainty:      0.063ns  ((TSJ^2 + DJ^2)^1/2) / 2 + PE
    Total System Jitter     (TSJ):    0.071ns
    Discrete Jitter          (DJ):    0.104ns
    Phase Error              (PE):    0.000ns

    Location             Delay type                Incr(ns)  Path(ns)    Netlist Resource(s)
  -------------------------------------------------------------------    -------------------
                         (clock clk_out1_design_1_clk_wiz_0_0 rise edge)
                                                      0.000     0.000 r  
    K17                                               0.000     0.000 r  clk (IN)
                         net (fo=0)                   0.000     0.000    clk
    K17                  IBUF (Prop_ibuf_I_O)         1.475     1.475 r  clk_IBUF_inst/O
                         net (fo=21, routed)          2.522     3.997    design_1_i/clk_wiz_0/inst/clk_in1
    BUFGCTRL_X0Y16       BUFG (Prop_bufg_I_O)         0.101     4.098 r  design_1_i/clk_wiz_0/inst/clkin1_bufg/O
                         net (fo=1, routed)           1.831     5.929    design_1_i/clk_wiz_0/inst/clk_in1_design_1_clk_wiz_0_0
    PLLE2_ADV_X1Y0       PLLE2_ADV (Prop_plle2_adv_CLKIN1_CLKOUT0)
                                                     -3.812     2.117 r  design_1_i/clk_wiz_0/inst/plle2_adv_inst/CLKOUT0
                         net (fo=1, routed)           1.883     4.000    design_1_i/clk_wiz_0/inst/clk_out1_design_1_clk_wiz_0_0
    BUFGCTRL_X0Y0        BUFG (Prop_bufg_I_O)         0.101     4.101 r  design_1_i/clk_wiz_0/inst/clkout1_buf/O
                         net (fo=1802, routed)        1.767     5.868    <hidden>
    SLICE_X90Y77         FDRE                                         r  <hidden>
  -------------------------------------------------------------------    -------------------
    SLICE_X90Y77         FDRE (Prop_fdre_C_Q)         0.518     6.386 r  <hidden>
                         net (fo=109, routed)         0.966     7.352    <hidden>
    SLICE_X90Y73         LUT2 (Prop_lut2_I0_O)        0.150     7.502 r  <hidden>
                         net (fo=3, routed)           0.513     8.015    <hidden>
    SLICE_X89Y73         LUT6 (Prop_lut6_I5_O)        0.328     8.343 r  <hidden>
                         net (fo=7, routed)           0.480     8.823    <hidden>
    SLICE_X88Y70         LUT6 (Prop_lut6_I1_O)        0.124     8.947 r  <hidden>
                         net (fo=12, routed)          0.469     9.416    <hidden>
    SLICE_X87Y70         LUT3 (Prop_lut3_I2_O)        0.124     9.540 r  <hidden>
                         net (fo=10, routed)          0.351     9.891    <hidden>
    SLICE_X87Y69         FDRE                                         r  <hidden>
  -------------------------------------------------------------------    -------------------

                         (clock clk_out1_design_1_clk_wiz_0_0 rise edge)
                                                      4.000     4.000 r  
    K17                                               0.000     4.000 r  clk (IN)
                         net (fo=0)                   0.000     4.000    clk
    K17                  IBUF (Prop_ibuf_I_O)         1.404     5.404 r  clk_IBUF_inst/O
                         net (fo=21, routed)          2.293     7.697    design_1_i/clk_wiz_0/inst/clk_in1
    BUFGCTRL_X0Y16       BUFG (Prop_bufg_I_O)         0.091     7.788 r  design_1_i/clk_wiz_0/inst/clkin1_bufg/O
                         net (fo=1, routed)           1.634     9.423    design_1_i/clk_wiz_0/inst/clk_in1_design_1_clk_wiz_0_0
    PLLE2_ADV_X1Y0       PLLE2_ADV (Prop_plle2_adv_CLKIN1_CLKOUT0)
                                                     -3.442     5.980 r  design_1_i/clk_wiz_0/inst/plle2_adv_inst/CLKOUT0
                         net (fo=1, routed)           1.720     7.700    design_1_i/clk_wiz_0/inst/clk_out1_design_1_clk_wiz_0_0
    BUFGCTRL_X0Y0        BUFG (Prop_bufg_I_O)         0.091     7.791 r  design_1_i/clk_wiz_0/inst/clkout1_buf/O
                         net (fo=1802, routed)        1.538     9.329    <hidden>
    SLICE_X87Y69         FDRE                                         r  <hidden>
                         clock pessimism              0.424     9.753    
                         clock uncertainty           -0.063     9.690    
    SLICE_X87Y69         FDRE (Setup_fdre_C_CE)      -0.205     9.485    <hidden>
  -------------------------------------------------------------------
                         required time                          9.485    
                         arrival time                          -9.891    
  -------------------------------------------------------------------
                         slack                                 -0.406    

Slack (VIOLATED) :        -0.406ns  (required time - arrival time)
  Source:                 <hidden>
                            (rising edge-triggered cell FDRE clocked by clk_out1_design_1_clk_wiz_0_0  {rise@0.000ns fall@2.000ns period=4.000ns})
  Destination:            <hidden>
                            (rising edge-triggered cell FDRE clocked by clk_out1_design_1_clk_wiz_0_0  {rise@0.000ns fall@2.000ns period=4.000ns})
  Path Group:             clk_out1_design_1_clk_wiz_0_0
  Path Type:              Setup (Max at Slow Process Corner)
  Requirement:            4.000ns  (clk_out1_design_1_clk_wiz_0_0 rise@4.000ns - clk_out1_design_1_clk_wiz_0_0 rise@0.000ns)
  Data Path Delay:        4.024ns  (logic 1.244ns (30.917%)  route 2.780ns (69.083%))
  Logic Levels:           4  (LUT2=1 LUT3=1 LUT6=2)
  Clock Path Skew:        -0.115ns (DCD - SCD + CPR)
    Destination Clock Delay (DCD):    5.329ns = ( 9.329 - 4.000 ) 
    Source Clock Delay      (SCD):    5.868ns
    Clock Pessimism Removal (CPR):    0.424ns
  Clock Uncertainty:      0.063ns  ((TSJ^2 + DJ^2)^1/2) / 2 + PE
    Total System Jitter     (TSJ):    0.071ns
    Discrete Jitter          (DJ):    0.104ns
    Phase Error              (PE):    0.000ns

    Location             Delay type                Incr(ns)  Path(ns)    Netlist Resource(s)
  -------------------------------------------------------------------    -------------------
                         (clock clk_out1_design_1_clk_wiz_0_0 rise edge)
                                                      0.000     0.000 r  
    K17                                               0.000     0.000 r  clk (IN)
                         net (fo=0)                   0.000     0.000    clk
    K17                  IBUF (Prop_ibuf_I_O)         1.475     1.475 r  clk_IBUF_inst/O
                         net (fo=21, routed)          2.522     3.997    design_1_i/clk_wiz_0/inst/clk_in1
    BUFGCTRL_X0Y16       BUFG (Prop_bufg_I_O)         0.101     4.098 r  design_1_i/clk_wiz_0/inst/clkin1_bufg/O
                         net (fo=1, routed)           1.831     5.929    design_1_i/clk_wiz_0/inst/clk_in1_design_1_clk_wiz_0_0
    PLLE2_ADV_X1Y0       PLLE2_ADV (Prop_plle2_adv_CLKIN1_CLKOUT0)
                                                     -3.812     2.117 r  design_1_i/clk_wiz_0/inst/plle2_adv_inst/CLKOUT0
                         net (fo=1, routed)           1.883     4.000    design_1_i/clk_wiz_0/inst/clk_out1_design_1_clk_wiz_0_0
    BUFGCTRL_X0Y0        BUFG (Prop_bufg_I_O)         0.101     4.101 r  design_1_i/clk_wiz_0/inst/clkout1_buf/O
                         net (fo=1802, routed)        1.767     5.868    <hidden>
    SLICE_X90Y77         FDRE                                         r  <hidden>
  -------------------------------------------------------------------    -------------------
    SLICE_X90Y77         FDRE (Prop_fdre_C_Q)         0.518     6.386 r  <hidden>
                         net (fo=109, routed)         0.966     7.352    <hidden>
    SLICE_X90Y73         LUT2 (Prop_lut2_I0_O)        0.150     7.502 r  <hidden>
                         net (fo=3, routed)           0.513     8.015    <hidden>
    SLICE_X89Y73         LUT6 (Prop_lut6_I5_O)        0.328     8.343 r  <hidden>
                         net (fo=7, routed)           0.480     8.823    <hidden>
    SLICE_X88Y70         LUT6 (Prop_lut6_I1_O)        0.124     8.947 r  <hidden>
                         net (fo=12, routed)          0.469     9.416    <hidden>
    SLICE_X87Y70         LUT3 (Prop_lut3_I2_O)        0.124     9.540 r  <hidden>
                         net (fo=10, routed)          0.351     9.891    <hidden>
    SLICE_X87Y69         FDRE                                         r  <hidden>
  -------------------------------------------------------------------    -------------------

                         (clock clk_out1_design_1_clk_wiz_0_0 rise edge)
                                                      4.000     4.000 r  
    K17                                               0.000     4.000 r  clk (IN)
                         net (fo=0)                   0.000     4.000    clk
    K17                  IBUF (Prop_ibuf_I_O)         1.404     5.404 r  clk_IBUF_inst/O
                         net (fo=21, routed)          2.293     7.697    design_1_i/clk_wiz_0/inst/clk_in1
    BUFGCTRL_X0Y16       BUFG (Prop_bufg_I_O)         0.091     7.788 r  design_1_i/clk_wiz_0/inst/clkin1_bufg/O
                         net (fo=1, routed)           1.634     9.423    design_1_i/clk_wiz_0/inst/clk_in1_design_1_clk_wiz_0_0
    PLLE2_ADV_X1Y0       PLLE2_ADV (Prop_plle2_adv_CLKIN1_CLKOUT0)
                                                     -3.442     5.980 r  design_1_i/clk_wiz_0/inst/plle2_adv_inst/CLKOUT0
                         net (fo=1, routed)           1.720     7.700    design_1_i/clk_wiz_0/inst/clk_out1_design_1_clk_wiz_0_0
    BUFGCTRL_X0Y0        BUFG (Prop_bufg_I_O)         0.091     7.791 r  design_1_i/clk_wiz_0/inst/clkout1_buf/O
                         net (fo=1802, routed)        1.538     9.329    <hidden>
    SLICE_X87Y69         FDRE                                         r  <hidden>
                         clock pessimism              0.424     9.753    
                         clock uncertainty           -0.063     9.690    
    SLICE_X87Y69         FDRE (Setup_fdre_C_CE)      -0.205     9.485    <hidden>
  -------------------------------------------------------------------
                         required time                          9.485    
                         arrival time                          -9.891    
  -------------------------------------------------------------------
                         slack                                 -0.406    

Slack (VIOLATED) :        -0.406ns  (required time - arrival time)
  Source:                 <hidden>
                            (rising edge-triggered cell FDRE clocked by clk_out1_design_1_clk_wiz_0_0  {rise@0.000ns fall@2.000ns period=4.000ns})
  Destination:            <hidden>
                            (rising edge-triggered cell FDRE clocked by clk_out1_design_1_clk_wiz_0_0  {rise@0.000ns fall@2.000ns period=4.000ns})
  Path Group:             clk_out1_design_1_clk_wiz_0_0
  Path Type:              Setup (Max at Slow Process Corner)
  Requirement:            4.000ns  (clk_out1_design_1_clk_wiz_0_0 rise@4.000ns - clk_out1_design_1_clk_wiz_0_0 rise@0.000ns)
  Data Path Delay:        4.024ns  (logic 1.244ns (30.917%)  route 2.780ns (69.083%))
  Logic Levels:           4  (LUT2=1 LUT3=1 LUT6=2)
  Clock Path Skew:        -0.115ns (DCD - SCD + CPR)
    Destination Clock Delay (DCD):    5.329ns = ( 9.329 - 4.000 ) 
    Source Clock Delay      (SCD):    5.868ns
    Clock Pessimism Removal (CPR):    0.424ns
  Clock Uncertainty:      0.063ns  ((TSJ^2 + DJ^2)^1/2) / 2 + PE
    Total System Jitter     (TSJ):    0.071ns
    Discrete Jitter          (DJ):    0.104ns
    Phase Error              (PE):    0.000ns

    Location             Delay type                Incr(ns)  Path(ns)    Netlist Resource(s)
  -------------------------------------------------------------------    -------------------
                         (clock clk_out1_design_1_clk_wiz_0_0 rise edge)
                                                      0.000     0.000 r  
    K17                                               0.000     0.000 r  clk (IN)
                         net (fo=0)                   0.000     0.000    clk
    K17                  IBUF (Prop_ibuf_I_O)         1.475     1.475 r  clk_IBUF_inst/O
                         net (fo=21, routed)          2.522     3.997    design_1_i/clk_wiz_0/inst/clk_in1
    BUFGCTRL_X0Y16       BUFG (Prop_bufg_I_O)         0.101     4.098 r  design_1_i/clk_wiz_0/inst/clkin1_bufg/O
                         net (fo=1, routed)           1.831     5.929    design_1_i/clk_wiz_0/inst/clk_in1_design_1_clk_wiz_0_0
    PLLE2_ADV_X1Y0       PLLE2_ADV (Prop_plle2_adv_CLKIN1_CLKOUT0)
                                                     -3.812     2.117 r  design_1_i/clk_wiz_0/inst/plle2_adv_inst/CLKOUT0
                         net (fo=1, routed)           1.883     4.000    design_1_i/clk_wiz_0/inst/clk_out1_design_1_clk_wiz_0_0
    BUFGCTRL_X0Y0        BUFG (Prop_bufg_I_O)         0.101     4.101 r  design_1_i/clk_wiz_0/inst/clkout1_buf/O
                         net (fo=1802, routed)        1.767     5.868    <hidden>
    SLICE_X90Y77         FDRE                                         r  <hidden>
  -------------------------------------------------------------------    -------------------
    SLICE_X90Y77         FDRE (Prop_fdre_C_Q)         0.518     6.386 r  <hidden>
                         net (fo=109, routed)         0.966     7.352    <hidden>
    SLICE_X90Y73         LUT2 (Prop_lut2_I0_O)        0.150     7.502 r  <hidden>
                         net (fo=3, routed)           0.513     8.015    <hidden>
    SLICE_X89Y73         LUT6 (Prop_lut6_I5_O)        0.328     8.343 r  <hidden>
                         net (fo=7, routed)           0.480     8.823    <hidden>
    SLICE_X88Y70         LUT6 (Prop_lut6_I1_O)        0.124     8.947 r  <hidden>
                         net (fo=12, routed)          0.469     9.416    <hidden>
    SLICE_X87Y70         LUT3 (Prop_lut3_I2_O)        0.124     9.540 r  <hidden>
                         net (fo=10, routed)          0.351     9.891    <hidden>
    SLICE_X87Y69         FDRE                                         r  <hidden>
  -------------------------------------------------------------------    -------------------

                         (clock clk_out1_design_1_clk_wiz_0_0 rise edge)
                                                      4.000     4.000 r  
    K17                                               0.000     4.000 r  clk (IN)
                         net (fo=0)                   0.000     4.000    clk
    K17                  IBUF (Prop_ibuf_I_O)         1.404     5.404 r  clk_IBUF_inst/O
                         net (fo=21, routed)          2.293     7.697    design_1_i/clk_wiz_0/inst/clk_in1
    BUFGCTRL_X0Y16       BUFG (Prop_bufg_I_O)         0.091     7.788 r  design_1_i/clk_wiz_0/inst/clkin1_bufg/O
                         net (fo=1, routed)           1.634     9.423    design_1_i/clk_wiz_0/inst/clk_in1_design_1_clk_wiz_0_0
    PLLE2_ADV_X1Y0       PLLE2_ADV (Prop_plle2_adv_CLKIN1_CLKOUT0)
                                                     -3.442     5.980 r  design_1_i/clk_wiz_0/inst/plle2_adv_inst/CLKOUT0
                         net (fo=1, routed)           1.720     7.700    design_1_i/clk_wiz_0/inst/clk_out1_design_1_clk_wiz_0_0
    BUFGCTRL_X0Y0        BUFG (Prop_bufg_I_O)         0.091     7.791 r  design_1_i/clk_wiz_0/inst/clkout1_buf/O
                         net (fo=1802, routed)        1.538     9.329    <hidden>
    SLICE_X87Y69         FDRE                                         r  <hidden>
                         clock pessimism              0.424     9.753    
                         clock uncertainty           -0.063     9.690    
    SLICE_X87Y69         FDRE (Setup_fdre_C_CE)      -0.205     9.485    <hidden>
  -------------------------------------------------------------------
                         required time                          9.485    
                         arrival time                          -9.891    
  -------------------------------------------------------------------
                         slack                                 -0.406    

Slack (VIOLATED) :        -0.389ns  (required time - arrival time)
  Source:                 <hidden>
                            (rising edge-triggered cell FDRE clocked by clk_out1_design_1_clk_wiz_0_0  {rise@0.000ns fall@2.000ns period=4.000ns})
  Destination:            <hidden>
                            (rising edge-triggered cell FDRE clocked by clk_out1_design_1_clk_wiz_0_0  {rise@0.000ns fall@2.000ns period=4.000ns})
  Path Group:             clk_out1_design_1_clk_wiz_0_0
  Path Type:              Setup (Max at Slow Process Corner)
  Requirement:            4.000ns  (clk_out1_design_1_clk_wiz_0_0 rise@4.000ns - clk_out1_design_1_clk_wiz_0_0 rise@0.000ns)
  Data Path Delay:        4.007ns  (logic 1.244ns (31.047%)  route 2.763ns (68.953%))
  Logic Levels:           4  (LUT2=1 LUT3=1 LUT6=2)
  Clock Path Skew:        -0.115ns (DCD - SCD + CPR)
    Destination Clock Delay (DCD):    5.329ns = ( 9.329 - 4.000 ) 
    Source Clock Delay      (SCD):    5.868ns
    Clock Pessimism Removal (CPR):    0.424ns
  Clock Uncertainty:      0.063ns  ((TSJ^2 + DJ^2)^1/2) / 2 + PE
    Total System Jitter     (TSJ):    0.071ns
    Discrete Jitter          (DJ):    0.104ns
    Phase Error              (PE):    0.000ns

    Location             Delay type                Incr(ns)  Path(ns)    Netlist Resource(s)
  -------------------------------------------------------------------    -------------------
                         (clock clk_out1_design_1_clk_wiz_0_0 rise edge)
                                                      0.000     0.000 r  
    K17                                               0.000     0.000 r  clk (IN)
                         net (fo=0)                   0.000     0.000    clk
    K17                  IBUF (Prop_ibuf_I_O)         1.475     1.475 r  clk_IBUF_inst/O
                         net (fo=21, routed)          2.522     3.997    design_1_i/clk_wiz_0/inst/clk_in1
    BUFGCTRL_X0Y16       BUFG (Prop_bufg_I_O)         0.101     4.098 r  design_1_i/clk_wiz_0/inst/clkin1_bufg/O
                         net (fo=1, routed)           1.831     5.929    design_1_i/clk_wiz_0/inst/clk_in1_design_1_clk_wiz_0_0
    PLLE2_ADV_X1Y0       PLLE2_ADV (Prop_plle2_adv_CLKIN1_CLKOUT0)
                                                     -3.812     2.117 r  design_1_i/clk_wiz_0/inst/plle2_adv_inst/CLKOUT0
                         net (fo=1, routed)           1.883     4.000    design_1_i/clk_wiz_0/inst/clk_out1_design_1_clk_wiz_0_0
    BUFGCTRL_X0Y0        BUFG (Prop_bufg_I_O)         0.101     4.101 r  design_1_i/clk_wiz_0/inst/clkout1_buf/O
                         net (fo=1802, routed)        1.767     5.868    <hidden>
    SLICE_X90Y77         FDRE                                         r  <hidden>
  -------------------------------------------------------------------    -------------------
    SLICE_X90Y77         FDRE (Prop_fdre_C_Q)         0.518     6.386 r  <hidden>
                         net (fo=109, routed)         0.966     7.352    <hidden>
    SLICE_X90Y73         LUT2 (Prop_lut2_I0_O)        0.150     7.502 r  <hidden>
                         net (fo=3, routed)           0.513     8.015    <hidden>
    SLICE_X89Y73         LUT6 (Prop_lut6_I5_O)        0.328     8.343 r  <hidden>
                         net (fo=7, routed)           0.480     8.823    <hidden>
    SLICE_X88Y70         LUT6 (Prop_lut6_I1_O)        0.124     8.947 r  <hidden>
                         net (fo=12, routed)          0.469     9.416    <hidden>
    SLICE_X87Y70         LUT3 (Prop_lut3_I2_O)        0.124     9.540 r  <hidden>
                         net (fo=10, routed)          0.334     9.875    <hidden>
    SLICE_X89Y70         FDRE                                         r  <hidden>
  -------------------------------------------------------------------    -------------------

                         (clock clk_out1_design_1_clk_wiz_0_0 rise edge)
                                                      4.000     4.000 r  
    K17                                               0.000     4.000 r  clk (IN)
                         net (fo=0)                   0.000     4.000    clk
    K17                  IBUF (Prop_ibuf_I_O)         1.404     5.404 r  clk_IBUF_inst/O
                         net (fo=21, routed)          2.293     7.697    design_1_i/clk_wiz_0/inst/clk_in1
    BUFGCTRL_X0Y16       BUFG (Prop_bufg_I_O)         0.091     7.788 r  design_1_i/clk_wiz_0/inst/clkin1_bufg/O
                         net (fo=1, routed)           1.634     9.423    design_1_i/clk_wiz_0/inst/clk_in1_design_1_clk_wiz_0_0
    PLLE2_ADV_X1Y0       PLLE2_ADV (Prop_plle2_adv_CLKIN1_CLKOUT0)
                                                     -3.442     5.980 r  design_1_i/clk_wiz_0/inst/plle2_adv_inst/CLKOUT0
                         net (fo=1, routed)           1.720     7.700    design_1_i/clk_wiz_0/inst/clk_out1_design_1_clk_wiz_0_0
    BUFGCTRL_X0Y0        BUFG (Prop_bufg_I_O)         0.091     7.791 r  design_1_i/clk_wiz_0/inst/clkout1_buf/O
                         net (fo=1802, routed)        1.538     9.329    <hidden>
    SLICE_X89Y70         FDRE                                         r  <hidden>
                         clock pessimism              0.424     9.753    
                         clock uncertainty           -0.063     9.690    
    SLICE_X89Y70         FDRE (Setup_fdre_C_CE)      -0.205     9.485    <hidden>
  -------------------------------------------------------------------
                         required time                          9.485    
                         arrival time                          -9.875    
  -------------------------------------------------------------------
                         slack                                 -0.389    

Slack (VIOLATED) :        -0.389ns  (required time - arrival time)
  Source:                 <hidden>
                            (rising edge-triggered cell FDRE clocked by clk_out1_design_1_clk_wiz_0_0  {rise@0.000ns fall@2.000ns period=4.000ns})
  Destination:            <hidden>
                            (rising edge-triggered cell FDRE clocked by clk_out1_design_1_clk_wiz_0_0  {rise@0.000ns fall@2.000ns period=4.000ns})
  Path Group:             clk_out1_design_1_clk_wiz_0_0
  Path Type:              Setup (Max at Slow Process Corner)
  Requirement:            4.000ns  (clk_out1_design_1_clk_wiz_0_0 rise@4.000ns - clk_out1_design_1_clk_wiz_0_0 rise@0.000ns)
  Data Path Delay:        4.007ns  (logic 1.244ns (31.047%)  route 2.763ns (68.953%))
  Logic Levels:           4  (LUT2=1 LUT3=1 LUT6=2)
  Clock Path Skew:        -0.115ns (DCD - SCD + CPR)
    Destination Clock Delay (DCD):    5.329ns = ( 9.329 - 4.000 ) 
    Source Clock Delay      (SCD):    5.868ns
    Clock Pessimism Removal (CPR):    0.424ns
  Clock Uncertainty:      0.063ns  ((TSJ^2 + DJ^2)^1/2) / 2 + PE
    Total System Jitter     (TSJ):    0.071ns
    Discrete Jitter          (DJ):    0.104ns
    Phase Error              (PE):    0.000ns

    Location             Delay type                Incr(ns)  Path(ns)    Netlist Resource(s)
  -------------------------------------------------------------------    -------------------
                         (clock clk_out1_design_1_clk_wiz_0_0 rise edge)
                                                      0.000     0.000 r  
    K17                                               0.000     0.000 r  clk (IN)
                         net (fo=0)                   0.000     0.000    clk
    K17                  IBUF (Prop_ibuf_I_O)         1.475     1.475 r  clk_IBUF_inst/O
                         net (fo=21, routed)          2.522     3.997    design_1_i/clk_wiz_0/inst/clk_in1
    BUFGCTRL_X0Y16       BUFG (Prop_bufg_I_O)         0.101     4.098 r  design_1_i/clk_wiz_0/inst/clkin1_bufg/O
                         net (fo=1, routed)           1.831     5.929    design_1_i/clk_wiz_0/inst/clk_in1_design_1_clk_wiz_0_0
    PLLE2_ADV_X1Y0       PLLE2_ADV (Prop_plle2_adv_CLKIN1_CLKOUT0)
                                                     -3.812     2.117 r  design_1_i/clk_wiz_0/inst/plle2_adv_inst/CLKOUT0
                         net (fo=1, routed)           1.883     4.000    design_1_i/clk_wiz_0/inst/clk_out1_design_1_clk_wiz_0_0
    BUFGCTRL_X0Y0        BUFG (Prop_bufg_I_O)         0.101     4.101 r  design_1_i/clk_wiz_0/inst/clkout1_buf/O
                         net (fo=1802, routed)        1.767     5.868    <hidden>
    SLICE_X90Y77         FDRE                                         r  <hidden>
  -------------------------------------------------------------------    -------------------
    SLICE_X90Y77         FDRE (Prop_fdre_C_Q)         0.518     6.386 r  <hidden>
                         net (fo=109, routed)         0.966     7.352    <hidden>
    SLICE_X90Y73         LUT2 (Prop_lut2_I0_O)        0.150     7.502 r  <hidden>
                         net (fo=3, routed)           0.513     8.015    <hidden>
    SLICE_X89Y73         LUT6 (Prop_lut6_I5_O)        0.328     8.343 r  <hidden>
                         net (fo=7, routed)           0.480     8.823    <hidden>
    SLICE_X88Y70         LUT6 (Prop_lut6_I1_O)        0.124     8.947 r  <hidden>
                         net (fo=12, routed)          0.469     9.416    <hidden>
    SLICE_X87Y70         LUT3 (Prop_lut3_I2_O)        0.124     9.540 r  <hidden>
                         net (fo=10, routed)          0.334     9.875    <hidden>
    SLICE_X89Y70         FDRE                                         r  <hidden>
  -------------------------------------------------------------------    -------------------

                         (clock clk_out1_design_1_clk_wiz_0_0 rise edge)
                                                      4.000     4.000 r  
    K17                                               0.000     4.000 r  clk (IN)
                         net (fo=0)                   0.000     4.000    clk
    K17                  IBUF (Prop_ibuf_I_O)         1.404     5.404 r  clk_IBUF_inst/O
                         net (fo=21, routed)          2.293     7.697    design_1_i/clk_wiz_0/inst/clk_in1
    BUFGCTRL_X0Y16       BUFG (Prop_bufg_I_O)         0.091     7.788 r  design_1_i/clk_wiz_0/inst/clkin1_bufg/O
                         net (fo=1, routed)           1.634     9.423    design_1_i/clk_wiz_0/inst/clk_in1_design_1_clk_wiz_0_0
    PLLE2_ADV_X1Y0       PLLE2_ADV (Prop_plle2_adv_CLKIN1_CLKOUT0)
                                                     -3.442     5.980 r  design_1_i/clk_wiz_0/inst/plle2_adv_inst/CLKOUT0
                         net (fo=1, routed)           1.720     7.700    design_1_i/clk_wiz_0/inst/clk_out1_design_1_clk_wiz_0_0
    BUFGCTRL_X0Y0        BUFG (Prop_bufg_I_O)         0.091     7.791 r  design_1_i/clk_wiz_0/inst/clkout1_buf/O
                         net (fo=1802, routed)        1.538     9.329    <hidden>
    SLICE_X89Y70         FDRE                                         r  <hidden>
                         clock pessimism              0.424     9.753    
                         clock uncertainty           -0.063     9.690    
    SLICE_X89Y70         FDRE (Setup_fdre_C_CE)      -0.205     9.485    <hidden>
  -------------------------------------------------------------------
                         required time                          9.485    
                         arrival time                          -9.875    
  -------------------------------------------------------------------
                         slack                                 -0.389    

Slack (VIOLATED) :        -0.389ns  (required time - arrival time)
  Source:                 <hidden>
                            (rising edge-triggered cell FDRE clocked by clk_out1_design_1_clk_wiz_0_0  {rise@0.000ns fall@2.000ns period=4.000ns})
  Destination:            <hidden>
                            (rising edge-triggered cell FDRE clocked by clk_out1_design_1_clk_wiz_0_0  {rise@0.000ns fall@2.000ns period=4.000ns})
  Path Group:             clk_out1_design_1_clk_wiz_0_0
  Path Type:              Setup (Max at Slow Process Corner)
  Requirement:            4.000ns  (clk_out1_design_1_clk_wiz_0_0 rise@4.000ns - clk_out1_design_1_clk_wiz_0_0 rise@0.000ns)
  Data Path Delay:        4.007ns  (logic 1.244ns (31.047%)  route 2.763ns (68.953%))
  Logic Levels:           4  (LUT2=1 LUT3=1 LUT6=2)
  Clock Path Skew:        -0.115ns (DCD - SCD + CPR)
    Destination Clock Delay (DCD):    5.329ns = ( 9.329 - 4.000 ) 
    Source Clock Delay      (SCD):    5.868ns
    Clock Pessimism Removal (CPR):    0.424ns
  Clock Uncertainty:      0.063ns  ((TSJ^2 + DJ^2)^1/2) / 2 + PE
    Total System Jitter     (TSJ):    0.071ns
    Discrete Jitter          (DJ):    0.104ns
    Phase Error              (PE):    0.000ns

    Location             Delay type                Incr(ns)  Path(ns)    Netlist Resource(s)
  -------------------------------------------------------------------    -------------------
                         (clock clk_out1_design_1_clk_wiz_0_0 rise edge)
                                                      0.000     0.000 r  
    K17                                               0.000     0.000 r  clk (IN)
                         net (fo=0)                   0.000     0.000    clk
    K17                  IBUF (Prop_ibuf_I_O)         1.475     1.475 r  clk_IBUF_inst/O
                         net (fo=21, routed)          2.522     3.997    design_1_i/clk_wiz_0/inst/clk_in1
    BUFGCTRL_X0Y16       BUFG (Prop_bufg_I_O)         0.101     4.098 r  design_1_i/clk_wiz_0/inst/clkin1_bufg/O
                         net (fo=1, routed)           1.831     5.929    design_1_i/clk_wiz_0/inst/clk_in1_design_1_clk_wiz_0_0
    PLLE2_ADV_X1Y0       PLLE2_ADV (Prop_plle2_adv_CLKIN1_CLKOUT0)
                                                     -3.812     2.117 r  design_1_i/clk_wiz_0/inst/plle2_adv_inst/CLKOUT0
                         net (fo=1, routed)           1.883     4.000    design_1_i/clk_wiz_0/inst/clk_out1_design_1_clk_wiz_0_0
    BUFGCTRL_X0Y0        BUFG (Prop_bufg_I_O)         0.101     4.101 r  design_1_i/clk_wiz_0/inst/clkout1_buf/O
                         net (fo=1802, routed)        1.767     5.868    <hidden>
    SLICE_X90Y77         FDRE                                         r  <hidden>
  -------------------------------------------------------------------    -------------------
    SLICE_X90Y77         FDRE (Prop_fdre_C_Q)         0.518     6.386 r  <hidden>
                         net (fo=109, routed)         0.966     7.352    <hidden>
    SLICE_X90Y73         LUT2 (Prop_lut2_I0_O)        0.150     7.502 r  <hidden>
                         net (fo=3, routed)           0.513     8.015    <hidden>
    SLICE_X89Y73         LUT6 (Prop_lut6_I5_O)        0.328     8.343 r  <hidden>
                         net (fo=7, routed)           0.480     8.823    <hidden>
    SLICE_X88Y70         LUT6 (Prop_lut6_I1_O)        0.124     8.947 r  <hidden>
                         net (fo=12, routed)          0.469     9.416    <hidden>
    SLICE_X87Y70         LUT3 (Prop_lut3_I2_O)        0.124     9.540 r  <hidden>
                         net (fo=10, routed)          0.334     9.875    <hidden>
    SLICE_X89Y70         FDRE                                         r  <hidden>
  -------------------------------------------------------------------    -------------------

                         (clock clk_out1_design_1_clk_wiz_0_0 rise edge)
                                                      4.000     4.000 r  
    K17                                               0.000     4.000 r  clk (IN)
                         net (fo=0)                   0.000     4.000    clk
    K17                  IBUF (Prop_ibuf_I_O)         1.404     5.404 r  clk_IBUF_inst/O
                         net (fo=21, routed)          2.293     7.697    design_1_i/clk_wiz_0/inst/clk_in1
    BUFGCTRL_X0Y16       BUFG (Prop_bufg_I_O)         0.091     7.788 r  design_1_i/clk_wiz_0/inst/clkin1_bufg/O
                         net (fo=1, routed)           1.634     9.423    design_1_i/clk_wiz_0/inst/clk_in1_design_1_clk_wiz_0_0
    PLLE2_ADV_X1Y0       PLLE2_ADV (Prop_plle2_adv_CLKIN1_CLKOUT0)
                                                     -3.442     5.980 r  design_1_i/clk_wiz_0/inst/plle2_adv_inst/CLKOUT0
                         net (fo=1, routed)           1.720     7.700    design_1_i/clk_wiz_0/inst/clk_out1_design_1_clk_wiz_0_0
    BUFGCTRL_X0Y0        BUFG (Prop_bufg_I_O)         0.091     7.791 r  design_1_i/clk_wiz_0/inst/clkout1_buf/O
                         net (fo=1802, routed)        1.538     9.329    <hidden>
    SLICE_X89Y70         FDRE                                         r  <hidden>
                         clock pessimism              0.424     9.753    
                         clock uncertainty           -0.063     9.690    
    SLICE_X89Y70         FDRE (Setup_fdre_C_CE)      -0.205     9.485    <hidden>
  -------------------------------------------------------------------
                         required time                          9.485    
                         arrival time                          -9.875    
  -------------------------------------------------------------------
                         slack                                 -0.389    

Slack (VIOLATED) :        -0.389ns  (required time - arrival time)
  Source:                 <hidden>
                            (rising edge-triggered cell FDRE clocked by clk_out1_design_1_clk_wiz_0_0  {rise@0.000ns fall@2.000ns period=4.000ns})
  Destination:            <hidden>
                            (rising edge-triggered cell FDRE clocked by clk_out1_design_1_clk_wiz_0_0  {rise@0.000ns fall@2.000ns period=4.000ns})
  Path Group:             clk_out1_design_1_clk_wiz_0_0
  Path Type:              Setup (Max at Slow Process Corner)
  Requirement:            4.000ns  (clk_out1_design_1_clk_wiz_0_0 rise@4.000ns - clk_out1_design_1_clk_wiz_0_0 rise@0.000ns)
  Data Path Delay:        4.007ns  (logic 1.244ns (31.047%)  route 2.763ns (68.953%))
  Logic Levels:           4  (LUT2=1 LUT3=1 LUT6=2)
  Clock Path Skew:        -0.115ns (DCD - SCD + CPR)
    Destination Clock Delay (DCD):    5.329ns = ( 9.329 - 4.000 ) 
    Source Clock Delay      (SCD):    5.868ns
    Clock Pessimism Removal (CPR):    0.424ns
  Clock Uncertainty:      0.063ns  ((TSJ^2 + DJ^2)^1/2) / 2 + PE
    Total System Jitter     (TSJ):    0.071ns
    Discrete Jitter          (DJ):    0.104ns
    Phase Error              (PE):    0.000ns

    Location             Delay type                Incr(ns)  Path(ns)    Netlist Resource(s)
  -------------------------------------------------------------------    -------------------
                         (clock clk_out1_design_1_clk_wiz_0_0 rise edge)
                                                      0.000     0.000 r  
    K17                                               0.000     0.000 r  clk (IN)
                         net (fo=0)                   0.000     0.000    clk
    K17                  IBUF (Prop_ibuf_I_O)         1.475     1.475 r  clk_IBUF_inst/O
                         net (fo=21, routed)          2.522     3.997    design_1_i/clk_wiz_0/inst/clk_in1
    BUFGCTRL_X0Y16       BUFG (Prop_bufg_I_O)         0.101     4.098 r  design_1_i/clk_wiz_0/inst/clkin1_bufg/O
                         net (fo=1, routed)           1.831     5.929    design_1_i/clk_wiz_0/inst/clk_in1_design_1_clk_wiz_0_0
    PLLE2_ADV_X1Y0       PLLE2_ADV (Prop_plle2_adv_CLKIN1_CLKOUT0)
                                                     -3.812     2.117 r  design_1_i/clk_wiz_0/inst/plle2_adv_inst/CLKOUT0
                         net (fo=1, routed)           1.883     4.000    design_1_i/clk_wiz_0/inst/clk_out1_design_1_clk_wiz_0_0
    BUFGCTRL_X0Y0        BUFG (Prop_bufg_I_O)         0.101     4.101 r  design_1_i/clk_wiz_0/inst/clkout1_buf/O
                         net (fo=1802, routed)        1.767     5.868    <hidden>
    SLICE_X90Y77         FDRE                                         r  <hidden>
  -------------------------------------------------------------------    -------------------
    SLICE_X90Y77         FDRE (Prop_fdre_C_Q)         0.518     6.386 r  <hidden>
                         net (fo=109, routed)         0.966     7.352    <hidden>
    SLICE_X90Y73         LUT2 (Prop_lut2_I0_O)        0.150     7.502 r  <hidden>
                         net (fo=3, routed)           0.513     8.015    <hidden>
    SLICE_X89Y73         LUT6 (Prop_lut6_I5_O)        0.328     8.343 r  <hidden>
                         net (fo=7, routed)           0.480     8.823    <hidden>
    SLICE_X88Y70         LUT6 (Prop_lut6_I1_O)        0.124     8.947 r  <hidden>
                         net (fo=12, routed)          0.469     9.416    <hidden>
    SLICE_X87Y70         LUT3 (Prop_lut3_I2_O)        0.124     9.540 r  <hidden>
                         net (fo=10, routed)          0.334     9.875    <hidden>
    SLICE_X89Y70         FDRE                                         r  <hidden>
  -------------------------------------------------------------------    -------------------

                         (clock clk_out1_design_1_clk_wiz_0_0 rise edge)
                                                      4.000     4.000 r  
    K17                                               0.000     4.000 r  clk (IN)
                         net (fo=0)                   0.000     4.000    clk
    K17                  IBUF (Prop_ibuf_I_O)         1.404     5.404 r  clk_IBUF_inst/O
                         net (fo=21, routed)          2.293     7.697    design_1_i/clk_wiz_0/inst/clk_in1
    BUFGCTRL_X0Y16       BUFG (Prop_bufg_I_O)         0.091     7.788 r  design_1_i/clk_wiz_0/inst/clkin1_bufg/O
                         net (fo=1, routed)           1.634     9.423    design_1_i/clk_wiz_0/inst/clk_in1_design_1_clk_wiz_0_0
    PLLE2_ADV_X1Y0       PLLE2_ADV (Prop_plle2_adv_CLKIN1_CLKOUT0)
                                                     -3.442     5.980 r  design_1_i/clk_wiz_0/inst/plle2_adv_inst/CLKOUT0
                         net (fo=1, routed)           1.720     7.700    design_1_i/clk_wiz_0/inst/clk_out1_design_1_clk_wiz_0_0
    BUFGCTRL_X0Y0        BUFG (Prop_bufg_I_O)         0.091     7.791 r  design_1_i/clk_wiz_0/inst/clkout1_buf/O
                         net (fo=1802, routed)        1.538     9.329    <hidden>
    SLICE_X89Y70         FDRE                                         r  <hidden>
                         clock pessimism              0.424     9.753    
                         clock uncertainty           -0.063     9.690    
    SLICE_X89Y70         FDRE (Setup_fdre_C_CE)      -0.205     9.485    <hidden>
  -------------------------------------------------------------------
                         required time                          9.485    
                         arrival time                          -9.875    
  -------------------------------------------------------------------
                         slack                                 -0.389    





Min Delay Paths
--------------------------------------------------------------------------------------
Slack (MET) :             0.051ns  (arrival time - required time)
  Source:                 <hidden>
                            (rising edge-triggered cell FDRE clocked by clk_out1_design_1_clk_wiz_0_0  {rise@0.000ns fall@2.000ns period=4.000ns})
  Destination:            <hidden>
                            (rising edge-triggered cell SRL16E clocked by clk_out1_design_1_clk_wiz_0_0  {rise@0.000ns fall@2.000ns period=4.000ns})
  Path Group:             clk_out1_design_1_clk_wiz_0_0
  Path Type:              Hold (Min at Fast Process Corner)
  Requirement:            0.000ns  (clk_out1_design_1_clk_wiz_0_0 rise@0.000ns - clk_out1_design_1_clk_wiz_0_0 rise@0.000ns)
  Data Path Delay:        0.251ns  (logic 0.141ns (56.174%)  route 0.110ns (43.826%))
  Logic Levels:           0  
  Clock Path Skew:        0.017ns (DCD - SCD - CPR)
    Destination Clock Delay (DCD):    2.248ns
    Source Clock Delay      (SCD):    1.720ns
    Clock Pessimism Removal (CPR):    0.510ns

    Location             Delay type                Incr(ns)  Path(ns)    Netlist Resource(s)
  -------------------------------------------------------------------    -------------------
                         (clock clk_out1_design_1_clk_wiz_0_0 rise edge)
                                                      0.000     0.000 r  
    K17                                               0.000     0.000 r  clk (IN)
                         net (fo=0)                   0.000     0.000    clk
    K17                  IBUF (Prop_ibuf_I_O)         0.243     0.243 r  clk_IBUF_inst/O
                         net (fo=21, routed)          0.842     1.084    design_1_i/clk_wiz_0/inst/clk_in1
    BUFGCTRL_X0Y16       BUFG (Prop_bufg_I_O)         0.026     1.110 r  design_1_i/clk_wiz_0/inst/clkin1_bufg/O
                         net (fo=1, routed)           0.602     1.712    design_1_i/clk_wiz_0/inst/clk_in1_design_1_clk_wiz_0_0
    PLLE2_ADV_X1Y0       PLLE2_ADV (Prop_plle2_adv_CLKIN1_CLKOUT0)
                                                     -1.169     0.542 r  design_1_i/clk_wiz_0/inst/plle2_adv_inst/CLKOUT0
                         net (fo=1, routed)           0.544     1.086    design_1_i/clk_wiz_0/inst/clk_out1_design_1_clk_wiz_0_0
    BUFGCTRL_X0Y0        BUFG (Prop_bufg_I_O)         0.026     1.112 r  design_1_i/clk_wiz_0/inst/clkout1_buf/O
                         net (fo=1802, routed)        0.608     1.720    <hidden>
    SLICE_X95Y57         FDRE                                         r  <hidden>
  -------------------------------------------------------------------    -------------------
    SLICE_X95Y57         FDRE (Prop_fdre_C_Q)         0.141     1.861 r  <hidden>
                         net (fo=1, routed)           0.110     1.971    <hidden>
    SLICE_X94Y56         SRL16E                                       r  <hidden>
  -------------------------------------------------------------------    -------------------

                         (clock clk_out1_design_1_clk_wiz_0_0 rise edge)
                                                      0.000     0.000 r  
    K17                                               0.000     0.000 r  clk (IN)
                         net (fo=0)                   0.000     0.000    clk
    K17                  IBUF (Prop_ibuf_I_O)         0.431     0.431 r  clk_IBUF_inst/O
                         net (fo=21, routed)          0.907     1.338    design_1_i/clk_wiz_0/inst/clk_in1
    BUFGCTRL_X0Y16       BUFG (Prop_bufg_I_O)         0.029     1.367 r  design_1_i/clk_wiz_0/inst/clkin1_bufg/O
                         net (fo=1, routed)           0.869     2.236    design_1_i/clk_wiz_0/inst/clk_in1_design_1_clk_wiz_0_0
    PLLE2_ADV_X1Y0       PLLE2_ADV (Prop_plle2_adv_CLKIN1_CLKOUT0)
                                                     -1.488     0.748 r  design_1_i/clk_wiz_0/inst/plle2_adv_inst/CLKOUT0
                         net (fo=1, routed)           0.592     1.340    design_1_i/clk_wiz_0/inst/clk_out1_design_1_clk_wiz_0_0
    BUFGCTRL_X0Y0        BUFG (Prop_bufg_I_O)         0.029     1.369 r  design_1_i/clk_wiz_0/inst/clkout1_buf/O
                         net (fo=1802, routed)        0.879     2.248    <hidden>
    SLICE_X94Y56         SRL16E                                       r  <hidden>
                         clock pessimism             -0.510     1.737    
    SLICE_X94Y56         SRL16E (Hold_srl16e_CLK_D)
                                                      0.183     1.920    <hidden>
  -------------------------------------------------------------------
                         required time                         -1.920    
                         arrival time                           1.971    
  -------------------------------------------------------------------
                         slack                                  0.051    

Slack (MET) :             0.058ns  (arrival time - required time)
  Source:                 <hidden>
                            (rising edge-triggered cell FDRE clocked by clk_out1_design_1_clk_wiz_0_0  {rise@0.000ns fall@2.000ns period=4.000ns})
  Destination:            <hidden>
                            (rising edge-triggered cell RAMB36E1 clocked by clk_out1_design_1_clk_wiz_0_0  {rise@0.000ns fall@2.000ns period=4.000ns})
  Path Group:             clk_out1_design_1_clk_wiz_0_0
  Path Type:              Hold (Min at Fast Process Corner)
  Requirement:            0.000ns  (clk_out1_design_1_clk_wiz_0_0 rise@0.000ns - clk_out1_design_1_clk_wiz_0_0 rise@0.000ns)
  Data Path Delay:        0.271ns  (logic 0.164ns (60.558%)  route 0.107ns (39.442%))
  Logic Levels:           0  
  Clock Path Skew:        0.057ns (DCD - SCD - CPR)
    Destination Clock Delay (DCD):    2.288ns
    Source Clock Delay      (SCD):    1.720ns
    Clock Pessimism Removal (CPR):    0.510ns

    Location             Delay type                Incr(ns)  Path(ns)    Netlist Resource(s)
  -------------------------------------------------------------------    -------------------
                         (clock clk_out1_design_1_clk_wiz_0_0 rise edge)
                                                      0.000     0.000 r  
    K17                                               0.000     0.000 r  clk (IN)
                         net (fo=0)                   0.000     0.000    clk
    K17                  IBUF (Prop_ibuf_I_O)         0.243     0.243 r  clk_IBUF_inst/O
                         net (fo=21, routed)          0.842     1.084    design_1_i/clk_wiz_0/inst/clk_in1
    BUFGCTRL_X0Y16       BUFG (Prop_bufg_I_O)         0.026     1.110 r  design_1_i/clk_wiz_0/inst/clkin1_bufg/O
                         net (fo=1, routed)           0.602     1.712    design_1_i/clk_wiz_0/inst/clk_in1_design_1_clk_wiz_0_0
    PLLE2_ADV_X1Y0       PLLE2_ADV (Prop_plle2_adv_CLKIN1_CLKOUT0)
                                                     -1.169     0.542 r  design_1_i/clk_wiz_0/inst/plle2_adv_inst/CLKOUT0
                         net (fo=1, routed)           0.544     1.086    design_1_i/clk_wiz_0/inst/clk_out1_design_1_clk_wiz_0_0
    BUFGCTRL_X0Y0        BUFG (Prop_bufg_I_O)         0.026     1.112 r  design_1_i/clk_wiz_0/inst/clkout1_buf/O
                         net (fo=1802, routed)        0.608     1.720    <hidden>
    SLICE_X90Y56         FDRE                                         r  <hidden>
  -------------------------------------------------------------------    -------------------
    SLICE_X90Y56         FDRE (Prop_fdre_C_Q)         0.164     1.884 r  <hidden>
                         net (fo=1, routed)           0.107     1.991    <hidden>
    RAMB36_X4Y11         RAMB36E1                                     r  <hidden>
  -------------------------------------------------------------------    -------------------

                         (clock clk_out1_design_1_clk_wiz_0_0 rise edge)
                                                      0.000     0.000 r  
    K17                                               0.000     0.000 r  clk (IN)
                         net (fo=0)                   0.000     0.000    clk
    K17                  IBUF (Prop_ibuf_I_O)         0.431     0.431 r  clk_IBUF_inst/O
                         net (fo=21, routed)          0.907     1.338    design_1_i/clk_wiz_0/inst/clk_in1
    BUFGCTRL_X0Y16       BUFG (Prop_bufg_I_O)         0.029     1.367 r  design_1_i/clk_wiz_0/inst/clkin1_bufg/O
                         net (fo=1, routed)           0.869     2.236    design_1_i/clk_wiz_0/inst/clk_in1_design_1_clk_wiz_0_0
    PLLE2_ADV_X1Y0       PLLE2_ADV (Prop_plle2_adv_CLKIN1_CLKOUT0)
                                                     -1.488     0.748 r  design_1_i/clk_wiz_0/inst/plle2_adv_inst/CLKOUT0
                         net (fo=1, routed)           0.592     1.340    design_1_i/clk_wiz_0/inst/clk_out1_design_1_clk_wiz_0_0
    BUFGCTRL_X0Y0        BUFG (Prop_bufg_I_O)         0.029     1.369 r  design_1_i/clk_wiz_0/inst/clkout1_buf/O
                         net (fo=1802, routed)        0.919     2.288    <hidden>
    RAMB36_X4Y11         RAMB36E1                                     r  <hidden>
                         clock pessimism             -0.510     1.778    
    RAMB36_X4Y11         RAMB36E1 (Hold_ramb36e1_CLKARDCLK_DIADI[24])
                                                      0.155     1.933    <hidden>
  -------------------------------------------------------------------
                         required time                         -1.933    
                         arrival time                           1.991    
  -------------------------------------------------------------------
                         slack                                  0.058    

Slack (MET) :             0.067ns  (arrival time - required time)
  Source:                 <hidden>
                            (rising edge-triggered cell FDRE clocked by clk_out1_design_1_clk_wiz_0_0  {rise@0.000ns fall@2.000ns period=4.000ns})
  Destination:            <hidden>
                            (rising edge-triggered cell SRL16E clocked by clk_out1_design_1_clk_wiz_0_0  {rise@0.000ns fall@2.000ns period=4.000ns})
  Path Group:             clk_out1_design_1_clk_wiz_0_0
  Path Type:              Hold (Min at Fast Process Corner)
  Requirement:            0.000ns  (clk_out1_design_1_clk_wiz_0_0 rise@0.000ns - clk_out1_design_1_clk_wiz_0_0 rise@0.000ns)
  Data Path Delay:        0.197ns  (logic 0.141ns (71.611%)  route 0.056ns (28.389%))
  Logic Levels:           0  
  Clock Path Skew:        0.013ns (DCD - SCD - CPR)
    Destination Clock Delay (DCD):    2.244ns
    Source Clock Delay      (SCD):    1.718ns
    Clock Pessimism Removal (CPR):    0.512ns

    Location             Delay type                Incr(ns)  Path(ns)    Netlist Resource(s)
  -------------------------------------------------------------------    -------------------
                         (clock clk_out1_design_1_clk_wiz_0_0 rise edge)
                                                      0.000     0.000 r  
    K17                                               0.000     0.000 r  clk (IN)
                         net (fo=0)                   0.000     0.000    clk
    K17                  IBUF (Prop_ibuf_I_O)         0.243     0.243 r  clk_IBUF_inst/O
                         net (fo=21, routed)          0.842     1.084    design_1_i/clk_wiz_0/inst/clk_in1
    BUFGCTRL_X0Y16       BUFG (Prop_bufg_I_O)         0.026     1.110 r  design_1_i/clk_wiz_0/inst/clkin1_bufg/O
                         net (fo=1, routed)           0.602     1.712    design_1_i/clk_wiz_0/inst/clk_in1_design_1_clk_wiz_0_0
    PLLE2_ADV_X1Y0       PLLE2_ADV (Prop_plle2_adv_CLKIN1_CLKOUT0)
                                                     -1.169     0.542 r  design_1_i/clk_wiz_0/inst/plle2_adv_inst/CLKOUT0
                         net (fo=1, routed)           0.544     1.086    design_1_i/clk_wiz_0/inst/clk_out1_design_1_clk_wiz_0_0
    BUFGCTRL_X0Y0        BUFG (Prop_bufg_I_O)         0.026     1.112 r  design_1_i/clk_wiz_0/inst/clkout1_buf/O
                         net (fo=1802, routed)        0.606     1.718    <hidden>
    SLICE_X97Y62         FDRE                                         r  <hidden>
  -------------------------------------------------------------------    -------------------
    SLICE_X97Y62         FDRE (Prop_fdre_C_Q)         0.141     1.859 r  <hidden>
                         net (fo=1, routed)           0.056     1.915    <hidden>
    SLICE_X96Y62         SRL16E                                       r  <hidden>
  -------------------------------------------------------------------    -------------------

                         (clock clk_out1_design_1_clk_wiz_0_0 rise edge)
                                                      0.000     0.000 r  
    K17                                               0.000     0.000 r  clk (IN)
                         net (fo=0)                   0.000     0.000    clk
    K17                  IBUF (Prop_ibuf_I_O)         0.431     0.431 r  clk_IBUF_inst/O
                         net (fo=21, routed)          0.907     1.338    design_1_i/clk_wiz_0/inst/clk_in1
    BUFGCTRL_X0Y16       BUFG (Prop_bufg_I_O)         0.029     1.367 r  design_1_i/clk_wiz_0/inst/clkin1_bufg/O
                         net (fo=1, routed)           0.869     2.236    design_1_i/clk_wiz_0/inst/clk_in1_design_1_clk_wiz_0_0
    PLLE2_ADV_X1Y0       PLLE2_ADV (Prop_plle2_adv_CLKIN1_CLKOUT0)
                                                     -1.488     0.748 r  design_1_i/clk_wiz_0/inst/plle2_adv_inst/CLKOUT0
                         net (fo=1, routed)           0.592     1.340    design_1_i/clk_wiz_0/inst/clk_out1_design_1_clk_wiz_0_0
    BUFGCTRL_X0Y0        BUFG (Prop_bufg_I_O)         0.029     1.369 r  design_1_i/clk_wiz_0/inst/clkout1_buf/O
                         net (fo=1802, routed)        0.875     2.244    <hidden>
    SLICE_X96Y62         SRL16E                                       r  <hidden>
                         clock pessimism             -0.512     1.731    
    SLICE_X96Y62         SRL16E (Hold_srl16e_CLK_D)
                                                      0.117     1.848    <hidden>
  -------------------------------------------------------------------
                         required time                         -1.848    
                         arrival time                           1.915    
  -------------------------------------------------------------------
                         slack                                  0.067    

Slack (MET) :             0.075ns  (arrival time - required time)
  Source:                 dbg_hub/inst/BSCANID.u_xsdbm_id/CORE_XSDB.UUT_MASTER/U_XSDB_BUS_MSTR2SL_PORT_IFACE/MA_RD_DIN_O_reg[6]/C
                            (rising edge-triggered cell FDRE clocked by clk_out1_design_1_clk_wiz_0_0  {rise@0.000ns fall@2.000ns period=4.000ns})
  Destination:            dbg_hub/inst/BSCANID.u_xsdbm_id/CORE_XSDB.UUT_MASTER/U_ICON_INTERFACE/U_CMD6_RD/U_RD_FIFO/SUBCORE_FIFO.xsdbm_v3_0_0_rdfifo_inst/inst_fifo_gen/gconvfifo.rf/grf.rf/gntv_or_sync_fifo.mem/gdm.dm_gen.dm/RAM_reg_0_15_6_11/RAMA/I
                            (rising edge-triggered cell RAMD32 clocked by clk_out1_design_1_clk_wiz_0_0  {rise@0.000ns fall@2.000ns period=4.000ns})
  Path Group:             clk_out1_design_1_clk_wiz_0_0
  Path Type:              Hold (Min at Fast Process Corner)
  Requirement:            0.000ns  (clk_out1_design_1_clk_wiz_0_0 rise@0.000ns - clk_out1_design_1_clk_wiz_0_0 rise@0.000ns)
  Data Path Delay:        0.258ns  (logic 0.141ns (54.686%)  route 0.117ns (45.314%))
  Logic Levels:           0  
  Clock Path Skew:        0.036ns (DCD - SCD - CPR)
    Destination Clock Delay (DCD):    2.239ns
    Source Clock Delay      (SCD):    1.712ns
    Clock Pessimism Removal (CPR):    0.490ns

    Location             Delay type                Incr(ns)  Path(ns)    Netlist Resource(s)
  -------------------------------------------------------------------    -------------------
                         (clock clk_out1_design_1_clk_wiz_0_0 rise edge)
                                                      0.000     0.000 r  
    K17                                               0.000     0.000 r  clk (IN)
                         net (fo=0)                   0.000     0.000    clk
    K17                  IBUF (Prop_ibuf_I_O)         0.243     0.243 r  clk_IBUF_inst/O
                         net (fo=21, routed)          0.842     1.084    design_1_i/clk_wiz_0/inst/clk_in1
    BUFGCTRL_X0Y16       BUFG (Prop_bufg_I_O)         0.026     1.110 r  design_1_i/clk_wiz_0/inst/clkin1_bufg/O
                         net (fo=1, routed)           0.602     1.712    design_1_i/clk_wiz_0/inst/clk_in1_design_1_clk_wiz_0_0
    PLLE2_ADV_X1Y0       PLLE2_ADV (Prop_plle2_adv_CLKIN1_CLKOUT0)
                                                     -1.169     0.542 r  design_1_i/clk_wiz_0/inst/plle2_adv_inst/CLKOUT0
                         net (fo=1, routed)           0.544     1.086    design_1_i/clk_wiz_0/inst/clk_out1_design_1_clk_wiz_0_0
    BUFGCTRL_X0Y0        BUFG (Prop_bufg_I_O)         0.026     1.112 r  design_1_i/clk_wiz_0/inst/clkout1_buf/O
                         net (fo=1802, routed)        0.600     1.712    dbg_hub/inst/BSCANID.u_xsdbm_id/CORE_XSDB.UUT_MASTER/U_XSDB_BUS_MSTR2SL_PORT_IFACE/clk
    SLICE_X97Y79         FDRE                                         r  dbg_hub/inst/BSCANID.u_xsdbm_id/CORE_XSDB.UUT_MASTER/U_XSDB_BUS_MSTR2SL_PORT_IFACE/MA_RD_DIN_O_reg[6]/C
  -------------------------------------------------------------------    -------------------
    SLICE_X97Y79         FDRE (Prop_fdre_C_Q)         0.141     1.853 r  dbg_hub/inst/BSCANID.u_xsdbm_id/CORE_XSDB.UUT_MASTER/U_XSDB_BUS_MSTR2SL_PORT_IFACE/MA_RD_DIN_O_reg[6]/Q
                         net (fo=1, routed)           0.117     1.970    dbg_hub/inst/BSCANID.u_xsdbm_id/CORE_XSDB.UUT_MASTER/U_ICON_INTERFACE/U_CMD6_RD/U_RD_FIFO/SUBCORE_FIFO.xsdbm_v3_0_0_rdfifo_inst/inst_fifo_gen/gconvfifo.rf/grf.rf/gntv_or_sync_fifo.mem/gdm.dm_gen.dm/RAM_reg_0_15_6_11/DIA0
    SLICE_X98Y80         RAMD32                                       r  dbg_hub/inst/BSCANID.u_xsdbm_id/CORE_XSDB.UUT_MASTER/U_ICON_INTERFACE/U_CMD6_RD/U_RD_FIFO/SUBCORE_FIFO.xsdbm_v3_0_0_rdfifo_inst/inst_fifo_gen/gconvfifo.rf/grf.rf/gntv_or_sync_fifo.mem/gdm.dm_gen.dm/RAM_reg_0_15_6_11/RAMA/I
  -------------------------------------------------------------------    -------------------

                         (clock clk_out1_design_1_clk_wiz_0_0 rise edge)
                                                      0.000     0.000 r  
    K17                                               0.000     0.000 r  clk (IN)
                         net (fo=0)                   0.000     0.000    clk
    K17                  IBUF (Prop_ibuf_I_O)         0.431     0.431 r  clk_IBUF_inst/O
                         net (fo=21, routed)          0.907     1.338    design_1_i/clk_wiz_0/inst/clk_in1
    BUFGCTRL_X0Y16       BUFG (Prop_bufg_I_O)         0.029     1.367 r  design_1_i/clk_wiz_0/inst/clkin1_bufg/O
                         net (fo=1, routed)           0.869     2.236    design_1_i/clk_wiz_0/inst/clk_in1_design_1_clk_wiz_0_0
    PLLE2_ADV_X1Y0       PLLE2_ADV (Prop_plle2_adv_CLKIN1_CLKOUT0)
                                                     -1.488     0.748 r  design_1_i/clk_wiz_0/inst/plle2_adv_inst/CLKOUT0
                         net (fo=1, routed)           0.592     1.340    design_1_i/clk_wiz_0/inst/clk_out1_design_1_clk_wiz_0_0
    BUFGCTRL_X0Y0        BUFG (Prop_bufg_I_O)         0.029     1.369 r  design_1_i/clk_wiz_0/inst/clkout1_buf/O
                         net (fo=1802, routed)        0.870     2.239    dbg_hub/inst/BSCANID.u_xsdbm_id/CORE_XSDB.UUT_MASTER/U_ICON_INTERFACE/U_CMD6_RD/U_RD_FIFO/SUBCORE_FIFO.xsdbm_v3_0_0_rdfifo_inst/inst_fifo_gen/gconvfifo.rf/grf.rf/gntv_or_sync_fifo.mem/gdm.dm_gen.dm/RAM_reg_0_15_6_11/WCLK
    SLICE_X98Y80         RAMD32                                       r  dbg_hub/inst/BSCANID.u_xsdbm_id/CORE_XSDB.UUT_MASTER/U_ICON_INTERFACE/U_CMD6_RD/U_RD_FIFO/SUBCORE_FIFO.xsdbm_v3_0_0_rdfifo_inst/inst_fifo_gen/gconvfifo.rf/grf.rf/gntv_or_sync_fifo.mem/gdm.dm_gen.dm/RAM_reg_0_15_6_11/RAMA/CLK
                         clock pessimism             -0.490     1.748    
    SLICE_X98Y80         RAMD32 (Hold_ramd32_CLK_I)
                                                      0.147     1.895    dbg_hub/inst/BSCANID.u_xsdbm_id/CORE_XSDB.UUT_MASTER/U_ICON_INTERFACE/U_CMD6_RD/U_RD_FIFO/SUBCORE_FIFO.xsdbm_v3_0_0_rdfifo_inst/inst_fifo_gen/gconvfifo.rf/grf.rf/gntv_or_sync_fifo.mem/gdm.dm_gen.dm/RAM_reg_0_15_6_11/RAMA
  -------------------------------------------------------------------
                         required time                         -1.895    
                         arrival time                           1.970    
  -------------------------------------------------------------------
                         slack                                  0.075    

Slack (MET) :             0.080ns  (arrival time - required time)
  Source:                 <hidden>
                            (rising edge-triggered cell FDRE clocked by clk_out1_design_1_clk_wiz_0_0  {rise@0.000ns fall@2.000ns period=4.000ns})
  Destination:            <hidden>
                            (rising edge-triggered cell RAMB36E1 clocked by clk_out1_design_1_clk_wiz_0_0  {rise@0.000ns fall@2.000ns period=4.000ns})
  Path Group:             clk_out1_design_1_clk_wiz_0_0
  Path Type:              Hold (Min at Fast Process Corner)
  Requirement:            0.000ns  (clk_out1_design_1_clk_wiz_0_0 rise@0.000ns - clk_out1_design_1_clk_wiz_0_0 rise@0.000ns)
  Data Path Delay:        0.321ns  (logic 0.164ns (51.136%)  route 0.157ns (48.864%))
  Logic Levels:           0  
  Clock Path Skew:        0.057ns (DCD - SCD - CPR)
    Destination Clock Delay (DCD):    2.284ns
    Source Clock Delay      (SCD):    1.716ns
    Clock Pessimism Removal (CPR):    0.510ns

    Location             Delay type                Incr(ns)  Path(ns)    Netlist Resource(s)
  -------------------------------------------------------------------    -------------------
                         (clock clk_out1_design_1_clk_wiz_0_0 rise edge)
                                                      0.000     0.000 r  
    K17                                               0.000     0.000 r  clk (IN)
                         net (fo=0)                   0.000     0.000    clk
    K17                  IBUF (Prop_ibuf_I_O)         0.243     0.243 r  clk_IBUF_inst/O
                         net (fo=21, routed)          0.842     1.084    design_1_i/clk_wiz_0/inst/clk_in1
    BUFGCTRL_X0Y16       BUFG (Prop_bufg_I_O)         0.026     1.110 r  design_1_i/clk_wiz_0/inst/clkin1_bufg/O
                         net (fo=1, routed)           0.602     1.712    design_1_i/clk_wiz_0/inst/clk_in1_design_1_clk_wiz_0_0
    PLLE2_ADV_X1Y0       PLLE2_ADV (Prop_plle2_adv_CLKIN1_CLKOUT0)
                                                     -1.169     0.542 r  design_1_i/clk_wiz_0/inst/plle2_adv_inst/CLKOUT0
                         net (fo=1, routed)           0.544     1.086    design_1_i/clk_wiz_0/inst/clk_out1_design_1_clk_wiz_0_0
    BUFGCTRL_X0Y0        BUFG (Prop_bufg_I_O)         0.026     1.112 r  design_1_i/clk_wiz_0/inst/clkout1_buf/O
                         net (fo=1802, routed)        0.604     1.716    <hidden>
    SLICE_X90Y63         FDRE                                         r  <hidden>
  -------------------------------------------------------------------    -------------------
    SLICE_X90Y63         FDRE (Prop_fdre_C_Q)         0.164     1.880 r  <hidden>
                         net (fo=2, routed)           0.157     2.037    <hidden>
    RAMB36_X4Y12         RAMB36E1                                     r  <hidden>
  -------------------------------------------------------------------    -------------------

                         (clock clk_out1_design_1_clk_wiz_0_0 rise edge)
                                                      0.000     0.000 r  
    K17                                               0.000     0.000 r  clk (IN)
                         net (fo=0)                   0.000     0.000    clk
    K17                  IBUF (Prop_ibuf_I_O)         0.431     0.431 r  clk_IBUF_inst/O
                         net (fo=21, routed)          0.907     1.338    design_1_i/clk_wiz_0/inst/clk_in1
    BUFGCTRL_X0Y16       BUFG (Prop_bufg_I_O)         0.029     1.367 r  design_1_i/clk_wiz_0/inst/clkin1_bufg/O
                         net (fo=1, routed)           0.869     2.236    design_1_i/clk_wiz_0/inst/clk_in1_design_1_clk_wiz_0_0
    PLLE2_ADV_X1Y0       PLLE2_ADV (Prop_plle2_adv_CLKIN1_CLKOUT0)
                                                     -1.488     0.748 r  design_1_i/clk_wiz_0/inst/plle2_adv_inst/CLKOUT0
                         net (fo=1, routed)           0.592     1.340    design_1_i/clk_wiz_0/inst/clk_out1_design_1_clk_wiz_0_0
    BUFGCTRL_X0Y0        BUFG (Prop_bufg_I_O)         0.029     1.369 r  design_1_i/clk_wiz_0/inst/clkout1_buf/O
                         net (fo=1802, routed)        0.915     2.284    <hidden>
    RAMB36_X4Y12         RAMB36E1                                     r  <hidden>
                         clock pessimism             -0.510     1.774    
    RAMB36_X4Y12         RAMB36E1 (Hold_ramb36e1_CLKARDCLK_ADDRARDADDR[6])
                                                      0.183     1.957    <hidden>
  -------------------------------------------------------------------
                         required time                         -1.957    
                         arrival time                           2.037    
  -------------------------------------------------------------------
                         slack                                  0.080    

Slack (MET) :             0.081ns  (arrival time - required time)
  Source:                 <hidden>
                            (rising edge-triggered cell FDRE clocked by clk_out1_design_1_clk_wiz_0_0  {rise@0.000ns fall@2.000ns period=4.000ns})
  Destination:            <hidden>
                            (rising edge-triggered cell RAMB36E1 clocked by clk_out1_design_1_clk_wiz_0_0  {rise@0.000ns fall@2.000ns period=4.000ns})
  Path Group:             clk_out1_design_1_clk_wiz_0_0
  Path Type:              Hold (Min at Fast Process Corner)
  Requirement:            0.000ns  (clk_out1_design_1_clk_wiz_0_0 rise@0.000ns - clk_out1_design_1_clk_wiz_0_0 rise@0.000ns)
  Data Path Delay:        0.339ns  (logic 0.164ns (48.359%)  route 0.175ns (51.641%))
  Logic Levels:           0  
  Clock Path Skew:        0.075ns (DCD - SCD - CPR)
    Destination Clock Delay (DCD):    2.284ns
    Source Clock Delay      (SCD):    1.718ns
    Clock Pessimism Removal (CPR):    0.490ns

    Location             Delay type                Incr(ns)  Path(ns)    Netlist Resource(s)
  -------------------------------------------------------------------    -------------------
                         (clock clk_out1_design_1_clk_wiz_0_0 rise edge)
                                                      0.000     0.000 r  
    K17                                               0.000     0.000 r  clk (IN)
                         net (fo=0)                   0.000     0.000    clk
    K17                  IBUF (Prop_ibuf_I_O)         0.243     0.243 r  clk_IBUF_inst/O
                         net (fo=21, routed)          0.842     1.084    design_1_i/clk_wiz_0/inst/clk_in1
    BUFGCTRL_X0Y16       BUFG (Prop_bufg_I_O)         0.026     1.110 r  design_1_i/clk_wiz_0/inst/clkin1_bufg/O
                         net (fo=1, routed)           0.602     1.712    design_1_i/clk_wiz_0/inst/clk_in1_design_1_clk_wiz_0_0
    PLLE2_ADV_X1Y0       PLLE2_ADV (Prop_plle2_adv_CLKIN1_CLKOUT0)
                                                     -1.169     0.542 r  design_1_i/clk_wiz_0/inst/plle2_adv_inst/CLKOUT0
                         net (fo=1, routed)           0.544     1.086    design_1_i/clk_wiz_0/inst/clk_out1_design_1_clk_wiz_0_0
    BUFGCTRL_X0Y0        BUFG (Prop_bufg_I_O)         0.026     1.112 r  design_1_i/clk_wiz_0/inst/clkout1_buf/O
                         net (fo=1802, routed)        0.606     1.718    <hidden>
    SLICE_X92Y61         FDRE                                         r  <hidden>
  -------------------------------------------------------------------    -------------------
    SLICE_X92Y61         FDRE (Prop_fdre_C_Q)         0.164     1.882 r  <hidden>
                         net (fo=2, routed)           0.175     2.057    <hidden>
    RAMB36_X4Y12         RAMB36E1                                     r  <hidden>
  -------------------------------------------------------------------    -------------------

                         (clock clk_out1_design_1_clk_wiz_0_0 rise edge)
                                                      0.000     0.000 r  
    K17                                               0.000     0.000 r  clk (IN)
                         net (fo=0)                   0.000     0.000    clk
    K17                  IBUF (Prop_ibuf_I_O)         0.431     0.431 r  clk_IBUF_inst/O
                         net (fo=21, routed)          0.907     1.338    design_1_i/clk_wiz_0/inst/clk_in1
    BUFGCTRL_X0Y16       BUFG (Prop_bufg_I_O)         0.029     1.367 r  design_1_i/clk_wiz_0/inst/clkin1_bufg/O
                         net (fo=1, routed)           0.869     2.236    design_1_i/clk_wiz_0/inst/clk_in1_design_1_clk_wiz_0_0
    PLLE2_ADV_X1Y0       PLLE2_ADV (Prop_plle2_adv_CLKIN1_CLKOUT0)
                                                     -1.488     0.748 r  design_1_i/clk_wiz_0/inst/plle2_adv_inst/CLKOUT0
                         net (fo=1, routed)           0.592     1.340    design_1_i/clk_wiz_0/inst/clk_out1_design_1_clk_wiz_0_0
    BUFGCTRL_X0Y0        BUFG (Prop_bufg_I_O)         0.029     1.369 r  design_1_i/clk_wiz_0/inst/clkout1_buf/O
                         net (fo=1802, routed)        0.915     2.284    <hidden>
    RAMB36_X4Y12         RAMB36E1                                     r  <hidden>
                         clock pessimism             -0.490     1.794    
    RAMB36_X4Y12         RAMB36E1 (Hold_ramb36e1_CLKARDCLK_ADDRARDADDR[8])
                                                      0.183     1.977    <hidden>
  -------------------------------------------------------------------
                         required time                         -1.977    
                         arrival time                           2.057    
  -------------------------------------------------------------------
                         slack                                  0.081    

Slack (MET) :             0.099ns  (arrival time - required time)
  Source:                 <hidden>
                            (rising edge-triggered cell FDRE clocked by clk_out1_design_1_clk_wiz_0_0  {rise@0.000ns fall@2.000ns period=4.000ns})
  Destination:            <hidden>
                            (rising edge-triggered cell RAMB36E1 clocked by clk_out1_design_1_clk_wiz_0_0  {rise@0.000ns fall@2.000ns period=4.000ns})
  Path Group:             clk_out1_design_1_clk_wiz_0_0
  Path Type:              Hold (Min at Fast Process Corner)
  Requirement:            0.000ns  (clk_out1_design_1_clk_wiz_0_0 rise@0.000ns - clk_out1_design_1_clk_wiz_0_0 rise@0.000ns)
  Data Path Delay:        0.259ns  (logic 0.148ns (57.086%)  route 0.111ns (42.914%))
  Logic Levels:           0  
  Clock Path Skew:        0.058ns (DCD - SCD - CPR)
    Destination Clock Delay (DCD):    2.288ns
    Source Clock Delay      (SCD):    1.719ns
    Clock Pessimism Removal (CPR):    0.510ns

    Location             Delay type                Incr(ns)  Path(ns)    Netlist Resource(s)
  -------------------------------------------------------------------    -------------------
                         (clock clk_out1_design_1_clk_wiz_0_0 rise edge)
                                                      0.000     0.000 r  
    K17                                               0.000     0.000 r  clk (IN)
                         net (fo=0)                   0.000     0.000    clk
    K17                  IBUF (Prop_ibuf_I_O)         0.243     0.243 r  clk_IBUF_inst/O
                         net (fo=21, routed)          0.842     1.084    design_1_i/clk_wiz_0/inst/clk_in1
    BUFGCTRL_X0Y16       BUFG (Prop_bufg_I_O)         0.026     1.110 r  design_1_i/clk_wiz_0/inst/clkin1_bufg/O
                         net (fo=1, routed)           0.602     1.712    design_1_i/clk_wiz_0/inst/clk_in1_design_1_clk_wiz_0_0
    PLLE2_ADV_X1Y0       PLLE2_ADV (Prop_plle2_adv_CLKIN1_CLKOUT0)
                                                     -1.169     0.542 r  design_1_i/clk_wiz_0/inst/plle2_adv_inst/CLKOUT0
                         net (fo=1, routed)           0.544     1.086    design_1_i/clk_wiz_0/inst/clk_out1_design_1_clk_wiz_0_0
    BUFGCTRL_X0Y0        BUFG (Prop_bufg_I_O)         0.026     1.112 r  design_1_i/clk_wiz_0/inst/clkout1_buf/O
                         net (fo=1802, routed)        0.607     1.719    <hidden>
    SLICE_X90Y57         FDRE                                         r  <hidden>
  -------------------------------------------------------------------    -------------------
    SLICE_X90Y57         FDRE (Prop_fdre_C_Q)         0.148     1.867 r  <hidden>
                         net (fo=1, routed)           0.111     1.978    <hidden>
    RAMB36_X4Y11         RAMB36E1                                     r  <hidden>
  -------------------------------------------------------------------    -------------------

                         (clock clk_out1_design_1_clk_wiz_0_0 rise edge)
                                                      0.000     0.000 r  
    K17                                               0.000     0.000 r  clk (IN)
                         net (fo=0)                   0.000     0.000    clk
    K17                  IBUF (Prop_ibuf_I_O)         0.431     0.431 r  clk_IBUF_inst/O
                         net (fo=21, routed)          0.907     1.338    design_1_i/clk_wiz_0/inst/clk_in1
    BUFGCTRL_X0Y16       BUFG (Prop_bufg_I_O)         0.029     1.367 r  design_1_i/clk_wiz_0/inst/clkin1_bufg/O
                         net (fo=1, routed)           0.869     2.236    design_1_i/clk_wiz_0/inst/clk_in1_design_1_clk_wiz_0_0
    PLLE2_ADV_X1Y0       PLLE2_ADV (Prop_plle2_adv_CLKIN1_CLKOUT0)
                                                     -1.488     0.748 r  design_1_i/clk_wiz_0/inst/plle2_adv_inst/CLKOUT0
                         net (fo=1, routed)           0.592     1.340    design_1_i/clk_wiz_0/inst/clk_out1_design_1_clk_wiz_0_0
    BUFGCTRL_X0Y0        BUFG (Prop_bufg_I_O)         0.029     1.369 r  design_1_i/clk_wiz_0/inst/clkout1_buf/O
                         net (fo=1802, routed)        0.919     2.288    <hidden>
    RAMB36_X4Y11         RAMB36E1                                     r  <hidden>
                         clock pessimism             -0.510     1.778    
    RAMB36_X4Y11         RAMB36E1 (Hold_ramb36e1_CLKARDCLK_DIADI[17])
                                                      0.102     1.880    <hidden>
  -------------------------------------------------------------------
                         required time                         -1.880    
                         arrival time                           1.978    
  -------------------------------------------------------------------
                         slack                                  0.099    

Slack (MET) :             0.102ns  (arrival time - required time)
  Source:                 dbg_hub/inst/BSCANID.u_xsdbm_id/CORE_XSDB.UUT_MASTER/U_XSDB_BUS_MSTR2SL_PORT_IFACE/MA_RD_DIN_O_reg[7]/C
                            (rising edge-triggered cell FDRE clocked by clk_out1_design_1_clk_wiz_0_0  {rise@0.000ns fall@2.000ns period=4.000ns})
  Destination:            dbg_hub/inst/BSCANID.u_xsdbm_id/CORE_XSDB.UUT_MASTER/U_ICON_INTERFACE/U_CMD6_RD/U_RD_FIFO/SUBCORE_FIFO.xsdbm_v3_0_0_rdfifo_inst/inst_fifo_gen/gconvfifo.rf/grf.rf/gntv_or_sync_fifo.mem/gdm.dm_gen.dm/RAM_reg_0_15_6_11/RAMA_D1/I
                            (rising edge-triggered cell RAMD32 clocked by clk_out1_design_1_clk_wiz_0_0  {rise@0.000ns fall@2.000ns period=4.000ns})
  Path Group:             clk_out1_design_1_clk_wiz_0_0
  Path Type:              Hold (Min at Fast Process Corner)
  Requirement:            0.000ns  (clk_out1_design_1_clk_wiz_0_0 rise@0.000ns - clk_out1_design_1_clk_wiz_0_0 rise@0.000ns)
  Data Path Delay:        0.258ns  (logic 0.141ns (54.686%)  route 0.117ns (45.314%))
  Logic Levels:           0  
  Clock Path Skew:        0.036ns (DCD - SCD - CPR)
    Destination Clock Delay (DCD):    2.239ns
    Source Clock Delay      (SCD):    1.712ns
    Clock Pessimism Removal (CPR):    0.490ns

    Location             Delay type                Incr(ns)  Path(ns)    Netlist Resource(s)
  -------------------------------------------------------------------    -------------------
                         (clock clk_out1_design_1_clk_wiz_0_0 rise edge)
                                                      0.000     0.000 r  
    K17                                               0.000     0.000 r  clk (IN)
                         net (fo=0)                   0.000     0.000    clk
    K17                  IBUF (Prop_ibuf_I_O)         0.243     0.243 r  clk_IBUF_inst/O
                         net (fo=21, routed)          0.842     1.084    design_1_i/clk_wiz_0/inst/clk_in1
    BUFGCTRL_X0Y16       BUFG (Prop_bufg_I_O)         0.026     1.110 r  design_1_i/clk_wiz_0/inst/clkin1_bufg/O
                         net (fo=1, routed)           0.602     1.712    design_1_i/clk_wiz_0/inst/clk_in1_design_1_clk_wiz_0_0
    PLLE2_ADV_X1Y0       PLLE2_ADV (Prop_plle2_adv_CLKIN1_CLKOUT0)
                                                     -1.169     0.542 r  design_1_i/clk_wiz_0/inst/plle2_adv_inst/CLKOUT0
                         net (fo=1, routed)           0.544     1.086    design_1_i/clk_wiz_0/inst/clk_out1_design_1_clk_wiz_0_0
    BUFGCTRL_X0Y0        BUFG (Prop_bufg_I_O)         0.026     1.112 r  design_1_i/clk_wiz_0/inst/clkout1_buf/O
                         net (fo=1802, routed)        0.600     1.712    dbg_hub/inst/BSCANID.u_xsdbm_id/CORE_XSDB.UUT_MASTER/U_XSDB_BUS_MSTR2SL_PORT_IFACE/clk
    SLICE_X97Y79         FDRE                                         r  dbg_hub/inst/BSCANID.u_xsdbm_id/CORE_XSDB.UUT_MASTER/U_XSDB_BUS_MSTR2SL_PORT_IFACE/MA_RD_DIN_O_reg[7]/C
  -------------------------------------------------------------------    -------------------
    SLICE_X97Y79         FDRE (Prop_fdre_C_Q)         0.141     1.853 r  dbg_hub/inst/BSCANID.u_xsdbm_id/CORE_XSDB.UUT_MASTER/U_XSDB_BUS_MSTR2SL_PORT_IFACE/MA_RD_DIN_O_reg[7]/Q
                         net (fo=1, routed)           0.117     1.970    dbg_hub/inst/BSCANID.u_xsdbm_id/CORE_XSDB.UUT_MASTER/U_ICON_INTERFACE/U_CMD6_RD/U_RD_FIFO/SUBCORE_FIFO.xsdbm_v3_0_0_rdfifo_inst/inst_fifo_gen/gconvfifo.rf/grf.rf/gntv_or_sync_fifo.mem/gdm.dm_gen.dm/RAM_reg_0_15_6_11/DIA1
    SLICE_X98Y80         RAMD32                                       r  dbg_hub/inst/BSCANID.u_xsdbm_id/CORE_XSDB.UUT_MASTER/U_ICON_INTERFACE/U_CMD6_RD/U_RD_FIFO/SUBCORE_FIFO.xsdbm_v3_0_0_rdfifo_inst/inst_fifo_gen/gconvfifo.rf/grf.rf/gntv_or_sync_fifo.mem/gdm.dm_gen.dm/RAM_reg_0_15_6_11/RAMA_D1/I
  -------------------------------------------------------------------    -------------------

                         (clock clk_out1_design_1_clk_wiz_0_0 rise edge)
                                                      0.000     0.000 r  
    K17                                               0.000     0.000 r  clk (IN)
                         net (fo=0)                   0.000     0.000    clk
    K17                  IBUF (Prop_ibuf_I_O)         0.431     0.431 r  clk_IBUF_inst/O
                         net (fo=21, routed)          0.907     1.338    design_1_i/clk_wiz_0/inst/clk_in1
    BUFGCTRL_X0Y16       BUFG (Prop_bufg_I_O)         0.029     1.367 r  design_1_i/clk_wiz_0/inst/clkin1_bufg/O
                         net (fo=1, routed)           0.869     2.236    design_1_i/clk_wiz_0/inst/clk_in1_design_1_clk_wiz_0_0
    PLLE2_ADV_X1Y0       PLLE2_ADV (Prop_plle2_adv_CLKIN1_CLKOUT0)
                                                     -1.488     0.748 r  design_1_i/clk_wiz_0/inst/plle2_adv_inst/CLKOUT0
                         net (fo=1, routed)           0.592     1.340    design_1_i/clk_wiz_0/inst/clk_out1_design_1_clk_wiz_0_0
    BUFGCTRL_X0Y0        BUFG (Prop_bufg_I_O)         0.029     1.369 r  design_1_i/clk_wiz_0/inst/clkout1_buf/O
                         net (fo=1802, routed)        0.870     2.239    dbg_hub/inst/BSCANID.u_xsdbm_id/CORE_XSDB.UUT_MASTER/U_ICON_INTERFACE/U_CMD6_RD/U_RD_FIFO/SUBCORE_FIFO.xsdbm_v3_0_0_rdfifo_inst/inst_fifo_gen/gconvfifo.rf/grf.rf/gntv_or_sync_fifo.mem/gdm.dm_gen.dm/RAM_reg_0_15_6_11/WCLK
    SLICE_X98Y80         RAMD32                                       r  dbg_hub/inst/BSCANID.u_xsdbm_id/CORE_XSDB.UUT_MASTER/U_ICON_INTERFACE/U_CMD6_RD/U_RD_FIFO/SUBCORE_FIFO.xsdbm_v3_0_0_rdfifo_inst/inst_fifo_gen/gconvfifo.rf/grf.rf/gntv_or_sync_fifo.mem/gdm.dm_gen.dm/RAM_reg_0_15_6_11/RAMA_D1/CLK
                         clock pessimism             -0.490     1.748    
    SLICE_X98Y80         RAMD32 (Hold_ramd32_CLK_I)
                                                      0.120     1.868    dbg_hub/inst/BSCANID.u_xsdbm_id/CORE_XSDB.UUT_MASTER/U_ICON_INTERFACE/U_CMD6_RD/U_RD_FIFO/SUBCORE_FIFO.xsdbm_v3_0_0_rdfifo_inst/inst_fifo_gen/gconvfifo.rf/grf.rf/gntv_or_sync_fifo.mem/gdm.dm_gen.dm/RAM_reg_0_15_6_11/RAMA_D1
  -------------------------------------------------------------------
                         required time                         -1.868    
                         arrival time                           1.970    
  -------------------------------------------------------------------
                         slack                                  0.102    

Slack (MET) :             0.104ns  (arrival time - required time)
  Source:                 <hidden>
                            (rising edge-triggered cell FDRE clocked by clk_out1_design_1_clk_wiz_0_0  {rise@0.000ns fall@2.000ns period=4.000ns})
  Destination:            <hidden>
                            (rising edge-triggered cell SRL16E clocked by clk_out1_design_1_clk_wiz_0_0  {rise@0.000ns fall@2.000ns period=4.000ns})
  Path Group:             clk_out1_design_1_clk_wiz_0_0
  Path Type:              Hold (Min at Fast Process Corner)
  Requirement:            0.000ns  (clk_out1_design_1_clk_wiz_0_0 rise@0.000ns - clk_out1_design_1_clk_wiz_0_0 rise@0.000ns)
  Data Path Delay:        0.324ns  (logic 0.141ns (43.499%)  route 0.183ns (56.501%))
  Logic Levels:           0  
  Clock Path Skew:        0.037ns (DCD - SCD - CPR)
    Destination Clock Delay (DCD):    2.248ns
    Source Clock Delay      (SCD):    1.720ns
    Clock Pessimism Removal (CPR):    0.490ns

    Location             Delay type                Incr(ns)  Path(ns)    Netlist Resource(s)
  -------------------------------------------------------------------    -------------------
                         (clock clk_out1_design_1_clk_wiz_0_0 rise edge)
                                                      0.000     0.000 r  
    K17                                               0.000     0.000 r  clk (IN)
                         net (fo=0)                   0.000     0.000    clk
    K17                  IBUF (Prop_ibuf_I_O)         0.243     0.243 r  clk_IBUF_inst/O
                         net (fo=21, routed)          0.842     1.084    design_1_i/clk_wiz_0/inst/clk_in1
    BUFGCTRL_X0Y16       BUFG (Prop_bufg_I_O)         0.026     1.110 r  design_1_i/clk_wiz_0/inst/clkin1_bufg/O
                         net (fo=1, routed)           0.602     1.712    design_1_i/clk_wiz_0/inst/clk_in1_design_1_clk_wiz_0_0
    PLLE2_ADV_X1Y0       PLLE2_ADV (Prop_plle2_adv_CLKIN1_CLKOUT0)
                                                     -1.169     0.542 r  design_1_i/clk_wiz_0/inst/plle2_adv_inst/CLKOUT0
                         net (fo=1, routed)           0.544     1.086    design_1_i/clk_wiz_0/inst/clk_out1_design_1_clk_wiz_0_0
    BUFGCTRL_X0Y0        BUFG (Prop_bufg_I_O)         0.026     1.112 r  design_1_i/clk_wiz_0/inst/clkout1_buf/O
                         net (fo=1802, routed)        0.608     1.720    <hidden>
    SLICE_X91Y56         FDRE                                         r  <hidden>
  -------------------------------------------------------------------    -------------------
    SLICE_X91Y56         FDRE (Prop_fdre_C_Q)         0.141     1.861 r  <hidden>
                         net (fo=1, routed)           0.183     2.044    <hidden>
    SLICE_X94Y55         SRL16E                                       r  <hidden>
  -------------------------------------------------------------------    -------------------

                         (clock clk_out1_design_1_clk_wiz_0_0 rise edge)
                                                      0.000     0.000 r  
    K17                                               0.000     0.000 r  clk (IN)
                         net (fo=0)                   0.000     0.000    clk
    K17                  IBUF (Prop_ibuf_I_O)         0.431     0.431 r  clk_IBUF_inst/O
                         net (fo=21, routed)          0.907     1.338    design_1_i/clk_wiz_0/inst/clk_in1
    BUFGCTRL_X0Y16       BUFG (Prop_bufg_I_O)         0.029     1.367 r  design_1_i/clk_wiz_0/inst/clkin1_bufg/O
                         net (fo=1, routed)           0.869     2.236    design_1_i/clk_wiz_0/inst/clk_in1_design_1_clk_wiz_0_0
    PLLE2_ADV_X1Y0       PLLE2_ADV (Prop_plle2_adv_CLKIN1_CLKOUT0)
                                                     -1.488     0.748 r  design_1_i/clk_wiz_0/inst/plle2_adv_inst/CLKOUT0
                         net (fo=1, routed)           0.592     1.340    design_1_i/clk_wiz_0/inst/clk_out1_design_1_clk_wiz_0_0
    BUFGCTRL_X0Y0        BUFG (Prop_bufg_I_O)         0.029     1.369 r  design_1_i/clk_wiz_0/inst/clkout1_buf/O
                         net (fo=1802, routed)        0.879     2.248    <hidden>
    SLICE_X94Y55         SRL16E                                       r  <hidden>
                         clock pessimism             -0.490     1.757    
    SLICE_X94Y55         SRL16E (Hold_srl16e_CLK_D)
                                                      0.183     1.940    <hidden>
  -------------------------------------------------------------------
                         required time                         -1.940    
                         arrival time                           2.044    
  -------------------------------------------------------------------
                         slack                                  0.104    

Slack (MET) :             0.115ns  (arrival time - required time)
  Source:                 dbg_hub/inst/BSCANID.u_xsdbm_id/CORE_XSDB.UUT_MASTER/U_XSDB_BUS_MSTR2SL_PORT_IFACE/MA_RD_DIN_O_reg[2]/C
                            (rising edge-triggered cell FDRE clocked by clk_out1_design_1_clk_wiz_0_0  {rise@0.000ns fall@2.000ns period=4.000ns})
  Destination:            dbg_hub/inst/BSCANID.u_xsdbm_id/CORE_XSDB.UUT_MASTER/U_ICON_INTERFACE/U_CMD6_RD/U_RD_FIFO/SUBCORE_FIFO.xsdbm_v3_0_0_rdfifo_inst/inst_fifo_gen/gconvfifo.rf/grf.rf/gntv_or_sync_fifo.mem/gdm.dm_gen.dm/RAM_reg_0_15_0_5/RAMB/I
                            (rising edge-triggered cell RAMD32 clocked by clk_out1_design_1_clk_wiz_0_0  {rise@0.000ns fall@2.000ns period=4.000ns})
  Path Group:             clk_out1_design_1_clk_wiz_0_0
  Path Type:              Hold (Min at Fast Process Corner)
  Requirement:            0.000ns  (clk_out1_design_1_clk_wiz_0_0 rise@0.000ns - clk_out1_design_1_clk_wiz_0_0 rise@0.000ns)
  Data Path Delay:        0.276ns  (logic 0.164ns (59.419%)  route 0.112ns (40.581%))
  Logic Levels:           0  
  Clock Path Skew:        0.015ns (DCD - SCD - CPR)
    Destination Clock Delay (DCD):    2.238ns
    Source Clock Delay      (SCD):    1.712ns
    Clock Pessimism Removal (CPR):    0.510ns

    Location             Delay type                Incr(ns)  Path(ns)    Netlist Resource(s)
  -------------------------------------------------------------------    -------------------
                         (clock clk_out1_design_1_clk_wiz_0_0 rise edge)
                                                      0.000     0.000 r  
    K17                                               0.000     0.000 r  clk (IN)
                         net (fo=0)                   0.000     0.000    clk
    K17                  IBUF (Prop_ibuf_I_O)         0.243     0.243 r  clk_IBUF_inst/O
                         net (fo=21, routed)          0.842     1.084    design_1_i/clk_wiz_0/inst/clk_in1
    BUFGCTRL_X0Y16       BUFG (Prop_bufg_I_O)         0.026     1.110 r  design_1_i/clk_wiz_0/inst/clkin1_bufg/O
                         net (fo=1, routed)           0.602     1.712    design_1_i/clk_wiz_0/inst/clk_in1_design_1_clk_wiz_0_0
    PLLE2_ADV_X1Y0       PLLE2_ADV (Prop_plle2_adv_CLKIN1_CLKOUT0)
                                                     -1.169     0.542 r  design_1_i/clk_wiz_0/inst/plle2_adv_inst/CLKOUT0
                         net (fo=1, routed)           0.544     1.086    design_1_i/clk_wiz_0/inst/clk_out1_design_1_clk_wiz_0_0
    BUFGCTRL_X0Y0        BUFG (Prop_bufg_I_O)         0.026     1.112 r  design_1_i/clk_wiz_0/inst/clkout1_buf/O
                         net (fo=1802, routed)        0.600     1.712    dbg_hub/inst/BSCANID.u_xsdbm_id/CORE_XSDB.UUT_MASTER/U_XSDB_BUS_MSTR2SL_PORT_IFACE/clk
    SLICE_X96Y79         FDRE                                         r  dbg_hub/inst/BSCANID.u_xsdbm_id/CORE_XSDB.UUT_MASTER/U_XSDB_BUS_MSTR2SL_PORT_IFACE/MA_RD_DIN_O_reg[2]/C
  -------------------------------------------------------------------    -------------------
    SLICE_X96Y79         FDRE (Prop_fdre_C_Q)         0.164     1.876 r  dbg_hub/inst/BSCANID.u_xsdbm_id/CORE_XSDB.UUT_MASTER/U_XSDB_BUS_MSTR2SL_PORT_IFACE/MA_RD_DIN_O_reg[2]/Q
                         net (fo=1, routed)           0.112     1.988    dbg_hub/inst/BSCANID.u_xsdbm_id/CORE_XSDB.UUT_MASTER/U_ICON_INTERFACE/U_CMD6_RD/U_RD_FIFO/SUBCORE_FIFO.xsdbm_v3_0_0_rdfifo_inst/inst_fifo_gen/gconvfifo.rf/grf.rf/gntv_or_sync_fifo.mem/gdm.dm_gen.dm/RAM_reg_0_15_0_5/DIB0
    SLICE_X96Y80         RAMD32                                       r  dbg_hub/inst/BSCANID.u_xsdbm_id/CORE_XSDB.UUT_MASTER/U_ICON_INTERFACE/U_CMD6_RD/U_RD_FIFO/SUBCORE_FIFO.xsdbm_v3_0_0_rdfifo_inst/inst_fifo_gen/gconvfifo.rf/grf.rf/gntv_or_sync_fifo.mem/gdm.dm_gen.dm/RAM_reg_0_15_0_5/RAMB/I
  -------------------------------------------------------------------    -------------------

                         (clock clk_out1_design_1_clk_wiz_0_0 rise edge)
                                                      0.000     0.000 r  
    K17                                               0.000     0.000 r  clk (IN)
                         net (fo=0)                   0.000     0.000    clk
    K17                  IBUF (Prop_ibuf_I_O)         0.431     0.431 r  clk_IBUF_inst/O
                         net (fo=21, routed)          0.907     1.338    design_1_i/clk_wiz_0/inst/clk_in1
    BUFGCTRL_X0Y16       BUFG (Prop_bufg_I_O)         0.029     1.367 r  design_1_i/clk_wiz_0/inst/clkin1_bufg/O
                         net (fo=1, routed)           0.869     2.236    design_1_i/clk_wiz_0/inst/clk_in1_design_1_clk_wiz_0_0
    PLLE2_ADV_X1Y0       PLLE2_ADV (Prop_plle2_adv_CLKIN1_CLKOUT0)
                                                     -1.488     0.748 r  design_1_i/clk_wiz_0/inst/plle2_adv_inst/CLKOUT0
                         net (fo=1, routed)           0.592     1.340    design_1_i/clk_wiz_0/inst/clk_out1_design_1_clk_wiz_0_0
    BUFGCTRL_X0Y0        BUFG (Prop_bufg_I_O)         0.029     1.369 r  design_1_i/clk_wiz_0/inst/clkout1_buf/O
                         net (fo=1802, routed)        0.869     2.238    dbg_hub/inst/BSCANID.u_xsdbm_id/CORE_XSDB.UUT_MASTER/U_ICON_INTERFACE/U_CMD6_RD/U_RD_FIFO/SUBCORE_FIFO.xsdbm_v3_0_0_rdfifo_inst/inst_fifo_gen/gconvfifo.rf/grf.rf/gntv_or_sync_fifo.mem/gdm.dm_gen.dm/RAM_reg_0_15_0_5/WCLK
    SLICE_X96Y80         RAMD32                                       r  dbg_hub/inst/BSCANID.u_xsdbm_id/CORE_XSDB.UUT_MASTER/U_ICON_INTERFACE/U_CMD6_RD/U_RD_FIFO/SUBCORE_FIFO.xsdbm_v3_0_0_rdfifo_inst/inst_fifo_gen/gconvfifo.rf/grf.rf/gntv_or_sync_fifo.mem/gdm.dm_gen.dm/RAM_reg_0_15_0_5/RAMB/CLK
                         clock pessimism             -0.510     1.727    
    SLICE_X96Y80         RAMD32 (Hold_ramd32_CLK_I)
                                                      0.146     1.873    dbg_hub/inst/BSCANID.u_xsdbm_id/CORE_XSDB.UUT_MASTER/U_ICON_INTERFACE/U_CMD6_RD/U_RD_FIFO/SUBCORE_FIFO.xsdbm_v3_0_0_rdfifo_inst/inst_fifo_gen/gconvfifo.rf/grf.rf/gntv_or_sync_fifo.mem/gdm.dm_gen.dm/RAM_reg_0_15_0_5/RAMB
  -------------------------------------------------------------------
                         required time                         -1.873    
                         arrival time                           1.988    
  -------------------------------------------------------------------
                         slack                                  0.115    





Pulse Width Checks
--------------------------------------------------------------------------------------
Clock Name:         clk_out1_design_1_clk_wiz_0_0
Waveform(ns):       { 0.000 2.000 }
Period(ns):         4.000
Sources:            { design_1_i/clk_wiz_0/inst/plle2_adv_inst/CLKOUT0 }

Check Type        Corner  Lib Pin             Reference Pin  Required(ns)  Actual(ns)  Slack(ns)  Location        Pin
Min Period        n/a     RAMB36E1/CLKARDCLK  n/a            2.944         4.000       1.056      RAMB36_X4Y12    <hidden>
Min Period        n/a     RAMB36E1/CLKBWRCLK  n/a            2.944         4.000       1.056      RAMB36_X4Y12    <hidden>
Min Period        n/a     RAMB36E1/CLKARDCLK  n/a            2.944         4.000       1.056      RAMB36_X4Y11    <hidden>
Min Period        n/a     RAMB36E1/CLKBWRCLK  n/a            2.944         4.000       1.056      RAMB36_X4Y11    <hidden>
Min Period        n/a     BUFG/I              n/a            2.155         4.000       1.845      BUFGCTRL_X0Y0   design_1_i/clk_wiz_0/inst/clkout1_buf/I
Min Period        n/a     PLLE2_ADV/CLKOUT0   n/a            1.249         4.000       2.751      PLLE2_ADV_X1Y0  design_1_i/clk_wiz_0/inst/plle2_adv_inst/CLKOUT0
Min Period        n/a     FDRE/C              n/a            1.000         4.000       3.000      SLICE_X94Y85    dbg_hub/inst/BSCANID.u_xsdbm_id/CORE_XSDB.UUT_MASTER/U_ICON_INTERFACE/U_CMD1/ctl_reg_en_1_reg[0]/C
Min Period        n/a     FDRE/C              n/a            1.000         4.000       3.000      SLICE_X94Y85    dbg_hub/inst/BSCANID.u_xsdbm_id/CORE_XSDB.UUT_MASTER/U_ICON_INTERFACE/U_CMD1/ctl_reg_en_1_reg[1]/C
Min Period        n/a     FDRE/C              n/a            1.000         4.000       3.000      SLICE_X94Y85    dbg_hub/inst/BSCANID.u_xsdbm_id/CORE_XSDB.UUT_MASTER/U_ICON_INTERFACE/U_CMD1/ctl_reg_en_2_reg[0]/C
Min Period        n/a     FDRE/C              n/a            1.000         4.000       3.000      SLICE_X94Y85    dbg_hub/inst/BSCANID.u_xsdbm_id/CORE_XSDB.UUT_MASTER/U_ICON_INTERFACE/U_CMD1/ctl_reg_en_2_reg[1]/C
Max Period        n/a     PLLE2_ADV/CLKOUT0   n/a            160.000       4.000       156.000    PLLE2_ADV_X1Y0  design_1_i/clk_wiz_0/inst/plle2_adv_inst/CLKOUT0
Low Pulse Width   Slow    RAMD32/CLK          n/a            1.250         2.000       0.750      SLICE_X98Y80    dbg_hub/inst/BSCANID.u_xsdbm_id/CORE_XSDB.UUT_MASTER/U_ICON_INTERFACE/U_CMD6_RD/U_RD_FIFO/SUBCORE_FIFO.xsdbm_v3_0_0_rdfifo_inst/inst_fifo_gen/gconvfifo.rf/grf.rf/gntv_or_sync_fifo.mem/gdm.dm_gen.dm/RAM_reg_0_15_6_11/RAMA/CLK
Low Pulse Width   Fast    RAMD32/CLK          n/a            1.250         2.000       0.750      SLICE_X98Y80    dbg_hub/inst/BSCANID.u_xsdbm_id/CORE_XSDB.UUT_MASTER/U_ICON_INTERFACE/U_CMD6_RD/U_RD_FIFO/SUBCORE_FIFO.xsdbm_v3_0_0_rdfifo_inst/inst_fifo_gen/gconvfifo.rf/grf.rf/gntv_or_sync_fifo.mem/gdm.dm_gen.dm/RAM_reg_0_15_6_11/RAMA/CLK
Low Pulse Width   Slow    RAMD32/CLK          n/a            1.250         2.000       0.750      SLICE_X98Y80    dbg_hub/inst/BSCANID.u_xsdbm_id/CORE_XSDB.UUT_MASTER/U_ICON_INTERFACE/U_CMD6_RD/U_RD_FIFO/SUBCORE_FIFO.xsdbm_v3_0_0_rdfifo_inst/inst_fifo_gen/gconvfifo.rf/grf.rf/gntv_or_sync_fifo.mem/gdm.dm_gen.dm/RAM_reg_0_15_6_11/RAMA_D1/CLK
Low Pulse Width   Fast    RAMD32/CLK          n/a            1.250         2.000       0.750      SLICE_X98Y80    dbg_hub/inst/BSCANID.u_xsdbm_id/CORE_XSDB.UUT_MASTER/U_ICON_INTERFACE/U_CMD6_RD/U_RD_FIFO/SUBCORE_FIFO.xsdbm_v3_0_0_rdfifo_inst/inst_fifo_gen/gconvfifo.rf/grf.rf/gntv_or_sync_fifo.mem/gdm.dm_gen.dm/RAM_reg_0_15_6_11/RAMA_D1/CLK
Low Pulse Width   Slow    RAMD32/CLK          n/a            1.250         2.000       0.750      SLICE_X98Y80    dbg_hub/inst/BSCANID.u_xsdbm_id/CORE_XSDB.UUT_MASTER/U_ICON_INTERFACE/U_CMD6_RD/U_RD_FIFO/SUBCORE_FIFO.xsdbm_v3_0_0_rdfifo_inst/inst_fifo_gen/gconvfifo.rf/grf.rf/gntv_or_sync_fifo.mem/gdm.dm_gen.dm/RAM_reg_0_15_6_11/RAMB/CLK
Low Pulse Width   Fast    RAMD32/CLK          n/a            1.250         2.000       0.750      SLICE_X98Y80    dbg_hub/inst/BSCANID.u_xsdbm_id/CORE_XSDB.UUT_MASTER/U_ICON_INTERFACE/U_CMD6_RD/U_RD_FIFO/SUBCORE_FIFO.xsdbm_v3_0_0_rdfifo_inst/inst_fifo_gen/gconvfifo.rf/grf.rf/gntv_or_sync_fifo.mem/gdm.dm_gen.dm/RAM_reg_0_15_6_11/RAMB/CLK
Low Pulse Width   Slow    RAMD32/CLK          n/a            1.250         2.000       0.750      SLICE_X98Y80    dbg_hub/inst/BSCANID.u_xsdbm_id/CORE_XSDB.UUT_MASTER/U_ICON_INTERFACE/U_CMD6_RD/U_RD_FIFO/SUBCORE_FIFO.xsdbm_v3_0_0_rdfifo_inst/inst_fifo_gen/gconvfifo.rf/grf.rf/gntv_or_sync_fifo.mem/gdm.dm_gen.dm/RAM_reg_0_15_6_11/RAMB_D1/CLK
Low Pulse Width   Fast    RAMD32/CLK          n/a            1.250         2.000       0.750      SLICE_X98Y80    dbg_hub/inst/BSCANID.u_xsdbm_id/CORE_XSDB.UUT_MASTER/U_ICON_INTERFACE/U_CMD6_RD/U_RD_FIFO/SUBCORE_FIFO.xsdbm_v3_0_0_rdfifo_inst/inst_fifo_gen/gconvfifo.rf/grf.rf/gntv_or_sync_fifo.mem/gdm.dm_gen.dm/RAM_reg_0_15_6_11/RAMB_D1/CLK
Low Pulse Width   Slow    RAMD32/CLK          n/a            1.250         2.000       0.750      SLICE_X98Y80    dbg_hub/inst/BSCANID.u_xsdbm_id/CORE_XSDB.UUT_MASTER/U_ICON_INTERFACE/U_CMD6_RD/U_RD_FIFO/SUBCORE_FIFO.xsdbm_v3_0_0_rdfifo_inst/inst_fifo_gen/gconvfifo.rf/grf.rf/gntv_or_sync_fifo.mem/gdm.dm_gen.dm/RAM_reg_0_15_6_11/RAMC/CLK
Low Pulse Width   Fast    RAMD32/CLK          n/a            1.250         2.000       0.750      SLICE_X98Y80    dbg_hub/inst/BSCANID.u_xsdbm_id/CORE_XSDB.UUT_MASTER/U_ICON_INTERFACE/U_CMD6_RD/U_RD_FIFO/SUBCORE_FIFO.xsdbm_v3_0_0_rdfifo_inst/inst_fifo_gen/gconvfifo.rf/grf.rf/gntv_or_sync_fifo.mem/gdm.dm_gen.dm/RAM_reg_0_15_6_11/RAMC/CLK
High Pulse Width  Slow    RAMD32/CLK          n/a            1.250         2.000       0.750      SLICE_X96Y80    dbg_hub/inst/BSCANID.u_xsdbm_id/CORE_XSDB.UUT_MASTER/U_ICON_INTERFACE/U_CMD6_RD/U_RD_FIFO/SUBCORE_FIFO.xsdbm_v3_0_0_rdfifo_inst/inst_fifo_gen/gconvfifo.rf/grf.rf/gntv_or_sync_fifo.mem/gdm.dm_gen.dm/RAM_reg_0_15_0_5/RAMA/CLK
High Pulse Width  Fast    RAMD32/CLK          n/a            1.250         2.000       0.750      SLICE_X96Y80    dbg_hub/inst/BSCANID.u_xsdbm_id/CORE_XSDB.UUT_MASTER/U_ICON_INTERFACE/U_CMD6_RD/U_RD_FIFO/SUBCORE_FIFO.xsdbm_v3_0_0_rdfifo_inst/inst_fifo_gen/gconvfifo.rf/grf.rf/gntv_or_sync_fifo.mem/gdm.dm_gen.dm/RAM_reg_0_15_0_5/RAMA/CLK
High Pulse Width  Slow    RAMD32/CLK          n/a            1.250         2.000       0.750      SLICE_X96Y80    dbg_hub/inst/BSCANID.u_xsdbm_id/CORE_XSDB.UUT_MASTER/U_ICON_INTERFACE/U_CMD6_RD/U_RD_FIFO/SUBCORE_FIFO.xsdbm_v3_0_0_rdfifo_inst/inst_fifo_gen/gconvfifo.rf/grf.rf/gntv_or_sync_fifo.mem/gdm.dm_gen.dm/RAM_reg_0_15_0_5/RAMA_D1/CLK
High Pulse Width  Fast    RAMD32/CLK          n/a            1.250         2.000       0.750      SLICE_X96Y80    dbg_hub/inst/BSCANID.u_xsdbm_id/CORE_XSDB.UUT_MASTER/U_ICON_INTERFACE/U_CMD6_RD/U_RD_FIFO/SUBCORE_FIFO.xsdbm_v3_0_0_rdfifo_inst/inst_fifo_gen/gconvfifo.rf/grf.rf/gntv_or_sync_fifo.mem/gdm.dm_gen.dm/RAM_reg_0_15_0_5/RAMA_D1/CLK
High Pulse Width  Slow    RAMD32/CLK          n/a            1.250         2.000       0.750      SLICE_X96Y80    dbg_hub/inst/BSCANID.u_xsdbm_id/CORE_XSDB.UUT_MASTER/U_ICON_INTERFACE/U_CMD6_RD/U_RD_FIFO/SUBCORE_FIFO.xsdbm_v3_0_0_rdfifo_inst/inst_fifo_gen/gconvfifo.rf/grf.rf/gntv_or_sync_fifo.mem/gdm.dm_gen.dm/RAM_reg_0_15_0_5/RAMB/CLK
High Pulse Width  Fast    RAMD32/CLK          n/a            1.250         2.000       0.750      SLICE_X96Y80    dbg_hub/inst/BSCANID.u_xsdbm_id/CORE_XSDB.UUT_MASTER/U_ICON_INTERFACE/U_CMD6_RD/U_RD_FIFO/SUBCORE_FIFO.xsdbm_v3_0_0_rdfifo_inst/inst_fifo_gen/gconvfifo.rf/grf.rf/gntv_or_sync_fifo.mem/gdm.dm_gen.dm/RAM_reg_0_15_0_5/RAMB/CLK
High Pulse Width  Slow    RAMD32/CLK          n/a            1.250         2.000       0.750      SLICE_X96Y80    dbg_hub/inst/BSCANID.u_xsdbm_id/CORE_XSDB.UUT_MASTER/U_ICON_INTERFACE/U_CMD6_RD/U_RD_FIFO/SUBCORE_FIFO.xsdbm_v3_0_0_rdfifo_inst/inst_fifo_gen/gconvfifo.rf/grf.rf/gntv_or_sync_fifo.mem/gdm.dm_gen.dm/RAM_reg_0_15_0_5/RAMB_D1/CLK
High Pulse Width  Fast    RAMD32/CLK          n/a            1.250         2.000       0.750      SLICE_X96Y80    dbg_hub/inst/BSCANID.u_xsdbm_id/CORE_XSDB.UUT_MASTER/U_ICON_INTERFACE/U_CMD6_RD/U_RD_FIFO/SUBCORE_FIFO.xsdbm_v3_0_0_rdfifo_inst/inst_fifo_gen/gconvfifo.rf/grf.rf/gntv_or_sync_fifo.mem/gdm.dm_gen.dm/RAM_reg_0_15_0_5/RAMB_D1/CLK
High Pulse Width  Slow    RAMD32/CLK          n/a            1.250         2.000       0.750      SLICE_X96Y80    dbg_hub/inst/BSCANID.u_xsdbm_id/CORE_XSDB.UUT_MASTER/U_ICON_INTERFACE/U_CMD6_RD/U_RD_FIFO/SUBCORE_FIFO.xsdbm_v3_0_0_rdfifo_inst/inst_fifo_gen/gconvfifo.rf/grf.rf/gntv_or_sync_fifo.mem/gdm.dm_gen.dm/RAM_reg_0_15_0_5/RAMC/CLK
High Pulse Width  Fast    RAMD32/CLK          n/a            1.250         2.000       0.750      SLICE_X96Y80    dbg_hub/inst/BSCANID.u_xsdbm_id/CORE_XSDB.UUT_MASTER/U_ICON_INTERFACE/U_CMD6_RD/U_RD_FIFO/SUBCORE_FIFO.xsdbm_v3_0_0_rdfifo_inst/inst_fifo_gen/gconvfifo.rf/grf.rf/gntv_or_sync_fifo.mem/gdm.dm_gen.dm/RAM_reg_0_15_0_5/RAMC/CLK



---------------------------------------------------------------------------------------------------
From Clock:  clkfbout_design_1_clk_wiz_0_0
  To Clock:  clkfbout_design_1_clk_wiz_0_0

Setup :           NA  Failing Endpoints,  Worst Slack           NA  ,  Total Violation           NA
Hold  :           NA  Failing Endpoints,  Worst Slack           NA  ,  Total Violation           NA
PW    :            0  Failing Endpoints,  Worst Slack        5.845ns,  Total Violation        0.000ns
---------------------------------------------------------------------------------------------------


Pulse Width Checks
--------------------------------------------------------------------------------------
Clock Name:         clkfbout_design_1_clk_wiz_0_0
Waveform(ns):       { 0.000 4.000 }
Period(ns):         8.000
Sources:            { design_1_i/clk_wiz_0/inst/plle2_adv_inst/CLKFBOUT }

Check Type  Corner  Lib Pin             Reference Pin  Required(ns)  Actual(ns)  Slack(ns)  Location        Pin
Min Period  n/a     BUFG/I              n/a            2.155         8.000       5.845      BUFGCTRL_X0Y2   design_1_i/clk_wiz_0/inst/clkf_buf/I
Min Period  n/a     PLLE2_ADV/CLKFBOUT  n/a            1.249         8.000       6.751      PLLE2_ADV_X1Y0  design_1_i/clk_wiz_0/inst/plle2_adv_inst/CLKFBOUT
Min Period  n/a     PLLE2_ADV/CLKFBIN   n/a            1.249         8.000       6.751      PLLE2_ADV_X1Y0  design_1_i/clk_wiz_0/inst/plle2_adv_inst/CLKFBIN
Max Period  n/a     PLLE2_ADV/CLKFBIN   n/a            52.633        8.000       44.633     PLLE2_ADV_X1Y0  design_1_i/clk_wiz_0/inst/plle2_adv_inst/CLKFBIN
Max Period  n/a     PLLE2_ADV/CLKFBOUT  n/a            160.000       8.000       152.000    PLLE2_ADV_X1Y0  design_1_i/clk_wiz_0/inst/plle2_adv_inst/CLKFBOUT



---------------------------------------------------------------------------------------------------
From Clock:  clk_out1_design_1_clk_wiz_0_0
  To Clock:  dbg_hub/inst/BSCANID.u_xsdbm_id/SWITCH_N_EXT_BSCAN.bscan_inst/SERIES7_BSCAN.bscan_inst/TCK

Setup :            0  Failing Endpoints,  Worst Slack        2.517ns,  Total Violation        0.000ns
Hold  :           NA  Failing Endpoints,  Worst Slack           NA  ,  Total Violation           NA
---------------------------------------------------------------------------------------------------


Max Delay Paths
--------------------------------------------------------------------------------------
Slack (MET) :             2.517ns  (required time - arrival time)
  Source:                 dbg_hub/inst/BSCANID.u_xsdbm_id/CORE_XSDB.UUT_MASTER/U_ICON_INTERFACE/U_CMD6_WR/U_WR_FIFO/SUBCORE_FIFO.xsdbm_v3_0_0_wrfifo_inst/inst_fifo_gen/gconvfifo.rf/grf.rf/gntv_or_sync_fifo.gcx.clkx/gnxpm_cdc.rd_pntr_gc_reg[2]/C
                            (rising edge-triggered cell FDCE clocked by clk_out1_design_1_clk_wiz_0_0  {rise@0.000ns fall@2.000ns period=4.000ns})
  Destination:            dbg_hub/inst/BSCANID.u_xsdbm_id/CORE_XSDB.UUT_MASTER/U_ICON_INTERFACE/U_CMD6_WR/U_WR_FIFO/SUBCORE_FIFO.xsdbm_v3_0_0_wrfifo_inst/inst_fifo_gen/gconvfifo.rf/grf.rf/gntv_or_sync_fifo.gcx.clkx/gnxpm_cdc.gsync_stage[1].wr_stg_inst/Q_reg_reg[2]/D
                            (rising edge-triggered cell FDCE clocked by dbg_hub/inst/BSCANID.u_xsdbm_id/SWITCH_N_EXT_BSCAN.bscan_inst/SERIES7_BSCAN.bscan_inst/TCK  {rise@0.000ns fall@16.500ns period=33.000ns})
  Path Group:             dbg_hub/inst/BSCANID.u_xsdbm_id/SWITCH_N_EXT_BSCAN.bscan_inst/SERIES7_BSCAN.bscan_inst/TCK
  Path Type:              Setup (Max at Slow Process Corner)
  Requirement:            4.000ns  (MaxDelay Path 4.000ns)
  Data Path Delay:        1.263ns  (logic 0.478ns (37.854%)  route 0.785ns (62.146%))
  Logic Levels:           0  
  Timing Exception:       MaxDelay Path 4.000ns -datapath_only

    Location             Delay type                Incr(ns)  Path(ns)    Netlist Resource(s)
  -------------------------------------------------------------------    -------------------
    SLICE_X102Y87                                     0.000     0.000 r  dbg_hub/inst/BSCANID.u_xsdbm_id/CORE_XSDB.UUT_MASTER/U_ICON_INTERFACE/U_CMD6_WR/U_WR_FIFO/SUBCORE_FIFO.xsdbm_v3_0_0_wrfifo_inst/inst_fifo_gen/gconvfifo.rf/grf.rf/gntv_or_sync_fifo.gcx.clkx/gnxpm_cdc.rd_pntr_gc_reg[2]/C
    SLICE_X102Y87        FDCE (Prop_fdce_C_Q)         0.478     0.478 r  dbg_hub/inst/BSCANID.u_xsdbm_id/CORE_XSDB.UUT_MASTER/U_ICON_INTERFACE/U_CMD6_WR/U_WR_FIFO/SUBCORE_FIFO.xsdbm_v3_0_0_wrfifo_inst/inst_fifo_gen/gconvfifo.rf/grf.rf/gntv_or_sync_fifo.gcx.clkx/gnxpm_cdc.rd_pntr_gc_reg[2]/Q
                         net (fo=1, routed)           0.785     1.263    dbg_hub/inst/BSCANID.u_xsdbm_id/CORE_XSDB.UUT_MASTER/U_ICON_INTERFACE/U_CMD6_WR/U_WR_FIFO/SUBCORE_FIFO.xsdbm_v3_0_0_wrfifo_inst/inst_fifo_gen/gconvfifo.rf/grf.rf/gntv_or_sync_fifo.gcx.clkx/gnxpm_cdc.gsync_stage[1].wr_stg_inst/Q[2]
    SLICE_X104Y87        FDCE                                         r  dbg_hub/inst/BSCANID.u_xsdbm_id/CORE_XSDB.UUT_MASTER/U_ICON_INTERFACE/U_CMD6_WR/U_WR_FIFO/SUBCORE_FIFO.xsdbm_v3_0_0_wrfifo_inst/inst_fifo_gen/gconvfifo.rf/grf.rf/gntv_or_sync_fifo.gcx.clkx/gnxpm_cdc.gsync_stage[1].wr_stg_inst/Q_reg_reg[2]/D
  -------------------------------------------------------------------    -------------------

                         max delay                    4.000     4.000    
    SLICE_X104Y87        FDCE (Setup_fdce_C_D)       -0.220     3.780    dbg_hub/inst/BSCANID.u_xsdbm_id/CORE_XSDB.UUT_MASTER/U_ICON_INTERFACE/U_CMD6_WR/U_WR_FIFO/SUBCORE_FIFO.xsdbm_v3_0_0_wrfifo_inst/inst_fifo_gen/gconvfifo.rf/grf.rf/gntv_or_sync_fifo.gcx.clkx/gnxpm_cdc.gsync_stage[1].wr_stg_inst/Q_reg_reg[2]
  -------------------------------------------------------------------
                         required time                          3.780    
                         arrival time                          -1.263    
  -------------------------------------------------------------------
                         slack                                  2.517    

Slack (MET) :             2.670ns  (required time - arrival time)
  Source:                 dbg_hub/inst/BSCANID.u_xsdbm_id/CORE_XSDB.UUT_MASTER/U_ICON_INTERFACE/U_CMD6_RD/U_RD_FIFO/SUBCORE_FIFO.xsdbm_v3_0_0_rdfifo_inst/inst_fifo_gen/gconvfifo.rf/grf.rf/gntv_or_sync_fifo.gcx.clkx/gnxpm_cdc.wr_pntr_gc_reg[1]/C
                            (rising edge-triggered cell FDCE clocked by clk_out1_design_1_clk_wiz_0_0  {rise@0.000ns fall@2.000ns period=4.000ns})
  Destination:            dbg_hub/inst/BSCANID.u_xsdbm_id/CORE_XSDB.UUT_MASTER/U_ICON_INTERFACE/U_CMD6_RD/U_RD_FIFO/SUBCORE_FIFO.xsdbm_v3_0_0_rdfifo_inst/inst_fifo_gen/gconvfifo.rf/grf.rf/gntv_or_sync_fifo.gcx.clkx/gnxpm_cdc.gsync_stage[1].rd_stg_inst/Q_reg_reg[1]/D
                            (rising edge-triggered cell FDCE clocked by dbg_hub/inst/BSCANID.u_xsdbm_id/SWITCH_N_EXT_BSCAN.bscan_inst/SERIES7_BSCAN.bscan_inst/TCK  {rise@0.000ns fall@16.500ns period=33.000ns})
  Path Group:             dbg_hub/inst/BSCANID.u_xsdbm_id/SWITCH_N_EXT_BSCAN.bscan_inst/SERIES7_BSCAN.bscan_inst/TCK
  Path Type:              Setup (Max at Slow Process Corner)
  Requirement:            4.000ns  (MaxDelay Path 4.000ns)
  Data Path Delay:        1.115ns  (logic 0.478ns (42.877%)  route 0.637ns (57.123%))
  Logic Levels:           0  
  Timing Exception:       MaxDelay Path 4.000ns -datapath_only

    Location             Delay type                Incr(ns)  Path(ns)    Netlist Resource(s)
  -------------------------------------------------------------------    -------------------
    SLICE_X94Y83                                      0.000     0.000 r  dbg_hub/inst/BSCANID.u_xsdbm_id/CORE_XSDB.UUT_MASTER/U_ICON_INTERFACE/U_CMD6_RD/U_RD_FIFO/SUBCORE_FIFO.xsdbm_v3_0_0_rdfifo_inst/inst_fifo_gen/gconvfifo.rf/grf.rf/gntv_or_sync_fifo.gcx.clkx/gnxpm_cdc.wr_pntr_gc_reg[1]/C
    SLICE_X94Y83         FDCE (Prop_fdce_C_Q)         0.478     0.478 r  dbg_hub/inst/BSCANID.u_xsdbm_id/CORE_XSDB.UUT_MASTER/U_ICON_INTERFACE/U_CMD6_RD/U_RD_FIFO/SUBCORE_FIFO.xsdbm_v3_0_0_rdfifo_inst/inst_fifo_gen/gconvfifo.rf/grf.rf/gntv_or_sync_fifo.gcx.clkx/gnxpm_cdc.wr_pntr_gc_reg[1]/Q
                         net (fo=1, routed)           0.637     1.115    dbg_hub/inst/BSCANID.u_xsdbm_id/CORE_XSDB.UUT_MASTER/U_ICON_INTERFACE/U_CMD6_RD/U_RD_FIFO/SUBCORE_FIFO.xsdbm_v3_0_0_rdfifo_inst/inst_fifo_gen/gconvfifo.rf/grf.rf/gntv_or_sync_fifo.gcx.clkx/gnxpm_cdc.gsync_stage[1].rd_stg_inst/Q[1]
    SLICE_X94Y84         FDCE                                         r  dbg_hub/inst/BSCANID.u_xsdbm_id/CORE_XSDB.UUT_MASTER/U_ICON_INTERFACE/U_CMD6_RD/U_RD_FIFO/SUBCORE_FIFO.xsdbm_v3_0_0_rdfifo_inst/inst_fifo_gen/gconvfifo.rf/grf.rf/gntv_or_sync_fifo.gcx.clkx/gnxpm_cdc.gsync_stage[1].rd_stg_inst/Q_reg_reg[1]/D
  -------------------------------------------------------------------    -------------------

                         max delay                    4.000     4.000    
    SLICE_X94Y84         FDCE (Setup_fdce_C_D)       -0.215     3.785    dbg_hub/inst/BSCANID.u_xsdbm_id/CORE_XSDB.UUT_MASTER/U_ICON_INTERFACE/U_CMD6_RD/U_RD_FIFO/SUBCORE_FIFO.xsdbm_v3_0_0_rdfifo_inst/inst_fifo_gen/gconvfifo.rf/grf.rf/gntv_or_sync_fifo.gcx.clkx/gnxpm_cdc.gsync_stage[1].rd_stg_inst/Q_reg_reg[1]
  -------------------------------------------------------------------
                         required time                          3.785    
                         arrival time                          -1.115    
  -------------------------------------------------------------------
                         slack                                  2.670    

Slack (MET) :             2.804ns  (required time - arrival time)
  Source:                 dbg_hub/inst/BSCANID.u_xsdbm_id/CORE_XSDB.UUT_MASTER/U_ICON_INTERFACE/U_CMD6_RD/U_RD_FIFO/SUBCORE_FIFO.xsdbm_v3_0_0_rdfifo_inst/inst_fifo_gen/gconvfifo.rf/grf.rf/gntv_or_sync_fifo.gcx.clkx/gnxpm_cdc.wr_pntr_gc_reg[3]/C
                            (rising edge-triggered cell FDCE clocked by clk_out1_design_1_clk_wiz_0_0  {rise@0.000ns fall@2.000ns period=4.000ns})
  Destination:            dbg_hub/inst/BSCANID.u_xsdbm_id/CORE_XSDB.UUT_MASTER/U_ICON_INTERFACE/U_CMD6_RD/U_RD_FIFO/SUBCORE_FIFO.xsdbm_v3_0_0_rdfifo_inst/inst_fifo_gen/gconvfifo.rf/grf.rf/gntv_or_sync_fifo.gcx.clkx/gnxpm_cdc.gsync_stage[1].rd_stg_inst/Q_reg_reg[3]/D
                            (rising edge-triggered cell FDCE clocked by dbg_hub/inst/BSCANID.u_xsdbm_id/SWITCH_N_EXT_BSCAN.bscan_inst/SERIES7_BSCAN.bscan_inst/TCK  {rise@0.000ns fall@16.500ns period=33.000ns})
  Path Group:             dbg_hub/inst/BSCANID.u_xsdbm_id/SWITCH_N_EXT_BSCAN.bscan_inst/SERIES7_BSCAN.bscan_inst/TCK
  Path Type:              Setup (Max at Slow Process Corner)
  Requirement:            4.000ns  (MaxDelay Path 4.000ns)
  Data Path Delay:        0.977ns  (logic 0.478ns (48.908%)  route 0.499ns (51.092%))
  Logic Levels:           0  
  Timing Exception:       MaxDelay Path 4.000ns -datapath_only

    Location             Delay type                Incr(ns)  Path(ns)    Netlist Resource(s)
  -------------------------------------------------------------------    -------------------
    SLICE_X94Y83                                      0.000     0.000 r  dbg_hub/inst/BSCANID.u_xsdbm_id/CORE_XSDB.UUT_MASTER/U_ICON_INTERFACE/U_CMD6_RD/U_RD_FIFO/SUBCORE_FIFO.xsdbm_v3_0_0_rdfifo_inst/inst_fifo_gen/gconvfifo.rf/grf.rf/gntv_or_sync_fifo.gcx.clkx/gnxpm_cdc.wr_pntr_gc_reg[3]/C
    SLICE_X94Y83         FDCE (Prop_fdce_C_Q)         0.478     0.478 r  dbg_hub/inst/BSCANID.u_xsdbm_id/CORE_XSDB.UUT_MASTER/U_ICON_INTERFACE/U_CMD6_RD/U_RD_FIFO/SUBCORE_FIFO.xsdbm_v3_0_0_rdfifo_inst/inst_fifo_gen/gconvfifo.rf/grf.rf/gntv_or_sync_fifo.gcx.clkx/gnxpm_cdc.wr_pntr_gc_reg[3]/Q
                         net (fo=1, routed)           0.499     0.977    dbg_hub/inst/BSCANID.u_xsdbm_id/CORE_XSDB.UUT_MASTER/U_ICON_INTERFACE/U_CMD6_RD/U_RD_FIFO/SUBCORE_FIFO.xsdbm_v3_0_0_rdfifo_inst/inst_fifo_gen/gconvfifo.rf/grf.rf/gntv_or_sync_fifo.gcx.clkx/gnxpm_cdc.gsync_stage[1].rd_stg_inst/Q[3]
    SLICE_X94Y84         FDCE                                         r  dbg_hub/inst/BSCANID.u_xsdbm_id/CORE_XSDB.UUT_MASTER/U_ICON_INTERFACE/U_CMD6_RD/U_RD_FIFO/SUBCORE_FIFO.xsdbm_v3_0_0_rdfifo_inst/inst_fifo_gen/gconvfifo.rf/grf.rf/gntv_or_sync_fifo.gcx.clkx/gnxpm_cdc.gsync_stage[1].rd_stg_inst/Q_reg_reg[3]/D
  -------------------------------------------------------------------    -------------------

                         max delay                    4.000     4.000    
    SLICE_X94Y84         FDCE (Setup_fdce_C_D)       -0.219     3.781    dbg_hub/inst/BSCANID.u_xsdbm_id/CORE_XSDB.UUT_MASTER/U_ICON_INTERFACE/U_CMD6_RD/U_RD_FIFO/SUBCORE_FIFO.xsdbm_v3_0_0_rdfifo_inst/inst_fifo_gen/gconvfifo.rf/grf.rf/gntv_or_sync_fifo.gcx.clkx/gnxpm_cdc.gsync_stage[1].rd_stg_inst/Q_reg_reg[3]
  -------------------------------------------------------------------
                         required time                          3.781    
                         arrival time                          -0.977    
  -------------------------------------------------------------------
                         slack                                  2.804    

Slack (MET) :             2.837ns  (required time - arrival time)
  Source:                 dbg_hub/inst/BSCANID.u_xsdbm_id/CORE_XSDB.UUT_MASTER/U_ICON_INTERFACE/U_CMD6_WR/U_WR_FIFO/SUBCORE_FIFO.xsdbm_v3_0_0_wrfifo_inst/inst_fifo_gen/gconvfifo.rf/grf.rf/gntv_or_sync_fifo.gcx.clkx/gnxpm_cdc.rd_pntr_gc_reg[1]/C
                            (rising edge-triggered cell FDCE clocked by clk_out1_design_1_clk_wiz_0_0  {rise@0.000ns fall@2.000ns period=4.000ns})
  Destination:            dbg_hub/inst/BSCANID.u_xsdbm_id/CORE_XSDB.UUT_MASTER/U_ICON_INTERFACE/U_CMD6_WR/U_WR_FIFO/SUBCORE_FIFO.xsdbm_v3_0_0_wrfifo_inst/inst_fifo_gen/gconvfifo.rf/grf.rf/gntv_or_sync_fifo.gcx.clkx/gnxpm_cdc.gsync_stage[1].wr_stg_inst/Q_reg_reg[1]/D
                            (rising edge-triggered cell FDCE clocked by dbg_hub/inst/BSCANID.u_xsdbm_id/SWITCH_N_EXT_BSCAN.bscan_inst/SERIES7_BSCAN.bscan_inst/TCK  {rise@0.000ns fall@16.500ns period=33.000ns})
  Path Group:             dbg_hub/inst/BSCANID.u_xsdbm_id/SWITCH_N_EXT_BSCAN.bscan_inst/SERIES7_BSCAN.bscan_inst/TCK
  Path Type:              Setup (Max at Slow Process Corner)
  Requirement:            4.000ns  (MaxDelay Path 4.000ns)
  Data Path Delay:        1.116ns  (logic 0.518ns (46.398%)  route 0.598ns (53.602%))
  Logic Levels:           0  
  Timing Exception:       MaxDelay Path 4.000ns -datapath_only

    Location             Delay type                Incr(ns)  Path(ns)    Netlist Resource(s)
  -------------------------------------------------------------------    -------------------
    SLICE_X102Y87                                     0.000     0.000 r  dbg_hub/inst/BSCANID.u_xsdbm_id/CORE_XSDB.UUT_MASTER/U_ICON_INTERFACE/U_CMD6_WR/U_WR_FIFO/SUBCORE_FIFO.xsdbm_v3_0_0_wrfifo_inst/inst_fifo_gen/gconvfifo.rf/grf.rf/gntv_or_sync_fifo.gcx.clkx/gnxpm_cdc.rd_pntr_gc_reg[1]/C
    SLICE_X102Y87        FDCE (Prop_fdce_C_Q)         0.518     0.518 r  dbg_hub/inst/BSCANID.u_xsdbm_id/CORE_XSDB.UUT_MASTER/U_ICON_INTERFACE/U_CMD6_WR/U_WR_FIFO/SUBCORE_FIFO.xsdbm_v3_0_0_wrfifo_inst/inst_fifo_gen/gconvfifo.rf/grf.rf/gntv_or_sync_fifo.gcx.clkx/gnxpm_cdc.rd_pntr_gc_reg[1]/Q
                         net (fo=1, routed)           0.598     1.116    dbg_hub/inst/BSCANID.u_xsdbm_id/CORE_XSDB.UUT_MASTER/U_ICON_INTERFACE/U_CMD6_WR/U_WR_FIFO/SUBCORE_FIFO.xsdbm_v3_0_0_wrfifo_inst/inst_fifo_gen/gconvfifo.rf/grf.rf/gntv_or_sync_fifo.gcx.clkx/gnxpm_cdc.gsync_stage[1].wr_stg_inst/Q[1]
    SLICE_X104Y87        FDCE                                         r  dbg_hub/inst/BSCANID.u_xsdbm_id/CORE_XSDB.UUT_MASTER/U_ICON_INTERFACE/U_CMD6_WR/U_WR_FIFO/SUBCORE_FIFO.xsdbm_v3_0_0_wrfifo_inst/inst_fifo_gen/gconvfifo.rf/grf.rf/gntv_or_sync_fifo.gcx.clkx/gnxpm_cdc.gsync_stage[1].wr_stg_inst/Q_reg_reg[1]/D
  -------------------------------------------------------------------    -------------------

                         max delay                    4.000     4.000    
    SLICE_X104Y87        FDCE (Setup_fdce_C_D)       -0.047     3.953    dbg_hub/inst/BSCANID.u_xsdbm_id/CORE_XSDB.UUT_MASTER/U_ICON_INTERFACE/U_CMD6_WR/U_WR_FIFO/SUBCORE_FIFO.xsdbm_v3_0_0_wrfifo_inst/inst_fifo_gen/gconvfifo.rf/grf.rf/gntv_or_sync_fifo.gcx.clkx/gnxpm_cdc.gsync_stage[1].wr_stg_inst/Q_reg_reg[1]
  -------------------------------------------------------------------
                         required time                          3.953    
                         arrival time                          -1.116    
  -------------------------------------------------------------------
                         slack                                  2.837    

Slack (MET) :             2.845ns  (required time - arrival time)
  Source:                 dbg_hub/inst/BSCANID.u_xsdbm_id/CORE_XSDB.UUT_MASTER/U_ICON_INTERFACE/U_CMD6_WR/U_WR_FIFO/SUBCORE_FIFO.xsdbm_v3_0_0_wrfifo_inst/inst_fifo_gen/gconvfifo.rf/grf.rf/gntv_or_sync_fifo.gcx.clkx/gnxpm_cdc.rd_pntr_gc_reg[0]/C
                            (rising edge-triggered cell FDCE clocked by clk_out1_design_1_clk_wiz_0_0  {rise@0.000ns fall@2.000ns period=4.000ns})
  Destination:            dbg_hub/inst/BSCANID.u_xsdbm_id/CORE_XSDB.UUT_MASTER/U_ICON_INTERFACE/U_CMD6_WR/U_WR_FIFO/SUBCORE_FIFO.xsdbm_v3_0_0_wrfifo_inst/inst_fifo_gen/gconvfifo.rf/grf.rf/gntv_or_sync_fifo.gcx.clkx/gnxpm_cdc.gsync_stage[1].wr_stg_inst/Q_reg_reg[0]/D
                            (rising edge-triggered cell FDCE clocked by dbg_hub/inst/BSCANID.u_xsdbm_id/SWITCH_N_EXT_BSCAN.bscan_inst/SERIES7_BSCAN.bscan_inst/TCK  {rise@0.000ns fall@16.500ns period=33.000ns})
  Path Group:             dbg_hub/inst/BSCANID.u_xsdbm_id/SWITCH_N_EXT_BSCAN.bscan_inst/SERIES7_BSCAN.bscan_inst/TCK
  Path Type:              Setup (Max at Slow Process Corner)
  Requirement:            4.000ns  (MaxDelay Path 4.000ns)
  Data Path Delay:        1.108ns  (logic 0.456ns (41.165%)  route 0.652ns (58.835%))
  Logic Levels:           0  
  Timing Exception:       MaxDelay Path 4.000ns -datapath_only

    Location             Delay type                Incr(ns)  Path(ns)    Netlist Resource(s)
  -------------------------------------------------------------------    -------------------
    SLICE_X103Y86                                     0.000     0.000 r  dbg_hub/inst/BSCANID.u_xsdbm_id/CORE_XSDB.UUT_MASTER/U_ICON_INTERFACE/U_CMD6_WR/U_WR_FIFO/SUBCORE_FIFO.xsdbm_v3_0_0_wrfifo_inst/inst_fifo_gen/gconvfifo.rf/grf.rf/gntv_or_sync_fifo.gcx.clkx/gnxpm_cdc.rd_pntr_gc_reg[0]/C
    SLICE_X103Y86        FDCE (Prop_fdce_C_Q)         0.456     0.456 r  dbg_hub/inst/BSCANID.u_xsdbm_id/CORE_XSDB.UUT_MASTER/U_ICON_INTERFACE/U_CMD6_WR/U_WR_FIFO/SUBCORE_FIFO.xsdbm_v3_0_0_wrfifo_inst/inst_fifo_gen/gconvfifo.rf/grf.rf/gntv_or_sync_fifo.gcx.clkx/gnxpm_cdc.rd_pntr_gc_reg[0]/Q
                         net (fo=1, routed)           0.652     1.108    dbg_hub/inst/BSCANID.u_xsdbm_id/CORE_XSDB.UUT_MASTER/U_ICON_INTERFACE/U_CMD6_WR/U_WR_FIFO/SUBCORE_FIFO.xsdbm_v3_0_0_wrfifo_inst/inst_fifo_gen/gconvfifo.rf/grf.rf/gntv_or_sync_fifo.gcx.clkx/gnxpm_cdc.gsync_stage[1].wr_stg_inst/Q[0]
    SLICE_X104Y86        FDCE                                         r  dbg_hub/inst/BSCANID.u_xsdbm_id/CORE_XSDB.UUT_MASTER/U_ICON_INTERFACE/U_CMD6_WR/U_WR_FIFO/SUBCORE_FIFO.xsdbm_v3_0_0_wrfifo_inst/inst_fifo_gen/gconvfifo.rf/grf.rf/gntv_or_sync_fifo.gcx.clkx/gnxpm_cdc.gsync_stage[1].wr_stg_inst/Q_reg_reg[0]/D
  -------------------------------------------------------------------    -------------------

                         max delay                    4.000     4.000    
    SLICE_X104Y86        FDCE (Setup_fdce_C_D)       -0.047     3.953    dbg_hub/inst/BSCANID.u_xsdbm_id/CORE_XSDB.UUT_MASTER/U_ICON_INTERFACE/U_CMD6_WR/U_WR_FIFO/SUBCORE_FIFO.xsdbm_v3_0_0_wrfifo_inst/inst_fifo_gen/gconvfifo.rf/grf.rf/gntv_or_sync_fifo.gcx.clkx/gnxpm_cdc.gsync_stage[1].wr_stg_inst/Q_reg_reg[0]
  -------------------------------------------------------------------
                         required time                          3.953    
                         arrival time                          -1.108    
  -------------------------------------------------------------------
                         slack                                  2.845    

Slack (MET) :             2.861ns  (required time - arrival time)
  Source:                 dbg_hub/inst/BSCANID.u_xsdbm_id/CORE_XSDB.UUT_MASTER/U_ICON_INTERFACE/U_CMD6_RD/U_RD_FIFO/SUBCORE_FIFO.xsdbm_v3_0_0_rdfifo_inst/inst_fifo_gen/gconvfifo.rf/grf.rf/gntv_or_sync_fifo.gcx.clkx/gnxpm_cdc.wr_pntr_gc_reg[0]/C
                            (rising edge-triggered cell FDCE clocked by clk_out1_design_1_clk_wiz_0_0  {rise@0.000ns fall@2.000ns period=4.000ns})
  Destination:            dbg_hub/inst/BSCANID.u_xsdbm_id/CORE_XSDB.UUT_MASTER/U_ICON_INTERFACE/U_CMD6_RD/U_RD_FIFO/SUBCORE_FIFO.xsdbm_v3_0_0_rdfifo_inst/inst_fifo_gen/gconvfifo.rf/grf.rf/gntv_or_sync_fifo.gcx.clkx/gnxpm_cdc.gsync_stage[1].rd_stg_inst/Q_reg_reg[0]/D
                            (rising edge-triggered cell FDCE clocked by dbg_hub/inst/BSCANID.u_xsdbm_id/SWITCH_N_EXT_BSCAN.bscan_inst/SERIES7_BSCAN.bscan_inst/TCK  {rise@0.000ns fall@16.500ns period=33.000ns})
  Path Group:             dbg_hub/inst/BSCANID.u_xsdbm_id/SWITCH_N_EXT_BSCAN.bscan_inst/SERIES7_BSCAN.bscan_inst/TCK
  Path Type:              Setup (Max at Slow Process Corner)
  Requirement:            4.000ns  (MaxDelay Path 4.000ns)
  Data Path Delay:        1.092ns  (logic 0.518ns (47.439%)  route 0.574ns (52.561%))
  Logic Levels:           0  
  Timing Exception:       MaxDelay Path 4.000ns -datapath_only

    Location             Delay type                Incr(ns)  Path(ns)    Netlist Resource(s)
  -------------------------------------------------------------------    -------------------
    SLICE_X94Y83                                      0.000     0.000 r  dbg_hub/inst/BSCANID.u_xsdbm_id/CORE_XSDB.UUT_MASTER/U_ICON_INTERFACE/U_CMD6_RD/U_RD_FIFO/SUBCORE_FIFO.xsdbm_v3_0_0_rdfifo_inst/inst_fifo_gen/gconvfifo.rf/grf.rf/gntv_or_sync_fifo.gcx.clkx/gnxpm_cdc.wr_pntr_gc_reg[0]/C
    SLICE_X94Y83         FDCE (Prop_fdce_C_Q)         0.518     0.518 r  dbg_hub/inst/BSCANID.u_xsdbm_id/CORE_XSDB.UUT_MASTER/U_ICON_INTERFACE/U_CMD6_RD/U_RD_FIFO/SUBCORE_FIFO.xsdbm_v3_0_0_rdfifo_inst/inst_fifo_gen/gconvfifo.rf/grf.rf/gntv_or_sync_fifo.gcx.clkx/gnxpm_cdc.wr_pntr_gc_reg[0]/Q
                         net (fo=1, routed)           0.574     1.092    dbg_hub/inst/BSCANID.u_xsdbm_id/CORE_XSDB.UUT_MASTER/U_ICON_INTERFACE/U_CMD6_RD/U_RD_FIFO/SUBCORE_FIFO.xsdbm_v3_0_0_rdfifo_inst/inst_fifo_gen/gconvfifo.rf/grf.rf/gntv_or_sync_fifo.gcx.clkx/gnxpm_cdc.gsync_stage[1].rd_stg_inst/Q[0]
    SLICE_X94Y84         FDCE                                         r  dbg_hub/inst/BSCANID.u_xsdbm_id/CORE_XSDB.UUT_MASTER/U_ICON_INTERFACE/U_CMD6_RD/U_RD_FIFO/SUBCORE_FIFO.xsdbm_v3_0_0_rdfifo_inst/inst_fifo_gen/gconvfifo.rf/grf.rf/gntv_or_sync_fifo.gcx.clkx/gnxpm_cdc.gsync_stage[1].rd_stg_inst/Q_reg_reg[0]/D
  -------------------------------------------------------------------    -------------------

                         max delay                    4.000     4.000    
    SLICE_X94Y84         FDCE (Setup_fdce_C_D)       -0.047     3.953    dbg_hub/inst/BSCANID.u_xsdbm_id/CORE_XSDB.UUT_MASTER/U_ICON_INTERFACE/U_CMD6_RD/U_RD_FIFO/SUBCORE_FIFO.xsdbm_v3_0_0_rdfifo_inst/inst_fifo_gen/gconvfifo.rf/grf.rf/gntv_or_sync_fifo.gcx.clkx/gnxpm_cdc.gsync_stage[1].rd_stg_inst/Q_reg_reg[0]
  -------------------------------------------------------------------
                         required time                          3.953    
                         arrival time                          -1.092    
  -------------------------------------------------------------------
                         slack                                  2.861    

Slack (MET) :             2.893ns  (required time - arrival time)
  Source:                 dbg_hub/inst/BSCANID.u_xsdbm_id/CORE_XSDB.UUT_MASTER/U_ICON_INTERFACE/U_CMD6_WR/U_WR_FIFO/SUBCORE_FIFO.xsdbm_v3_0_0_wrfifo_inst/inst_fifo_gen/gconvfifo.rf/grf.rf/gntv_or_sync_fifo.gcx.clkx/gnxpm_cdc.rd_pntr_gc_reg[3]/C
                            (rising edge-triggered cell FDCE clocked by clk_out1_design_1_clk_wiz_0_0  {rise@0.000ns fall@2.000ns period=4.000ns})
  Destination:            dbg_hub/inst/BSCANID.u_xsdbm_id/CORE_XSDB.UUT_MASTER/U_ICON_INTERFACE/U_CMD6_WR/U_WR_FIFO/SUBCORE_FIFO.xsdbm_v3_0_0_wrfifo_inst/inst_fifo_gen/gconvfifo.rf/grf.rf/gntv_or_sync_fifo.gcx.clkx/gnxpm_cdc.gsync_stage[1].wr_stg_inst/Q_reg_reg[3]/D
                            (rising edge-triggered cell FDCE clocked by dbg_hub/inst/BSCANID.u_xsdbm_id/SWITCH_N_EXT_BSCAN.bscan_inst/SERIES7_BSCAN.bscan_inst/TCK  {rise@0.000ns fall@16.500ns period=33.000ns})
  Path Group:             dbg_hub/inst/BSCANID.u_xsdbm_id/SWITCH_N_EXT_BSCAN.bscan_inst/SERIES7_BSCAN.bscan_inst/TCK
  Path Type:              Setup (Max at Slow Process Corner)
  Requirement:            4.000ns  (MaxDelay Path 4.000ns)
  Data Path Delay:        1.064ns  (logic 0.456ns (42.874%)  route 0.608ns (57.126%))
  Logic Levels:           0  
  Timing Exception:       MaxDelay Path 4.000ns -datapath_only

    Location             Delay type                Incr(ns)  Path(ns)    Netlist Resource(s)
  -------------------------------------------------------------------    -------------------
    SLICE_X103Y86                                     0.000     0.000 r  dbg_hub/inst/BSCANID.u_xsdbm_id/CORE_XSDB.UUT_MASTER/U_ICON_INTERFACE/U_CMD6_WR/U_WR_FIFO/SUBCORE_FIFO.xsdbm_v3_0_0_wrfifo_inst/inst_fifo_gen/gconvfifo.rf/grf.rf/gntv_or_sync_fifo.gcx.clkx/gnxpm_cdc.rd_pntr_gc_reg[3]/C
    SLICE_X103Y86        FDCE (Prop_fdce_C_Q)         0.456     0.456 r  dbg_hub/inst/BSCANID.u_xsdbm_id/CORE_XSDB.UUT_MASTER/U_ICON_INTERFACE/U_CMD6_WR/U_WR_FIFO/SUBCORE_FIFO.xsdbm_v3_0_0_wrfifo_inst/inst_fifo_gen/gconvfifo.rf/grf.rf/gntv_or_sync_fifo.gcx.clkx/gnxpm_cdc.rd_pntr_gc_reg[3]/Q
                         net (fo=1, routed)           0.608     1.064    dbg_hub/inst/BSCANID.u_xsdbm_id/CORE_XSDB.UUT_MASTER/U_ICON_INTERFACE/U_CMD6_WR/U_WR_FIFO/SUBCORE_FIFO.xsdbm_v3_0_0_wrfifo_inst/inst_fifo_gen/gconvfifo.rf/grf.rf/gntv_or_sync_fifo.gcx.clkx/gnxpm_cdc.gsync_stage[1].wr_stg_inst/Q[3]
    SLICE_X104Y86        FDCE                                         r  dbg_hub/inst/BSCANID.u_xsdbm_id/CORE_XSDB.UUT_MASTER/U_ICON_INTERFACE/U_CMD6_WR/U_WR_FIFO/SUBCORE_FIFO.xsdbm_v3_0_0_wrfifo_inst/inst_fifo_gen/gconvfifo.rf/grf.rf/gntv_or_sync_fifo.gcx.clkx/gnxpm_cdc.gsync_stage[1].wr_stg_inst/Q_reg_reg[3]/D
  -------------------------------------------------------------------    -------------------

                         max delay                    4.000     4.000    
    SLICE_X104Y86        FDCE (Setup_fdce_C_D)       -0.043     3.957    dbg_hub/inst/BSCANID.u_xsdbm_id/CORE_XSDB.UUT_MASTER/U_ICON_INTERFACE/U_CMD6_WR/U_WR_FIFO/SUBCORE_FIFO.xsdbm_v3_0_0_wrfifo_inst/inst_fifo_gen/gconvfifo.rf/grf.rf/gntv_or_sync_fifo.gcx.clkx/gnxpm_cdc.gsync_stage[1].wr_stg_inst/Q_reg_reg[3]
  -------------------------------------------------------------------
                         required time                          3.957    
                         arrival time                          -1.064    
  -------------------------------------------------------------------
                         slack                                  2.893    

Slack (MET) :             2.946ns  (required time - arrival time)
  Source:                 dbg_hub/inst/BSCANID.u_xsdbm_id/CORE_XSDB.UUT_MASTER/U_ICON_INTERFACE/U_CMD6_RD/U_RD_FIFO/SUBCORE_FIFO.xsdbm_v3_0_0_rdfifo_inst/inst_fifo_gen/gconvfifo.rf/grf.rf/gntv_or_sync_fifo.gcx.clkx/gnxpm_cdc.wr_pntr_gc_reg[2]/C
                            (rising edge-triggered cell FDCE clocked by clk_out1_design_1_clk_wiz_0_0  {rise@0.000ns fall@2.000ns period=4.000ns})
  Destination:            dbg_hub/inst/BSCANID.u_xsdbm_id/CORE_XSDB.UUT_MASTER/U_ICON_INTERFACE/U_CMD6_RD/U_RD_FIFO/SUBCORE_FIFO.xsdbm_v3_0_0_rdfifo_inst/inst_fifo_gen/gconvfifo.rf/grf.rf/gntv_or_sync_fifo.gcx.clkx/gnxpm_cdc.gsync_stage[1].rd_stg_inst/Q_reg_reg[2]/D
                            (rising edge-triggered cell FDCE clocked by dbg_hub/inst/BSCANID.u_xsdbm_id/SWITCH_N_EXT_BSCAN.bscan_inst/SERIES7_BSCAN.bscan_inst/TCK  {rise@0.000ns fall@16.500ns period=33.000ns})
  Path Group:             dbg_hub/inst/BSCANID.u_xsdbm_id/SWITCH_N_EXT_BSCAN.bscan_inst/SERIES7_BSCAN.bscan_inst/TCK
  Path Type:              Setup (Max at Slow Process Corner)
  Requirement:            4.000ns  (MaxDelay Path 4.000ns)
  Data Path Delay:        1.009ns  (logic 0.518ns (51.320%)  route 0.491ns (48.680%))
  Logic Levels:           0  
  Timing Exception:       MaxDelay Path 4.000ns -datapath_only

    Location             Delay type                Incr(ns)  Path(ns)    Netlist Resource(s)
  -------------------------------------------------------------------    -------------------
    SLICE_X94Y83                                      0.000     0.000 r  dbg_hub/inst/BSCANID.u_xsdbm_id/CORE_XSDB.UUT_MASTER/U_ICON_INTERFACE/U_CMD6_RD/U_RD_FIFO/SUBCORE_FIFO.xsdbm_v3_0_0_rdfifo_inst/inst_fifo_gen/gconvfifo.rf/grf.rf/gntv_or_sync_fifo.gcx.clkx/gnxpm_cdc.wr_pntr_gc_reg[2]/C
    SLICE_X94Y83         FDCE (Prop_fdce_C_Q)         0.518     0.518 r  dbg_hub/inst/BSCANID.u_xsdbm_id/CORE_XSDB.UUT_MASTER/U_ICON_INTERFACE/U_CMD6_RD/U_RD_FIFO/SUBCORE_FIFO.xsdbm_v3_0_0_rdfifo_inst/inst_fifo_gen/gconvfifo.rf/grf.rf/gntv_or_sync_fifo.gcx.clkx/gnxpm_cdc.wr_pntr_gc_reg[2]/Q
                         net (fo=1, routed)           0.491     1.009    dbg_hub/inst/BSCANID.u_xsdbm_id/CORE_XSDB.UUT_MASTER/U_ICON_INTERFACE/U_CMD6_RD/U_RD_FIFO/SUBCORE_FIFO.xsdbm_v3_0_0_rdfifo_inst/inst_fifo_gen/gconvfifo.rf/grf.rf/gntv_or_sync_fifo.gcx.clkx/gnxpm_cdc.gsync_stage[1].rd_stg_inst/Q[2]
    SLICE_X94Y84         FDCE                                         r  dbg_hub/inst/BSCANID.u_xsdbm_id/CORE_XSDB.UUT_MASTER/U_ICON_INTERFACE/U_CMD6_RD/U_RD_FIFO/SUBCORE_FIFO.xsdbm_v3_0_0_rdfifo_inst/inst_fifo_gen/gconvfifo.rf/grf.rf/gntv_or_sync_fifo.gcx.clkx/gnxpm_cdc.gsync_stage[1].rd_stg_inst/Q_reg_reg[2]/D
  -------------------------------------------------------------------    -------------------

                         max delay                    4.000     4.000    
    SLICE_X94Y84         FDCE (Setup_fdce_C_D)       -0.045     3.955    dbg_hub/inst/BSCANID.u_xsdbm_id/CORE_XSDB.UUT_MASTER/U_ICON_INTERFACE/U_CMD6_RD/U_RD_FIFO/SUBCORE_FIFO.xsdbm_v3_0_0_rdfifo_inst/inst_fifo_gen/gconvfifo.rf/grf.rf/gntv_or_sync_fifo.gcx.clkx/gnxpm_cdc.gsync_stage[1].rd_stg_inst/Q_reg_reg[2]
  -------------------------------------------------------------------
                         required time                          3.955    
                         arrival time                          -1.009    
  -------------------------------------------------------------------
                         slack                                  2.946    





---------------------------------------------------------------------------------------------------
From Clock:  dbg_hub/inst/BSCANID.u_xsdbm_id/SWITCH_N_EXT_BSCAN.bscan_inst/SERIES7_BSCAN.bscan_inst/TCK
  To Clock:  clk_out1_design_1_clk_wiz_0_0

Setup :            0  Failing Endpoints,  Worst Slack       31.354ns,  Total Violation        0.000ns
Hold  :           NA  Failing Endpoints,  Worst Slack           NA  ,  Total Violation           NA
---------------------------------------------------------------------------------------------------


Max Delay Paths
--------------------------------------------------------------------------------------
Slack (MET) :             31.354ns  (required time - arrival time)
  Source:                 dbg_hub/inst/BSCANID.u_xsdbm_id/CORE_XSDB.UUT_MASTER/U_ICON_INTERFACE/U_CMD6_RD/U_RD_FIFO/SUBCORE_FIFO.xsdbm_v3_0_0_rdfifo_inst/inst_fifo_gen/gconvfifo.rf/grf.rf/gntv_or_sync_fifo.gcx.clkx/gnxpm_cdc.rd_pntr_gc_reg[2]/C
                            (rising edge-triggered cell FDCE clocked by dbg_hub/inst/BSCANID.u_xsdbm_id/SWITCH_N_EXT_BSCAN.bscan_inst/SERIES7_BSCAN.bscan_inst/TCK  {rise@0.000ns fall@16.500ns period=33.000ns})
  Destination:            dbg_hub/inst/BSCANID.u_xsdbm_id/CORE_XSDB.UUT_MASTER/U_ICON_INTERFACE/U_CMD6_RD/U_RD_FIFO/SUBCORE_FIFO.xsdbm_v3_0_0_rdfifo_inst/inst_fifo_gen/gconvfifo.rf/grf.rf/gntv_or_sync_fifo.gcx.clkx/gnxpm_cdc.gsync_stage[1].wr_stg_inst/Q_reg_reg[2]/D
                            (rising edge-triggered cell FDCE clocked by clk_out1_design_1_clk_wiz_0_0  {rise@0.000ns fall@2.000ns period=4.000ns})
  Path Group:             clk_out1_design_1_clk_wiz_0_0
  Path Type:              Setup (Max at Slow Process Corner)
  Requirement:            33.000ns  (MaxDelay Path 33.000ns)
  Data Path Delay:        1.427ns  (logic 0.419ns (29.368%)  route 1.008ns (70.632%))
  Logic Levels:           0  
  Timing Exception:       MaxDelay Path 33.000ns -datapath_only

    Location             Delay type                Incr(ns)  Path(ns)    Netlist Resource(s)
  -------------------------------------------------------------------    -------------------
    SLICE_X95Y84                                      0.000     0.000 r  dbg_hub/inst/BSCANID.u_xsdbm_id/CORE_XSDB.UUT_MASTER/U_ICON_INTERFACE/U_CMD6_RD/U_RD_FIFO/SUBCORE_FIFO.xsdbm_v3_0_0_rdfifo_inst/inst_fifo_gen/gconvfifo.rf/grf.rf/gntv_or_sync_fifo.gcx.clkx/gnxpm_cdc.rd_pntr_gc_reg[2]/C
    SLICE_X95Y84         FDCE (Prop_fdce_C_Q)         0.419     0.419 r  dbg_hub/inst/BSCANID.u_xsdbm_id/CORE_XSDB.UUT_MASTER/U_ICON_INTERFACE/U_CMD6_RD/U_RD_FIFO/SUBCORE_FIFO.xsdbm_v3_0_0_rdfifo_inst/inst_fifo_gen/gconvfifo.rf/grf.rf/gntv_or_sync_fifo.gcx.clkx/gnxpm_cdc.rd_pntr_gc_reg[2]/Q
                         net (fo=1, routed)           1.008     1.427    dbg_hub/inst/BSCANID.u_xsdbm_id/CORE_XSDB.UUT_MASTER/U_ICON_INTERFACE/U_CMD6_RD/U_RD_FIFO/SUBCORE_FIFO.xsdbm_v3_0_0_rdfifo_inst/inst_fifo_gen/gconvfifo.rf/grf.rf/gntv_or_sync_fifo.gcx.clkx/gnxpm_cdc.gsync_stage[1].wr_stg_inst/Q[2]
    SLICE_X90Y83         FDCE                                         r  dbg_hub/inst/BSCANID.u_xsdbm_id/CORE_XSDB.UUT_MASTER/U_ICON_INTERFACE/U_CMD6_RD/U_RD_FIFO/SUBCORE_FIFO.xsdbm_v3_0_0_rdfifo_inst/inst_fifo_gen/gconvfifo.rf/grf.rf/gntv_or_sync_fifo.gcx.clkx/gnxpm_cdc.gsync_stage[1].wr_stg_inst/Q_reg_reg[2]/D
  -------------------------------------------------------------------    -------------------

                         max delay                   33.000    33.000    
    SLICE_X90Y83         FDCE (Setup_fdce_C_D)       -0.219    32.781    dbg_hub/inst/BSCANID.u_xsdbm_id/CORE_XSDB.UUT_MASTER/U_ICON_INTERFACE/U_CMD6_RD/U_RD_FIFO/SUBCORE_FIFO.xsdbm_v3_0_0_rdfifo_inst/inst_fifo_gen/gconvfifo.rf/grf.rf/gntv_or_sync_fifo.gcx.clkx/gnxpm_cdc.gsync_stage[1].wr_stg_inst/Q_reg_reg[2]
  -------------------------------------------------------------------
                         required time                         32.781    
                         arrival time                          -1.427    
  -------------------------------------------------------------------
                         slack                                 31.354    

Slack (MET) :             31.615ns  (required time - arrival time)
  Source:                 dbg_hub/inst/BSCANID.u_xsdbm_id/CORE_XSDB.UUT_MASTER/U_ICON_INTERFACE/U_CMD6_RD/U_RD_FIFO/SUBCORE_FIFO.xsdbm_v3_0_0_rdfifo_inst/inst_fifo_gen/gconvfifo.rf/grf.rf/gntv_or_sync_fifo.gcx.clkx/gnxpm_cdc.rd_pntr_gc_reg[0]/C
                            (rising edge-triggered cell FDCE clocked by dbg_hub/inst/BSCANID.u_xsdbm_id/SWITCH_N_EXT_BSCAN.bscan_inst/SERIES7_BSCAN.bscan_inst/TCK  {rise@0.000ns fall@16.500ns period=33.000ns})
  Destination:            dbg_hub/inst/BSCANID.u_xsdbm_id/CORE_XSDB.UUT_MASTER/U_ICON_INTERFACE/U_CMD6_RD/U_RD_FIFO/SUBCORE_FIFO.xsdbm_v3_0_0_rdfifo_inst/inst_fifo_gen/gconvfifo.rf/grf.rf/gntv_or_sync_fifo.gcx.clkx/gnxpm_cdc.gsync_stage[1].wr_stg_inst/Q_reg_reg[0]/D
                            (rising edge-triggered cell FDCE clocked by clk_out1_design_1_clk_wiz_0_0  {rise@0.000ns fall@2.000ns period=4.000ns})
  Path Group:             clk_out1_design_1_clk_wiz_0_0
  Path Type:              Setup (Max at Slow Process Corner)
  Requirement:            33.000ns  (MaxDelay Path 33.000ns)
  Data Path Delay:        1.163ns  (logic 0.419ns (36.037%)  route 0.744ns (63.963%))
  Logic Levels:           0  
  Timing Exception:       MaxDelay Path 33.000ns -datapath_only

    Location             Delay type                Incr(ns)  Path(ns)    Netlist Resource(s)
  -------------------------------------------------------------------    -------------------
    SLICE_X95Y84                                      0.000     0.000 r  dbg_hub/inst/BSCANID.u_xsdbm_id/CORE_XSDB.UUT_MASTER/U_ICON_INTERFACE/U_CMD6_RD/U_RD_FIFO/SUBCORE_FIFO.xsdbm_v3_0_0_rdfifo_inst/inst_fifo_gen/gconvfifo.rf/grf.rf/gntv_or_sync_fifo.gcx.clkx/gnxpm_cdc.rd_pntr_gc_reg[0]/C
    SLICE_X95Y84         FDCE (Prop_fdce_C_Q)         0.419     0.419 r  dbg_hub/inst/BSCANID.u_xsdbm_id/CORE_XSDB.UUT_MASTER/U_ICON_INTERFACE/U_CMD6_RD/U_RD_FIFO/SUBCORE_FIFO.xsdbm_v3_0_0_rdfifo_inst/inst_fifo_gen/gconvfifo.rf/grf.rf/gntv_or_sync_fifo.gcx.clkx/gnxpm_cdc.rd_pntr_gc_reg[0]/Q
                         net (fo=1, routed)           0.744     1.163    dbg_hub/inst/BSCANID.u_xsdbm_id/CORE_XSDB.UUT_MASTER/U_ICON_INTERFACE/U_CMD6_RD/U_RD_FIFO/SUBCORE_FIFO.xsdbm_v3_0_0_rdfifo_inst/inst_fifo_gen/gconvfifo.rf/grf.rf/gntv_or_sync_fifo.gcx.clkx/gnxpm_cdc.gsync_stage[1].wr_stg_inst/Q[0]
    SLICE_X94Y83         FDCE                                         r  dbg_hub/inst/BSCANID.u_xsdbm_id/CORE_XSDB.UUT_MASTER/U_ICON_INTERFACE/U_CMD6_RD/U_RD_FIFO/SUBCORE_FIFO.xsdbm_v3_0_0_rdfifo_inst/inst_fifo_gen/gconvfifo.rf/grf.rf/gntv_or_sync_fifo.gcx.clkx/gnxpm_cdc.gsync_stage[1].wr_stg_inst/Q_reg_reg[0]/D
  -------------------------------------------------------------------    -------------------

                         max delay                   33.000    33.000    
    SLICE_X94Y83         FDCE (Setup_fdce_C_D)       -0.222    32.778    dbg_hub/inst/BSCANID.u_xsdbm_id/CORE_XSDB.UUT_MASTER/U_ICON_INTERFACE/U_CMD6_RD/U_RD_FIFO/SUBCORE_FIFO.xsdbm_v3_0_0_rdfifo_inst/inst_fifo_gen/gconvfifo.rf/grf.rf/gntv_or_sync_fifo.gcx.clkx/gnxpm_cdc.gsync_stage[1].wr_stg_inst/Q_reg_reg[0]
  -------------------------------------------------------------------
                         required time                         32.778    
                         arrival time                          -1.163    
  -------------------------------------------------------------------
                         slack                                 31.615    

Slack (MET) :             31.708ns  (required time - arrival time)
  Source:                 dbg_hub/inst/BSCANID.u_xsdbm_id/CORE_XSDB.UUT_MASTER/U_ICON_INTERFACE/U_CMD6_WR/U_WR_FIFO/SUBCORE_FIFO.xsdbm_v3_0_0_wrfifo_inst/inst_fifo_gen/gconvfifo.rf/grf.rf/gntv_or_sync_fifo.gcx.clkx/gnxpm_cdc.wr_pntr_gc_reg[1]/C
                            (rising edge-triggered cell FDCE clocked by dbg_hub/inst/BSCANID.u_xsdbm_id/SWITCH_N_EXT_BSCAN.bscan_inst/SERIES7_BSCAN.bscan_inst/TCK  {rise@0.000ns fall@16.500ns period=33.000ns})
  Destination:            dbg_hub/inst/BSCANID.u_xsdbm_id/CORE_XSDB.UUT_MASTER/U_ICON_INTERFACE/U_CMD6_WR/U_WR_FIFO/SUBCORE_FIFO.xsdbm_v3_0_0_wrfifo_inst/inst_fifo_gen/gconvfifo.rf/grf.rf/gntv_or_sync_fifo.gcx.clkx/gnxpm_cdc.gsync_stage[1].rd_stg_inst/Q_reg_reg[1]/D
                            (rising edge-triggered cell FDCE clocked by clk_out1_design_1_clk_wiz_0_0  {rise@0.000ns fall@2.000ns period=4.000ns})
  Path Group:             clk_out1_design_1_clk_wiz_0_0
  Path Type:              Setup (Max at Slow Process Corner)
  Requirement:            33.000ns  (MaxDelay Path 33.000ns)
  Data Path Delay:        1.077ns  (logic 0.478ns (44.383%)  route 0.599ns (55.617%))
  Logic Levels:           0  
  Timing Exception:       MaxDelay Path 33.000ns -datapath_only

    Location             Delay type                Incr(ns)  Path(ns)    Netlist Resource(s)
  -------------------------------------------------------------------    -------------------
    SLICE_X104Y86                                     0.000     0.000 r  dbg_hub/inst/BSCANID.u_xsdbm_id/CORE_XSDB.UUT_MASTER/U_ICON_INTERFACE/U_CMD6_WR/U_WR_FIFO/SUBCORE_FIFO.xsdbm_v3_0_0_wrfifo_inst/inst_fifo_gen/gconvfifo.rf/grf.rf/gntv_or_sync_fifo.gcx.clkx/gnxpm_cdc.wr_pntr_gc_reg[1]/C
    SLICE_X104Y86        FDCE (Prop_fdce_C_Q)         0.478     0.478 r  dbg_hub/inst/BSCANID.u_xsdbm_id/CORE_XSDB.UUT_MASTER/U_ICON_INTERFACE/U_CMD6_WR/U_WR_FIFO/SUBCORE_FIFO.xsdbm_v3_0_0_wrfifo_inst/inst_fifo_gen/gconvfifo.rf/grf.rf/gntv_or_sync_fifo.gcx.clkx/gnxpm_cdc.wr_pntr_gc_reg[1]/Q
                         net (fo=1, routed)           0.599     1.077    dbg_hub/inst/BSCANID.u_xsdbm_id/CORE_XSDB.UUT_MASTER/U_ICON_INTERFACE/U_CMD6_WR/U_WR_FIFO/SUBCORE_FIFO.xsdbm_v3_0_0_wrfifo_inst/inst_fifo_gen/gconvfifo.rf/grf.rf/gntv_or_sync_fifo.gcx.clkx/gnxpm_cdc.gsync_stage[1].rd_stg_inst/Q[1]
    SLICE_X102Y86        FDCE                                         r  dbg_hub/inst/BSCANID.u_xsdbm_id/CORE_XSDB.UUT_MASTER/U_ICON_INTERFACE/U_CMD6_WR/U_WR_FIFO/SUBCORE_FIFO.xsdbm_v3_0_0_wrfifo_inst/inst_fifo_gen/gconvfifo.rf/grf.rf/gntv_or_sync_fifo.gcx.clkx/gnxpm_cdc.gsync_stage[1].rd_stg_inst/Q_reg_reg[1]/D
  -------------------------------------------------------------------    -------------------

                         max delay                   33.000    33.000    
    SLICE_X102Y86        FDCE (Setup_fdce_C_D)       -0.215    32.785    dbg_hub/inst/BSCANID.u_xsdbm_id/CORE_XSDB.UUT_MASTER/U_ICON_INTERFACE/U_CMD6_WR/U_WR_FIFO/SUBCORE_FIFO.xsdbm_v3_0_0_wrfifo_inst/inst_fifo_gen/gconvfifo.rf/grf.rf/gntv_or_sync_fifo.gcx.clkx/gnxpm_cdc.gsync_stage[1].rd_stg_inst/Q_reg_reg[1]
  -------------------------------------------------------------------
                         required time                         32.785    
                         arrival time                          -1.077    
  -------------------------------------------------------------------
                         slack                                 31.708    

Slack (MET) :             31.816ns  (required time - arrival time)
  Source:                 dbg_hub/inst/BSCANID.u_xsdbm_id/CORE_XSDB.UUT_MASTER/U_ICON_INTERFACE/U_CMD6_WR/U_WR_FIFO/SUBCORE_FIFO.xsdbm_v3_0_0_wrfifo_inst/inst_fifo_gen/gconvfifo.rf/grf.rf/gntv_or_sync_fifo.gcx.clkx/gnxpm_cdc.wr_pntr_gc_reg[3]/C
                            (rising edge-triggered cell FDCE clocked by dbg_hub/inst/BSCANID.u_xsdbm_id/SWITCH_N_EXT_BSCAN.bscan_inst/SERIES7_BSCAN.bscan_inst/TCK  {rise@0.000ns fall@16.500ns period=33.000ns})
  Destination:            dbg_hub/inst/BSCANID.u_xsdbm_id/CORE_XSDB.UUT_MASTER/U_ICON_INTERFACE/U_CMD6_WR/U_WR_FIFO/SUBCORE_FIFO.xsdbm_v3_0_0_wrfifo_inst/inst_fifo_gen/gconvfifo.rf/grf.rf/gntv_or_sync_fifo.gcx.clkx/gnxpm_cdc.gsync_stage[1].rd_stg_inst/Q_reg_reg[3]/D
                            (rising edge-triggered cell FDCE clocked by clk_out1_design_1_clk_wiz_0_0  {rise@0.000ns fall@2.000ns period=4.000ns})
  Path Group:             clk_out1_design_1_clk_wiz_0_0
  Path Type:              Setup (Max at Slow Process Corner)
  Requirement:            33.000ns  (MaxDelay Path 33.000ns)
  Data Path Delay:        1.089ns  (logic 0.456ns (41.874%)  route 0.633ns (58.126%))
  Logic Levels:           0  
  Timing Exception:       MaxDelay Path 33.000ns -datapath_only

    Location             Delay type                Incr(ns)  Path(ns)    Netlist Resource(s)
  -------------------------------------------------------------------    -------------------
    SLICE_X105Y86                                     0.000     0.000 r  dbg_hub/inst/BSCANID.u_xsdbm_id/CORE_XSDB.UUT_MASTER/U_ICON_INTERFACE/U_CMD6_WR/U_WR_FIFO/SUBCORE_FIFO.xsdbm_v3_0_0_wrfifo_inst/inst_fifo_gen/gconvfifo.rf/grf.rf/gntv_or_sync_fifo.gcx.clkx/gnxpm_cdc.wr_pntr_gc_reg[3]/C
    SLICE_X105Y86        FDCE (Prop_fdce_C_Q)         0.456     0.456 r  dbg_hub/inst/BSCANID.u_xsdbm_id/CORE_XSDB.UUT_MASTER/U_ICON_INTERFACE/U_CMD6_WR/U_WR_FIFO/SUBCORE_FIFO.xsdbm_v3_0_0_wrfifo_inst/inst_fifo_gen/gconvfifo.rf/grf.rf/gntv_or_sync_fifo.gcx.clkx/gnxpm_cdc.wr_pntr_gc_reg[3]/Q
                         net (fo=1, routed)           0.633     1.089    dbg_hub/inst/BSCANID.u_xsdbm_id/CORE_XSDB.UUT_MASTER/U_ICON_INTERFACE/U_CMD6_WR/U_WR_FIFO/SUBCORE_FIFO.xsdbm_v3_0_0_wrfifo_inst/inst_fifo_gen/gconvfifo.rf/grf.rf/gntv_or_sync_fifo.gcx.clkx/gnxpm_cdc.gsync_stage[1].rd_stg_inst/Q[3]
    SLICE_X103Y86        FDCE                                         r  dbg_hub/inst/BSCANID.u_xsdbm_id/CORE_XSDB.UUT_MASTER/U_ICON_INTERFACE/U_CMD6_WR/U_WR_FIFO/SUBCORE_FIFO.xsdbm_v3_0_0_wrfifo_inst/inst_fifo_gen/gconvfifo.rf/grf.rf/gntv_or_sync_fifo.gcx.clkx/gnxpm_cdc.gsync_stage[1].rd_stg_inst/Q_reg_reg[3]/D
  -------------------------------------------------------------------    -------------------

                         max delay                   33.000    33.000    
    SLICE_X103Y86        FDCE (Setup_fdce_C_D)       -0.095    32.905    dbg_hub/inst/BSCANID.u_xsdbm_id/CORE_XSDB.UUT_MASTER/U_ICON_INTERFACE/U_CMD6_WR/U_WR_FIFO/SUBCORE_FIFO.xsdbm_v3_0_0_wrfifo_inst/inst_fifo_gen/gconvfifo.rf/grf.rf/gntv_or_sync_fifo.gcx.clkx/gnxpm_cdc.gsync_stage[1].rd_stg_inst/Q_reg_reg[3]
  -------------------------------------------------------------------
                         required time                         32.905    
                         arrival time                          -1.089    
  -------------------------------------------------------------------
                         slack                                 31.816    

Slack (MET) :             31.844ns  (required time - arrival time)
  Source:                 dbg_hub/inst/BSCANID.u_xsdbm_id/CORE_XSDB.UUT_MASTER/U_ICON_INTERFACE/U_CMD6_WR/U_WR_FIFO/SUBCORE_FIFO.xsdbm_v3_0_0_wrfifo_inst/inst_fifo_gen/gconvfifo.rf/grf.rf/gntv_or_sync_fifo.gcx.clkx/gnxpm_cdc.wr_pntr_gc_reg[2]/C
                            (rising edge-triggered cell FDCE clocked by dbg_hub/inst/BSCANID.u_xsdbm_id/SWITCH_N_EXT_BSCAN.bscan_inst/SERIES7_BSCAN.bscan_inst/TCK  {rise@0.000ns fall@16.500ns period=33.000ns})
  Destination:            dbg_hub/inst/BSCANID.u_xsdbm_id/CORE_XSDB.UUT_MASTER/U_ICON_INTERFACE/U_CMD6_WR/U_WR_FIFO/SUBCORE_FIFO.xsdbm_v3_0_0_wrfifo_inst/inst_fifo_gen/gconvfifo.rf/grf.rf/gntv_or_sync_fifo.gcx.clkx/gnxpm_cdc.gsync_stage[1].rd_stg_inst/Q_reg_reg[2]/D
                            (rising edge-triggered cell FDCE clocked by clk_out1_design_1_clk_wiz_0_0  {rise@0.000ns fall@2.000ns period=4.000ns})
  Path Group:             clk_out1_design_1_clk_wiz_0_0
  Path Type:              Setup (Max at Slow Process Corner)
  Requirement:            33.000ns  (MaxDelay Path 33.000ns)
  Data Path Delay:        1.109ns  (logic 0.518ns (46.701%)  route 0.591ns (53.299%))
  Logic Levels:           0  
  Timing Exception:       MaxDelay Path 33.000ns -datapath_only

    Location             Delay type                Incr(ns)  Path(ns)    Netlist Resource(s)
  -------------------------------------------------------------------    -------------------
    SLICE_X104Y86                                     0.000     0.000 r  dbg_hub/inst/BSCANID.u_xsdbm_id/CORE_XSDB.UUT_MASTER/U_ICON_INTERFACE/U_CMD6_WR/U_WR_FIFO/SUBCORE_FIFO.xsdbm_v3_0_0_wrfifo_inst/inst_fifo_gen/gconvfifo.rf/grf.rf/gntv_or_sync_fifo.gcx.clkx/gnxpm_cdc.wr_pntr_gc_reg[2]/C
    SLICE_X104Y86        FDCE (Prop_fdce_C_Q)         0.518     0.518 r  dbg_hub/inst/BSCANID.u_xsdbm_id/CORE_XSDB.UUT_MASTER/U_ICON_INTERFACE/U_CMD6_WR/U_WR_FIFO/SUBCORE_FIFO.xsdbm_v3_0_0_wrfifo_inst/inst_fifo_gen/gconvfifo.rf/grf.rf/gntv_or_sync_fifo.gcx.clkx/gnxpm_cdc.wr_pntr_gc_reg[2]/Q
                         net (fo=1, routed)           0.591     1.109    dbg_hub/inst/BSCANID.u_xsdbm_id/CORE_XSDB.UUT_MASTER/U_ICON_INTERFACE/U_CMD6_WR/U_WR_FIFO/SUBCORE_FIFO.xsdbm_v3_0_0_wrfifo_inst/inst_fifo_gen/gconvfifo.rf/grf.rf/gntv_or_sync_fifo.gcx.clkx/gnxpm_cdc.gsync_stage[1].rd_stg_inst/Q[2]
    SLICE_X102Y87        FDCE                                         r  dbg_hub/inst/BSCANID.u_xsdbm_id/CORE_XSDB.UUT_MASTER/U_ICON_INTERFACE/U_CMD6_WR/U_WR_FIFO/SUBCORE_FIFO.xsdbm_v3_0_0_wrfifo_inst/inst_fifo_gen/gconvfifo.rf/grf.rf/gntv_or_sync_fifo.gcx.clkx/gnxpm_cdc.gsync_stage[1].rd_stg_inst/Q_reg_reg[2]/D
  -------------------------------------------------------------------    -------------------

                         max delay                   33.000    33.000    
    SLICE_X102Y87        FDCE (Setup_fdce_C_D)       -0.047    32.953    dbg_hub/inst/BSCANID.u_xsdbm_id/CORE_XSDB.UUT_MASTER/U_ICON_INTERFACE/U_CMD6_WR/U_WR_FIFO/SUBCORE_FIFO.xsdbm_v3_0_0_wrfifo_inst/inst_fifo_gen/gconvfifo.rf/grf.rf/gntv_or_sync_fifo.gcx.clkx/gnxpm_cdc.gsync_stage[1].rd_stg_inst/Q_reg_reg[2]
  -------------------------------------------------------------------
                         required time                         32.953    
                         arrival time                          -1.109    
  -------------------------------------------------------------------
                         slack                                 31.844    

Slack (MET) :             31.867ns  (required time - arrival time)
  Source:                 dbg_hub/inst/BSCANID.u_xsdbm_id/CORE_XSDB.UUT_MASTER/U_ICON_INTERFACE/U_CMD6_RD/U_RD_FIFO/SUBCORE_FIFO.xsdbm_v3_0_0_rdfifo_inst/inst_fifo_gen/gconvfifo.rf/grf.rf/gntv_or_sync_fifo.gcx.clkx/gnxpm_cdc.rd_pntr_gc_reg[3]/C
                            (rising edge-triggered cell FDCE clocked by dbg_hub/inst/BSCANID.u_xsdbm_id/SWITCH_N_EXT_BSCAN.bscan_inst/SERIES7_BSCAN.bscan_inst/TCK  {rise@0.000ns fall@16.500ns period=33.000ns})
  Destination:            dbg_hub/inst/BSCANID.u_xsdbm_id/CORE_XSDB.UUT_MASTER/U_ICON_INTERFACE/U_CMD6_RD/U_RD_FIFO/SUBCORE_FIFO.xsdbm_v3_0_0_rdfifo_inst/inst_fifo_gen/gconvfifo.rf/grf.rf/gntv_or_sync_fifo.gcx.clkx/gnxpm_cdc.gsync_stage[1].wr_stg_inst/Q_reg_reg[3]/D
                            (rising edge-triggered cell FDCE clocked by clk_out1_design_1_clk_wiz_0_0  {rise@0.000ns fall@2.000ns period=4.000ns})
  Path Group:             clk_out1_design_1_clk_wiz_0_0
  Path Type:              Setup (Max at Slow Process Corner)
  Requirement:            33.000ns  (MaxDelay Path 33.000ns)
  Data Path Delay:        1.090ns  (logic 0.456ns (41.849%)  route 0.634ns (58.151%))
  Logic Levels:           0  
  Timing Exception:       MaxDelay Path 33.000ns -datapath_only

    Location             Delay type                Incr(ns)  Path(ns)    Netlist Resource(s)
  -------------------------------------------------------------------    -------------------
    SLICE_X95Y84                                      0.000     0.000 r  dbg_hub/inst/BSCANID.u_xsdbm_id/CORE_XSDB.UUT_MASTER/U_ICON_INTERFACE/U_CMD6_RD/U_RD_FIFO/SUBCORE_FIFO.xsdbm_v3_0_0_rdfifo_inst/inst_fifo_gen/gconvfifo.rf/grf.rf/gntv_or_sync_fifo.gcx.clkx/gnxpm_cdc.rd_pntr_gc_reg[3]/C
    SLICE_X95Y84         FDCE (Prop_fdce_C_Q)         0.456     0.456 r  dbg_hub/inst/BSCANID.u_xsdbm_id/CORE_XSDB.UUT_MASTER/U_ICON_INTERFACE/U_CMD6_RD/U_RD_FIFO/SUBCORE_FIFO.xsdbm_v3_0_0_rdfifo_inst/inst_fifo_gen/gconvfifo.rf/grf.rf/gntv_or_sync_fifo.gcx.clkx/gnxpm_cdc.rd_pntr_gc_reg[3]/Q
                         net (fo=1, routed)           0.634     1.090    dbg_hub/inst/BSCANID.u_xsdbm_id/CORE_XSDB.UUT_MASTER/U_ICON_INTERFACE/U_CMD6_RD/U_RD_FIFO/SUBCORE_FIFO.xsdbm_v3_0_0_rdfifo_inst/inst_fifo_gen/gconvfifo.rf/grf.rf/gntv_or_sync_fifo.gcx.clkx/gnxpm_cdc.gsync_stage[1].wr_stg_inst/Q[3]
    SLICE_X94Y83         FDCE                                         r  dbg_hub/inst/BSCANID.u_xsdbm_id/CORE_XSDB.UUT_MASTER/U_ICON_INTERFACE/U_CMD6_RD/U_RD_FIFO/SUBCORE_FIFO.xsdbm_v3_0_0_rdfifo_inst/inst_fifo_gen/gconvfifo.rf/grf.rf/gntv_or_sync_fifo.gcx.clkx/gnxpm_cdc.gsync_stage[1].wr_stg_inst/Q_reg_reg[3]/D
  -------------------------------------------------------------------    -------------------

                         max delay                   33.000    33.000    
    SLICE_X94Y83         FDCE (Setup_fdce_C_D)       -0.043    32.957    dbg_hub/inst/BSCANID.u_xsdbm_id/CORE_XSDB.UUT_MASTER/U_ICON_INTERFACE/U_CMD6_RD/U_RD_FIFO/SUBCORE_FIFO.xsdbm_v3_0_0_rdfifo_inst/inst_fifo_gen/gconvfifo.rf/grf.rf/gntv_or_sync_fifo.gcx.clkx/gnxpm_cdc.gsync_stage[1].wr_stg_inst/Q_reg_reg[3]
  -------------------------------------------------------------------
                         required time                         32.957    
                         arrival time                          -1.090    
  -------------------------------------------------------------------
                         slack                                 31.867    

Slack (MET) :             31.932ns  (required time - arrival time)
  Source:                 dbg_hub/inst/BSCANID.u_xsdbm_id/CORE_XSDB.UUT_MASTER/U_ICON_INTERFACE/U_CMD6_WR/U_WR_FIFO/SUBCORE_FIFO.xsdbm_v3_0_0_wrfifo_inst/inst_fifo_gen/gconvfifo.rf/grf.rf/gntv_or_sync_fifo.gcx.clkx/gnxpm_cdc.wr_pntr_gc_reg[0]/C
                            (rising edge-triggered cell FDCE clocked by dbg_hub/inst/BSCANID.u_xsdbm_id/SWITCH_N_EXT_BSCAN.bscan_inst/SERIES7_BSCAN.bscan_inst/TCK  {rise@0.000ns fall@16.500ns period=33.000ns})
  Destination:            dbg_hub/inst/BSCANID.u_xsdbm_id/CORE_XSDB.UUT_MASTER/U_ICON_INTERFACE/U_CMD6_WR/U_WR_FIFO/SUBCORE_FIFO.xsdbm_v3_0_0_wrfifo_inst/inst_fifo_gen/gconvfifo.rf/grf.rf/gntv_or_sync_fifo.gcx.clkx/gnxpm_cdc.gsync_stage[1].rd_stg_inst/Q_reg_reg[0]/D
                            (rising edge-triggered cell FDCE clocked by clk_out1_design_1_clk_wiz_0_0  {rise@0.000ns fall@2.000ns period=4.000ns})
  Path Group:             clk_out1_design_1_clk_wiz_0_0
  Path Type:              Setup (Max at Slow Process Corner)
  Requirement:            33.000ns  (MaxDelay Path 33.000ns)
  Data Path Delay:        1.021ns  (logic 0.518ns (50.735%)  route 0.503ns (49.265%))
  Logic Levels:           0  
  Timing Exception:       MaxDelay Path 33.000ns -datapath_only

    Location             Delay type                Incr(ns)  Path(ns)    Netlist Resource(s)
  -------------------------------------------------------------------    -------------------
    SLICE_X104Y86                                     0.000     0.000 r  dbg_hub/inst/BSCANID.u_xsdbm_id/CORE_XSDB.UUT_MASTER/U_ICON_INTERFACE/U_CMD6_WR/U_WR_FIFO/SUBCORE_FIFO.xsdbm_v3_0_0_wrfifo_inst/inst_fifo_gen/gconvfifo.rf/grf.rf/gntv_or_sync_fifo.gcx.clkx/gnxpm_cdc.wr_pntr_gc_reg[0]/C
    SLICE_X104Y86        FDCE (Prop_fdce_C_Q)         0.518     0.518 r  dbg_hub/inst/BSCANID.u_xsdbm_id/CORE_XSDB.UUT_MASTER/U_ICON_INTERFACE/U_CMD6_WR/U_WR_FIFO/SUBCORE_FIFO.xsdbm_v3_0_0_wrfifo_inst/inst_fifo_gen/gconvfifo.rf/grf.rf/gntv_or_sync_fifo.gcx.clkx/gnxpm_cdc.wr_pntr_gc_reg[0]/Q
                         net (fo=1, routed)           0.503     1.021    dbg_hub/inst/BSCANID.u_xsdbm_id/CORE_XSDB.UUT_MASTER/U_ICON_INTERFACE/U_CMD6_WR/U_WR_FIFO/SUBCORE_FIFO.xsdbm_v3_0_0_wrfifo_inst/inst_fifo_gen/gconvfifo.rf/grf.rf/gntv_or_sync_fifo.gcx.clkx/gnxpm_cdc.gsync_stage[1].rd_stg_inst/Q[0]
    SLICE_X102Y86        FDCE                                         r  dbg_hub/inst/BSCANID.u_xsdbm_id/CORE_XSDB.UUT_MASTER/U_ICON_INTERFACE/U_CMD6_WR/U_WR_FIFO/SUBCORE_FIFO.xsdbm_v3_0_0_wrfifo_inst/inst_fifo_gen/gconvfifo.rf/grf.rf/gntv_or_sync_fifo.gcx.clkx/gnxpm_cdc.gsync_stage[1].rd_stg_inst/Q_reg_reg[0]/D
  -------------------------------------------------------------------    -------------------

                         max delay                   33.000    33.000    
    SLICE_X102Y86        FDCE (Setup_fdce_C_D)       -0.047    32.953    dbg_hub/inst/BSCANID.u_xsdbm_id/CORE_XSDB.UUT_MASTER/U_ICON_INTERFACE/U_CMD6_WR/U_WR_FIFO/SUBCORE_FIFO.xsdbm_v3_0_0_wrfifo_inst/inst_fifo_gen/gconvfifo.rf/grf.rf/gntv_or_sync_fifo.gcx.clkx/gnxpm_cdc.gsync_stage[1].rd_stg_inst/Q_reg_reg[0]
  -------------------------------------------------------------------
                         required time                         32.953    
                         arrival time                          -1.021    
  -------------------------------------------------------------------
                         slack                                 31.932    

Slack (MET) :             32.021ns  (required time - arrival time)
  Source:                 dbg_hub/inst/BSCANID.u_xsdbm_id/CORE_XSDB.UUT_MASTER/U_ICON_INTERFACE/U_CMD6_RD/U_RD_FIFO/SUBCORE_FIFO.xsdbm_v3_0_0_rdfifo_inst/inst_fifo_gen/gconvfifo.rf/grf.rf/gntv_or_sync_fifo.gcx.clkx/gnxpm_cdc.rd_pntr_gc_reg[1]/C
                            (rising edge-triggered cell FDCE clocked by dbg_hub/inst/BSCANID.u_xsdbm_id/SWITCH_N_EXT_BSCAN.bscan_inst/SERIES7_BSCAN.bscan_inst/TCK  {rise@0.000ns fall@16.500ns period=33.000ns})
  Destination:            dbg_hub/inst/BSCANID.u_xsdbm_id/CORE_XSDB.UUT_MASTER/U_ICON_INTERFACE/U_CMD6_RD/U_RD_FIFO/SUBCORE_FIFO.xsdbm_v3_0_0_rdfifo_inst/inst_fifo_gen/gconvfifo.rf/grf.rf/gntv_or_sync_fifo.gcx.clkx/gnxpm_cdc.gsync_stage[1].wr_stg_inst/Q_reg_reg[1]/D
                            (rising edge-triggered cell FDCE clocked by clk_out1_design_1_clk_wiz_0_0  {rise@0.000ns fall@2.000ns period=4.000ns})
  Path Group:             clk_out1_design_1_clk_wiz_0_0
  Path Type:              Setup (Max at Slow Process Corner)
  Requirement:            33.000ns  (MaxDelay Path 33.000ns)
  Data Path Delay:        0.932ns  (logic 0.456ns (48.909%)  route 0.476ns (51.091%))
  Logic Levels:           0  
  Timing Exception:       MaxDelay Path 33.000ns -datapath_only

    Location             Delay type                Incr(ns)  Path(ns)    Netlist Resource(s)
  -------------------------------------------------------------------    -------------------
    SLICE_X95Y84                                      0.000     0.000 r  dbg_hub/inst/BSCANID.u_xsdbm_id/CORE_XSDB.UUT_MASTER/U_ICON_INTERFACE/U_CMD6_RD/U_RD_FIFO/SUBCORE_FIFO.xsdbm_v3_0_0_rdfifo_inst/inst_fifo_gen/gconvfifo.rf/grf.rf/gntv_or_sync_fifo.gcx.clkx/gnxpm_cdc.rd_pntr_gc_reg[1]/C
    SLICE_X95Y84         FDCE (Prop_fdce_C_Q)         0.456     0.456 r  dbg_hub/inst/BSCANID.u_xsdbm_id/CORE_XSDB.UUT_MASTER/U_ICON_INTERFACE/U_CMD6_RD/U_RD_FIFO/SUBCORE_FIFO.xsdbm_v3_0_0_rdfifo_inst/inst_fifo_gen/gconvfifo.rf/grf.rf/gntv_or_sync_fifo.gcx.clkx/gnxpm_cdc.rd_pntr_gc_reg[1]/Q
                         net (fo=1, routed)           0.476     0.932    dbg_hub/inst/BSCANID.u_xsdbm_id/CORE_XSDB.UUT_MASTER/U_ICON_INTERFACE/U_CMD6_RD/U_RD_FIFO/SUBCORE_FIFO.xsdbm_v3_0_0_rdfifo_inst/inst_fifo_gen/gconvfifo.rf/grf.rf/gntv_or_sync_fifo.gcx.clkx/gnxpm_cdc.gsync_stage[1].wr_stg_inst/Q[1]
    SLICE_X90Y84         FDCE                                         r  dbg_hub/inst/BSCANID.u_xsdbm_id/CORE_XSDB.UUT_MASTER/U_ICON_INTERFACE/U_CMD6_RD/U_RD_FIFO/SUBCORE_FIFO.xsdbm_v3_0_0_rdfifo_inst/inst_fifo_gen/gconvfifo.rf/grf.rf/gntv_or_sync_fifo.gcx.clkx/gnxpm_cdc.gsync_stage[1].wr_stg_inst/Q_reg_reg[1]/D
  -------------------------------------------------------------------    -------------------

                         max delay                   33.000    33.000    
    SLICE_X90Y84         FDCE (Setup_fdce_C_D)       -0.047    32.953    dbg_hub/inst/BSCANID.u_xsdbm_id/CORE_XSDB.UUT_MASTER/U_ICON_INTERFACE/U_CMD6_RD/U_RD_FIFO/SUBCORE_FIFO.xsdbm_v3_0_0_rdfifo_inst/inst_fifo_gen/gconvfifo.rf/grf.rf/gntv_or_sync_fifo.gcx.clkx/gnxpm_cdc.gsync_stage[1].wr_stg_inst/Q_reg_reg[1]
  -------------------------------------------------------------------
                         required time                         32.953    
                         arrival time                          -0.932    
  -------------------------------------------------------------------
                         slack                                 32.021    





---------------------------------------------------------------------------------------------------
From Clock:  sys_clk_pin
  To Clock:  clk_out1_design_1_clk_wiz_0_0

Setup :           64  Failing Endpoints,  Worst Slack       -1.136ns,  Total Violation      -55.531ns
Hold  :            0  Failing Endpoints,  Worst Slack        0.383ns,  Total Violation        0.000ns
---------------------------------------------------------------------------------------------------


Max Delay Paths
--------------------------------------------------------------------------------------
Slack (VIOLATED) :        -1.136ns  (required time - arrival time)
  Source:                 design_1_i/FIR5_Mult_0/U0/x4_reg[15]/C
                            (rising edge-triggered cell FDRE clocked by sys_clk_pin  {rise@0.000ns fall@4.000ns period=8.000ns})
  Destination:            <hidden>
                            (rising edge-triggered cell FDRE clocked by clk_out1_design_1_clk_wiz_0_0  {rise@0.000ns fall@2.000ns period=4.000ns})
  Path Group:             clk_out1_design_1_clk_wiz_0_0
  Path Type:              Setup (Max at Slow Process Corner)
  Requirement:            4.000ns  (clk_out1_design_1_clk_wiz_0_0 rise@4.000ns - sys_clk_pin rise@0.000ns)
  Data Path Delay:        5.769ns  (logic 4.297ns (74.483%)  route 1.472ns (25.517%))
  Logic Levels:           1  (DSP48E1=1)
  Clock Path Skew:        0.835ns (DCD - SCD + CPR)
    Destination Clock Delay (DCD):    5.401ns = ( 9.401 - 4.000 ) 
    Source Clock Delay      (SCD):    4.636ns
    Clock Pessimism Removal (CPR):    0.071ns
  Clock Uncertainty:      0.160ns  ((TSJ^2 + DJ^2)^1/2) / 2 + PE
    Total System Jitter     (TSJ):    0.071ns
    Discrete Jitter          (DJ):    0.104ns
    Phase Error              (PE):    0.097ns

    Location             Delay type                Incr(ns)  Path(ns)    Netlist Resource(s)
  -------------------------------------------------------------------    -------------------
                         (clock sys_clk_pin rise edge)
                                                      0.000     0.000 r  
    K17                                               0.000     0.000 r  clk (IN)
                         net (fo=0)                   0.000     0.000    clk
    K17                  IBUF (Prop_ibuf_I_O)         1.475     1.475 r  clk_IBUF_inst/O
                         net (fo=21, routed)          3.161     4.636    design_1_i/FIR5_Mult_0/U0/clk
    SLICE_X91Y57         FDRE                                         r  design_1_i/FIR5_Mult_0/U0/x4_reg[15]/C
  -------------------------------------------------------------------    -------------------
    SLICE_X91Y57         FDRE (Prop_fdre_C_Q)         0.456     5.092 r  design_1_i/FIR5_Mult_0/U0/x4_reg[15]/Q
                         net (fo=15, routed)          0.609     5.701    design_1_i/FIR5_Mult_0/U0/Mult4/U0/i_synth/i_synth_option.i_synth_model/opt_7series.i_uniwrap/A[15]
    DSP48_X3Y22          DSP48E1 (Prop_dsp48e1_A[27]_P[28])
                                                      3.841     9.542 r  design_1_i/FIR5_Mult_0/U0/Mult4/U0/i_synth/i_synth_option.i_synth_model/opt_7series.i_uniwrap/i_primitive/P[28]
                         net (fo=4, routed)           0.863    10.405    <hidden>
    SLICE_X95Y57         FDRE                                         r  <hidden>
  -------------------------------------------------------------------    -------------------

                         (clock clk_out1_design_1_clk_wiz_0_0 rise edge)
                                                      4.000     4.000 r  
    K17                                               0.000     4.000 r  clk (IN)
                         net (fo=0)                   0.000     4.000    clk
    K17                  IBUF (Prop_ibuf_I_O)         1.404     5.404 r  clk_IBUF_inst/O
                         net (fo=21, routed)          2.293     7.697    design_1_i/clk_wiz_0/inst/clk_in1
    BUFGCTRL_X0Y16       BUFG (Prop_bufg_I_O)         0.091     7.788 r  design_1_i/clk_wiz_0/inst/clkin1_bufg/O
                         net (fo=1, routed)           1.634     9.423    design_1_i/clk_wiz_0/inst/clk_in1_design_1_clk_wiz_0_0
    PLLE2_ADV_X1Y0       PLLE2_ADV (Prop_plle2_adv_CLKIN1_CLKOUT0)
                                                     -3.442     5.980 r  design_1_i/clk_wiz_0/inst/plle2_adv_inst/CLKOUT0
                         net (fo=1, routed)           1.720     7.700    design_1_i/clk_wiz_0/inst/clk_out1_design_1_clk_wiz_0_0
    BUFGCTRL_X0Y0        BUFG (Prop_bufg_I_O)         0.091     7.791 r  design_1_i/clk_wiz_0/inst/clkout1_buf/O
                         net (fo=1802, routed)        1.610     9.401    <hidden>
    SLICE_X95Y57         FDRE                                         r  <hidden>
                         clock pessimism              0.071     9.472    
                         clock uncertainty           -0.160     9.312    
    SLICE_X95Y57         FDRE (Setup_fdre_C_D)       -0.043     9.269    <hidden>
  -------------------------------------------------------------------
                         required time                          9.269    
                         arrival time                         -10.405    
  -------------------------------------------------------------------
                         slack                                 -1.136    

Slack (VIOLATED) :        -1.125ns  (required time - arrival time)
  Source:                 design_1_i/FIR5_Mult_0/U0/x4_reg[15]/C
                            (rising edge-triggered cell FDRE clocked by sys_clk_pin  {rise@0.000ns fall@4.000ns period=8.000ns})
  Destination:            <hidden>
                            (rising edge-triggered cell SRL16E clocked by clk_out1_design_1_clk_wiz_0_0  {rise@0.000ns fall@2.000ns period=4.000ns})
  Path Group:             clk_out1_design_1_clk_wiz_0_0
  Path Type:              Setup (Max at Slow Process Corner)
  Requirement:            4.000ns  (clk_out1_design_1_clk_wiz_0_0 rise@4.000ns - sys_clk_pin rise@0.000ns)
  Data Path Delay:        5.761ns  (logic 4.297ns (74.582%)  route 1.464ns (25.418%))
  Logic Levels:           1  (DSP48E1=1)
  Clock Path Skew:        0.835ns (DCD - SCD + CPR)
    Destination Clock Delay (DCD):    5.401ns = ( 9.401 - 4.000 ) 
    Source Clock Delay      (SCD):    4.636ns
    Clock Pessimism Removal (CPR):    0.071ns
  Clock Uncertainty:      0.160ns  ((TSJ^2 + DJ^2)^1/2) / 2 + PE
    Total System Jitter     (TSJ):    0.071ns
    Discrete Jitter          (DJ):    0.104ns
    Phase Error              (PE):    0.097ns

    Location             Delay type                Incr(ns)  Path(ns)    Netlist Resource(s)
  -------------------------------------------------------------------    -------------------
                         (clock sys_clk_pin rise edge)
                                                      0.000     0.000 r  
    K17                                               0.000     0.000 r  clk (IN)
                         net (fo=0)                   0.000     0.000    clk
    K17                  IBUF (Prop_ibuf_I_O)         1.475     1.475 r  clk_IBUF_inst/O
                         net (fo=21, routed)          3.161     4.636    design_1_i/FIR5_Mult_0/U0/clk
    SLICE_X91Y57         FDRE                                         r  design_1_i/FIR5_Mult_0/U0/x4_reg[15]/C
  -------------------------------------------------------------------    -------------------
    SLICE_X91Y57         FDRE (Prop_fdre_C_Q)         0.456     5.092 r  design_1_i/FIR5_Mult_0/U0/x4_reg[15]/Q
                         net (fo=15, routed)          0.609     5.701    design_1_i/FIR5_Mult_0/U0/Mult4/U0/i_synth/i_synth_option.i_synth_model/opt_7series.i_uniwrap/A[15]
    DSP48_X3Y22          DSP48E1 (Prop_dsp48e1_A[27]_P[19])
                                                      3.841     9.542 r  design_1_i/FIR5_Mult_0/U0/Mult4/U0/i_synth/i_synth_option.i_synth_model/opt_7series.i_uniwrap/i_primitive/P[19]
                         net (fo=4, routed)           0.856    10.398    <hidden>
    SLICE_X94Y58         SRL16E                                       r  <hidden>
  -------------------------------------------------------------------    -------------------

                         (clock clk_out1_design_1_clk_wiz_0_0 rise edge)
                                                      4.000     4.000 r  
    K17                                               0.000     4.000 r  clk (IN)
                         net (fo=0)                   0.000     4.000    clk
    K17                  IBUF (Prop_ibuf_I_O)         1.404     5.404 r  clk_IBUF_inst/O
                         net (fo=21, routed)          2.293     7.697    design_1_i/clk_wiz_0/inst/clk_in1
    BUFGCTRL_X0Y16       BUFG (Prop_bufg_I_O)         0.091     7.788 r  design_1_i/clk_wiz_0/inst/clkin1_bufg/O
                         net (fo=1, routed)           1.634     9.423    design_1_i/clk_wiz_0/inst/clk_in1_design_1_clk_wiz_0_0
    PLLE2_ADV_X1Y0       PLLE2_ADV (Prop_plle2_adv_CLKIN1_CLKOUT0)
                                                     -3.442     5.980 r  design_1_i/clk_wiz_0/inst/plle2_adv_inst/CLKOUT0
                         net (fo=1, routed)           1.720     7.700    design_1_i/clk_wiz_0/inst/clk_out1_design_1_clk_wiz_0_0
    BUFGCTRL_X0Y0        BUFG (Prop_bufg_I_O)         0.091     7.791 r  design_1_i/clk_wiz_0/inst/clkout1_buf/O
                         net (fo=1802, routed)        1.610     9.401    <hidden>
    SLICE_X94Y58         SRL16E                                       r  <hidden>
                         clock pessimism              0.071     9.472    
                         clock uncertainty           -0.160     9.312    
    SLICE_X94Y58         SRL16E (Setup_srl16e_CLK_D)
                                                     -0.039     9.273    <hidden>
  -------------------------------------------------------------------
                         required time                          9.273    
                         arrival time                         -10.398    
  -------------------------------------------------------------------
                         slack                                 -1.125    

Slack (VIOLATED) :        -1.120ns  (required time - arrival time)
  Source:                 design_1_i/FIR5_Mult_0/U0/x4_reg[15]/C
                            (rising edge-triggered cell FDRE clocked by sys_clk_pin  {rise@0.000ns fall@4.000ns period=8.000ns})
  Destination:            <hidden>
                            (rising edge-triggered cell SRL16E clocked by clk_out1_design_1_clk_wiz_0_0  {rise@0.000ns fall@2.000ns period=4.000ns})
  Path Group:             clk_out1_design_1_clk_wiz_0_0
  Path Type:              Setup (Max at Slow Process Corner)
  Requirement:            4.000ns  (clk_out1_design_1_clk_wiz_0_0 rise@4.000ns - sys_clk_pin rise@0.000ns)
  Data Path Delay:        5.766ns  (logic 4.297ns (74.522%)  route 1.469ns (25.478%))
  Logic Levels:           1  (DSP48E1=1)
  Clock Path Skew:        0.835ns (DCD - SCD + CPR)
    Destination Clock Delay (DCD):    5.401ns = ( 9.401 - 4.000 ) 
    Source Clock Delay      (SCD):    4.636ns
    Clock Pessimism Removal (CPR):    0.071ns
  Clock Uncertainty:      0.160ns  ((TSJ^2 + DJ^2)^1/2) / 2 + PE
    Total System Jitter     (TSJ):    0.071ns
    Discrete Jitter          (DJ):    0.104ns
    Phase Error              (PE):    0.097ns

    Location             Delay type                Incr(ns)  Path(ns)    Netlist Resource(s)
  -------------------------------------------------------------------    -------------------
                         (clock sys_clk_pin rise edge)
                                                      0.000     0.000 r  
    K17                                               0.000     0.000 r  clk (IN)
                         net (fo=0)                   0.000     0.000    clk
    K17                  IBUF (Prop_ibuf_I_O)         1.475     1.475 r  clk_IBUF_inst/O
                         net (fo=21, routed)          3.161     4.636    design_1_i/FIR5_Mult_0/U0/clk
    SLICE_X91Y57         FDRE                                         r  design_1_i/FIR5_Mult_0/U0/x4_reg[15]/C
  -------------------------------------------------------------------    -------------------
    SLICE_X91Y57         FDRE (Prop_fdre_C_Q)         0.456     5.092 r  design_1_i/FIR5_Mult_0/U0/x4_reg[15]/Q
                         net (fo=15, routed)          0.609     5.701    design_1_i/FIR5_Mult_0/U0/Mult4/U0/i_synth/i_synth_option.i_synth_model/opt_7series.i_uniwrap/A[15]
    DSP48_X3Y22          DSP48E1 (Prop_dsp48e1_A[27]_P[21])
                                                      3.841     9.542 r  design_1_i/FIR5_Mult_0/U0/Mult4/U0/i_synth/i_synth_option.i_synth_model/opt_7series.i_uniwrap/i_primitive/P[21]
                         net (fo=4, routed)           0.860    10.402    <hidden>
    SLICE_X94Y58         SRL16E                                       r  <hidden>
  -------------------------------------------------------------------    -------------------

                         (clock clk_out1_design_1_clk_wiz_0_0 rise edge)
                                                      4.000     4.000 r  
    K17                                               0.000     4.000 r  clk (IN)
                         net (fo=0)                   0.000     4.000    clk
    K17                  IBUF (Prop_ibuf_I_O)         1.404     5.404 r  clk_IBUF_inst/O
                         net (fo=21, routed)          2.293     7.697    design_1_i/clk_wiz_0/inst/clk_in1
    BUFGCTRL_X0Y16       BUFG (Prop_bufg_I_O)         0.091     7.788 r  design_1_i/clk_wiz_0/inst/clkin1_bufg/O
                         net (fo=1, routed)           1.634     9.423    design_1_i/clk_wiz_0/inst/clk_in1_design_1_clk_wiz_0_0
    PLLE2_ADV_X1Y0       PLLE2_ADV (Prop_plle2_adv_CLKIN1_CLKOUT0)
                                                     -3.442     5.980 r  design_1_i/clk_wiz_0/inst/plle2_adv_inst/CLKOUT0
                         net (fo=1, routed)           1.720     7.700    design_1_i/clk_wiz_0/inst/clk_out1_design_1_clk_wiz_0_0
    BUFGCTRL_X0Y0        BUFG (Prop_bufg_I_O)         0.091     7.791 r  design_1_i/clk_wiz_0/inst/clkout1_buf/O
                         net (fo=1802, routed)        1.610     9.401    <hidden>
    SLICE_X94Y58         SRL16E                                       r  <hidden>
                         clock pessimism              0.071     9.472    
                         clock uncertainty           -0.160     9.312    
    SLICE_X94Y58         SRL16E (Setup_srl16e_CLK_D)
                                                     -0.030     9.282    <hidden>
  -------------------------------------------------------------------
                         required time                          9.282    
                         arrival time                         -10.402    
  -------------------------------------------------------------------
                         slack                                 -1.120    

Slack (VIOLATED) :        -1.119ns  (required time - arrival time)
  Source:                 design_1_i/FIR5_Mult_0/U0/x4_reg[15]/C
                            (rising edge-triggered cell FDRE clocked by sys_clk_pin  {rise@0.000ns fall@4.000ns period=8.000ns})
  Destination:            <hidden>
                            (rising edge-triggered cell SRL16E clocked by clk_out1_design_1_clk_wiz_0_0  {rise@0.000ns fall@2.000ns period=4.000ns})
  Path Group:             clk_out1_design_1_clk_wiz_0_0
  Path Type:              Setup (Max at Slow Process Corner)
  Requirement:            4.000ns  (clk_out1_design_1_clk_wiz_0_0 rise@4.000ns - sys_clk_pin rise@0.000ns)
  Data Path Delay:        5.751ns  (logic 4.297ns (74.723%)  route 1.454ns (25.277%))
  Logic Levels:           1  (DSP48E1=1)
  Clock Path Skew:        0.835ns (DCD - SCD + CPR)
    Destination Clock Delay (DCD):    5.401ns = ( 9.401 - 4.000 ) 
    Source Clock Delay      (SCD):    4.636ns
    Clock Pessimism Removal (CPR):    0.071ns
  Clock Uncertainty:      0.160ns  ((TSJ^2 + DJ^2)^1/2) / 2 + PE
    Total System Jitter     (TSJ):    0.071ns
    Discrete Jitter          (DJ):    0.104ns
    Phase Error              (PE):    0.097ns

    Location             Delay type                Incr(ns)  Path(ns)    Netlist Resource(s)
  -------------------------------------------------------------------    -------------------
                         (clock sys_clk_pin rise edge)
                                                      0.000     0.000 r  
    K17                                               0.000     0.000 r  clk (IN)
                         net (fo=0)                   0.000     0.000    clk
    K17                  IBUF (Prop_ibuf_I_O)         1.475     1.475 r  clk_IBUF_inst/O
                         net (fo=21, routed)          3.161     4.636    design_1_i/FIR5_Mult_0/U0/clk
    SLICE_X91Y57         FDRE                                         r  design_1_i/FIR5_Mult_0/U0/x4_reg[15]/C
  -------------------------------------------------------------------    -------------------
    SLICE_X91Y57         FDRE (Prop_fdre_C_Q)         0.456     5.092 r  design_1_i/FIR5_Mult_0/U0/x4_reg[15]/Q
                         net (fo=15, routed)          0.609     5.701    design_1_i/FIR5_Mult_0/U0/Mult4/U0/i_synth/i_synth_option.i_synth_model/opt_7series.i_uniwrap/A[15]
    DSP48_X3Y22          DSP48E1 (Prop_dsp48e1_A[27]_P[20])
                                                      3.841     9.542 r  design_1_i/FIR5_Mult_0/U0/Mult4/U0/i_synth/i_synth_option.i_synth_model/opt_7series.i_uniwrap/i_primitive/P[20]
                         net (fo=4, routed)           0.845    10.387    <hidden>
    SLICE_X94Y58         SRL16E                                       r  <hidden>
  -------------------------------------------------------------------    -------------------

                         (clock clk_out1_design_1_clk_wiz_0_0 rise edge)
                                                      4.000     4.000 r  
    K17                                               0.000     4.000 r  clk (IN)
                         net (fo=0)                   0.000     4.000    clk
    K17                  IBUF (Prop_ibuf_I_O)         1.404     5.404 r  clk_IBUF_inst/O
                         net (fo=21, routed)          2.293     7.697    design_1_i/clk_wiz_0/inst/clk_in1
    BUFGCTRL_X0Y16       BUFG (Prop_bufg_I_O)         0.091     7.788 r  design_1_i/clk_wiz_0/inst/clkin1_bufg/O
                         net (fo=1, routed)           1.634     9.423    design_1_i/clk_wiz_0/inst/clk_in1_design_1_clk_wiz_0_0
    PLLE2_ADV_X1Y0       PLLE2_ADV (Prop_plle2_adv_CLKIN1_CLKOUT0)
                                                     -3.442     5.980 r  design_1_i/clk_wiz_0/inst/plle2_adv_inst/CLKOUT0
                         net (fo=1, routed)           1.720     7.700    design_1_i/clk_wiz_0/inst/clk_out1_design_1_clk_wiz_0_0
    BUFGCTRL_X0Y0        BUFG (Prop_bufg_I_O)         0.091     7.791 r  design_1_i/clk_wiz_0/inst/clkout1_buf/O
                         net (fo=1802, routed)        1.610     9.401    <hidden>
    SLICE_X94Y58         SRL16E                                       r  <hidden>
                         clock pessimism              0.071     9.472    
                         clock uncertainty           -0.160     9.312    
    SLICE_X94Y58         SRL16E (Setup_srl16e_CLK_D)
                                                     -0.044     9.268    <hidden>
  -------------------------------------------------------------------
                         required time                          9.268    
                         arrival time                         -10.387    
  -------------------------------------------------------------------
                         slack                                 -1.119    

Slack (VIOLATED) :        -1.111ns  (required time - arrival time)
  Source:                 design_1_i/FIR5_Mult_0/U0/x4_reg[15]/C
                            (rising edge-triggered cell FDRE clocked by sys_clk_pin  {rise@0.000ns fall@4.000ns period=8.000ns})
  Destination:            <hidden>
                            (rising edge-triggered cell SRL16E clocked by clk_out1_design_1_clk_wiz_0_0  {rise@0.000ns fall@2.000ns period=4.000ns})
  Path Group:             clk_out1_design_1_clk_wiz_0_0
  Path Type:              Setup (Max at Slow Process Corner)
  Requirement:            4.000ns  (clk_out1_design_1_clk_wiz_0_0 rise@4.000ns - sys_clk_pin rise@0.000ns)
  Data Path Delay:        5.768ns  (logic 4.297ns (74.500%)  route 1.471ns (25.500%))
  Logic Levels:           1  (DSP48E1=1)
  Clock Path Skew:        0.835ns (DCD - SCD + CPR)
    Destination Clock Delay (DCD):    5.401ns = ( 9.401 - 4.000 ) 
    Source Clock Delay      (SCD):    4.636ns
    Clock Pessimism Removal (CPR):    0.071ns
  Clock Uncertainty:      0.160ns  ((TSJ^2 + DJ^2)^1/2) / 2 + PE
    Total System Jitter     (TSJ):    0.071ns
    Discrete Jitter          (DJ):    0.104ns
    Phase Error              (PE):    0.097ns

    Location             Delay type                Incr(ns)  Path(ns)    Netlist Resource(s)
  -------------------------------------------------------------------    -------------------
                         (clock sys_clk_pin rise edge)
                                                      0.000     0.000 r  
    K17                                               0.000     0.000 r  clk (IN)
                         net (fo=0)                   0.000     0.000    clk
    K17                  IBUF (Prop_ibuf_I_O)         1.475     1.475 r  clk_IBUF_inst/O
                         net (fo=21, routed)          3.161     4.636    design_1_i/FIR5_Mult_0/U0/clk
    SLICE_X91Y57         FDRE                                         r  design_1_i/FIR5_Mult_0/U0/x4_reg[15]/C
  -------------------------------------------------------------------    -------------------
    SLICE_X91Y57         FDRE (Prop_fdre_C_Q)         0.456     5.092 r  design_1_i/FIR5_Mult_0/U0/x4_reg[15]/Q
                         net (fo=15, routed)          0.609     5.701    design_1_i/FIR5_Mult_0/U0/Mult4/U0/i_synth/i_synth_option.i_synth_model/opt_7series.i_uniwrap/A[15]
    DSP48_X3Y22          DSP48E1 (Prop_dsp48e1_A[27]_P[22])
                                                      3.841     9.542 r  design_1_i/FIR5_Mult_0/U0/Mult4/U0/i_synth/i_synth_option.i_synth_model/opt_7series.i_uniwrap/i_primitive/P[22]
                         net (fo=4, routed)           0.862    10.404    <hidden>
    SLICE_X94Y58         SRL16E                                       r  <hidden>
  -------------------------------------------------------------------    -------------------

                         (clock clk_out1_design_1_clk_wiz_0_0 rise edge)
                                                      4.000     4.000 r  
    K17                                               0.000     4.000 r  clk (IN)
                         net (fo=0)                   0.000     4.000    clk
    K17                  IBUF (Prop_ibuf_I_O)         1.404     5.404 r  clk_IBUF_inst/O
                         net (fo=21, routed)          2.293     7.697    design_1_i/clk_wiz_0/inst/clk_in1
    BUFGCTRL_X0Y16       BUFG (Prop_bufg_I_O)         0.091     7.788 r  design_1_i/clk_wiz_0/inst/clkin1_bufg/O
                         net (fo=1, routed)           1.634     9.423    design_1_i/clk_wiz_0/inst/clk_in1_design_1_clk_wiz_0_0
    PLLE2_ADV_X1Y0       PLLE2_ADV (Prop_plle2_adv_CLKIN1_CLKOUT0)
                                                     -3.442     5.980 r  design_1_i/clk_wiz_0/inst/plle2_adv_inst/CLKOUT0
                         net (fo=1, routed)           1.720     7.700    design_1_i/clk_wiz_0/inst/clk_out1_design_1_clk_wiz_0_0
    BUFGCTRL_X0Y0        BUFG (Prop_bufg_I_O)         0.091     7.791 r  design_1_i/clk_wiz_0/inst/clkout1_buf/O
                         net (fo=1802, routed)        1.610     9.401    <hidden>
    SLICE_X94Y58         SRL16E                                       r  <hidden>
                         clock pessimism              0.071     9.472    
                         clock uncertainty           -0.160     9.312    
    SLICE_X94Y58         SRL16E (Setup_srl16e_CLK_D)
                                                     -0.019     9.293    <hidden>
  -------------------------------------------------------------------
                         required time                          9.293    
                         arrival time                         -10.404    
  -------------------------------------------------------------------
                         slack                                 -1.111    

Slack (VIOLATED) :        -1.000ns  (required time - arrival time)
  Source:                 design_1_i/FIR5_Mult_0/U0/x4_reg[15]/C
                            (rising edge-triggered cell FDRE clocked by sys_clk_pin  {rise@0.000ns fall@4.000ns period=8.000ns})
  Destination:            <hidden>
                            (rising edge-triggered cell FDRE clocked by clk_out1_design_1_clk_wiz_0_0  {rise@0.000ns fall@2.000ns period=4.000ns})
  Path Group:             clk_out1_design_1_clk_wiz_0_0
  Path Type:              Setup (Max at Slow Process Corner)
  Requirement:            4.000ns  (clk_out1_design_1_clk_wiz_0_0 rise@4.000ns - sys_clk_pin rise@0.000ns)
  Data Path Delay:        5.582ns  (logic 4.297ns (76.974%)  route 1.285ns (23.026%))
  Logic Levels:           1  (DSP48E1=1)
  Clock Path Skew:        0.835ns (DCD - SCD + CPR)
    Destination Clock Delay (DCD):    5.401ns = ( 9.401 - 4.000 ) 
    Source Clock Delay      (SCD):    4.636ns
    Clock Pessimism Removal (CPR):    0.071ns
  Clock Uncertainty:      0.160ns  ((TSJ^2 + DJ^2)^1/2) / 2 + PE
    Total System Jitter     (TSJ):    0.071ns
    Discrete Jitter          (DJ):    0.104ns
    Phase Error              (PE):    0.097ns

    Location             Delay type                Incr(ns)  Path(ns)    Netlist Resource(s)
  -------------------------------------------------------------------    -------------------
                         (clock sys_clk_pin rise edge)
                                                      0.000     0.000 r  
    K17                                               0.000     0.000 r  clk (IN)
                         net (fo=0)                   0.000     0.000    clk
    K17                  IBUF (Prop_ibuf_I_O)         1.475     1.475 r  clk_IBUF_inst/O
                         net (fo=21, routed)          3.161     4.636    design_1_i/FIR5_Mult_0/U0/clk
    SLICE_X91Y57         FDRE                                         r  design_1_i/FIR5_Mult_0/U0/x4_reg[15]/C
  -------------------------------------------------------------------    -------------------
    SLICE_X91Y57         FDRE (Prop_fdre_C_Q)         0.456     5.092 r  design_1_i/FIR5_Mult_0/U0/x4_reg[15]/Q
                         net (fo=15, routed)          0.609     5.701    design_1_i/FIR5_Mult_0/U0/Mult4/U0/i_synth/i_synth_option.i_synth_model/opt_7series.i_uniwrap/A[15]
    DSP48_X3Y22          DSP48E1 (Prop_dsp48e1_A[27]_P[29])
                                                      3.841     9.542 r  design_1_i/FIR5_Mult_0/U0/Mult4/U0/i_synth/i_synth_option.i_synth_model/opt_7series.i_uniwrap/i_primitive/P[29]
                         net (fo=4, routed)           0.677    10.219    <hidden>
    SLICE_X95Y57         FDRE                                         r  <hidden>
  -------------------------------------------------------------------    -------------------

                         (clock clk_out1_design_1_clk_wiz_0_0 rise edge)
                                                      4.000     4.000 r  
    K17                                               0.000     4.000 r  clk (IN)
                         net (fo=0)                   0.000     4.000    clk
    K17                  IBUF (Prop_ibuf_I_O)         1.404     5.404 r  clk_IBUF_inst/O
                         net (fo=21, routed)          2.293     7.697    design_1_i/clk_wiz_0/inst/clk_in1
    BUFGCTRL_X0Y16       BUFG (Prop_bufg_I_O)         0.091     7.788 r  design_1_i/clk_wiz_0/inst/clkin1_bufg/O
                         net (fo=1, routed)           1.634     9.423    design_1_i/clk_wiz_0/inst/clk_in1_design_1_clk_wiz_0_0
    PLLE2_ADV_X1Y0       PLLE2_ADV (Prop_plle2_adv_CLKIN1_CLKOUT0)
                                                     -3.442     5.980 r  design_1_i/clk_wiz_0/inst/plle2_adv_inst/CLKOUT0
                         net (fo=1, routed)           1.720     7.700    design_1_i/clk_wiz_0/inst/clk_out1_design_1_clk_wiz_0_0
    BUFGCTRL_X0Y0        BUFG (Prop_bufg_I_O)         0.091     7.791 r  design_1_i/clk_wiz_0/inst/clkout1_buf/O
                         net (fo=1802, routed)        1.610     9.401    <hidden>
    SLICE_X95Y57         FDRE                                         r  <hidden>
                         clock pessimism              0.071     9.472    
                         clock uncertainty           -0.160     9.312    
    SLICE_X95Y57         FDRE (Setup_fdre_C_D)       -0.093     9.219    <hidden>
  -------------------------------------------------------------------
                         required time                          9.219    
                         arrival time                         -10.219    
  -------------------------------------------------------------------
                         slack                                 -1.000    

Slack (VIOLATED) :        -0.994ns  (required time - arrival time)
  Source:                 design_1_i/FIR5_Mult_0/U0/x4_reg[15]/C
                            (rising edge-triggered cell FDRE clocked by sys_clk_pin  {rise@0.000ns fall@4.000ns period=8.000ns})
  Destination:            <hidden>
                            (rising edge-triggered cell FDRE clocked by clk_out1_design_1_clk_wiz_0_0  {rise@0.000ns fall@2.000ns period=4.000ns})
  Path Group:             clk_out1_design_1_clk_wiz_0_0
  Path Type:              Setup (Max at Slow Process Corner)
  Requirement:            4.000ns  (clk_out1_design_1_clk_wiz_0_0 rise@4.000ns - sys_clk_pin rise@0.000ns)
  Data Path Delay:        5.577ns  (logic 4.297ns (77.052%)  route 1.280ns (22.948%))
  Logic Levels:           1  (DSP48E1=1)
  Clock Path Skew:        0.834ns (DCD - SCD + CPR)
    Destination Clock Delay (DCD):    5.400ns = ( 9.400 - 4.000 ) 
    Source Clock Delay      (SCD):    4.636ns
    Clock Pessimism Removal (CPR):    0.071ns
  Clock Uncertainty:      0.160ns  ((TSJ^2 + DJ^2)^1/2) / 2 + PE
    Total System Jitter     (TSJ):    0.071ns
    Discrete Jitter          (DJ):    0.104ns
    Phase Error              (PE):    0.097ns

    Location             Delay type                Incr(ns)  Path(ns)    Netlist Resource(s)
  -------------------------------------------------------------------    -------------------
                         (clock sys_clk_pin rise edge)
                                                      0.000     0.000 r  
    K17                                               0.000     0.000 r  clk (IN)
                         net (fo=0)                   0.000     0.000    clk
    K17                  IBUF (Prop_ibuf_I_O)         1.475     1.475 r  clk_IBUF_inst/O
                         net (fo=21, routed)          3.161     4.636    design_1_i/FIR5_Mult_0/U0/clk
    SLICE_X91Y57         FDRE                                         r  design_1_i/FIR5_Mult_0/U0/x4_reg[15]/C
  -------------------------------------------------------------------    -------------------
    SLICE_X91Y57         FDRE (Prop_fdre_C_Q)         0.456     5.092 r  design_1_i/FIR5_Mult_0/U0/x4_reg[15]/Q
                         net (fo=15, routed)          0.609     5.701    design_1_i/FIR5_Mult_0/U0/Mult4/U0/i_synth/i_synth_option.i_synth_model/opt_7series.i_uniwrap/A[15]
    DSP48_X3Y22          DSP48E1 (Prop_dsp48e1_A[27]_P[7])
                                                      3.841     9.542 r  design_1_i/FIR5_Mult_0/U0/Mult4/U0/i_synth/i_synth_option.i_synth_model/opt_7series.i_uniwrap/i_primitive/P[7]
                         net (fo=4, routed)           0.671    10.213    <hidden>
    SLICE_X93Y56         FDRE                                         r  <hidden>
  -------------------------------------------------------------------    -------------------

                         (clock clk_out1_design_1_clk_wiz_0_0 rise edge)
                                                      4.000     4.000 r  
    K17                                               0.000     4.000 r  clk (IN)
                         net (fo=0)                   0.000     4.000    clk
    K17                  IBUF (Prop_ibuf_I_O)         1.404     5.404 r  clk_IBUF_inst/O
                         net (fo=21, routed)          2.293     7.697    design_1_i/clk_wiz_0/inst/clk_in1
    BUFGCTRL_X0Y16       BUFG (Prop_bufg_I_O)         0.091     7.788 r  design_1_i/clk_wiz_0/inst/clkin1_bufg/O
                         net (fo=1, routed)           1.634     9.423    design_1_i/clk_wiz_0/inst/clk_in1_design_1_clk_wiz_0_0
    PLLE2_ADV_X1Y0       PLLE2_ADV (Prop_plle2_adv_CLKIN1_CLKOUT0)
                                                     -3.442     5.980 r  design_1_i/clk_wiz_0/inst/plle2_adv_inst/CLKOUT0
                         net (fo=1, routed)           1.720     7.700    design_1_i/clk_wiz_0/inst/clk_out1_design_1_clk_wiz_0_0
    BUFGCTRL_X0Y0        BUFG (Prop_bufg_I_O)         0.091     7.791 r  design_1_i/clk_wiz_0/inst/clkout1_buf/O
                         net (fo=1802, routed)        1.609     9.400    <hidden>
    SLICE_X93Y56         FDRE                                         r  <hidden>
                         clock pessimism              0.071     9.471    
                         clock uncertainty           -0.160     9.311    
    SLICE_X93Y56         FDRE (Setup_fdre_C_D)       -0.092     9.219    <hidden>
  -------------------------------------------------------------------
                         required time                          9.219    
                         arrival time                         -10.213    
  -------------------------------------------------------------------
                         slack                                 -0.994    

Slack (VIOLATED) :        -0.990ns  (required time - arrival time)
  Source:                 design_1_i/FIR5_Mult_0/U0/x4_reg[15]/C
                            (rising edge-triggered cell FDRE clocked by sys_clk_pin  {rise@0.000ns fall@4.000ns period=8.000ns})
  Destination:            <hidden>
                            (rising edge-triggered cell FDRE clocked by clk_out1_design_1_clk_wiz_0_0  {rise@0.000ns fall@2.000ns period=4.000ns})
  Path Group:             clk_out1_design_1_clk_wiz_0_0
  Path Type:              Setup (Max at Slow Process Corner)
  Requirement:            4.000ns  (clk_out1_design_1_clk_wiz_0_0 rise@4.000ns - sys_clk_pin rise@0.000ns)
  Data Path Delay:        5.574ns  (logic 4.297ns (77.093%)  route 1.277ns (22.907%))
  Logic Levels:           1  (DSP48E1=1)
  Clock Path Skew:        0.836ns (DCD - SCD + CPR)
    Destination Clock Delay (DCD):    5.402ns = ( 9.402 - 4.000 ) 
    Source Clock Delay      (SCD):    4.636ns
    Clock Pessimism Removal (CPR):    0.071ns
  Clock Uncertainty:      0.160ns  ((TSJ^2 + DJ^2)^1/2) / 2 + PE
    Total System Jitter     (TSJ):    0.071ns
    Discrete Jitter          (DJ):    0.104ns
    Phase Error              (PE):    0.097ns

    Location             Delay type                Incr(ns)  Path(ns)    Netlist Resource(s)
  -------------------------------------------------------------------    -------------------
                         (clock sys_clk_pin rise edge)
                                                      0.000     0.000 r  
    K17                                               0.000     0.000 r  clk (IN)
                         net (fo=0)                   0.000     0.000    clk
    K17                  IBUF (Prop_ibuf_I_O)         1.475     1.475 r  clk_IBUF_inst/O
                         net (fo=21, routed)          3.161     4.636    design_1_i/FIR5_Mult_0/U0/clk
    SLICE_X91Y57         FDRE                                         r  design_1_i/FIR5_Mult_0/U0/x4_reg[15]/C
  -------------------------------------------------------------------    -------------------
    SLICE_X91Y57         FDRE (Prop_fdre_C_Q)         0.456     5.092 r  design_1_i/FIR5_Mult_0/U0/x4_reg[15]/Q
                         net (fo=15, routed)          0.609     5.701    design_1_i/FIR5_Mult_0/U0/Mult4/U0/i_synth/i_synth_option.i_synth_model/opt_7series.i_uniwrap/A[15]
    DSP48_X3Y22          DSP48E1 (Prop_dsp48e1_A[27]_P[24])
                                                      3.841     9.542 r  design_1_i/FIR5_Mult_0/U0/Mult4/U0/i_synth/i_synth_option.i_synth_model/opt_7series.i_uniwrap/i_primitive/P[24]
                         net (fo=4, routed)           0.668    10.210    <hidden>
    SLICE_X95Y56         FDRE                                         r  <hidden>
  -------------------------------------------------------------------    -------------------

                         (clock clk_out1_design_1_clk_wiz_0_0 rise edge)
                                                      4.000     4.000 r  
    K17                                               0.000     4.000 r  clk (IN)
                         net (fo=0)                   0.000     4.000    clk
    K17                  IBUF (Prop_ibuf_I_O)         1.404     5.404 r  clk_IBUF_inst/O
                         net (fo=21, routed)          2.293     7.697    design_1_i/clk_wiz_0/inst/clk_in1
    BUFGCTRL_X0Y16       BUFG (Prop_bufg_I_O)         0.091     7.788 r  design_1_i/clk_wiz_0/inst/clkin1_bufg/O
                         net (fo=1, routed)           1.634     9.423    design_1_i/clk_wiz_0/inst/clk_in1_design_1_clk_wiz_0_0
    PLLE2_ADV_X1Y0       PLLE2_ADV (Prop_plle2_adv_CLKIN1_CLKOUT0)
                                                     -3.442     5.980 r  design_1_i/clk_wiz_0/inst/plle2_adv_inst/CLKOUT0
                         net (fo=1, routed)           1.720     7.700    design_1_i/clk_wiz_0/inst/clk_out1_design_1_clk_wiz_0_0
    BUFGCTRL_X0Y0        BUFG (Prop_bufg_I_O)         0.091     7.791 r  design_1_i/clk_wiz_0/inst/clkout1_buf/O
                         net (fo=1802, routed)        1.611     9.402    <hidden>
    SLICE_X95Y56         FDRE                                         r  <hidden>
                         clock pessimism              0.071     9.473    
                         clock uncertainty           -0.160     9.313    
    SLICE_X95Y56         FDRE (Setup_fdre_C_D)       -0.093     9.220    <hidden>
  -------------------------------------------------------------------
                         required time                          9.220    
                         arrival time                         -10.210    
  -------------------------------------------------------------------
                         slack                                 -0.990    

Slack (VIOLATED) :        -0.983ns  (required time - arrival time)
  Source:                 design_1_i/FIR5_Mult_0/U0/x4_reg[15]/C
                            (rising edge-triggered cell FDRE clocked by sys_clk_pin  {rise@0.000ns fall@4.000ns period=8.000ns})
  Destination:            <hidden>
                            (rising edge-triggered cell SRL16E clocked by clk_out1_design_1_clk_wiz_0_0  {rise@0.000ns fall@2.000ns period=4.000ns})
  Path Group:             clk_out1_design_1_clk_wiz_0_0
  Path Type:              Setup (Max at Slow Process Corner)
  Requirement:            4.000ns  (clk_out1_design_1_clk_wiz_0_0 rise@4.000ns - sys_clk_pin rise@0.000ns)
  Data Path Delay:        5.612ns  (logic 4.297ns (76.570%)  route 1.315ns (23.430%))
  Logic Levels:           1  (DSP48E1=1)
  Clock Path Skew:        0.835ns (DCD - SCD + CPR)
    Destination Clock Delay (DCD):    5.401ns = ( 9.401 - 4.000 ) 
    Source Clock Delay      (SCD):    4.636ns
    Clock Pessimism Removal (CPR):    0.071ns
  Clock Uncertainty:      0.160ns  ((TSJ^2 + DJ^2)^1/2) / 2 + PE
    Total System Jitter     (TSJ):    0.071ns
    Discrete Jitter          (DJ):    0.104ns
    Phase Error              (PE):    0.097ns

    Location             Delay type                Incr(ns)  Path(ns)    Netlist Resource(s)
  -------------------------------------------------------------------    -------------------
                         (clock sys_clk_pin rise edge)
                                                      0.000     0.000 r  
    K17                                               0.000     0.000 r  clk (IN)
                         net (fo=0)                   0.000     0.000    clk
    K17                  IBUF (Prop_ibuf_I_O)         1.475     1.475 r  clk_IBUF_inst/O
                         net (fo=21, routed)          3.161     4.636    design_1_i/FIR5_Mult_0/U0/clk
    SLICE_X91Y57         FDRE                                         r  design_1_i/FIR5_Mult_0/U0/x4_reg[15]/C
  -------------------------------------------------------------------    -------------------
    SLICE_X91Y57         FDRE (Prop_fdre_C_Q)         0.456     5.092 r  design_1_i/FIR5_Mult_0/U0/x4_reg[15]/Q
                         net (fo=15, routed)          0.609     5.701    design_1_i/FIR5_Mult_0/U0/Mult4/U0/i_synth/i_synth_option.i_synth_model/opt_7series.i_uniwrap/A[15]
    DSP48_X3Y22          DSP48E1 (Prop_dsp48e1_A[27]_P[16])
                                                      3.841     9.542 r  design_1_i/FIR5_Mult_0/U0/Mult4/U0/i_synth/i_synth_option.i_synth_model/opt_7series.i_uniwrap/i_primitive/P[16]
                         net (fo=4, routed)           0.706    10.248    <hidden>
    SLICE_X94Y58         SRL16E                                       r  <hidden>
  -------------------------------------------------------------------    -------------------

                         (clock clk_out1_design_1_clk_wiz_0_0 rise edge)
                                                      4.000     4.000 r  
    K17                                               0.000     4.000 r  clk (IN)
                         net (fo=0)                   0.000     4.000    clk
    K17                  IBUF (Prop_ibuf_I_O)         1.404     5.404 r  clk_IBUF_inst/O
                         net (fo=21, routed)          2.293     7.697    design_1_i/clk_wiz_0/inst/clk_in1
    BUFGCTRL_X0Y16       BUFG (Prop_bufg_I_O)         0.091     7.788 r  design_1_i/clk_wiz_0/inst/clkin1_bufg/O
                         net (fo=1, routed)           1.634     9.423    design_1_i/clk_wiz_0/inst/clk_in1_design_1_clk_wiz_0_0
    PLLE2_ADV_X1Y0       PLLE2_ADV (Prop_plle2_adv_CLKIN1_CLKOUT0)
                                                     -3.442     5.980 r  design_1_i/clk_wiz_0/inst/plle2_adv_inst/CLKOUT0
                         net (fo=1, routed)           1.720     7.700    design_1_i/clk_wiz_0/inst/clk_out1_design_1_clk_wiz_0_0
    BUFGCTRL_X0Y0        BUFG (Prop_bufg_I_O)         0.091     7.791 r  design_1_i/clk_wiz_0/inst/clkout1_buf/O
                         net (fo=1802, routed)        1.610     9.401    <hidden>
    SLICE_X94Y58         SRL16E                                       r  <hidden>
                         clock pessimism              0.071     9.472    
                         clock uncertainty           -0.160     9.312    
    SLICE_X94Y58         SRL16E (Setup_srl16e_CLK_D)
                                                     -0.047     9.265    <hidden>
  -------------------------------------------------------------------
                         required time                          9.265    
                         arrival time                         -10.248    
  -------------------------------------------------------------------
                         slack                                 -0.983    

Slack (VIOLATED) :        -0.972ns  (required time - arrival time)
  Source:                 design_1_i/FIR5_Mult_0/U0/x4_reg[15]/C
                            (rising edge-triggered cell FDRE clocked by sys_clk_pin  {rise@0.000ns fall@4.000ns period=8.000ns})
  Destination:            <hidden>
                            (rising edge-triggered cell FDRE clocked by clk_out1_design_1_clk_wiz_0_0  {rise@0.000ns fall@2.000ns period=4.000ns})
  Path Group:             clk_out1_design_1_clk_wiz_0_0
  Path Type:              Setup (Max at Slow Process Corner)
  Requirement:            4.000ns  (clk_out1_design_1_clk_wiz_0_0 rise@4.000ns - sys_clk_pin rise@0.000ns)
  Data Path Delay:        5.604ns  (logic 4.297ns (76.680%)  route 1.307ns (23.320%))
  Logic Levels:           1  (DSP48E1=1)
  Clock Path Skew:        0.834ns (DCD - SCD + CPR)
    Destination Clock Delay (DCD):    5.400ns = ( 9.400 - 4.000 ) 
    Source Clock Delay      (SCD):    4.636ns
    Clock Pessimism Removal (CPR):    0.071ns
  Clock Uncertainty:      0.160ns  ((TSJ^2 + DJ^2)^1/2) / 2 + PE
    Total System Jitter     (TSJ):    0.071ns
    Discrete Jitter          (DJ):    0.104ns
    Phase Error              (PE):    0.097ns

    Location             Delay type                Incr(ns)  Path(ns)    Netlist Resource(s)
  -------------------------------------------------------------------    -------------------
                         (clock sys_clk_pin rise edge)
                                                      0.000     0.000 r  
    K17                                               0.000     0.000 r  clk (IN)
                         net (fo=0)                   0.000     0.000    clk
    K17                  IBUF (Prop_ibuf_I_O)         1.475     1.475 r  clk_IBUF_inst/O
                         net (fo=21, routed)          3.161     4.636    design_1_i/FIR5_Mult_0/U0/clk
    SLICE_X91Y57         FDRE                                         r  design_1_i/FIR5_Mult_0/U0/x4_reg[15]/C
  -------------------------------------------------------------------    -------------------
    SLICE_X91Y57         FDRE (Prop_fdre_C_Q)         0.456     5.092 r  design_1_i/FIR5_Mult_0/U0/x4_reg[15]/Q
                         net (fo=15, routed)          0.609     5.701    design_1_i/FIR5_Mult_0/U0/Mult4/U0/i_synth/i_synth_option.i_synth_model/opt_7series.i_uniwrap/A[15]
    DSP48_X3Y22          DSP48E1 (Prop_dsp48e1_A[27]_P[25])
                                                      3.841     9.542 r  design_1_i/FIR5_Mult_0/U0/Mult4/U0/i_synth/i_synth_option.i_synth_model/opt_7series.i_uniwrap/i_primitive/P[25]
                         net (fo=4, routed)           0.698    10.240    <hidden>
    SLICE_X93Y56         FDRE                                         r  <hidden>
  -------------------------------------------------------------------    -------------------

                         (clock clk_out1_design_1_clk_wiz_0_0 rise edge)
                                                      4.000     4.000 r  
    K17                                               0.000     4.000 r  clk (IN)
                         net (fo=0)                   0.000     4.000    clk
    K17                  IBUF (Prop_ibuf_I_O)         1.404     5.404 r  clk_IBUF_inst/O
                         net (fo=21, routed)          2.293     7.697    design_1_i/clk_wiz_0/inst/clk_in1
    BUFGCTRL_X0Y16       BUFG (Prop_bufg_I_O)         0.091     7.788 r  design_1_i/clk_wiz_0/inst/clkin1_bufg/O
                         net (fo=1, routed)           1.634     9.423    design_1_i/clk_wiz_0/inst/clk_in1_design_1_clk_wiz_0_0
    PLLE2_ADV_X1Y0       PLLE2_ADV (Prop_plle2_adv_CLKIN1_CLKOUT0)
                                                     -3.442     5.980 r  design_1_i/clk_wiz_0/inst/plle2_adv_inst/CLKOUT0
                         net (fo=1, routed)           1.720     7.700    design_1_i/clk_wiz_0/inst/clk_out1_design_1_clk_wiz_0_0
    BUFGCTRL_X0Y0        BUFG (Prop_bufg_I_O)         0.091     7.791 r  design_1_i/clk_wiz_0/inst/clkout1_buf/O
                         net (fo=1802, routed)        1.609     9.400    <hidden>
    SLICE_X93Y56         FDRE                                         r  <hidden>
                         clock pessimism              0.071     9.471    
                         clock uncertainty           -0.160     9.311    
    SLICE_X93Y56         FDRE (Setup_fdre_C_D)       -0.043     9.268    <hidden>
  -------------------------------------------------------------------
                         required time                          9.268    
                         arrival time                         -10.240    
  -------------------------------------------------------------------
                         slack                                 -0.972    





Min Delay Paths
--------------------------------------------------------------------------------------
Slack (MET) :             0.383ns  (arrival time - required time)
  Source:                 design_1_i/FIR5_Add_0/U0/y_reg[3]/C
                            (rising edge-triggered cell FDRE clocked by sys_clk_pin  {rise@0.000ns fall@4.000ns period=8.000ns})
  Destination:            <hidden>
                            (rising edge-triggered cell FDRE clocked by clk_out1_design_1_clk_wiz_0_0  {rise@0.000ns fall@2.000ns period=4.000ns})
  Path Group:             clk_out1_design_1_clk_wiz_0_0
  Path Type:              Hold (Min at Slow Process Corner)
  Requirement:            0.000ns  (clk_out1_design_1_clk_wiz_0_0 rise@0.000ns - sys_clk_pin rise@0.000ns)
  Data Path Delay:        2.662ns  (logic 0.418ns (15.705%)  route 2.244ns (84.295%))
  Logic Levels:           0  
  Clock Path Skew:        1.928ns (DCD - SCD - CPR)
    Destination Clock Delay (DCD):    5.884ns
    Source Clock Delay      (SCD):    3.886ns
    Clock Pessimism Removal (CPR):    0.071ns
  Clock Uncertainty:      0.160ns  ((TSJ^2 + DJ^2)^1/2) / 2 + PE
    Total System Jitter     (TSJ):    0.071ns
    Discrete Jitter          (DJ):    0.104ns
    Phase Error              (PE):    0.097ns

    Location             Delay type                Incr(ns)  Path(ns)    Netlist Resource(s)
  -------------------------------------------------------------------    -------------------
                         (clock sys_clk_pin rise edge)
                                                      0.000     0.000 r  
    K17                                               0.000     0.000 r  clk (IN)
                         net (fo=0)                   0.000     0.000    clk
    K17                  IBUF (Prop_ibuf_I_O)         1.404     1.404 r  clk_IBUF_inst/O
                         net (fo=21, routed)          2.481     3.886    design_1_i/FIR5_Add_0/U0/clk
    SLICE_X100Y60        FDRE                                         r  design_1_i/FIR5_Add_0/U0/y_reg[3]/C
  -------------------------------------------------------------------    -------------------
    SLICE_X100Y60        FDRE (Prop_fdre_C_Q)         0.418     4.304 r  design_1_i/FIR5_Add_0/U0/y_reg[3]/Q
                         net (fo=2, routed)           2.244     6.547    <hidden>
    SLICE_X97Y62         FDRE                                         r  <hidden>
  -------------------------------------------------------------------    -------------------

                         (clock clk_out1_design_1_clk_wiz_0_0 rise edge)
                                                      0.000     0.000 r  
    K17                                               0.000     0.000 r  clk (IN)
                         net (fo=0)                   0.000     0.000    clk
    K17                  IBUF (Prop_ibuf_I_O)         1.475     1.475 r  clk_IBUF_inst/O
                         net (fo=21, routed)          2.522     3.997    design_1_i/clk_wiz_0/inst/clk_in1
    BUFGCTRL_X0Y16       BUFG (Prop_bufg_I_O)         0.101     4.098 r  design_1_i/clk_wiz_0/inst/clkin1_bufg/O
                         net (fo=1, routed)           1.831     5.929    design_1_i/clk_wiz_0/inst/clk_in1_design_1_clk_wiz_0_0
    PLLE2_ADV_X1Y0       PLLE2_ADV (Prop_plle2_adv_CLKIN1_CLKOUT0)
                                                     -3.812     2.117 r  design_1_i/clk_wiz_0/inst/plle2_adv_inst/CLKOUT0
                         net (fo=1, routed)           1.883     4.000    design_1_i/clk_wiz_0/inst/clk_out1_design_1_clk_wiz_0_0
    BUFGCTRL_X0Y0        BUFG (Prop_bufg_I_O)         0.101     4.101 r  design_1_i/clk_wiz_0/inst/clkout1_buf/O
                         net (fo=1802, routed)        1.783     5.884    <hidden>
    SLICE_X97Y62         FDRE                                         r  <hidden>
                         clock pessimism             -0.071     5.813    
                         clock uncertainty            0.160     5.973    
    SLICE_X97Y62         FDRE (Hold_fdre_C_D)         0.191     6.164    <hidden>
  -------------------------------------------------------------------
                         required time                         -6.164    
                         arrival time                           6.547    
  -------------------------------------------------------------------
                         slack                                  0.383    

Slack (MET) :             0.440ns  (arrival time - required time)
  Source:                 design_1_i/FIR5_Add_0/U0/y_reg[7]/C
                            (rising edge-triggered cell FDRE clocked by sys_clk_pin  {rise@0.000ns fall@4.000ns period=8.000ns})
  Destination:            <hidden>
                            (rising edge-triggered cell FDRE clocked by clk_out1_design_1_clk_wiz_0_0  {rise@0.000ns fall@2.000ns period=4.000ns})
  Path Group:             clk_out1_design_1_clk_wiz_0_0
  Path Type:              Hold (Min at Slow Process Corner)
  Requirement:            0.000ns  (clk_out1_design_1_clk_wiz_0_0 rise@0.000ns - sys_clk_pin rise@0.000ns)
  Data Path Delay:        2.862ns  (logic 0.418ns (14.606%)  route 2.444ns (85.394%))
  Logic Levels:           0  
  Clock Path Skew:        2.063ns (DCD - SCD - CPR)
    Destination Clock Delay (DCD):    5.885ns
    Source Clock Delay      (SCD):    3.751ns
    Clock Pessimism Removal (CPR):    0.071ns
  Clock Uncertainty:      0.160ns  ((TSJ^2 + DJ^2)^1/2) / 2 + PE
    Total System Jitter     (TSJ):    0.071ns
    Discrete Jitter          (DJ):    0.104ns
    Phase Error              (PE):    0.097ns

    Location             Delay type                Incr(ns)  Path(ns)    Netlist Resource(s)
  -------------------------------------------------------------------    -------------------
                         (clock sys_clk_pin rise edge)
                                                      0.000     0.000 r  
    K17                                               0.000     0.000 r  clk (IN)
                         net (fo=0)                   0.000     0.000    clk
    K17                  IBUF (Prop_ibuf_I_O)         1.404     1.404 r  clk_IBUF_inst/O
                         net (fo=21, routed)          2.347     3.751    design_1_i/FIR5_Add_0/U0/clk
    SLICE_X100Y61        FDRE                                         r  design_1_i/FIR5_Add_0/U0/y_reg[7]/C
  -------------------------------------------------------------------    -------------------
    SLICE_X100Y61        FDRE (Prop_fdre_C_Q)         0.418     4.169 r  design_1_i/FIR5_Add_0/U0/y_reg[7]/Q
                         net (fo=2, routed)           2.444     6.613    <hidden>
    SLICE_X97Y61         FDRE                                         r  <hidden>
  -------------------------------------------------------------------    -------------------

                         (clock clk_out1_design_1_clk_wiz_0_0 rise edge)
                                                      0.000     0.000 r  
    K17                                               0.000     0.000 r  clk (IN)
                         net (fo=0)                   0.000     0.000    clk
    K17                  IBUF (Prop_ibuf_I_O)         1.475     1.475 r  clk_IBUF_inst/O
                         net (fo=21, routed)          2.522     3.997    design_1_i/clk_wiz_0/inst/clk_in1
    BUFGCTRL_X0Y16       BUFG (Prop_bufg_I_O)         0.101     4.098 r  design_1_i/clk_wiz_0/inst/clkin1_bufg/O
                         net (fo=1, routed)           1.831     5.929    design_1_i/clk_wiz_0/inst/clk_in1_design_1_clk_wiz_0_0
    PLLE2_ADV_X1Y0       PLLE2_ADV (Prop_plle2_adv_CLKIN1_CLKOUT0)
                                                     -3.812     2.117 r  design_1_i/clk_wiz_0/inst/plle2_adv_inst/CLKOUT0
                         net (fo=1, routed)           1.883     4.000    design_1_i/clk_wiz_0/inst/clk_out1_design_1_clk_wiz_0_0
    BUFGCTRL_X0Y0        BUFG (Prop_bufg_I_O)         0.101     4.101 r  design_1_i/clk_wiz_0/inst/clkout1_buf/O
                         net (fo=1802, routed)        1.784     5.885    <hidden>
    SLICE_X97Y61         FDRE                                         r  <hidden>
                         clock pessimism             -0.071     5.814    
                         clock uncertainty            0.160     5.974    
    SLICE_X97Y61         FDRE (Hold_fdre_C_D)         0.199     6.173    <hidden>
  -------------------------------------------------------------------
                         required time                         -6.173    
                         arrival time                           6.613    
  -------------------------------------------------------------------
                         slack                                  0.440    

Slack (MET) :             0.473ns  (arrival time - required time)
  Source:                 design_1_i/FIR5_Mult_0/U0/x4_reg[15]/C
                            (rising edge-triggered cell FDRE clocked by sys_clk_pin  {rise@0.000ns fall@4.000ns period=8.000ns})
  Destination:            <hidden>
                            (rising edge-triggered cell FDRE clocked by clk_out1_design_1_clk_wiz_0_0  {rise@0.000ns fall@2.000ns period=4.000ns})
  Path Group:             clk_out1_design_1_clk_wiz_0_0
  Path Type:              Hold (Min at Slow Process Corner)
  Requirement:            0.000ns  (clk_out1_design_1_clk_wiz_0_0 rise@0.000ns - sys_clk_pin rise@0.000ns)
  Data Path Delay:        2.585ns  (logic 1.758ns (68.016%)  route 0.827ns (31.984%))
  Logic Levels:           1  (DSP48E1=1)
  Clock Path Skew:        1.722ns (DCD - SCD - CPR)
    Destination Clock Delay (DCD):    5.887ns
    Source Clock Delay      (SCD):    4.095ns
    Clock Pessimism Removal (CPR):    0.071ns
  Clock Uncertainty:      0.160ns  ((TSJ^2 + DJ^2)^1/2) / 2 + PE
    Total System Jitter     (TSJ):    0.071ns
    Discrete Jitter          (DJ):    0.104ns
    Phase Error              (PE):    0.097ns

    Location             Delay type                Incr(ns)  Path(ns)    Netlist Resource(s)
  -------------------------------------------------------------------    -------------------
                         (clock sys_clk_pin rise edge)
                                                      0.000     0.000 r  
    K17                                               0.000     0.000 r  clk (IN)
                         net (fo=0)                   0.000     0.000    clk
    K17                  IBUF (Prop_ibuf_I_O)         1.404     1.404 r  clk_IBUF_inst/O
                         net (fo=21, routed)          2.690     4.095    design_1_i/FIR5_Mult_0/U0/clk
    SLICE_X91Y57         FDRE                                         r  design_1_i/FIR5_Mult_0/U0/x4_reg[15]/C
  -------------------------------------------------------------------    -------------------
    SLICE_X91Y57         FDRE (Prop_fdre_C_Q)         0.367     4.462 r  design_1_i/FIR5_Mult_0/U0/x4_reg[15]/Q
                         net (fo=15, routed)          0.395     4.856    design_1_i/FIR5_Mult_0/U0/Mult4/U0/i_synth/i_synth_option.i_synth_model/opt_7series.i_uniwrap/A[15]
    DSP48_X3Y22          DSP48E1 (Prop_dsp48e1_A[29]_P[2])
                                                      1.391     6.247 r  design_1_i/FIR5_Mult_0/U0/Mult4/U0/i_synth/i_synth_option.i_synth_model/opt_7series.i_uniwrap/i_primitive/P[2]
                         net (fo=4, routed)           0.432     6.679    <hidden>
    SLICE_X92Y55         FDRE                                         r  <hidden>
  -------------------------------------------------------------------    -------------------

                         (clock clk_out1_design_1_clk_wiz_0_0 rise edge)
                                                      0.000     0.000 r  
    K17                                               0.000     0.000 r  clk (IN)
                         net (fo=0)                   0.000     0.000    clk
    K17                  IBUF (Prop_ibuf_I_O)         1.475     1.475 r  clk_IBUF_inst/O
                         net (fo=21, routed)          2.522     3.997    design_1_i/clk_wiz_0/inst/clk_in1
    BUFGCTRL_X0Y16       BUFG (Prop_bufg_I_O)         0.101     4.098 r  design_1_i/clk_wiz_0/inst/clkin1_bufg/O
                         net (fo=1, routed)           1.831     5.929    design_1_i/clk_wiz_0/inst/clk_in1_design_1_clk_wiz_0_0
    PLLE2_ADV_X1Y0       PLLE2_ADV (Prop_plle2_adv_CLKIN1_CLKOUT0)
                                                     -3.812     2.117 r  design_1_i/clk_wiz_0/inst/plle2_adv_inst/CLKOUT0
                         net (fo=1, routed)           1.883     4.000    design_1_i/clk_wiz_0/inst/clk_out1_design_1_clk_wiz_0_0
    BUFGCTRL_X0Y0        BUFG (Prop_bufg_I_O)         0.101     4.101 r  design_1_i/clk_wiz_0/inst/clkout1_buf/O
                         net (fo=1802, routed)        1.786     5.887    <hidden>
    SLICE_X92Y55         FDRE                                         r  <hidden>
                         clock pessimism             -0.071     5.816    
                         clock uncertainty            0.160     5.976    
    SLICE_X92Y55         FDRE (Hold_fdre_C_D)         0.231     6.207    <hidden>
  -------------------------------------------------------------------
                         required time                         -6.207    
                         arrival time                           6.679    
  -------------------------------------------------------------------
                         slack                                  0.473    

Slack (MET) :             0.478ns  (arrival time - required time)
  Source:                 design_1_i/FIR5_Mult_0/U0/x4_reg[15]/C
                            (rising edge-triggered cell FDRE clocked by sys_clk_pin  {rise@0.000ns fall@4.000ns period=8.000ns})
  Destination:            <hidden>
                            (rising edge-triggered cell FDRE clocked by clk_out1_design_1_clk_wiz_0_0  {rise@0.000ns fall@2.000ns period=4.000ns})
  Path Group:             clk_out1_design_1_clk_wiz_0_0
  Path Type:              Hold (Min at Fast Process Corner)
  Requirement:            0.000ns  (clk_out1_design_1_clk_wiz_0_0 rise@0.000ns - sys_clk_pin rise@0.000ns)
  Data Path Delay:        1.184ns  (logic 0.750ns (63.337%)  route 0.434ns (36.663%))
  Logic Levels:           1  (DSP48E1=1)
  Clock Path Skew:        0.469ns (DCD - SCD - CPR)
    Destination Clock Delay (DCD):    2.247ns
    Source Clock Delay      (SCD):    1.590ns
    Clock Pessimism Removal (CPR):    0.188ns
  Clock Uncertainty:      0.160ns  ((TSJ^2 + DJ^2)^1/2) / 2 + PE
    Total System Jitter     (TSJ):    0.071ns
    Discrete Jitter          (DJ):    0.104ns
    Phase Error              (PE):    0.097ns

    Location             Delay type                Incr(ns)  Path(ns)    Netlist Resource(s)
  -------------------------------------------------------------------    -------------------
                         (clock sys_clk_pin rise edge)
                                                      0.000     0.000 r  
    K17                                               0.000     0.000 r  clk (IN)
                         net (fo=0)                   0.000     0.000    clk
    K17                  IBUF (Prop_ibuf_I_O)         0.243     0.243 r  clk_IBUF_inst/O
                         net (fo=21, routed)          1.347     1.590    design_1_i/FIR5_Mult_0/U0/clk
    SLICE_X91Y57         FDRE                                         r  design_1_i/FIR5_Mult_0/U0/x4_reg[15]/C
  -------------------------------------------------------------------    -------------------
    SLICE_X91Y57         FDRE (Prop_fdre_C_Q)         0.141     1.731 r  design_1_i/FIR5_Mult_0/U0/x4_reg[15]/Q
                         net (fo=15, routed)          0.258     1.989    design_1_i/FIR5_Mult_0/U0/Mult4/U0/i_synth/i_synth_option.i_synth_model/opt_7series.i_uniwrap/A[15]
    DSP48_X3Y22          DSP48E1 (Prop_dsp48e1_A[29]_P[31])
                                                      0.609     2.598 r  design_1_i/FIR5_Mult_0/U0/Mult4/U0/i_synth/i_synth_option.i_synth_model/opt_7series.i_uniwrap/i_primitive/P[31]
                         net (fo=3, routed)           0.176     2.774    <hidden>
    SLICE_X93Y56         FDRE                                         r  <hidden>
  -------------------------------------------------------------------    -------------------

                         (clock clk_out1_design_1_clk_wiz_0_0 rise edge)
                                                      0.000     0.000 r  
    K17                                               0.000     0.000 r  clk (IN)
                         net (fo=0)                   0.000     0.000    clk
    K17                  IBUF (Prop_ibuf_I_O)         0.431     0.431 r  clk_IBUF_inst/O
                         net (fo=21, routed)          0.907     1.338    design_1_i/clk_wiz_0/inst/clk_in1
    BUFGCTRL_X0Y16       BUFG (Prop_bufg_I_O)         0.029     1.367 r  design_1_i/clk_wiz_0/inst/clkin1_bufg/O
                         net (fo=1, routed)           0.869     2.236    design_1_i/clk_wiz_0/inst/clk_in1_design_1_clk_wiz_0_0
    PLLE2_ADV_X1Y0       PLLE2_ADV (Prop_plle2_adv_CLKIN1_CLKOUT0)
                                                     -1.488     0.748 r  design_1_i/clk_wiz_0/inst/plle2_adv_inst/CLKOUT0
                         net (fo=1, routed)           0.592     1.340    design_1_i/clk_wiz_0/inst/clk_out1_design_1_clk_wiz_0_0
    BUFGCTRL_X0Y0        BUFG (Prop_bufg_I_O)         0.029     1.369 r  design_1_i/clk_wiz_0/inst/clkout1_buf/O
                         net (fo=1802, routed)        0.878     2.247    <hidden>
    SLICE_X93Y56         FDRE                                         r  <hidden>
                         clock pessimism             -0.188     2.059    
                         clock uncertainty            0.160     2.218    
    SLICE_X93Y56         FDRE (Hold_fdre_C_D)         0.078     2.296    <hidden>
  -------------------------------------------------------------------
                         required time                         -2.296    
                         arrival time                           2.774    
  -------------------------------------------------------------------
                         slack                                  0.478    

Slack (MET) :             0.480ns  (arrival time - required time)
  Source:                 design_1_i/FIR5_Mult_0/U0/x4_reg[15]/C
                            (rising edge-triggered cell FDRE clocked by sys_clk_pin  {rise@0.000ns fall@4.000ns period=8.000ns})
  Destination:            <hidden>
                            (rising edge-triggered cell SRL16E clocked by clk_out1_design_1_clk_wiz_0_0  {rise@0.000ns fall@2.000ns period=4.000ns})
  Path Group:             clk_out1_design_1_clk_wiz_0_0
  Path Type:              Hold (Min at Fast Process Corner)
  Requirement:            0.000ns  (clk_out1_design_1_clk_wiz_0_0 rise@0.000ns - sys_clk_pin rise@0.000ns)
  Data Path Delay:        1.218ns  (logic 0.750ns (61.552%)  route 0.468ns (38.448%))
  Logic Levels:           1  (DSP48E1=1)
  Clock Path Skew:        0.470ns (DCD - SCD - CPR)
    Destination Clock Delay (DCD):    2.248ns
    Source Clock Delay      (SCD):    1.590ns
    Clock Pessimism Removal (CPR):    0.188ns
  Clock Uncertainty:      0.160ns  ((TSJ^2 + DJ^2)^1/2) / 2 + PE
    Total System Jitter     (TSJ):    0.071ns
    Discrete Jitter          (DJ):    0.104ns
    Phase Error              (PE):    0.097ns

    Location             Delay type                Incr(ns)  Path(ns)    Netlist Resource(s)
  -------------------------------------------------------------------    -------------------
                         (clock sys_clk_pin rise edge)
                                                      0.000     0.000 r  
    K17                                               0.000     0.000 r  clk (IN)
                         net (fo=0)                   0.000     0.000    clk
    K17                  IBUF (Prop_ibuf_I_O)         0.243     0.243 r  clk_IBUF_inst/O
                         net (fo=21, routed)          1.347     1.590    design_1_i/FIR5_Mult_0/U0/clk
    SLICE_X91Y57         FDRE                                         r  design_1_i/FIR5_Mult_0/U0/x4_reg[15]/C
  -------------------------------------------------------------------    -------------------
    SLICE_X91Y57         FDRE (Prop_fdre_C_Q)         0.141     1.731 r  design_1_i/FIR5_Mult_0/U0/x4_reg[15]/Q
                         net (fo=15, routed)          0.258     1.989    design_1_i/FIR5_Mult_0/U0/Mult4/U0/i_synth/i_synth_option.i_synth_model/opt_7series.i_uniwrap/A[15]
    DSP48_X3Y22          DSP48E1 (Prop_dsp48e1_A[29]_P[6])
                                                      0.609     2.598 r  design_1_i/FIR5_Mult_0/U0/Mult4/U0/i_synth/i_synth_option.i_synth_model/opt_7series.i_uniwrap/i_primitive/P[6]
                         net (fo=4, routed)           0.211     2.809    <hidden>
    SLICE_X94Y55         SRL16E                                       r  <hidden>
  -------------------------------------------------------------------    -------------------

                         (clock clk_out1_design_1_clk_wiz_0_0 rise edge)
                                                      0.000     0.000 r  
    K17                                               0.000     0.000 r  clk (IN)
                         net (fo=0)                   0.000     0.000    clk
    K17                  IBUF (Prop_ibuf_I_O)         0.431     0.431 r  clk_IBUF_inst/O
                         net (fo=21, routed)          0.907     1.338    design_1_i/clk_wiz_0/inst/clk_in1
    BUFGCTRL_X0Y16       BUFG (Prop_bufg_I_O)         0.029     1.367 r  design_1_i/clk_wiz_0/inst/clkin1_bufg/O
                         net (fo=1, routed)           0.869     2.236    design_1_i/clk_wiz_0/inst/clk_in1_design_1_clk_wiz_0_0
    PLLE2_ADV_X1Y0       PLLE2_ADV (Prop_plle2_adv_CLKIN1_CLKOUT0)
                                                     -1.488     0.748 r  design_1_i/clk_wiz_0/inst/plle2_adv_inst/CLKOUT0
                         net (fo=1, routed)           0.592     1.340    design_1_i/clk_wiz_0/inst/clk_out1_design_1_clk_wiz_0_0
    BUFGCTRL_X0Y0        BUFG (Prop_bufg_I_O)         0.029     1.369 r  design_1_i/clk_wiz_0/inst/clkout1_buf/O
                         net (fo=1802, routed)        0.879     2.248    <hidden>
    SLICE_X94Y55         SRL16E                                       r  <hidden>
                         clock pessimism             -0.188     2.060    
                         clock uncertainty            0.160     2.219    
    SLICE_X94Y55         SRL16E (Hold_srl16e_CLK_D)
                                                      0.109     2.328    <hidden>
  -------------------------------------------------------------------
                         required time                         -2.328    
                         arrival time                           2.809    
  -------------------------------------------------------------------
                         slack                                  0.480    

Slack (MET) :             0.480ns  (arrival time - required time)
  Source:                 design_1_i/FIR5_Mult_0/U0/x4_reg[15]/C
                            (rising edge-triggered cell FDRE clocked by sys_clk_pin  {rise@0.000ns fall@4.000ns period=8.000ns})
  Destination:            <hidden>
                            (rising edge-triggered cell SRL16E clocked by clk_out1_design_1_clk_wiz_0_0  {rise@0.000ns fall@2.000ns period=4.000ns})
  Path Group:             clk_out1_design_1_clk_wiz_0_0
  Path Type:              Hold (Min at Fast Process Corner)
  Requirement:            0.000ns  (clk_out1_design_1_clk_wiz_0_0 rise@0.000ns - sys_clk_pin rise@0.000ns)
  Data Path Delay:        1.217ns  (logic 0.750ns (61.602%)  route 0.467ns (38.398%))
  Logic Levels:           1  (DSP48E1=1)
  Clock Path Skew:        0.469ns (DCD - SCD - CPR)
    Destination Clock Delay (DCD):    2.247ns
    Source Clock Delay      (SCD):    1.590ns
    Clock Pessimism Removal (CPR):    0.188ns
  Clock Uncertainty:      0.160ns  ((TSJ^2 + DJ^2)^1/2) / 2 + PE
    Total System Jitter     (TSJ):    0.071ns
    Discrete Jitter          (DJ):    0.104ns
    Phase Error              (PE):    0.097ns

    Location             Delay type                Incr(ns)  Path(ns)    Netlist Resource(s)
  -------------------------------------------------------------------    -------------------
                         (clock sys_clk_pin rise edge)
                                                      0.000     0.000 r  
    K17                                               0.000     0.000 r  clk (IN)
                         net (fo=0)                   0.000     0.000    clk
    K17                  IBUF (Prop_ibuf_I_O)         0.243     0.243 r  clk_IBUF_inst/O
                         net (fo=21, routed)          1.347     1.590    design_1_i/FIR5_Mult_0/U0/clk
    SLICE_X91Y57         FDRE                                         r  design_1_i/FIR5_Mult_0/U0/x4_reg[15]/C
  -------------------------------------------------------------------    -------------------
    SLICE_X91Y57         FDRE (Prop_fdre_C_Q)         0.141     1.731 r  design_1_i/FIR5_Mult_0/U0/x4_reg[15]/Q
                         net (fo=15, routed)          0.258     1.989    design_1_i/FIR5_Mult_0/U0/Mult4/U0/i_synth/i_synth_option.i_synth_model/opt_7series.i_uniwrap/A[15]
    DSP48_X3Y22          DSP48E1 (Prop_dsp48e1_A[29]_P[17])
                                                      0.609     2.598 r  design_1_i/FIR5_Mult_0/U0/Mult4/U0/i_synth/i_synth_option.i_synth_model/opt_7series.i_uniwrap/i_primitive/P[17]
                         net (fo=4, routed)           0.210     2.808    <hidden>
    SLICE_X94Y58         SRL16E                                       r  <hidden>
  -------------------------------------------------------------------    -------------------

                         (clock clk_out1_design_1_clk_wiz_0_0 rise edge)
                                                      0.000     0.000 r  
    K17                                               0.000     0.000 r  clk (IN)
                         net (fo=0)                   0.000     0.000    clk
    K17                  IBUF (Prop_ibuf_I_O)         0.431     0.431 r  clk_IBUF_inst/O
                         net (fo=21, routed)          0.907     1.338    design_1_i/clk_wiz_0/inst/clk_in1
    BUFGCTRL_X0Y16       BUFG (Prop_bufg_I_O)         0.029     1.367 r  design_1_i/clk_wiz_0/inst/clkin1_bufg/O
                         net (fo=1, routed)           0.869     2.236    design_1_i/clk_wiz_0/inst/clk_in1_design_1_clk_wiz_0_0
    PLLE2_ADV_X1Y0       PLLE2_ADV (Prop_plle2_adv_CLKIN1_CLKOUT0)
                                                     -1.488     0.748 r  design_1_i/clk_wiz_0/inst/plle2_adv_inst/CLKOUT0
                         net (fo=1, routed)           0.592     1.340    design_1_i/clk_wiz_0/inst/clk_out1_design_1_clk_wiz_0_0
    BUFGCTRL_X0Y0        BUFG (Prop_bufg_I_O)         0.029     1.369 r  design_1_i/clk_wiz_0/inst/clkout1_buf/O
                         net (fo=1802, routed)        0.878     2.247    <hidden>
    SLICE_X94Y58         SRL16E                                       r  <hidden>
                         clock pessimism             -0.188     2.059    
                         clock uncertainty            0.160     2.218    
    SLICE_X94Y58         SRL16E (Hold_srl16e_CLK_D)
                                                      0.109     2.327    <hidden>
  -------------------------------------------------------------------
                         required time                         -2.327    
                         arrival time                           2.808    
  -------------------------------------------------------------------
                         slack                                  0.480    

Slack (MET) :             0.481ns  (arrival time - required time)
  Source:                 design_1_i/FIR5_Mult_0/U0/x4_reg[15]/C
                            (rising edge-triggered cell FDRE clocked by sys_clk_pin  {rise@0.000ns fall@4.000ns period=8.000ns})
  Destination:            <hidden>
                            (rising edge-triggered cell SRL16E clocked by clk_out1_design_1_clk_wiz_0_0  {rise@0.000ns fall@2.000ns period=4.000ns})
  Path Group:             clk_out1_design_1_clk_wiz_0_0
  Path Type:              Hold (Min at Fast Process Corner)
  Requirement:            0.000ns  (clk_out1_design_1_clk_wiz_0_0 rise@0.000ns - sys_clk_pin rise@0.000ns)
  Data Path Delay:        1.218ns  (logic 0.750ns (61.552%)  route 0.468ns (38.448%))
  Logic Levels:           1  (DSP48E1=1)
  Clock Path Skew:        0.469ns (DCD - SCD - CPR)
    Destination Clock Delay (DCD):    2.247ns
    Source Clock Delay      (SCD):    1.590ns
    Clock Pessimism Removal (CPR):    0.188ns
  Clock Uncertainty:      0.160ns  ((TSJ^2 + DJ^2)^1/2) / 2 + PE
    Total System Jitter     (TSJ):    0.071ns
    Discrete Jitter          (DJ):    0.104ns
    Phase Error              (PE):    0.097ns

    Location             Delay type                Incr(ns)  Path(ns)    Netlist Resource(s)
  -------------------------------------------------------------------    -------------------
                         (clock sys_clk_pin rise edge)
                                                      0.000     0.000 r  
    K17                                               0.000     0.000 r  clk (IN)
                         net (fo=0)                   0.000     0.000    clk
    K17                  IBUF (Prop_ibuf_I_O)         0.243     0.243 r  clk_IBUF_inst/O
                         net (fo=21, routed)          1.347     1.590    design_1_i/FIR5_Mult_0/U0/clk
    SLICE_X91Y57         FDRE                                         r  design_1_i/FIR5_Mult_0/U0/x4_reg[15]/C
  -------------------------------------------------------------------    -------------------
    SLICE_X91Y57         FDRE (Prop_fdre_C_Q)         0.141     1.731 r  design_1_i/FIR5_Mult_0/U0/x4_reg[15]/Q
                         net (fo=15, routed)          0.258     1.989    design_1_i/FIR5_Mult_0/U0/Mult4/U0/i_synth/i_synth_option.i_synth_model/opt_7series.i_uniwrap/A[15]
    DSP48_X3Y22          DSP48E1 (Prop_dsp48e1_A[29]_P[14])
                                                      0.609     2.598 r  design_1_i/FIR5_Mult_0/U0/Mult4/U0/i_synth/i_synth_option.i_synth_model/opt_7series.i_uniwrap/i_primitive/P[14]
                         net (fo=4, routed)           0.211     2.809    <hidden>
    SLICE_X94Y57         SRL16E                                       r  <hidden>
  -------------------------------------------------------------------    -------------------

                         (clock clk_out1_design_1_clk_wiz_0_0 rise edge)
                                                      0.000     0.000 r  
    K17                                               0.000     0.000 r  clk (IN)
                         net (fo=0)                   0.000     0.000    clk
    K17                  IBUF (Prop_ibuf_I_O)         0.431     0.431 r  clk_IBUF_inst/O
                         net (fo=21, routed)          0.907     1.338    design_1_i/clk_wiz_0/inst/clk_in1
    BUFGCTRL_X0Y16       BUFG (Prop_bufg_I_O)         0.029     1.367 r  design_1_i/clk_wiz_0/inst/clkin1_bufg/O
                         net (fo=1, routed)           0.869     2.236    design_1_i/clk_wiz_0/inst/clk_in1_design_1_clk_wiz_0_0
    PLLE2_ADV_X1Y0       PLLE2_ADV (Prop_plle2_adv_CLKIN1_CLKOUT0)
                                                     -1.488     0.748 r  design_1_i/clk_wiz_0/inst/plle2_adv_inst/CLKOUT0
                         net (fo=1, routed)           0.592     1.340    design_1_i/clk_wiz_0/inst/clk_out1_design_1_clk_wiz_0_0
    BUFGCTRL_X0Y0        BUFG (Prop_bufg_I_O)         0.029     1.369 r  design_1_i/clk_wiz_0/inst/clkout1_buf/O
                         net (fo=1802, routed)        0.878     2.247    <hidden>
    SLICE_X94Y57         SRL16E                                       r  <hidden>
                         clock pessimism             -0.188     2.059    
                         clock uncertainty            0.160     2.218    
    SLICE_X94Y57         SRL16E (Hold_srl16e_CLK_D)
                                                      0.109     2.327    <hidden>
  -------------------------------------------------------------------
                         required time                         -2.327    
                         arrival time                           2.809    
  -------------------------------------------------------------------
                         slack                                  0.481    

Slack (MET) :             0.482ns  (arrival time - required time)
  Source:                 design_1_i/FIR5_Mult_0/U0/x4_reg[15]/C
                            (rising edge-triggered cell FDRE clocked by sys_clk_pin  {rise@0.000ns fall@4.000ns period=8.000ns})
  Destination:            <hidden>
                            (rising edge-triggered cell SRL16E clocked by clk_out1_design_1_clk_wiz_0_0  {rise@0.000ns fall@2.000ns period=4.000ns})
  Path Group:             clk_out1_design_1_clk_wiz_0_0
  Path Type:              Hold (Min at Fast Process Corner)
  Requirement:            0.000ns  (clk_out1_design_1_clk_wiz_0_0 rise@0.000ns - sys_clk_pin rise@0.000ns)
  Data Path Delay:        1.221ns  (logic 0.750ns (61.450%)  route 0.471ns (38.550%))
  Logic Levels:           1  (DSP48E1=1)
  Clock Path Skew:        0.470ns (DCD - SCD - CPR)
    Destination Clock Delay (DCD):    2.248ns
    Source Clock Delay      (SCD):    1.590ns
    Clock Pessimism Removal (CPR):    0.188ns
  Clock Uncertainty:      0.160ns  ((TSJ^2 + DJ^2)^1/2) / 2 + PE
    Total System Jitter     (TSJ):    0.071ns
    Discrete Jitter          (DJ):    0.104ns
    Phase Error              (PE):    0.097ns

    Location             Delay type                Incr(ns)  Path(ns)    Netlist Resource(s)
  -------------------------------------------------------------------    -------------------
                         (clock sys_clk_pin rise edge)
                                                      0.000     0.000 r  
    K17                                               0.000     0.000 r  clk (IN)
                         net (fo=0)                   0.000     0.000    clk
    K17                  IBUF (Prop_ibuf_I_O)         0.243     0.243 r  clk_IBUF_inst/O
                         net (fo=21, routed)          1.347     1.590    design_1_i/FIR5_Mult_0/U0/clk
    SLICE_X91Y57         FDRE                                         r  design_1_i/FIR5_Mult_0/U0/x4_reg[15]/C
  -------------------------------------------------------------------    -------------------
    SLICE_X91Y57         FDRE (Prop_fdre_C_Q)         0.141     1.731 r  design_1_i/FIR5_Mult_0/U0/x4_reg[15]/Q
                         net (fo=15, routed)          0.258     1.989    design_1_i/FIR5_Mult_0/U0/Mult4/U0/i_synth/i_synth_option.i_synth_model/opt_7series.i_uniwrap/A[15]
    DSP48_X3Y22          DSP48E1 (Prop_dsp48e1_A[29]_P[30])
                                                      0.609     2.598 r  design_1_i/FIR5_Mult_0/U0/Mult4/U0/i_synth/i_synth_option.i_synth_model/opt_7series.i_uniwrap/i_primitive/P[30]
                         net (fo=3, routed)           0.213     2.811    <hidden>
    SLICE_X94Y56         SRL16E                                       r  <hidden>
  -------------------------------------------------------------------    -------------------

                         (clock clk_out1_design_1_clk_wiz_0_0 rise edge)
                                                      0.000     0.000 r  
    K17                                               0.000     0.000 r  clk (IN)
                         net (fo=0)                   0.000     0.000    clk
    K17                  IBUF (Prop_ibuf_I_O)         0.431     0.431 r  clk_IBUF_inst/O
                         net (fo=21, routed)          0.907     1.338    design_1_i/clk_wiz_0/inst/clk_in1
    BUFGCTRL_X0Y16       BUFG (Prop_bufg_I_O)         0.029     1.367 r  design_1_i/clk_wiz_0/inst/clkin1_bufg/O
                         net (fo=1, routed)           0.869     2.236    design_1_i/clk_wiz_0/inst/clk_in1_design_1_clk_wiz_0_0
    PLLE2_ADV_X1Y0       PLLE2_ADV (Prop_plle2_adv_CLKIN1_CLKOUT0)
                                                     -1.488     0.748 r  design_1_i/clk_wiz_0/inst/plle2_adv_inst/CLKOUT0
                         net (fo=1, routed)           0.592     1.340    design_1_i/clk_wiz_0/inst/clk_out1_design_1_clk_wiz_0_0
    BUFGCTRL_X0Y0        BUFG (Prop_bufg_I_O)         0.029     1.369 r  design_1_i/clk_wiz_0/inst/clkout1_buf/O
                         net (fo=1802, routed)        0.879     2.248    <hidden>
    SLICE_X94Y56         SRL16E                                       r  <hidden>
                         clock pessimism             -0.188     2.060    
                         clock uncertainty            0.160     2.219    
    SLICE_X94Y56         SRL16E (Hold_srl16e_CLK_D)
                                                      0.109     2.328    <hidden>
  -------------------------------------------------------------------
                         required time                         -2.328    
                         arrival time                           2.811    
  -------------------------------------------------------------------
                         slack                                  0.482    

Slack (MET) :             0.483ns  (arrival time - required time)
  Source:                 design_1_i/FIR5_Mult_0/U0/x4_reg[15]/C
                            (rising edge-triggered cell FDRE clocked by sys_clk_pin  {rise@0.000ns fall@4.000ns period=8.000ns})
  Destination:            <hidden>
                            (rising edge-triggered cell FDRE clocked by clk_out1_design_1_clk_wiz_0_0  {rise@0.000ns fall@2.000ns period=4.000ns})
  Path Group:             clk_out1_design_1_clk_wiz_0_0
  Path Type:              Hold (Min at Slow Process Corner)
  Requirement:            0.000ns  (clk_out1_design_1_clk_wiz_0_0 rise@0.000ns - sys_clk_pin rise@0.000ns)
  Data Path Delay:        2.598ns  (logic 1.758ns (67.662%)  route 0.840ns (32.338%))
  Logic Levels:           1  (DSP48E1=1)
  Clock Path Skew:        1.722ns (DCD - SCD - CPR)
    Destination Clock Delay (DCD):    5.887ns
    Source Clock Delay      (SCD):    4.095ns
    Clock Pessimism Removal (CPR):    0.071ns
  Clock Uncertainty:      0.160ns  ((TSJ^2 + DJ^2)^1/2) / 2 + PE
    Total System Jitter     (TSJ):    0.071ns
    Discrete Jitter          (DJ):    0.104ns
    Phase Error              (PE):    0.097ns

    Location             Delay type                Incr(ns)  Path(ns)    Netlist Resource(s)
  -------------------------------------------------------------------    -------------------
                         (clock sys_clk_pin rise edge)
                                                      0.000     0.000 r  
    K17                                               0.000     0.000 r  clk (IN)
                         net (fo=0)                   0.000     0.000    clk
    K17                  IBUF (Prop_ibuf_I_O)         1.404     1.404 r  clk_IBUF_inst/O
                         net (fo=21, routed)          2.690     4.095    design_1_i/FIR5_Mult_0/U0/clk
    SLICE_X91Y57         FDRE                                         r  design_1_i/FIR5_Mult_0/U0/x4_reg[15]/C
  -------------------------------------------------------------------    -------------------
    SLICE_X91Y57         FDRE (Prop_fdre_C_Q)         0.367     4.462 r  design_1_i/FIR5_Mult_0/U0/x4_reg[15]/Q
                         net (fo=15, routed)          0.395     4.856    design_1_i/FIR5_Mult_0/U0/Mult4/U0/i_synth/i_synth_option.i_synth_model/opt_7series.i_uniwrap/A[15]
    DSP48_X3Y22          DSP48E1 (Prop_dsp48e1_A[29]_P[27])
                                                      1.391     6.247 r  design_1_i/FIR5_Mult_0/U0/Mult4/U0/i_synth/i_synth_option.i_synth_model/opt_7series.i_uniwrap/i_primitive/P[27]
                         net (fo=4, routed)           0.446     6.693    <hidden>
    SLICE_X92Y56         FDRE                                         r  <hidden>
  -------------------------------------------------------------------    -------------------

                         (clock clk_out1_design_1_clk_wiz_0_0 rise edge)
                                                      0.000     0.000 r  
    K17                                               0.000     0.000 r  clk (IN)
                         net (fo=0)                   0.000     0.000    clk
    K17                  IBUF (Prop_ibuf_I_O)         1.475     1.475 r  clk_IBUF_inst/O
                         net (fo=21, routed)          2.522     3.997    design_1_i/clk_wiz_0/inst/clk_in1
    BUFGCTRL_X0Y16       BUFG (Prop_bufg_I_O)         0.101     4.098 r  design_1_i/clk_wiz_0/inst/clkin1_bufg/O
                         net (fo=1, routed)           1.831     5.929    design_1_i/clk_wiz_0/inst/clk_in1_design_1_clk_wiz_0_0
    PLLE2_ADV_X1Y0       PLLE2_ADV (Prop_plle2_adv_CLKIN1_CLKOUT0)
                                                     -3.812     2.117 r  design_1_i/clk_wiz_0/inst/plle2_adv_inst/CLKOUT0
                         net (fo=1, routed)           1.883     4.000    design_1_i/clk_wiz_0/inst/clk_out1_design_1_clk_wiz_0_0
    BUFGCTRL_X0Y0        BUFG (Prop_bufg_I_O)         0.101     4.101 r  design_1_i/clk_wiz_0/inst/clkout1_buf/O
                         net (fo=1802, routed)        1.786     5.887    <hidden>
    SLICE_X92Y56         FDRE                                         r  <hidden>
                         clock pessimism             -0.071     5.816    
                         clock uncertainty            0.160     5.976    
    SLICE_X92Y56         FDRE (Hold_fdre_C_D)         0.234     6.210    <hidden>
  -------------------------------------------------------------------
                         required time                         -6.210    
                         arrival time                           6.693    
  -------------------------------------------------------------------
                         slack                                  0.483    

Slack (MET) :             0.488ns  (arrival time - required time)
  Source:                 design_1_i/FIR5_Mult_0/U0/x4_reg[15]/C
                            (rising edge-triggered cell FDRE clocked by sys_clk_pin  {rise@0.000ns fall@4.000ns period=8.000ns})
  Destination:            <hidden>
                            (rising edge-triggered cell FDRE clocked by clk_out1_design_1_clk_wiz_0_0  {rise@0.000ns fall@2.000ns period=4.000ns})
  Path Group:             clk_out1_design_1_clk_wiz_0_0
  Path Type:              Hold (Min at Fast Process Corner)
  Requirement:            0.000ns  (clk_out1_design_1_clk_wiz_0_0 rise@0.000ns - sys_clk_pin rise@0.000ns)
  Data Path Delay:        1.194ns  (logic 0.750ns (62.813%)  route 0.444ns (37.187%))
  Logic Levels:           1  (DSP48E1=1)
  Clock Path Skew:        0.469ns (DCD - SCD - CPR)
    Destination Clock Delay (DCD):    2.247ns
    Source Clock Delay      (SCD):    1.590ns
    Clock Pessimism Removal (CPR):    0.188ns
  Clock Uncertainty:      0.160ns  ((TSJ^2 + DJ^2)^1/2) / 2 + PE
    Total System Jitter     (TSJ):    0.071ns
    Discrete Jitter          (DJ):    0.104ns
    Phase Error              (PE):    0.097ns

    Location             Delay type                Incr(ns)  Path(ns)    Netlist Resource(s)
  -------------------------------------------------------------------    -------------------
                         (clock sys_clk_pin rise edge)
                                                      0.000     0.000 r  
    K17                                               0.000     0.000 r  clk (IN)
                         net (fo=0)                   0.000     0.000    clk
    K17                  IBUF (Prop_ibuf_I_O)         0.243     0.243 r  clk_IBUF_inst/O
                         net (fo=21, routed)          1.347     1.590    design_1_i/FIR5_Mult_0/U0/clk
    SLICE_X91Y57         FDRE                                         r  design_1_i/FIR5_Mult_0/U0/x4_reg[15]/C
  -------------------------------------------------------------------    -------------------
    SLICE_X91Y57         FDRE (Prop_fdre_C_Q)         0.141     1.731 r  design_1_i/FIR5_Mult_0/U0/x4_reg[15]/Q
                         net (fo=15, routed)          0.258     1.989    design_1_i/FIR5_Mult_0/U0/Mult4/U0/i_synth/i_synth_option.i_synth_model/opt_7series.i_uniwrap/A[15]
    DSP48_X3Y22          DSP48E1 (Prop_dsp48e1_A[29]_P[0])
                                                      0.609     2.598 r  design_1_i/FIR5_Mult_0/U0/Mult4/U0/i_synth/i_synth_option.i_synth_model/opt_7series.i_uniwrap/i_primitive/P[0]
                         net (fo=4, routed)           0.186     2.784    <hidden>
    SLICE_X93Y55         FDRE                                         r  <hidden>
  -------------------------------------------------------------------    -------------------

                         (clock clk_out1_design_1_clk_wiz_0_0 rise edge)
                                                      0.000     0.000 r  
    K17                                               0.000     0.000 r  clk (IN)
                         net (fo=0)                   0.000     0.000    clk
    K17                  IBUF (Prop_ibuf_I_O)         0.431     0.431 r  clk_IBUF_inst/O
                         net (fo=21, routed)          0.907     1.338    design_1_i/clk_wiz_0/inst/clk_in1
    BUFGCTRL_X0Y16       BUFG (Prop_bufg_I_O)         0.029     1.367 r  design_1_i/clk_wiz_0/inst/clkin1_bufg/O
                         net (fo=1, routed)           0.869     2.236    design_1_i/clk_wiz_0/inst/clk_in1_design_1_clk_wiz_0_0
    PLLE2_ADV_X1Y0       PLLE2_ADV (Prop_plle2_adv_CLKIN1_CLKOUT0)
                                                     -1.488     0.748 r  design_1_i/clk_wiz_0/inst/plle2_adv_inst/CLKOUT0
                         net (fo=1, routed)           0.592     1.340    design_1_i/clk_wiz_0/inst/clk_out1_design_1_clk_wiz_0_0
    BUFGCTRL_X0Y0        BUFG (Prop_bufg_I_O)         0.029     1.369 r  design_1_i/clk_wiz_0/inst/clkout1_buf/O
                         net (fo=1802, routed)        0.878     2.247    <hidden>
    SLICE_X93Y55         FDRE                                         r  <hidden>
                         clock pessimism             -0.188     2.059    
                         clock uncertainty            0.160     2.218    
    SLICE_X93Y55         FDRE (Hold_fdre_C_D)         0.078     2.296    <hidden>
  -------------------------------------------------------------------
                         required time                         -2.296    
                         arrival time                           2.784    
  -------------------------------------------------------------------
                         slack                                  0.488    





---------------------------------------------------------------------------------------------------
Path Group:  **async_default**
From Clock:  clk_out1_design_1_clk_wiz_0_0
  To Clock:  clk_out1_design_1_clk_wiz_0_0

Setup :            0  Failing Endpoints,  Worst Slack        0.168ns,  Total Violation        0.000ns
Hold  :            0  Failing Endpoints,  Worst Slack        0.330ns,  Total Violation        0.000ns
---------------------------------------------------------------------------------------------------


Max Delay Paths
--------------------------------------------------------------------------------------
Slack (MET) :             0.168ns  (required time - arrival time)
  Source:                 dbg_hub/inst/BSCANID.u_xsdbm_id/CORE_XSDB.UUT_MASTER/U_ICON_INTERFACE/U_CMD1/ctl_reg_reg[0]/C
                            (rising edge-triggered cell FDRE clocked by clk_out1_design_1_clk_wiz_0_0  {rise@0.000ns fall@2.000ns period=4.000ns})
  Destination:            dbg_hub/inst/BSCANID.u_xsdbm_id/CORE_XSDB.UUT_MASTER/U_XSDB_BUS_CONTROLLER/FSM_onehot_current_state_reg[9]/CLR
                            (recovery check against rising-edge clock clk_out1_design_1_clk_wiz_0_0  {rise@0.000ns fall@2.000ns period=4.000ns})
  Path Group:             **async_default**
  Path Type:              Recovery (Max at Slow Process Corner)
  Requirement:            4.000ns  (clk_out1_design_1_clk_wiz_0_0 rise@4.000ns - clk_out1_design_1_clk_wiz_0_0 rise@0.000ns)
  Data Path Delay:        3.388ns  (logic 0.518ns (15.291%)  route 2.870ns (84.709%))
  Logic Levels:           0  
  Clock Path Skew:        -0.063ns (DCD - SCD + CPR)
    Destination Clock Delay (DCD):    5.396ns = ( 9.396 - 4.000 ) 
    Source Clock Delay      (SCD):    5.883ns
    Clock Pessimism Removal (CPR):    0.424ns
  Clock Uncertainty:      0.063ns  ((TSJ^2 + DJ^2)^1/2) / 2 + PE
    Total System Jitter     (TSJ):    0.071ns
    Discrete Jitter          (DJ):    0.104ns
    Phase Error              (PE):    0.000ns

    Location             Delay type                Incr(ns)  Path(ns)    Netlist Resource(s)
  -------------------------------------------------------------------    -------------------
                         (clock clk_out1_design_1_clk_wiz_0_0 rise edge)
                                                      0.000     0.000 r  
    K17                                               0.000     0.000 r  clk (IN)
                         net (fo=0)                   0.000     0.000    clk
    K17                  IBUF (Prop_ibuf_I_O)         1.475     1.475 r  clk_IBUF_inst/O
                         net (fo=21, routed)          2.522     3.997    design_1_i/clk_wiz_0/inst/clk_in1
    BUFGCTRL_X0Y16       BUFG (Prop_bufg_I_O)         0.101     4.098 r  design_1_i/clk_wiz_0/inst/clkin1_bufg/O
                         net (fo=1, routed)           1.831     5.929    design_1_i/clk_wiz_0/inst/clk_in1_design_1_clk_wiz_0_0
    PLLE2_ADV_X1Y0       PLLE2_ADV (Prop_plle2_adv_CLKIN1_CLKOUT0)
                                                     -3.812     2.117 r  design_1_i/clk_wiz_0/inst/plle2_adv_inst/CLKOUT0
                         net (fo=1, routed)           1.883     4.000    design_1_i/clk_wiz_0/inst/clk_out1_design_1_clk_wiz_0_0
    BUFGCTRL_X0Y0        BUFG (Prop_bufg_I_O)         0.101     4.101 r  design_1_i/clk_wiz_0/inst/clkout1_buf/O
                         net (fo=1802, routed)        1.782     5.883    dbg_hub/inst/BSCANID.u_xsdbm_id/CORE_XSDB.UUT_MASTER/U_ICON_INTERFACE/U_CMD1/clk
    SLICE_X94Y86         FDRE                                         r  dbg_hub/inst/BSCANID.u_xsdbm_id/CORE_XSDB.UUT_MASTER/U_ICON_INTERFACE/U_CMD1/ctl_reg_reg[0]/C
  -------------------------------------------------------------------    -------------------
    SLICE_X94Y86         FDRE (Prop_fdre_C_Q)         0.518     6.401 f  dbg_hub/inst/BSCANID.u_xsdbm_id/CORE_XSDB.UUT_MASTER/U_ICON_INTERFACE/U_CMD1/ctl_reg_reg[0]/Q
                         net (fo=176, routed)         2.870     9.271    dbg_hub/inst/BSCANID.u_xsdbm_id/CORE_XSDB.UUT_MASTER/U_XSDB_BUS_CONTROLLER/out[0]
    SLICE_X90Y88         FDCE                                         f  dbg_hub/inst/BSCANID.u_xsdbm_id/CORE_XSDB.UUT_MASTER/U_XSDB_BUS_CONTROLLER/FSM_onehot_current_state_reg[9]/CLR
  -------------------------------------------------------------------    -------------------

                         (clock clk_out1_design_1_clk_wiz_0_0 rise edge)
                                                      4.000     4.000 r  
    K17                                               0.000     4.000 r  clk (IN)
                         net (fo=0)                   0.000     4.000    clk
    K17                  IBUF (Prop_ibuf_I_O)         1.404     5.404 r  clk_IBUF_inst/O
                         net (fo=21, routed)          2.293     7.697    design_1_i/clk_wiz_0/inst/clk_in1
    BUFGCTRL_X0Y16       BUFG (Prop_bufg_I_O)         0.091     7.788 r  design_1_i/clk_wiz_0/inst/clkin1_bufg/O
                         net (fo=1, routed)           1.634     9.423    design_1_i/clk_wiz_0/inst/clk_in1_design_1_clk_wiz_0_0
    PLLE2_ADV_X1Y0       PLLE2_ADV (Prop_plle2_adv_CLKIN1_CLKOUT0)
                                                     -3.442     5.980 r  design_1_i/clk_wiz_0/inst/plle2_adv_inst/CLKOUT0
                         net (fo=1, routed)           1.720     7.700    design_1_i/clk_wiz_0/inst/clk_out1_design_1_clk_wiz_0_0
    BUFGCTRL_X0Y0        BUFG (Prop_bufg_I_O)         0.091     7.791 r  design_1_i/clk_wiz_0/inst/clkout1_buf/O
                         net (fo=1802, routed)        1.605     9.396    dbg_hub/inst/BSCANID.u_xsdbm_id/CORE_XSDB.UUT_MASTER/U_XSDB_BUS_CONTROLLER/clk
    SLICE_X90Y88         FDCE                                         r  dbg_hub/inst/BSCANID.u_xsdbm_id/CORE_XSDB.UUT_MASTER/U_XSDB_BUS_CONTROLLER/FSM_onehot_current_state_reg[9]/C
                         clock pessimism              0.424     9.820    
                         clock uncertainty           -0.063     9.757    
    SLICE_X90Y88         FDCE (Recov_fdce_C_CLR)     -0.319     9.438    dbg_hub/inst/BSCANID.u_xsdbm_id/CORE_XSDB.UUT_MASTER/U_XSDB_BUS_CONTROLLER/FSM_onehot_current_state_reg[9]
  -------------------------------------------------------------------
                         required time                          9.438    
                         arrival time                          -9.271    
  -------------------------------------------------------------------
                         slack                                  0.168    

Slack (MET) :             0.168ns  (required time - arrival time)
  Source:                 dbg_hub/inst/BSCANID.u_xsdbm_id/CORE_XSDB.UUT_MASTER/U_ICON_INTERFACE/U_CMD1/ctl_reg_reg[0]/C
                            (rising edge-triggered cell FDRE clocked by clk_out1_design_1_clk_wiz_0_0  {rise@0.000ns fall@2.000ns period=4.000ns})
  Destination:            dbg_hub/inst/BSCANID.u_xsdbm_id/CORE_XSDB.UUT_MASTER/U_XSDB_BUS_CONTROLLER/active_sl_den_mask_reg[0]/CLR
                            (recovery check against rising-edge clock clk_out1_design_1_clk_wiz_0_0  {rise@0.000ns fall@2.000ns period=4.000ns})
  Path Group:             **async_default**
  Path Type:              Recovery (Max at Slow Process Corner)
  Requirement:            4.000ns  (clk_out1_design_1_clk_wiz_0_0 rise@4.000ns - clk_out1_design_1_clk_wiz_0_0 rise@0.000ns)
  Data Path Delay:        3.388ns  (logic 0.518ns (15.291%)  route 2.870ns (84.709%))
  Logic Levels:           0  
  Clock Path Skew:        -0.063ns (DCD - SCD + CPR)
    Destination Clock Delay (DCD):    5.396ns = ( 9.396 - 4.000 ) 
    Source Clock Delay      (SCD):    5.883ns
    Clock Pessimism Removal (CPR):    0.424ns
  Clock Uncertainty:      0.063ns  ((TSJ^2 + DJ^2)^1/2) / 2 + PE
    Total System Jitter     (TSJ):    0.071ns
    Discrete Jitter          (DJ):    0.104ns
    Phase Error              (PE):    0.000ns

    Location             Delay type                Incr(ns)  Path(ns)    Netlist Resource(s)
  -------------------------------------------------------------------    -------------------
                         (clock clk_out1_design_1_clk_wiz_0_0 rise edge)
                                                      0.000     0.000 r  
    K17                                               0.000     0.000 r  clk (IN)
                         net (fo=0)                   0.000     0.000    clk
    K17                  IBUF (Prop_ibuf_I_O)         1.475     1.475 r  clk_IBUF_inst/O
                         net (fo=21, routed)          2.522     3.997    design_1_i/clk_wiz_0/inst/clk_in1
    BUFGCTRL_X0Y16       BUFG (Prop_bufg_I_O)         0.101     4.098 r  design_1_i/clk_wiz_0/inst/clkin1_bufg/O
                         net (fo=1, routed)           1.831     5.929    design_1_i/clk_wiz_0/inst/clk_in1_design_1_clk_wiz_0_0
    PLLE2_ADV_X1Y0       PLLE2_ADV (Prop_plle2_adv_CLKIN1_CLKOUT0)
                                                     -3.812     2.117 r  design_1_i/clk_wiz_0/inst/plle2_adv_inst/CLKOUT0
                         net (fo=1, routed)           1.883     4.000    design_1_i/clk_wiz_0/inst/clk_out1_design_1_clk_wiz_0_0
    BUFGCTRL_X0Y0        BUFG (Prop_bufg_I_O)         0.101     4.101 r  design_1_i/clk_wiz_0/inst/clkout1_buf/O
                         net (fo=1802, routed)        1.782     5.883    dbg_hub/inst/BSCANID.u_xsdbm_id/CORE_XSDB.UUT_MASTER/U_ICON_INTERFACE/U_CMD1/clk
    SLICE_X94Y86         FDRE                                         r  dbg_hub/inst/BSCANID.u_xsdbm_id/CORE_XSDB.UUT_MASTER/U_ICON_INTERFACE/U_CMD1/ctl_reg_reg[0]/C
  -------------------------------------------------------------------    -------------------
    SLICE_X94Y86         FDRE (Prop_fdre_C_Q)         0.518     6.401 f  dbg_hub/inst/BSCANID.u_xsdbm_id/CORE_XSDB.UUT_MASTER/U_ICON_INTERFACE/U_CMD1/ctl_reg_reg[0]/Q
                         net (fo=176, routed)         2.870     9.271    dbg_hub/inst/BSCANID.u_xsdbm_id/CORE_XSDB.UUT_MASTER/U_XSDB_BUS_CONTROLLER/out[0]
    SLICE_X90Y88         FDCE                                         f  dbg_hub/inst/BSCANID.u_xsdbm_id/CORE_XSDB.UUT_MASTER/U_XSDB_BUS_CONTROLLER/active_sl_den_mask_reg[0]/CLR
  -------------------------------------------------------------------    -------------------

                         (clock clk_out1_design_1_clk_wiz_0_0 rise edge)
                                                      4.000     4.000 r  
    K17                                               0.000     4.000 r  clk (IN)
                         net (fo=0)                   0.000     4.000    clk
    K17                  IBUF (Prop_ibuf_I_O)         1.404     5.404 r  clk_IBUF_inst/O
                         net (fo=21, routed)          2.293     7.697    design_1_i/clk_wiz_0/inst/clk_in1
    BUFGCTRL_X0Y16       BUFG (Prop_bufg_I_O)         0.091     7.788 r  design_1_i/clk_wiz_0/inst/clkin1_bufg/O
                         net (fo=1, routed)           1.634     9.423    design_1_i/clk_wiz_0/inst/clk_in1_design_1_clk_wiz_0_0
    PLLE2_ADV_X1Y0       PLLE2_ADV (Prop_plle2_adv_CLKIN1_CLKOUT0)
                                                     -3.442     5.980 r  design_1_i/clk_wiz_0/inst/plle2_adv_inst/CLKOUT0
                         net (fo=1, routed)           1.720     7.700    design_1_i/clk_wiz_0/inst/clk_out1_design_1_clk_wiz_0_0
    BUFGCTRL_X0Y0        BUFG (Prop_bufg_I_O)         0.091     7.791 r  design_1_i/clk_wiz_0/inst/clkout1_buf/O
                         net (fo=1802, routed)        1.605     9.396    dbg_hub/inst/BSCANID.u_xsdbm_id/CORE_XSDB.UUT_MASTER/U_XSDB_BUS_CONTROLLER/clk
    SLICE_X90Y88         FDCE                                         r  dbg_hub/inst/BSCANID.u_xsdbm_id/CORE_XSDB.UUT_MASTER/U_XSDB_BUS_CONTROLLER/active_sl_den_mask_reg[0]/C
                         clock pessimism              0.424     9.820    
                         clock uncertainty           -0.063     9.757    
    SLICE_X90Y88         FDCE (Recov_fdce_C_CLR)     -0.319     9.438    dbg_hub/inst/BSCANID.u_xsdbm_id/CORE_XSDB.UUT_MASTER/U_XSDB_BUS_CONTROLLER/active_sl_den_mask_reg[0]
  -------------------------------------------------------------------
                         required time                          9.438    
                         arrival time                          -9.271    
  -------------------------------------------------------------------
                         slack                                  0.168    

Slack (MET) :             0.219ns  (required time - arrival time)
  Source:                 dbg_hub/inst/BSCANID.u_xsdbm_id/CORE_XSDB.UUT_MASTER/U_ICON_INTERFACE/U_CMD1/ctl_reg_reg[0]/C
                            (rising edge-triggered cell FDRE clocked by clk_out1_design_1_clk_wiz_0_0  {rise@0.000ns fall@2.000ns period=4.000ns})
  Destination:            dbg_hub/inst/BSCANID.u_xsdbm_id/CORE_XSDB.UUT_MASTER/U_XSDB_BUS_CONTROLLER/in_read_mode_reg/CLR
                            (recovery check against rising-edge clock clk_out1_design_1_clk_wiz_0_0  {rise@0.000ns fall@2.000ns period=4.000ns})
  Path Group:             **async_default**
  Path Type:              Recovery (Max at Slow Process Corner)
  Requirement:            4.000ns  (clk_out1_design_1_clk_wiz_0_0 rise@4.000ns - clk_out1_design_1_clk_wiz_0_0 rise@0.000ns)
  Data Path Delay:        3.249ns  (logic 0.518ns (15.942%)  route 2.731ns (84.058%))
  Logic Levels:           0  
  Clock Path Skew:        -0.064ns (DCD - SCD + CPR)
    Destination Clock Delay (DCD):    5.395ns = ( 9.395 - 4.000 ) 
    Source Clock Delay      (SCD):    5.883ns
    Clock Pessimism Removal (CPR):    0.424ns
  Clock Uncertainty:      0.063ns  ((TSJ^2 + DJ^2)^1/2) / 2 + PE
    Total System Jitter     (TSJ):    0.071ns
    Discrete Jitter          (DJ):    0.104ns
    Phase Error              (PE):    0.000ns

    Location             Delay type                Incr(ns)  Path(ns)    Netlist Resource(s)
  -------------------------------------------------------------------    -------------------
                         (clock clk_out1_design_1_clk_wiz_0_0 rise edge)
                                                      0.000     0.000 r  
    K17                                               0.000     0.000 r  clk (IN)
                         net (fo=0)                   0.000     0.000    clk
    K17                  IBUF (Prop_ibuf_I_O)         1.475     1.475 r  clk_IBUF_inst/O
                         net (fo=21, routed)          2.522     3.997    design_1_i/clk_wiz_0/inst/clk_in1
    BUFGCTRL_X0Y16       BUFG (Prop_bufg_I_O)         0.101     4.098 r  design_1_i/clk_wiz_0/inst/clkin1_bufg/O
                         net (fo=1, routed)           1.831     5.929    design_1_i/clk_wiz_0/inst/clk_in1_design_1_clk_wiz_0_0
    PLLE2_ADV_X1Y0       PLLE2_ADV (Prop_plle2_adv_CLKIN1_CLKOUT0)
                                                     -3.812     2.117 r  design_1_i/clk_wiz_0/inst/plle2_adv_inst/CLKOUT0
                         net (fo=1, routed)           1.883     4.000    design_1_i/clk_wiz_0/inst/clk_out1_design_1_clk_wiz_0_0
    BUFGCTRL_X0Y0        BUFG (Prop_bufg_I_O)         0.101     4.101 r  design_1_i/clk_wiz_0/inst/clkout1_buf/O
                         net (fo=1802, routed)        1.782     5.883    dbg_hub/inst/BSCANID.u_xsdbm_id/CORE_XSDB.UUT_MASTER/U_ICON_INTERFACE/U_CMD1/clk
    SLICE_X94Y86         FDRE                                         r  dbg_hub/inst/BSCANID.u_xsdbm_id/CORE_XSDB.UUT_MASTER/U_ICON_INTERFACE/U_CMD1/ctl_reg_reg[0]/C
  -------------------------------------------------------------------    -------------------
    SLICE_X94Y86         FDRE (Prop_fdre_C_Q)         0.518     6.401 f  dbg_hub/inst/BSCANID.u_xsdbm_id/CORE_XSDB.UUT_MASTER/U_ICON_INTERFACE/U_CMD1/ctl_reg_reg[0]/Q
                         net (fo=176, routed)         2.731     9.132    dbg_hub/inst/BSCANID.u_xsdbm_id/CORE_XSDB.UUT_MASTER/U_XSDB_BUS_CONTROLLER/out[0]
    SLICE_X91Y87         FDCE                                         f  dbg_hub/inst/BSCANID.u_xsdbm_id/CORE_XSDB.UUT_MASTER/U_XSDB_BUS_CONTROLLER/in_read_mode_reg/CLR
  -------------------------------------------------------------------    -------------------

                         (clock clk_out1_design_1_clk_wiz_0_0 rise edge)
                                                      4.000     4.000 r  
    K17                                               0.000     4.000 r  clk (IN)
                         net (fo=0)                   0.000     4.000    clk
    K17                  IBUF (Prop_ibuf_I_O)         1.404     5.404 r  clk_IBUF_inst/O
                         net (fo=21, routed)          2.293     7.697    design_1_i/clk_wiz_0/inst/clk_in1
    BUFGCTRL_X0Y16       BUFG (Prop_bufg_I_O)         0.091     7.788 r  design_1_i/clk_wiz_0/inst/clkin1_bufg/O
                         net (fo=1, routed)           1.634     9.423    design_1_i/clk_wiz_0/inst/clk_in1_design_1_clk_wiz_0_0
    PLLE2_ADV_X1Y0       PLLE2_ADV (Prop_plle2_adv_CLKIN1_CLKOUT0)
                                                     -3.442     5.980 r  design_1_i/clk_wiz_0/inst/plle2_adv_inst/CLKOUT0
                         net (fo=1, routed)           1.720     7.700    design_1_i/clk_wiz_0/inst/clk_out1_design_1_clk_wiz_0_0
    BUFGCTRL_X0Y0        BUFG (Prop_bufg_I_O)         0.091     7.791 r  design_1_i/clk_wiz_0/inst/clkout1_buf/O
                         net (fo=1802, routed)        1.604     9.395    dbg_hub/inst/BSCANID.u_xsdbm_id/CORE_XSDB.UUT_MASTER/U_XSDB_BUS_CONTROLLER/clk
    SLICE_X91Y87         FDCE                                         r  dbg_hub/inst/BSCANID.u_xsdbm_id/CORE_XSDB.UUT_MASTER/U_XSDB_BUS_CONTROLLER/in_read_mode_reg/C
                         clock pessimism              0.424     9.819    
                         clock uncertainty           -0.063     9.756    
    SLICE_X91Y87         FDCE (Recov_fdce_C_CLR)     -0.405     9.351    dbg_hub/inst/BSCANID.u_xsdbm_id/CORE_XSDB.UUT_MASTER/U_XSDB_BUS_CONTROLLER/in_read_mode_reg
  -------------------------------------------------------------------
                         required time                          9.351    
                         arrival time                          -9.132    
  -------------------------------------------------------------------
                         slack                                  0.219    

Slack (MET) :             0.219ns  (required time - arrival time)
  Source:                 dbg_hub/inst/BSCANID.u_xsdbm_id/CORE_XSDB.UUT_MASTER/U_ICON_INTERFACE/U_CMD1/ctl_reg_reg[0]/C
                            (rising edge-triggered cell FDRE clocked by clk_out1_design_1_clk_wiz_0_0  {rise@0.000ns fall@2.000ns period=4.000ns})
  Destination:            dbg_hub/inst/BSCANID.u_xsdbm_id/CORE_XSDB.UUT_MASTER/U_XSDB_BUS_CONTROLLER/sl_berr_r_reg[0]/CLR
                            (recovery check against rising-edge clock clk_out1_design_1_clk_wiz_0_0  {rise@0.000ns fall@2.000ns period=4.000ns})
  Path Group:             **async_default**
  Path Type:              Recovery (Max at Slow Process Corner)
  Requirement:            4.000ns  (clk_out1_design_1_clk_wiz_0_0 rise@4.000ns - clk_out1_design_1_clk_wiz_0_0 rise@0.000ns)
  Data Path Delay:        3.249ns  (logic 0.518ns (15.942%)  route 2.731ns (84.058%))
  Logic Levels:           0  
  Clock Path Skew:        -0.064ns (DCD - SCD + CPR)
    Destination Clock Delay (DCD):    5.395ns = ( 9.395 - 4.000 ) 
    Source Clock Delay      (SCD):    5.883ns
    Clock Pessimism Removal (CPR):    0.424ns
  Clock Uncertainty:      0.063ns  ((TSJ^2 + DJ^2)^1/2) / 2 + PE
    Total System Jitter     (TSJ):    0.071ns
    Discrete Jitter          (DJ):    0.104ns
    Phase Error              (PE):    0.000ns

    Location             Delay type                Incr(ns)  Path(ns)    Netlist Resource(s)
  -------------------------------------------------------------------    -------------------
                         (clock clk_out1_design_1_clk_wiz_0_0 rise edge)
                                                      0.000     0.000 r  
    K17                                               0.000     0.000 r  clk (IN)
                         net (fo=0)                   0.000     0.000    clk
    K17                  IBUF (Prop_ibuf_I_O)         1.475     1.475 r  clk_IBUF_inst/O
                         net (fo=21, routed)          2.522     3.997    design_1_i/clk_wiz_0/inst/clk_in1
    BUFGCTRL_X0Y16       BUFG (Prop_bufg_I_O)         0.101     4.098 r  design_1_i/clk_wiz_0/inst/clkin1_bufg/O
                         net (fo=1, routed)           1.831     5.929    design_1_i/clk_wiz_0/inst/clk_in1_design_1_clk_wiz_0_0
    PLLE2_ADV_X1Y0       PLLE2_ADV (Prop_plle2_adv_CLKIN1_CLKOUT0)
                                                     -3.812     2.117 r  design_1_i/clk_wiz_0/inst/plle2_adv_inst/CLKOUT0
                         net (fo=1, routed)           1.883     4.000    design_1_i/clk_wiz_0/inst/clk_out1_design_1_clk_wiz_0_0
    BUFGCTRL_X0Y0        BUFG (Prop_bufg_I_O)         0.101     4.101 r  design_1_i/clk_wiz_0/inst/clkout1_buf/O
                         net (fo=1802, routed)        1.782     5.883    dbg_hub/inst/BSCANID.u_xsdbm_id/CORE_XSDB.UUT_MASTER/U_ICON_INTERFACE/U_CMD1/clk
    SLICE_X94Y86         FDRE                                         r  dbg_hub/inst/BSCANID.u_xsdbm_id/CORE_XSDB.UUT_MASTER/U_ICON_INTERFACE/U_CMD1/ctl_reg_reg[0]/C
  -------------------------------------------------------------------    -------------------
    SLICE_X94Y86         FDRE (Prop_fdre_C_Q)         0.518     6.401 f  dbg_hub/inst/BSCANID.u_xsdbm_id/CORE_XSDB.UUT_MASTER/U_ICON_INTERFACE/U_CMD1/ctl_reg_reg[0]/Q
                         net (fo=176, routed)         2.731     9.132    dbg_hub/inst/BSCANID.u_xsdbm_id/CORE_XSDB.UUT_MASTER/U_XSDB_BUS_CONTROLLER/out[0]
    SLICE_X91Y87         FDCE                                         f  dbg_hub/inst/BSCANID.u_xsdbm_id/CORE_XSDB.UUT_MASTER/U_XSDB_BUS_CONTROLLER/sl_berr_r_reg[0]/CLR
  -------------------------------------------------------------------    -------------------

                         (clock clk_out1_design_1_clk_wiz_0_0 rise edge)
                                                      4.000     4.000 r  
    K17                                               0.000     4.000 r  clk (IN)
                         net (fo=0)                   0.000     4.000    clk
    K17                  IBUF (Prop_ibuf_I_O)         1.404     5.404 r  clk_IBUF_inst/O
                         net (fo=21, routed)          2.293     7.697    design_1_i/clk_wiz_0/inst/clk_in1
    BUFGCTRL_X0Y16       BUFG (Prop_bufg_I_O)         0.091     7.788 r  design_1_i/clk_wiz_0/inst/clkin1_bufg/O
                         net (fo=1, routed)           1.634     9.423    design_1_i/clk_wiz_0/inst/clk_in1_design_1_clk_wiz_0_0
    PLLE2_ADV_X1Y0       PLLE2_ADV (Prop_plle2_adv_CLKIN1_CLKOUT0)
                                                     -3.442     5.980 r  design_1_i/clk_wiz_0/inst/plle2_adv_inst/CLKOUT0
                         net (fo=1, routed)           1.720     7.700    design_1_i/clk_wiz_0/inst/clk_out1_design_1_clk_wiz_0_0
    BUFGCTRL_X0Y0        BUFG (Prop_bufg_I_O)         0.091     7.791 r  design_1_i/clk_wiz_0/inst/clkout1_buf/O
                         net (fo=1802, routed)        1.604     9.395    dbg_hub/inst/BSCANID.u_xsdbm_id/CORE_XSDB.UUT_MASTER/U_XSDB_BUS_CONTROLLER/clk
    SLICE_X91Y87         FDCE                                         r  dbg_hub/inst/BSCANID.u_xsdbm_id/CORE_XSDB.UUT_MASTER/U_XSDB_BUS_CONTROLLER/sl_berr_r_reg[0]/C
                         clock pessimism              0.424     9.819    
                         clock uncertainty           -0.063     9.756    
    SLICE_X91Y87         FDCE (Recov_fdce_C_CLR)     -0.405     9.351    dbg_hub/inst/BSCANID.u_xsdbm_id/CORE_XSDB.UUT_MASTER/U_XSDB_BUS_CONTROLLER/sl_berr_r_reg[0]
  -------------------------------------------------------------------
                         required time                          9.351    
                         arrival time                          -9.132    
  -------------------------------------------------------------------
                         slack                                  0.219    

Slack (MET) :             0.305ns  (required time - arrival time)
  Source:                 dbg_hub/inst/BSCANID.u_xsdbm_id/CORE_XSDB.UUT_MASTER/U_ICON_INTERFACE/U_CMD1/ctl_reg_reg[0]/C
                            (rising edge-triggered cell FDRE clocked by clk_out1_design_1_clk_wiz_0_0  {rise@0.000ns fall@2.000ns period=4.000ns})
  Destination:            dbg_hub/inst/BSCANID.u_xsdbm_id/CORE_XSDB.UUT_MASTER/U_XSDB_BUS_CONTROLLER/sl_den_r_reg[0]/CLR
                            (recovery check against rising-edge clock clk_out1_design_1_clk_wiz_0_0  {rise@0.000ns fall@2.000ns period=4.000ns})
  Path Group:             **async_default**
  Path Type:              Recovery (Max at Slow Process Corner)
  Requirement:            4.000ns  (clk_out1_design_1_clk_wiz_0_0 rise@4.000ns - clk_out1_design_1_clk_wiz_0_0 rise@0.000ns)
  Data Path Delay:        3.249ns  (logic 0.518ns (15.942%)  route 2.731ns (84.058%))
  Logic Levels:           0  
  Clock Path Skew:        -0.064ns (DCD - SCD + CPR)
    Destination Clock Delay (DCD):    5.395ns = ( 9.395 - 4.000 ) 
    Source Clock Delay      (SCD):    5.883ns
    Clock Pessimism Removal (CPR):    0.424ns
  Clock Uncertainty:      0.063ns  ((TSJ^2 + DJ^2)^1/2) / 2 + PE
    Total System Jitter     (TSJ):    0.071ns
    Discrete Jitter          (DJ):    0.104ns
    Phase Error              (PE):    0.000ns

    Location             Delay type                Incr(ns)  Path(ns)    Netlist Resource(s)
  -------------------------------------------------------------------    -------------------
                         (clock clk_out1_design_1_clk_wiz_0_0 rise edge)
                                                      0.000     0.000 r  
    K17                                               0.000     0.000 r  clk (IN)
                         net (fo=0)                   0.000     0.000    clk
    K17                  IBUF (Prop_ibuf_I_O)         1.475     1.475 r  clk_IBUF_inst/O
                         net (fo=21, routed)          2.522     3.997    design_1_i/clk_wiz_0/inst/clk_in1
    BUFGCTRL_X0Y16       BUFG (Prop_bufg_I_O)         0.101     4.098 r  design_1_i/clk_wiz_0/inst/clkin1_bufg/O
                         net (fo=1, routed)           1.831     5.929    design_1_i/clk_wiz_0/inst/clk_in1_design_1_clk_wiz_0_0
    PLLE2_ADV_X1Y0       PLLE2_ADV (Prop_plle2_adv_CLKIN1_CLKOUT0)
                                                     -3.812     2.117 r  design_1_i/clk_wiz_0/inst/plle2_adv_inst/CLKOUT0
                         net (fo=1, routed)           1.883     4.000    design_1_i/clk_wiz_0/inst/clk_out1_design_1_clk_wiz_0_0
    BUFGCTRL_X0Y0        BUFG (Prop_bufg_I_O)         0.101     4.101 r  design_1_i/clk_wiz_0/inst/clkout1_buf/O
                         net (fo=1802, routed)        1.782     5.883    dbg_hub/inst/BSCANID.u_xsdbm_id/CORE_XSDB.UUT_MASTER/U_ICON_INTERFACE/U_CMD1/clk
    SLICE_X94Y86         FDRE                                         r  dbg_hub/inst/BSCANID.u_xsdbm_id/CORE_XSDB.UUT_MASTER/U_ICON_INTERFACE/U_CMD1/ctl_reg_reg[0]/C
  -------------------------------------------------------------------    -------------------
    SLICE_X94Y86         FDRE (Prop_fdre_C_Q)         0.518     6.401 f  dbg_hub/inst/BSCANID.u_xsdbm_id/CORE_XSDB.UUT_MASTER/U_ICON_INTERFACE/U_CMD1/ctl_reg_reg[0]/Q
                         net (fo=176, routed)         2.731     9.132    dbg_hub/inst/BSCANID.u_xsdbm_id/CORE_XSDB.UUT_MASTER/U_XSDB_BUS_CONTROLLER/out[0]
    SLICE_X90Y87         FDCE                                         f  dbg_hub/inst/BSCANID.u_xsdbm_id/CORE_XSDB.UUT_MASTER/U_XSDB_BUS_CONTROLLER/sl_den_r_reg[0]/CLR
  -------------------------------------------------------------------    -------------------

                         (clock clk_out1_design_1_clk_wiz_0_0 rise edge)
                                                      4.000     4.000 r  
    K17                                               0.000     4.000 r  clk (IN)
                         net (fo=0)                   0.000     4.000    clk
    K17                  IBUF (Prop_ibuf_I_O)         1.404     5.404 r  clk_IBUF_inst/O
                         net (fo=21, routed)          2.293     7.697    design_1_i/clk_wiz_0/inst/clk_in1
    BUFGCTRL_X0Y16       BUFG (Prop_bufg_I_O)         0.091     7.788 r  design_1_i/clk_wiz_0/inst/clkin1_bufg/O
                         net (fo=1, routed)           1.634     9.423    design_1_i/clk_wiz_0/inst/clk_in1_design_1_clk_wiz_0_0
    PLLE2_ADV_X1Y0       PLLE2_ADV (Prop_plle2_adv_CLKIN1_CLKOUT0)
                                                     -3.442     5.980 r  design_1_i/clk_wiz_0/inst/plle2_adv_inst/CLKOUT0
                         net (fo=1, routed)           1.720     7.700    design_1_i/clk_wiz_0/inst/clk_out1_design_1_clk_wiz_0_0
    BUFGCTRL_X0Y0        BUFG (Prop_bufg_I_O)         0.091     7.791 r  design_1_i/clk_wiz_0/inst/clkout1_buf/O
                         net (fo=1802, routed)        1.604     9.395    dbg_hub/inst/BSCANID.u_xsdbm_id/CORE_XSDB.UUT_MASTER/U_XSDB_BUS_CONTROLLER/clk
    SLICE_X90Y87         FDCE                                         r  dbg_hub/inst/BSCANID.u_xsdbm_id/CORE_XSDB.UUT_MASTER/U_XSDB_BUS_CONTROLLER/sl_den_r_reg[0]/C
                         clock pessimism              0.424     9.819    
                         clock uncertainty           -0.063     9.756    
    SLICE_X90Y87         FDCE (Recov_fdce_C_CLR)     -0.319     9.437    dbg_hub/inst/BSCANID.u_xsdbm_id/CORE_XSDB.UUT_MASTER/U_XSDB_BUS_CONTROLLER/sl_den_r_reg[0]
  -------------------------------------------------------------------
                         required time                          9.437    
                         arrival time                          -9.132    
  -------------------------------------------------------------------
                         slack                                  0.305    

Slack (MET) :             0.305ns  (required time - arrival time)
  Source:                 dbg_hub/inst/BSCANID.u_xsdbm_id/CORE_XSDB.UUT_MASTER/U_ICON_INTERFACE/U_CMD1/ctl_reg_reg[0]/C
                            (rising edge-triggered cell FDRE clocked by clk_out1_design_1_clk_wiz_0_0  {rise@0.000ns fall@2.000ns period=4.000ns})
  Destination:            dbg_hub/inst/BSCANID.u_xsdbm_id/CORE_XSDB.UUT_MASTER/U_XSDB_BUS_CONTROLLER/sl_dwe_r_reg[0]/CLR
                            (recovery check against rising-edge clock clk_out1_design_1_clk_wiz_0_0  {rise@0.000ns fall@2.000ns period=4.000ns})
  Path Group:             **async_default**
  Path Type:              Recovery (Max at Slow Process Corner)
  Requirement:            4.000ns  (clk_out1_design_1_clk_wiz_0_0 rise@4.000ns - clk_out1_design_1_clk_wiz_0_0 rise@0.000ns)
  Data Path Delay:        3.249ns  (logic 0.518ns (15.942%)  route 2.731ns (84.058%))
  Logic Levels:           0  
  Clock Path Skew:        -0.064ns (DCD - SCD + CPR)
    Destination Clock Delay (DCD):    5.395ns = ( 9.395 - 4.000 ) 
    Source Clock Delay      (SCD):    5.883ns
    Clock Pessimism Removal (CPR):    0.424ns
  Clock Uncertainty:      0.063ns  ((TSJ^2 + DJ^2)^1/2) / 2 + PE
    Total System Jitter     (TSJ):    0.071ns
    Discrete Jitter          (DJ):    0.104ns
    Phase Error              (PE):    0.000ns

    Location             Delay type                Incr(ns)  Path(ns)    Netlist Resource(s)
  -------------------------------------------------------------------    -------------------
                         (clock clk_out1_design_1_clk_wiz_0_0 rise edge)
                                                      0.000     0.000 r  
    K17                                               0.000     0.000 r  clk (IN)
                         net (fo=0)                   0.000     0.000    clk
    K17                  IBUF (Prop_ibuf_I_O)         1.475     1.475 r  clk_IBUF_inst/O
                         net (fo=21, routed)          2.522     3.997    design_1_i/clk_wiz_0/inst/clk_in1
    BUFGCTRL_X0Y16       BUFG (Prop_bufg_I_O)         0.101     4.098 r  design_1_i/clk_wiz_0/inst/clkin1_bufg/O
                         net (fo=1, routed)           1.831     5.929    design_1_i/clk_wiz_0/inst/clk_in1_design_1_clk_wiz_0_0
    PLLE2_ADV_X1Y0       PLLE2_ADV (Prop_plle2_adv_CLKIN1_CLKOUT0)
                                                     -3.812     2.117 r  design_1_i/clk_wiz_0/inst/plle2_adv_inst/CLKOUT0
                         net (fo=1, routed)           1.883     4.000    design_1_i/clk_wiz_0/inst/clk_out1_design_1_clk_wiz_0_0
    BUFGCTRL_X0Y0        BUFG (Prop_bufg_I_O)         0.101     4.101 r  design_1_i/clk_wiz_0/inst/clkout1_buf/O
                         net (fo=1802, routed)        1.782     5.883    dbg_hub/inst/BSCANID.u_xsdbm_id/CORE_XSDB.UUT_MASTER/U_ICON_INTERFACE/U_CMD1/clk
    SLICE_X94Y86         FDRE                                         r  dbg_hub/inst/BSCANID.u_xsdbm_id/CORE_XSDB.UUT_MASTER/U_ICON_INTERFACE/U_CMD1/ctl_reg_reg[0]/C
  -------------------------------------------------------------------    -------------------
    SLICE_X94Y86         FDRE (Prop_fdre_C_Q)         0.518     6.401 f  dbg_hub/inst/BSCANID.u_xsdbm_id/CORE_XSDB.UUT_MASTER/U_ICON_INTERFACE/U_CMD1/ctl_reg_reg[0]/Q
                         net (fo=176, routed)         2.731     9.132    dbg_hub/inst/BSCANID.u_xsdbm_id/CORE_XSDB.UUT_MASTER/U_XSDB_BUS_CONTROLLER/out[0]
    SLICE_X90Y87         FDCE                                         f  dbg_hub/inst/BSCANID.u_xsdbm_id/CORE_XSDB.UUT_MASTER/U_XSDB_BUS_CONTROLLER/sl_dwe_r_reg[0]/CLR
  -------------------------------------------------------------------    -------------------

                         (clock clk_out1_design_1_clk_wiz_0_0 rise edge)
                                                      4.000     4.000 r  
    K17                                               0.000     4.000 r  clk (IN)
                         net (fo=0)                   0.000     4.000    clk
    K17                  IBUF (Prop_ibuf_I_O)         1.404     5.404 r  clk_IBUF_inst/O
                         net (fo=21, routed)          2.293     7.697    design_1_i/clk_wiz_0/inst/clk_in1
    BUFGCTRL_X0Y16       BUFG (Prop_bufg_I_O)         0.091     7.788 r  design_1_i/clk_wiz_0/inst/clkin1_bufg/O
                         net (fo=1, routed)           1.634     9.423    design_1_i/clk_wiz_0/inst/clk_in1_design_1_clk_wiz_0_0
    PLLE2_ADV_X1Y0       PLLE2_ADV (Prop_plle2_adv_CLKIN1_CLKOUT0)
                                                     -3.442     5.980 r  design_1_i/clk_wiz_0/inst/plle2_adv_inst/CLKOUT0
                         net (fo=1, routed)           1.720     7.700    design_1_i/clk_wiz_0/inst/clk_out1_design_1_clk_wiz_0_0
    BUFGCTRL_X0Y0        BUFG (Prop_bufg_I_O)         0.091     7.791 r  design_1_i/clk_wiz_0/inst/clkout1_buf/O
                         net (fo=1802, routed)        1.604     9.395    dbg_hub/inst/BSCANID.u_xsdbm_id/CORE_XSDB.UUT_MASTER/U_XSDB_BUS_CONTROLLER/clk
    SLICE_X90Y87         FDCE                                         r  dbg_hub/inst/BSCANID.u_xsdbm_id/CORE_XSDB.UUT_MASTER/U_XSDB_BUS_CONTROLLER/sl_dwe_r_reg[0]/C
                         clock pessimism              0.424     9.819    
                         clock uncertainty           -0.063     9.756    
    SLICE_X90Y87         FDCE (Recov_fdce_C_CLR)     -0.319     9.437    dbg_hub/inst/BSCANID.u_xsdbm_id/CORE_XSDB.UUT_MASTER/U_XSDB_BUS_CONTROLLER/sl_dwe_r_reg[0]
  -------------------------------------------------------------------
                         required time                          9.437    
                         arrival time                          -9.132    
  -------------------------------------------------------------------
                         slack                                  0.305    

Slack (MET) :             0.393ns  (required time - arrival time)
  Source:                 dbg_hub/inst/BSCANID.u_xsdbm_id/CORE_XSDB.UUT_MASTER/U_ICON_INTERFACE/U_CMD1/ctl_reg_reg[0]/C
                            (rising edge-triggered cell FDRE clocked by clk_out1_design_1_clk_wiz_0_0  {rise@0.000ns fall@2.000ns period=4.000ns})
  Destination:            dbg_hub/inst/BSCANID.u_xsdbm_id/CORE_XSDB.UUT_MASTER/U_XSDB_BUS_CONTROLLER/dec_wdc_r_reg/CLR
                            (recovery check against rising-edge clock clk_out1_design_1_clk_wiz_0_0  {rise@0.000ns fall@2.000ns period=4.000ns})
  Path Group:             **async_default**
  Path Type:              Recovery (Max at Slow Process Corner)
  Requirement:            4.000ns  (clk_out1_design_1_clk_wiz_0_0 rise@4.000ns - clk_out1_design_1_clk_wiz_0_0 rise@0.000ns)
  Data Path Delay:        3.017ns  (logic 0.518ns (17.172%)  route 2.499ns (82.828%))
  Logic Levels:           0  
  Clock Path Skew:        -0.123ns (DCD - SCD + CPR)
    Destination Clock Delay (DCD):    5.336ns = ( 9.336 - 4.000 ) 
    Source Clock Delay      (SCD):    5.883ns
    Clock Pessimism Removal (CPR):    0.424ns
  Clock Uncertainty:      0.063ns  ((TSJ^2 + DJ^2)^1/2) / 2 + PE
    Total System Jitter     (TSJ):    0.071ns
    Discrete Jitter          (DJ):    0.104ns
    Phase Error              (PE):    0.000ns

    Location             Delay type                Incr(ns)  Path(ns)    Netlist Resource(s)
  -------------------------------------------------------------------    -------------------
                         (clock clk_out1_design_1_clk_wiz_0_0 rise edge)
                                                      0.000     0.000 r  
    K17                                               0.000     0.000 r  clk (IN)
                         net (fo=0)                   0.000     0.000    clk
    K17                  IBUF (Prop_ibuf_I_O)         1.475     1.475 r  clk_IBUF_inst/O
                         net (fo=21, routed)          2.522     3.997    design_1_i/clk_wiz_0/inst/clk_in1
    BUFGCTRL_X0Y16       BUFG (Prop_bufg_I_O)         0.101     4.098 r  design_1_i/clk_wiz_0/inst/clkin1_bufg/O
                         net (fo=1, routed)           1.831     5.929    design_1_i/clk_wiz_0/inst/clk_in1_design_1_clk_wiz_0_0
    PLLE2_ADV_X1Y0       PLLE2_ADV (Prop_plle2_adv_CLKIN1_CLKOUT0)
                                                     -3.812     2.117 r  design_1_i/clk_wiz_0/inst/plle2_adv_inst/CLKOUT0
                         net (fo=1, routed)           1.883     4.000    design_1_i/clk_wiz_0/inst/clk_out1_design_1_clk_wiz_0_0
    BUFGCTRL_X0Y0        BUFG (Prop_bufg_I_O)         0.101     4.101 r  design_1_i/clk_wiz_0/inst/clkout1_buf/O
                         net (fo=1802, routed)        1.782     5.883    dbg_hub/inst/BSCANID.u_xsdbm_id/CORE_XSDB.UUT_MASTER/U_ICON_INTERFACE/U_CMD1/clk
    SLICE_X94Y86         FDRE                                         r  dbg_hub/inst/BSCANID.u_xsdbm_id/CORE_XSDB.UUT_MASTER/U_ICON_INTERFACE/U_CMD1/ctl_reg_reg[0]/C
  -------------------------------------------------------------------    -------------------
    SLICE_X94Y86         FDRE (Prop_fdre_C_Q)         0.518     6.401 f  dbg_hub/inst/BSCANID.u_xsdbm_id/CORE_XSDB.UUT_MASTER/U_ICON_INTERFACE/U_CMD1/ctl_reg_reg[0]/Q
                         net (fo=176, routed)         2.499     8.899    dbg_hub/inst/BSCANID.u_xsdbm_id/CORE_XSDB.UUT_MASTER/U_XSDB_BUS_CONTROLLER/out[0]
    SLICE_X88Y87         FDCE                                         f  dbg_hub/inst/BSCANID.u_xsdbm_id/CORE_XSDB.UUT_MASTER/U_XSDB_BUS_CONTROLLER/dec_wdc_r_reg/CLR
  -------------------------------------------------------------------    -------------------

                         (clock clk_out1_design_1_clk_wiz_0_0 rise edge)
                                                      4.000     4.000 r  
    K17                                               0.000     4.000 r  clk (IN)
                         net (fo=0)                   0.000     4.000    clk
    K17                  IBUF (Prop_ibuf_I_O)         1.404     5.404 r  clk_IBUF_inst/O
                         net (fo=21, routed)          2.293     7.697    design_1_i/clk_wiz_0/inst/clk_in1
    BUFGCTRL_X0Y16       BUFG (Prop_bufg_I_O)         0.091     7.788 r  design_1_i/clk_wiz_0/inst/clkin1_bufg/O
                         net (fo=1, routed)           1.634     9.423    design_1_i/clk_wiz_0/inst/clk_in1_design_1_clk_wiz_0_0
    PLLE2_ADV_X1Y0       PLLE2_ADV (Prop_plle2_adv_CLKIN1_CLKOUT0)
                                                     -3.442     5.980 r  design_1_i/clk_wiz_0/inst/plle2_adv_inst/CLKOUT0
                         net (fo=1, routed)           1.720     7.700    design_1_i/clk_wiz_0/inst/clk_out1_design_1_clk_wiz_0_0
    BUFGCTRL_X0Y0        BUFG (Prop_bufg_I_O)         0.091     7.791 r  design_1_i/clk_wiz_0/inst/clkout1_buf/O
                         net (fo=1802, routed)        1.545     9.336    dbg_hub/inst/BSCANID.u_xsdbm_id/CORE_XSDB.UUT_MASTER/U_XSDB_BUS_CONTROLLER/clk
    SLICE_X88Y87         FDCE                                         r  dbg_hub/inst/BSCANID.u_xsdbm_id/CORE_XSDB.UUT_MASTER/U_XSDB_BUS_CONTROLLER/dec_wdc_r_reg/C
                         clock pessimism              0.424     9.760    
                         clock uncertainty           -0.063     9.697    
    SLICE_X88Y87         FDCE (Recov_fdce_C_CLR)     -0.405     9.292    dbg_hub/inst/BSCANID.u_xsdbm_id/CORE_XSDB.UUT_MASTER/U_XSDB_BUS_CONTROLLER/dec_wdc_r_reg
  -------------------------------------------------------------------
                         required time                          9.292    
                         arrival time                          -8.899    
  -------------------------------------------------------------------
                         slack                                  0.393    

Slack (MET) :             0.397ns  (required time - arrival time)
  Source:                 dbg_hub/inst/BSCANID.u_xsdbm_id/CORE_XSDB.UUT_MASTER/U_ICON_INTERFACE/U_CMD1/ctl_reg_reg[0]/C
                            (rising edge-triggered cell FDRE clocked by clk_out1_design_1_clk_wiz_0_0  {rise@0.000ns fall@2.000ns period=4.000ns})
  Destination:            dbg_hub/inst/BSCANID.u_xsdbm_id/CORE_XSDB.UUT_MASTER/U_XSDB_BUS_CONTROLLER/clr_abort_rd_reg/CLR
                            (recovery check against rising-edge clock clk_out1_design_1_clk_wiz_0_0  {rise@0.000ns fall@2.000ns period=4.000ns})
  Path Group:             **async_default**
  Path Type:              Recovery (Max at Slow Process Corner)
  Requirement:            4.000ns  (clk_out1_design_1_clk_wiz_0_0 rise@4.000ns - clk_out1_design_1_clk_wiz_0_0 rise@0.000ns)
  Data Path Delay:        3.012ns  (logic 0.518ns (17.197%)  route 2.494ns (82.803%))
  Logic Levels:           0  
  Clock Path Skew:        -0.123ns (DCD - SCD + CPR)
    Destination Clock Delay (DCD):    5.336ns = ( 9.336 - 4.000 ) 
    Source Clock Delay      (SCD):    5.883ns
    Clock Pessimism Removal (CPR):    0.424ns
  Clock Uncertainty:      0.063ns  ((TSJ^2 + DJ^2)^1/2) / 2 + PE
    Total System Jitter     (TSJ):    0.071ns
    Discrete Jitter          (DJ):    0.104ns
    Phase Error              (PE):    0.000ns

    Location             Delay type                Incr(ns)  Path(ns)    Netlist Resource(s)
  -------------------------------------------------------------------    -------------------
                         (clock clk_out1_design_1_clk_wiz_0_0 rise edge)
                                                      0.000     0.000 r  
    K17                                               0.000     0.000 r  clk (IN)
                         net (fo=0)                   0.000     0.000    clk
    K17                  IBUF (Prop_ibuf_I_O)         1.475     1.475 r  clk_IBUF_inst/O
                         net (fo=21, routed)          2.522     3.997    design_1_i/clk_wiz_0/inst/clk_in1
    BUFGCTRL_X0Y16       BUFG (Prop_bufg_I_O)         0.101     4.098 r  design_1_i/clk_wiz_0/inst/clkin1_bufg/O
                         net (fo=1, routed)           1.831     5.929    design_1_i/clk_wiz_0/inst/clk_in1_design_1_clk_wiz_0_0
    PLLE2_ADV_X1Y0       PLLE2_ADV (Prop_plle2_adv_CLKIN1_CLKOUT0)
                                                     -3.812     2.117 r  design_1_i/clk_wiz_0/inst/plle2_adv_inst/CLKOUT0
                         net (fo=1, routed)           1.883     4.000    design_1_i/clk_wiz_0/inst/clk_out1_design_1_clk_wiz_0_0
    BUFGCTRL_X0Y0        BUFG (Prop_bufg_I_O)         0.101     4.101 r  design_1_i/clk_wiz_0/inst/clkout1_buf/O
                         net (fo=1802, routed)        1.782     5.883    dbg_hub/inst/BSCANID.u_xsdbm_id/CORE_XSDB.UUT_MASTER/U_ICON_INTERFACE/U_CMD1/clk
    SLICE_X94Y86         FDRE                                         r  dbg_hub/inst/BSCANID.u_xsdbm_id/CORE_XSDB.UUT_MASTER/U_ICON_INTERFACE/U_CMD1/ctl_reg_reg[0]/C
  -------------------------------------------------------------------    -------------------
    SLICE_X94Y86         FDRE (Prop_fdre_C_Q)         0.518     6.401 f  dbg_hub/inst/BSCANID.u_xsdbm_id/CORE_XSDB.UUT_MASTER/U_ICON_INTERFACE/U_CMD1/ctl_reg_reg[0]/Q
                         net (fo=176, routed)         2.494     8.895    dbg_hub/inst/BSCANID.u_xsdbm_id/CORE_XSDB.UUT_MASTER/U_XSDB_BUS_CONTROLLER/out[0]
    SLICE_X89Y87         FDCE                                         f  dbg_hub/inst/BSCANID.u_xsdbm_id/CORE_XSDB.UUT_MASTER/U_XSDB_BUS_CONTROLLER/clr_abort_rd_reg/CLR
  -------------------------------------------------------------------    -------------------

                         (clock clk_out1_design_1_clk_wiz_0_0 rise edge)
                                                      4.000     4.000 r  
    K17                                               0.000     4.000 r  clk (IN)
                         net (fo=0)                   0.000     4.000    clk
    K17                  IBUF (Prop_ibuf_I_O)         1.404     5.404 r  clk_IBUF_inst/O
                         net (fo=21, routed)          2.293     7.697    design_1_i/clk_wiz_0/inst/clk_in1
    BUFGCTRL_X0Y16       BUFG (Prop_bufg_I_O)         0.091     7.788 r  design_1_i/clk_wiz_0/inst/clkin1_bufg/O
                         net (fo=1, routed)           1.634     9.423    design_1_i/clk_wiz_0/inst/clk_in1_design_1_clk_wiz_0_0
    PLLE2_ADV_X1Y0       PLLE2_ADV (Prop_plle2_adv_CLKIN1_CLKOUT0)
                                                     -3.442     5.980 r  design_1_i/clk_wiz_0/inst/plle2_adv_inst/CLKOUT0
                         net (fo=1, routed)           1.720     7.700    design_1_i/clk_wiz_0/inst/clk_out1_design_1_clk_wiz_0_0
    BUFGCTRL_X0Y0        BUFG (Prop_bufg_I_O)         0.091     7.791 r  design_1_i/clk_wiz_0/inst/clkout1_buf/O
                         net (fo=1802, routed)        1.545     9.336    dbg_hub/inst/BSCANID.u_xsdbm_id/CORE_XSDB.UUT_MASTER/U_XSDB_BUS_CONTROLLER/clk
    SLICE_X89Y87         FDCE                                         r  dbg_hub/inst/BSCANID.u_xsdbm_id/CORE_XSDB.UUT_MASTER/U_XSDB_BUS_CONTROLLER/clr_abort_rd_reg/C
                         clock pessimism              0.424     9.760    
                         clock uncertainty           -0.063     9.697    
    SLICE_X89Y87         FDCE (Recov_fdce_C_CLR)     -0.405     9.292    dbg_hub/inst/BSCANID.u_xsdbm_id/CORE_XSDB.UUT_MASTER/U_XSDB_BUS_CONTROLLER/clr_abort_rd_reg
  -------------------------------------------------------------------
                         required time                          9.292    
                         arrival time                          -8.895    
  -------------------------------------------------------------------
                         slack                                  0.397    

Slack (MET) :             0.397ns  (required time - arrival time)
  Source:                 dbg_hub/inst/BSCANID.u_xsdbm_id/CORE_XSDB.UUT_MASTER/U_ICON_INTERFACE/U_CMD1/ctl_reg_reg[0]/C
                            (rising edge-triggered cell FDRE clocked by clk_out1_design_1_clk_wiz_0_0  {rise@0.000ns fall@2.000ns period=4.000ns})
  Destination:            dbg_hub/inst/BSCANID.u_xsdbm_id/CORE_XSDB.UUT_MASTER/U_XSDB_BUS_CONTROLLER/clr_rd_req_reg/CLR
                            (recovery check against rising-edge clock clk_out1_design_1_clk_wiz_0_0  {rise@0.000ns fall@2.000ns period=4.000ns})
  Path Group:             **async_default**
  Path Type:              Recovery (Max at Slow Process Corner)
  Requirement:            4.000ns  (clk_out1_design_1_clk_wiz_0_0 rise@4.000ns - clk_out1_design_1_clk_wiz_0_0 rise@0.000ns)
  Data Path Delay:        3.012ns  (logic 0.518ns (17.197%)  route 2.494ns (82.803%))
  Logic Levels:           0  
  Clock Path Skew:        -0.123ns (DCD - SCD + CPR)
    Destination Clock Delay (DCD):    5.336ns = ( 9.336 - 4.000 ) 
    Source Clock Delay      (SCD):    5.883ns
    Clock Pessimism Removal (CPR):    0.424ns
  Clock Uncertainty:      0.063ns  ((TSJ^2 + DJ^2)^1/2) / 2 + PE
    Total System Jitter     (TSJ):    0.071ns
    Discrete Jitter          (DJ):    0.104ns
    Phase Error              (PE):    0.000ns

    Location             Delay type                Incr(ns)  Path(ns)    Netlist Resource(s)
  -------------------------------------------------------------------    -------------------
                         (clock clk_out1_design_1_clk_wiz_0_0 rise edge)
                                                      0.000     0.000 r  
    K17                                               0.000     0.000 r  clk (IN)
                         net (fo=0)                   0.000     0.000    clk
    K17                  IBUF (Prop_ibuf_I_O)         1.475     1.475 r  clk_IBUF_inst/O
                         net (fo=21, routed)          2.522     3.997    design_1_i/clk_wiz_0/inst/clk_in1
    BUFGCTRL_X0Y16       BUFG (Prop_bufg_I_O)         0.101     4.098 r  design_1_i/clk_wiz_0/inst/clkin1_bufg/O
                         net (fo=1, routed)           1.831     5.929    design_1_i/clk_wiz_0/inst/clk_in1_design_1_clk_wiz_0_0
    PLLE2_ADV_X1Y0       PLLE2_ADV (Prop_plle2_adv_CLKIN1_CLKOUT0)
                                                     -3.812     2.117 r  design_1_i/clk_wiz_0/inst/plle2_adv_inst/CLKOUT0
                         net (fo=1, routed)           1.883     4.000    design_1_i/clk_wiz_0/inst/clk_out1_design_1_clk_wiz_0_0
    BUFGCTRL_X0Y0        BUFG (Prop_bufg_I_O)         0.101     4.101 r  design_1_i/clk_wiz_0/inst/clkout1_buf/O
                         net (fo=1802, routed)        1.782     5.883    dbg_hub/inst/BSCANID.u_xsdbm_id/CORE_XSDB.UUT_MASTER/U_ICON_INTERFACE/U_CMD1/clk
    SLICE_X94Y86         FDRE                                         r  dbg_hub/inst/BSCANID.u_xsdbm_id/CORE_XSDB.UUT_MASTER/U_ICON_INTERFACE/U_CMD1/ctl_reg_reg[0]/C
  -------------------------------------------------------------------    -------------------
    SLICE_X94Y86         FDRE (Prop_fdre_C_Q)         0.518     6.401 f  dbg_hub/inst/BSCANID.u_xsdbm_id/CORE_XSDB.UUT_MASTER/U_ICON_INTERFACE/U_CMD1/ctl_reg_reg[0]/Q
                         net (fo=176, routed)         2.494     8.895    dbg_hub/inst/BSCANID.u_xsdbm_id/CORE_XSDB.UUT_MASTER/U_XSDB_BUS_CONTROLLER/out[0]
    SLICE_X89Y87         FDCE                                         f  dbg_hub/inst/BSCANID.u_xsdbm_id/CORE_XSDB.UUT_MASTER/U_XSDB_BUS_CONTROLLER/clr_rd_req_reg/CLR
  -------------------------------------------------------------------    -------------------

                         (clock clk_out1_design_1_clk_wiz_0_0 rise edge)
                                                      4.000     4.000 r  
    K17                                               0.000     4.000 r  clk (IN)
                         net (fo=0)                   0.000     4.000    clk
    K17                  IBUF (Prop_ibuf_I_O)         1.404     5.404 r  clk_IBUF_inst/O
                         net (fo=21, routed)          2.293     7.697    design_1_i/clk_wiz_0/inst/clk_in1
    BUFGCTRL_X0Y16       BUFG (Prop_bufg_I_O)         0.091     7.788 r  design_1_i/clk_wiz_0/inst/clkin1_bufg/O
                         net (fo=1, routed)           1.634     9.423    design_1_i/clk_wiz_0/inst/clk_in1_design_1_clk_wiz_0_0
    PLLE2_ADV_X1Y0       PLLE2_ADV (Prop_plle2_adv_CLKIN1_CLKOUT0)
                                                     -3.442     5.980 r  design_1_i/clk_wiz_0/inst/plle2_adv_inst/CLKOUT0
                         net (fo=1, routed)           1.720     7.700    design_1_i/clk_wiz_0/inst/clk_out1_design_1_clk_wiz_0_0
    BUFGCTRL_X0Y0        BUFG (Prop_bufg_I_O)         0.091     7.791 r  design_1_i/clk_wiz_0/inst/clkout1_buf/O
                         net (fo=1802, routed)        1.545     9.336    dbg_hub/inst/BSCANID.u_xsdbm_id/CORE_XSDB.UUT_MASTER/U_XSDB_BUS_CONTROLLER/clk
    SLICE_X89Y87         FDCE                                         r  dbg_hub/inst/BSCANID.u_xsdbm_id/CORE_XSDB.UUT_MASTER/U_XSDB_BUS_CONTROLLER/clr_rd_req_reg/C
                         clock pessimism              0.424     9.760    
                         clock uncertainty           -0.063     9.697    
    SLICE_X89Y87         FDCE (Recov_fdce_C_CLR)     -0.405     9.292    dbg_hub/inst/BSCANID.u_xsdbm_id/CORE_XSDB.UUT_MASTER/U_XSDB_BUS_CONTROLLER/clr_rd_req_reg
  -------------------------------------------------------------------
                         required time                          9.292    
                         arrival time                          -8.895    
  -------------------------------------------------------------------
                         slack                                  0.397    

Slack (MET) :             0.397ns  (required time - arrival time)
  Source:                 dbg_hub/inst/BSCANID.u_xsdbm_id/CORE_XSDB.UUT_MASTER/U_ICON_INTERFACE/U_CMD1/ctl_reg_reg[0]/C
                            (rising edge-triggered cell FDRE clocked by clk_out1_design_1_clk_wiz_0_0  {rise@0.000ns fall@2.000ns period=4.000ns})
  Destination:            dbg_hub/inst/BSCANID.u_xsdbm_id/CORE_XSDB.UUT_MASTER/U_XSDB_BUS_CONTROLLER/in_idle_mode_reg/CLR
                            (recovery check against rising-edge clock clk_out1_design_1_clk_wiz_0_0  {rise@0.000ns fall@2.000ns period=4.000ns})
  Path Group:             **async_default**
  Path Type:              Recovery (Max at Slow Process Corner)
  Requirement:            4.000ns  (clk_out1_design_1_clk_wiz_0_0 rise@4.000ns - clk_out1_design_1_clk_wiz_0_0 rise@0.000ns)
  Data Path Delay:        3.012ns  (logic 0.518ns (17.197%)  route 2.494ns (82.803%))
  Logic Levels:           0  
  Clock Path Skew:        -0.123ns (DCD - SCD + CPR)
    Destination Clock Delay (DCD):    5.336ns = ( 9.336 - 4.000 ) 
    Source Clock Delay      (SCD):    5.883ns
    Clock Pessimism Removal (CPR):    0.424ns
  Clock Uncertainty:      0.063ns  ((TSJ^2 + DJ^2)^1/2) / 2 + PE
    Total System Jitter     (TSJ):    0.071ns
    Discrete Jitter          (DJ):    0.104ns
    Phase Error              (PE):    0.000ns

    Location             Delay type                Incr(ns)  Path(ns)    Netlist Resource(s)
  -------------------------------------------------------------------    -------------------
                         (clock clk_out1_design_1_clk_wiz_0_0 rise edge)
                                                      0.000     0.000 r  
    K17                                               0.000     0.000 r  clk (IN)
                         net (fo=0)                   0.000     0.000    clk
    K17                  IBUF (Prop_ibuf_I_O)         1.475     1.475 r  clk_IBUF_inst/O
                         net (fo=21, routed)          2.522     3.997    design_1_i/clk_wiz_0/inst/clk_in1
    BUFGCTRL_X0Y16       BUFG (Prop_bufg_I_O)         0.101     4.098 r  design_1_i/clk_wiz_0/inst/clkin1_bufg/O
                         net (fo=1, routed)           1.831     5.929    design_1_i/clk_wiz_0/inst/clk_in1_design_1_clk_wiz_0_0
    PLLE2_ADV_X1Y0       PLLE2_ADV (Prop_plle2_adv_CLKIN1_CLKOUT0)
                                                     -3.812     2.117 r  design_1_i/clk_wiz_0/inst/plle2_adv_inst/CLKOUT0
                         net (fo=1, routed)           1.883     4.000    design_1_i/clk_wiz_0/inst/clk_out1_design_1_clk_wiz_0_0
    BUFGCTRL_X0Y0        BUFG (Prop_bufg_I_O)         0.101     4.101 r  design_1_i/clk_wiz_0/inst/clkout1_buf/O
                         net (fo=1802, routed)        1.782     5.883    dbg_hub/inst/BSCANID.u_xsdbm_id/CORE_XSDB.UUT_MASTER/U_ICON_INTERFACE/U_CMD1/clk
    SLICE_X94Y86         FDRE                                         r  dbg_hub/inst/BSCANID.u_xsdbm_id/CORE_XSDB.UUT_MASTER/U_ICON_INTERFACE/U_CMD1/ctl_reg_reg[0]/C
  -------------------------------------------------------------------    -------------------
    SLICE_X94Y86         FDRE (Prop_fdre_C_Q)         0.518     6.401 f  dbg_hub/inst/BSCANID.u_xsdbm_id/CORE_XSDB.UUT_MASTER/U_ICON_INTERFACE/U_CMD1/ctl_reg_reg[0]/Q
                         net (fo=176, routed)         2.494     8.895    dbg_hub/inst/BSCANID.u_xsdbm_id/CORE_XSDB.UUT_MASTER/U_XSDB_BUS_CONTROLLER/out[0]
    SLICE_X89Y87         FDCE                                         f  dbg_hub/inst/BSCANID.u_xsdbm_id/CORE_XSDB.UUT_MASTER/U_XSDB_BUS_CONTROLLER/in_idle_mode_reg/CLR
  -------------------------------------------------------------------    -------------------

                         (clock clk_out1_design_1_clk_wiz_0_0 rise edge)
                                                      4.000     4.000 r  
    K17                                               0.000     4.000 r  clk (IN)
                         net (fo=0)                   0.000     4.000    clk
    K17                  IBUF (Prop_ibuf_I_O)         1.404     5.404 r  clk_IBUF_inst/O
                         net (fo=21, routed)          2.293     7.697    design_1_i/clk_wiz_0/inst/clk_in1
    BUFGCTRL_X0Y16       BUFG (Prop_bufg_I_O)         0.091     7.788 r  design_1_i/clk_wiz_0/inst/clkin1_bufg/O
                         net (fo=1, routed)           1.634     9.423    design_1_i/clk_wiz_0/inst/clk_in1_design_1_clk_wiz_0_0
    PLLE2_ADV_X1Y0       PLLE2_ADV (Prop_plle2_adv_CLKIN1_CLKOUT0)
                                                     -3.442     5.980 r  design_1_i/clk_wiz_0/inst/plle2_adv_inst/CLKOUT0
                         net (fo=1, routed)           1.720     7.700    design_1_i/clk_wiz_0/inst/clk_out1_design_1_clk_wiz_0_0
    BUFGCTRL_X0Y0        BUFG (Prop_bufg_I_O)         0.091     7.791 r  design_1_i/clk_wiz_0/inst/clkout1_buf/O
                         net (fo=1802, routed)        1.545     9.336    dbg_hub/inst/BSCANID.u_xsdbm_id/CORE_XSDB.UUT_MASTER/U_XSDB_BUS_CONTROLLER/clk
    SLICE_X89Y87         FDCE                                         r  dbg_hub/inst/BSCANID.u_xsdbm_id/CORE_XSDB.UUT_MASTER/U_XSDB_BUS_CONTROLLER/in_idle_mode_reg/C
                         clock pessimism              0.424     9.760    
                         clock uncertainty           -0.063     9.697    
    SLICE_X89Y87         FDCE (Recov_fdce_C_CLR)     -0.405     9.292    dbg_hub/inst/BSCANID.u_xsdbm_id/CORE_XSDB.UUT_MASTER/U_XSDB_BUS_CONTROLLER/in_idle_mode_reg
  -------------------------------------------------------------------
                         required time                          9.292    
                         arrival time                          -8.895    
  -------------------------------------------------------------------
                         slack                                  0.397    





Min Delay Paths
--------------------------------------------------------------------------------------
Slack (MET) :             0.330ns  (arrival time - required time)
  Source:                 dbg_hub/inst/BSCANID.u_xsdbm_id/CORE_XSDB.UUT_MASTER/U_ICON_INTERFACE/U_CMD6_WR/U_WR_FIFO/SUBCORE_FIFO.xsdbm_v3_0_0_wrfifo_inst/inst_fifo_gen/gconvfifo.rf/grf.rf/rstblk/ngwrdrst.grst.g7serrst.rd_rst_reg_reg[1]/C
                            (rising edge-triggered cell FDPE clocked by clk_out1_design_1_clk_wiz_0_0  {rise@0.000ns fall@2.000ns period=4.000ns})
  Destination:            dbg_hub/inst/BSCANID.u_xsdbm_id/CORE_XSDB.UUT_MASTER/U_ICON_INTERFACE/U_CMD6_WR/U_WR_FIFO/SUBCORE_FIFO.xsdbm_v3_0_0_wrfifo_inst/inst_fifo_gen/gconvfifo.rf/grf.rf/gntv_or_sync_fifo.gcx.clkx/gnxpm_cdc.gsync_stage[1].rd_stg_inst/Q_reg_reg[0]/CLR
                            (removal check against rising-edge clock clk_out1_design_1_clk_wiz_0_0  {rise@0.000ns fall@2.000ns period=4.000ns})
  Path Group:             **async_default**
  Path Type:              Removal (Min at Fast Process Corner)
  Requirement:            0.000ns  (clk_out1_design_1_clk_wiz_0_0 rise@0.000ns - clk_out1_design_1_clk_wiz_0_0 rise@0.000ns)
  Data Path Delay:        0.277ns  (logic 0.141ns (50.874%)  route 0.136ns (49.126%))
  Logic Levels:           0  
  Clock Path Skew:        0.014ns (DCD - SCD - CPR)
    Destination Clock Delay (DCD):    2.244ns
    Source Clock Delay      (SCD):    1.719ns
    Clock Pessimism Removal (CPR):    0.510ns

    Location             Delay type                Incr(ns)  Path(ns)    Netlist Resource(s)
  -------------------------------------------------------------------    -------------------
                         (clock clk_out1_design_1_clk_wiz_0_0 rise edge)
                                                      0.000     0.000 r  
    K17                                               0.000     0.000 r  clk (IN)
                         net (fo=0)                   0.000     0.000    clk
    K17                  IBUF (Prop_ibuf_I_O)         0.243     0.243 r  clk_IBUF_inst/O
                         net (fo=21, routed)          0.842     1.084    design_1_i/clk_wiz_0/inst/clk_in1
    BUFGCTRL_X0Y16       BUFG (Prop_bufg_I_O)         0.026     1.110 r  design_1_i/clk_wiz_0/inst/clkin1_bufg/O
                         net (fo=1, routed)           0.602     1.712    design_1_i/clk_wiz_0/inst/clk_in1_design_1_clk_wiz_0_0
    PLLE2_ADV_X1Y0       PLLE2_ADV (Prop_plle2_adv_CLKIN1_CLKOUT0)
                                                     -1.169     0.542 r  design_1_i/clk_wiz_0/inst/plle2_adv_inst/CLKOUT0
                         net (fo=1, routed)           0.544     1.086    design_1_i/clk_wiz_0/inst/clk_out1_design_1_clk_wiz_0_0
    BUFGCTRL_X0Y0        BUFG (Prop_bufg_I_O)         0.026     1.112 r  design_1_i/clk_wiz_0/inst/clkout1_buf/O
                         net (fo=1802, routed)        0.607     1.719    dbg_hub/inst/BSCANID.u_xsdbm_id/CORE_XSDB.UUT_MASTER/U_ICON_INTERFACE/U_CMD6_WR/U_WR_FIFO/SUBCORE_FIFO.xsdbm_v3_0_0_wrfifo_inst/inst_fifo_gen/gconvfifo.rf/grf.rf/rstblk/rd_clk
    SLICE_X103Y87        FDPE                                         r  dbg_hub/inst/BSCANID.u_xsdbm_id/CORE_XSDB.UUT_MASTER/U_ICON_INTERFACE/U_CMD6_WR/U_WR_FIFO/SUBCORE_FIFO.xsdbm_v3_0_0_wrfifo_inst/inst_fifo_gen/gconvfifo.rf/grf.rf/rstblk/ngwrdrst.grst.g7serrst.rd_rst_reg_reg[1]/C
  -------------------------------------------------------------------    -------------------
    SLICE_X103Y87        FDPE (Prop_fdpe_C_Q)         0.141     1.860 f  dbg_hub/inst/BSCANID.u_xsdbm_id/CORE_XSDB.UUT_MASTER/U_ICON_INTERFACE/U_CMD6_WR/U_WR_FIFO/SUBCORE_FIFO.xsdbm_v3_0_0_wrfifo_inst/inst_fifo_gen/gconvfifo.rf/grf.rf/rstblk/ngwrdrst.grst.g7serrst.rd_rst_reg_reg[1]/Q
                         net (fo=16, routed)          0.136     1.996    dbg_hub/inst/BSCANID.u_xsdbm_id/CORE_XSDB.UUT_MASTER/U_ICON_INTERFACE/U_CMD6_WR/U_WR_FIFO/SUBCORE_FIFO.xsdbm_v3_0_0_wrfifo_inst/inst_fifo_gen/gconvfifo.rf/grf.rf/gntv_or_sync_fifo.gcx.clkx/gnxpm_cdc.gsync_stage[1].rd_stg_inst/Q_reg_reg[0]_0[0]
    SLICE_X102Y86        FDCE                                         f  dbg_hub/inst/BSCANID.u_xsdbm_id/CORE_XSDB.UUT_MASTER/U_ICON_INTERFACE/U_CMD6_WR/U_WR_FIFO/SUBCORE_FIFO.xsdbm_v3_0_0_wrfifo_inst/inst_fifo_gen/gconvfifo.rf/grf.rf/gntv_or_sync_fifo.gcx.clkx/gnxpm_cdc.gsync_stage[1].rd_stg_inst/Q_reg_reg[0]/CLR
  -------------------------------------------------------------------    -------------------

                         (clock clk_out1_design_1_clk_wiz_0_0 rise edge)
                                                      0.000     0.000 r  
    K17                                               0.000     0.000 r  clk (IN)
                         net (fo=0)                   0.000     0.000    clk
    K17                  IBUF (Prop_ibuf_I_O)         0.431     0.431 r  clk_IBUF_inst/O
                         net (fo=21, routed)          0.907     1.338    design_1_i/clk_wiz_0/inst/clk_in1
    BUFGCTRL_X0Y16       BUFG (Prop_bufg_I_O)         0.029     1.367 r  design_1_i/clk_wiz_0/inst/clkin1_bufg/O
                         net (fo=1, routed)           0.869     2.236    design_1_i/clk_wiz_0/inst/clk_in1_design_1_clk_wiz_0_0
    PLLE2_ADV_X1Y0       PLLE2_ADV (Prop_plle2_adv_CLKIN1_CLKOUT0)
                                                     -1.488     0.748 r  design_1_i/clk_wiz_0/inst/plle2_adv_inst/CLKOUT0
                         net (fo=1, routed)           0.592     1.340    design_1_i/clk_wiz_0/inst/clk_out1_design_1_clk_wiz_0_0
    BUFGCTRL_X0Y0        BUFG (Prop_bufg_I_O)         0.029     1.369 r  design_1_i/clk_wiz_0/inst/clkout1_buf/O
                         net (fo=1802, routed)        0.875     2.244    dbg_hub/inst/BSCANID.u_xsdbm_id/CORE_XSDB.UUT_MASTER/U_ICON_INTERFACE/U_CMD6_WR/U_WR_FIFO/SUBCORE_FIFO.xsdbm_v3_0_0_wrfifo_inst/inst_fifo_gen/gconvfifo.rf/grf.rf/gntv_or_sync_fifo.gcx.clkx/gnxpm_cdc.gsync_stage[1].rd_stg_inst/rd_clk
    SLICE_X102Y86        FDCE                                         r  dbg_hub/inst/BSCANID.u_xsdbm_id/CORE_XSDB.UUT_MASTER/U_ICON_INTERFACE/U_CMD6_WR/U_WR_FIFO/SUBCORE_FIFO.xsdbm_v3_0_0_wrfifo_inst/inst_fifo_gen/gconvfifo.rf/grf.rf/gntv_or_sync_fifo.gcx.clkx/gnxpm_cdc.gsync_stage[1].rd_stg_inst/Q_reg_reg[0]/C
                         clock pessimism             -0.510     1.733    
    SLICE_X102Y86        FDCE (Remov_fdce_C_CLR)     -0.067     1.666    dbg_hub/inst/BSCANID.u_xsdbm_id/CORE_XSDB.UUT_MASTER/U_ICON_INTERFACE/U_CMD6_WR/U_WR_FIFO/SUBCORE_FIFO.xsdbm_v3_0_0_wrfifo_inst/inst_fifo_gen/gconvfifo.rf/grf.rf/gntv_or_sync_fifo.gcx.clkx/gnxpm_cdc.gsync_stage[1].rd_stg_inst/Q_reg_reg[0]
  -------------------------------------------------------------------
                         required time                         -1.666    
                         arrival time                           1.996    
  -------------------------------------------------------------------
                         slack                                  0.330    

Slack (MET) :             0.330ns  (arrival time - required time)
  Source:                 dbg_hub/inst/BSCANID.u_xsdbm_id/CORE_XSDB.UUT_MASTER/U_ICON_INTERFACE/U_CMD6_WR/U_WR_FIFO/SUBCORE_FIFO.xsdbm_v3_0_0_wrfifo_inst/inst_fifo_gen/gconvfifo.rf/grf.rf/rstblk/ngwrdrst.grst.g7serrst.rd_rst_reg_reg[1]/C
                            (rising edge-triggered cell FDPE clocked by clk_out1_design_1_clk_wiz_0_0  {rise@0.000ns fall@2.000ns period=4.000ns})
  Destination:            dbg_hub/inst/BSCANID.u_xsdbm_id/CORE_XSDB.UUT_MASTER/U_ICON_INTERFACE/U_CMD6_WR/U_WR_FIFO/SUBCORE_FIFO.xsdbm_v3_0_0_wrfifo_inst/inst_fifo_gen/gconvfifo.rf/grf.rf/gntv_or_sync_fifo.gcx.clkx/gnxpm_cdc.gsync_stage[1].rd_stg_inst/Q_reg_reg[1]/CLR
                            (removal check against rising-edge clock clk_out1_design_1_clk_wiz_0_0  {rise@0.000ns fall@2.000ns period=4.000ns})
  Path Group:             **async_default**
  Path Type:              Removal (Min at Fast Process Corner)
  Requirement:            0.000ns  (clk_out1_design_1_clk_wiz_0_0 rise@0.000ns - clk_out1_design_1_clk_wiz_0_0 rise@0.000ns)
  Data Path Delay:        0.277ns  (logic 0.141ns (50.874%)  route 0.136ns (49.126%))
  Logic Levels:           0  
  Clock Path Skew:        0.014ns (DCD - SCD - CPR)
    Destination Clock Delay (DCD):    2.244ns
    Source Clock Delay      (SCD):    1.719ns
    Clock Pessimism Removal (CPR):    0.510ns

    Location             Delay type                Incr(ns)  Path(ns)    Netlist Resource(s)
  -------------------------------------------------------------------    -------------------
                         (clock clk_out1_design_1_clk_wiz_0_0 rise edge)
                                                      0.000     0.000 r  
    K17                                               0.000     0.000 r  clk (IN)
                         net (fo=0)                   0.000     0.000    clk
    K17                  IBUF (Prop_ibuf_I_O)         0.243     0.243 r  clk_IBUF_inst/O
                         net (fo=21, routed)          0.842     1.084    design_1_i/clk_wiz_0/inst/clk_in1
    BUFGCTRL_X0Y16       BUFG (Prop_bufg_I_O)         0.026     1.110 r  design_1_i/clk_wiz_0/inst/clkin1_bufg/O
                         net (fo=1, routed)           0.602     1.712    design_1_i/clk_wiz_0/inst/clk_in1_design_1_clk_wiz_0_0
    PLLE2_ADV_X1Y0       PLLE2_ADV (Prop_plle2_adv_CLKIN1_CLKOUT0)
                                                     -1.169     0.542 r  design_1_i/clk_wiz_0/inst/plle2_adv_inst/CLKOUT0
                         net (fo=1, routed)           0.544     1.086    design_1_i/clk_wiz_0/inst/clk_out1_design_1_clk_wiz_0_0
    BUFGCTRL_X0Y0        BUFG (Prop_bufg_I_O)         0.026     1.112 r  design_1_i/clk_wiz_0/inst/clkout1_buf/O
                         net (fo=1802, routed)        0.607     1.719    dbg_hub/inst/BSCANID.u_xsdbm_id/CORE_XSDB.UUT_MASTER/U_ICON_INTERFACE/U_CMD6_WR/U_WR_FIFO/SUBCORE_FIFO.xsdbm_v3_0_0_wrfifo_inst/inst_fifo_gen/gconvfifo.rf/grf.rf/rstblk/rd_clk
    SLICE_X103Y87        FDPE                                         r  dbg_hub/inst/BSCANID.u_xsdbm_id/CORE_XSDB.UUT_MASTER/U_ICON_INTERFACE/U_CMD6_WR/U_WR_FIFO/SUBCORE_FIFO.xsdbm_v3_0_0_wrfifo_inst/inst_fifo_gen/gconvfifo.rf/grf.rf/rstblk/ngwrdrst.grst.g7serrst.rd_rst_reg_reg[1]/C
  -------------------------------------------------------------------    -------------------
    SLICE_X103Y87        FDPE (Prop_fdpe_C_Q)         0.141     1.860 f  dbg_hub/inst/BSCANID.u_xsdbm_id/CORE_XSDB.UUT_MASTER/U_ICON_INTERFACE/U_CMD6_WR/U_WR_FIFO/SUBCORE_FIFO.xsdbm_v3_0_0_wrfifo_inst/inst_fifo_gen/gconvfifo.rf/grf.rf/rstblk/ngwrdrst.grst.g7serrst.rd_rst_reg_reg[1]/Q
                         net (fo=16, routed)          0.136     1.996    dbg_hub/inst/BSCANID.u_xsdbm_id/CORE_XSDB.UUT_MASTER/U_ICON_INTERFACE/U_CMD6_WR/U_WR_FIFO/SUBCORE_FIFO.xsdbm_v3_0_0_wrfifo_inst/inst_fifo_gen/gconvfifo.rf/grf.rf/gntv_or_sync_fifo.gcx.clkx/gnxpm_cdc.gsync_stage[1].rd_stg_inst/Q_reg_reg[0]_0[0]
    SLICE_X102Y86        FDCE                                         f  dbg_hub/inst/BSCANID.u_xsdbm_id/CORE_XSDB.UUT_MASTER/U_ICON_INTERFACE/U_CMD6_WR/U_WR_FIFO/SUBCORE_FIFO.xsdbm_v3_0_0_wrfifo_inst/inst_fifo_gen/gconvfifo.rf/grf.rf/gntv_or_sync_fifo.gcx.clkx/gnxpm_cdc.gsync_stage[1].rd_stg_inst/Q_reg_reg[1]/CLR
  -------------------------------------------------------------------    -------------------

                         (clock clk_out1_design_1_clk_wiz_0_0 rise edge)
                                                      0.000     0.000 r  
    K17                                               0.000     0.000 r  clk (IN)
                         net (fo=0)                   0.000     0.000    clk
    K17                  IBUF (Prop_ibuf_I_O)         0.431     0.431 r  clk_IBUF_inst/O
                         net (fo=21, routed)          0.907     1.338    design_1_i/clk_wiz_0/inst/clk_in1
    BUFGCTRL_X0Y16       BUFG (Prop_bufg_I_O)         0.029     1.367 r  design_1_i/clk_wiz_0/inst/clkin1_bufg/O
                         net (fo=1, routed)           0.869     2.236    design_1_i/clk_wiz_0/inst/clk_in1_design_1_clk_wiz_0_0
    PLLE2_ADV_X1Y0       PLLE2_ADV (Prop_plle2_adv_CLKIN1_CLKOUT0)
                                                     -1.488     0.748 r  design_1_i/clk_wiz_0/inst/plle2_adv_inst/CLKOUT0
                         net (fo=1, routed)           0.592     1.340    design_1_i/clk_wiz_0/inst/clk_out1_design_1_clk_wiz_0_0
    BUFGCTRL_X0Y0        BUFG (Prop_bufg_I_O)         0.029     1.369 r  design_1_i/clk_wiz_0/inst/clkout1_buf/O
                         net (fo=1802, routed)        0.875     2.244    dbg_hub/inst/BSCANID.u_xsdbm_id/CORE_XSDB.UUT_MASTER/U_ICON_INTERFACE/U_CMD6_WR/U_WR_FIFO/SUBCORE_FIFO.xsdbm_v3_0_0_wrfifo_inst/inst_fifo_gen/gconvfifo.rf/grf.rf/gntv_or_sync_fifo.gcx.clkx/gnxpm_cdc.gsync_stage[1].rd_stg_inst/rd_clk
    SLICE_X102Y86        FDCE                                         r  dbg_hub/inst/BSCANID.u_xsdbm_id/CORE_XSDB.UUT_MASTER/U_ICON_INTERFACE/U_CMD6_WR/U_WR_FIFO/SUBCORE_FIFO.xsdbm_v3_0_0_wrfifo_inst/inst_fifo_gen/gconvfifo.rf/grf.rf/gntv_or_sync_fifo.gcx.clkx/gnxpm_cdc.gsync_stage[1].rd_stg_inst/Q_reg_reg[1]/C
                         clock pessimism             -0.510     1.733    
    SLICE_X102Y86        FDCE (Remov_fdce_C_CLR)     -0.067     1.666    dbg_hub/inst/BSCANID.u_xsdbm_id/CORE_XSDB.UUT_MASTER/U_ICON_INTERFACE/U_CMD6_WR/U_WR_FIFO/SUBCORE_FIFO.xsdbm_v3_0_0_wrfifo_inst/inst_fifo_gen/gconvfifo.rf/grf.rf/gntv_or_sync_fifo.gcx.clkx/gnxpm_cdc.gsync_stage[1].rd_stg_inst/Q_reg_reg[1]
  -------------------------------------------------------------------
                         required time                         -1.666    
                         arrival time                           1.996    
  -------------------------------------------------------------------
                         slack                                  0.330    

Slack (MET) :             0.330ns  (arrival time - required time)
  Source:                 dbg_hub/inst/BSCANID.u_xsdbm_id/CORE_XSDB.UUT_MASTER/U_ICON_INTERFACE/U_CMD6_WR/U_WR_FIFO/SUBCORE_FIFO.xsdbm_v3_0_0_wrfifo_inst/inst_fifo_gen/gconvfifo.rf/grf.rf/rstblk/ngwrdrst.grst.g7serrst.rd_rst_reg_reg[1]/C
                            (rising edge-triggered cell FDPE clocked by clk_out1_design_1_clk_wiz_0_0  {rise@0.000ns fall@2.000ns period=4.000ns})
  Destination:            dbg_hub/inst/BSCANID.u_xsdbm_id/CORE_XSDB.UUT_MASTER/U_ICON_INTERFACE/U_CMD6_WR/U_WR_FIFO/SUBCORE_FIFO.xsdbm_v3_0_0_wrfifo_inst/inst_fifo_gen/gconvfifo.rf/grf.rf/gntv_or_sync_fifo.gcx.clkx/gnxpm_cdc.gsync_stage[2].rd_stg_inst/Q_reg_reg[0]/CLR
                            (removal check against rising-edge clock clk_out1_design_1_clk_wiz_0_0  {rise@0.000ns fall@2.000ns period=4.000ns})
  Path Group:             **async_default**
  Path Type:              Removal (Min at Fast Process Corner)
  Requirement:            0.000ns  (clk_out1_design_1_clk_wiz_0_0 rise@0.000ns - clk_out1_design_1_clk_wiz_0_0 rise@0.000ns)
  Data Path Delay:        0.277ns  (logic 0.141ns (50.874%)  route 0.136ns (49.126%))
  Logic Levels:           0  
  Clock Path Skew:        0.014ns (DCD - SCD - CPR)
    Destination Clock Delay (DCD):    2.244ns
    Source Clock Delay      (SCD):    1.719ns
    Clock Pessimism Removal (CPR):    0.510ns

    Location             Delay type                Incr(ns)  Path(ns)    Netlist Resource(s)
  -------------------------------------------------------------------    -------------------
                         (clock clk_out1_design_1_clk_wiz_0_0 rise edge)
                                                      0.000     0.000 r  
    K17                                               0.000     0.000 r  clk (IN)
                         net (fo=0)                   0.000     0.000    clk
    K17                  IBUF (Prop_ibuf_I_O)         0.243     0.243 r  clk_IBUF_inst/O
                         net (fo=21, routed)          0.842     1.084    design_1_i/clk_wiz_0/inst/clk_in1
    BUFGCTRL_X0Y16       BUFG (Prop_bufg_I_O)         0.026     1.110 r  design_1_i/clk_wiz_0/inst/clkin1_bufg/O
                         net (fo=1, routed)           0.602     1.712    design_1_i/clk_wiz_0/inst/clk_in1_design_1_clk_wiz_0_0
    PLLE2_ADV_X1Y0       PLLE2_ADV (Prop_plle2_adv_CLKIN1_CLKOUT0)
                                                     -1.169     0.542 r  design_1_i/clk_wiz_0/inst/plle2_adv_inst/CLKOUT0
                         net (fo=1, routed)           0.544     1.086    design_1_i/clk_wiz_0/inst/clk_out1_design_1_clk_wiz_0_0
    BUFGCTRL_X0Y0        BUFG (Prop_bufg_I_O)         0.026     1.112 r  design_1_i/clk_wiz_0/inst/clkout1_buf/O
                         net (fo=1802, routed)        0.607     1.719    dbg_hub/inst/BSCANID.u_xsdbm_id/CORE_XSDB.UUT_MASTER/U_ICON_INTERFACE/U_CMD6_WR/U_WR_FIFO/SUBCORE_FIFO.xsdbm_v3_0_0_wrfifo_inst/inst_fifo_gen/gconvfifo.rf/grf.rf/rstblk/rd_clk
    SLICE_X103Y87        FDPE                                         r  dbg_hub/inst/BSCANID.u_xsdbm_id/CORE_XSDB.UUT_MASTER/U_ICON_INTERFACE/U_CMD6_WR/U_WR_FIFO/SUBCORE_FIFO.xsdbm_v3_0_0_wrfifo_inst/inst_fifo_gen/gconvfifo.rf/grf.rf/rstblk/ngwrdrst.grst.g7serrst.rd_rst_reg_reg[1]/C
  -------------------------------------------------------------------    -------------------
    SLICE_X103Y87        FDPE (Prop_fdpe_C_Q)         0.141     1.860 f  dbg_hub/inst/BSCANID.u_xsdbm_id/CORE_XSDB.UUT_MASTER/U_ICON_INTERFACE/U_CMD6_WR/U_WR_FIFO/SUBCORE_FIFO.xsdbm_v3_0_0_wrfifo_inst/inst_fifo_gen/gconvfifo.rf/grf.rf/rstblk/ngwrdrst.grst.g7serrst.rd_rst_reg_reg[1]/Q
                         net (fo=16, routed)          0.136     1.996    dbg_hub/inst/BSCANID.u_xsdbm_id/CORE_XSDB.UUT_MASTER/U_ICON_INTERFACE/U_CMD6_WR/U_WR_FIFO/SUBCORE_FIFO.xsdbm_v3_0_0_wrfifo_inst/inst_fifo_gen/gconvfifo.rf/grf.rf/gntv_or_sync_fifo.gcx.clkx/gnxpm_cdc.gsync_stage[2].rd_stg_inst/Q_reg_reg[0]_0[0]
    SLICE_X102Y86        FDCE                                         f  dbg_hub/inst/BSCANID.u_xsdbm_id/CORE_XSDB.UUT_MASTER/U_ICON_INTERFACE/U_CMD6_WR/U_WR_FIFO/SUBCORE_FIFO.xsdbm_v3_0_0_wrfifo_inst/inst_fifo_gen/gconvfifo.rf/grf.rf/gntv_or_sync_fifo.gcx.clkx/gnxpm_cdc.gsync_stage[2].rd_stg_inst/Q_reg_reg[0]/CLR
  -------------------------------------------------------------------    -------------------

                         (clock clk_out1_design_1_clk_wiz_0_0 rise edge)
                                                      0.000     0.000 r  
    K17                                               0.000     0.000 r  clk (IN)
                         net (fo=0)                   0.000     0.000    clk
    K17                  IBUF (Prop_ibuf_I_O)         0.431     0.431 r  clk_IBUF_inst/O
                         net (fo=21, routed)          0.907     1.338    design_1_i/clk_wiz_0/inst/clk_in1
    BUFGCTRL_X0Y16       BUFG (Prop_bufg_I_O)         0.029     1.367 r  design_1_i/clk_wiz_0/inst/clkin1_bufg/O
                         net (fo=1, routed)           0.869     2.236    design_1_i/clk_wiz_0/inst/clk_in1_design_1_clk_wiz_0_0
    PLLE2_ADV_X1Y0       PLLE2_ADV (Prop_plle2_adv_CLKIN1_CLKOUT0)
                                                     -1.488     0.748 r  design_1_i/clk_wiz_0/inst/plle2_adv_inst/CLKOUT0
                         net (fo=1, routed)           0.592     1.340    design_1_i/clk_wiz_0/inst/clk_out1_design_1_clk_wiz_0_0
    BUFGCTRL_X0Y0        BUFG (Prop_bufg_I_O)         0.029     1.369 r  design_1_i/clk_wiz_0/inst/clkout1_buf/O
                         net (fo=1802, routed)        0.875     2.244    dbg_hub/inst/BSCANID.u_xsdbm_id/CORE_XSDB.UUT_MASTER/U_ICON_INTERFACE/U_CMD6_WR/U_WR_FIFO/SUBCORE_FIFO.xsdbm_v3_0_0_wrfifo_inst/inst_fifo_gen/gconvfifo.rf/grf.rf/gntv_or_sync_fifo.gcx.clkx/gnxpm_cdc.gsync_stage[2].rd_stg_inst/rd_clk
    SLICE_X102Y86        FDCE                                         r  dbg_hub/inst/BSCANID.u_xsdbm_id/CORE_XSDB.UUT_MASTER/U_ICON_INTERFACE/U_CMD6_WR/U_WR_FIFO/SUBCORE_FIFO.xsdbm_v3_0_0_wrfifo_inst/inst_fifo_gen/gconvfifo.rf/grf.rf/gntv_or_sync_fifo.gcx.clkx/gnxpm_cdc.gsync_stage[2].rd_stg_inst/Q_reg_reg[0]/C
                         clock pessimism             -0.510     1.733    
    SLICE_X102Y86        FDCE (Remov_fdce_C_CLR)     -0.067     1.666    dbg_hub/inst/BSCANID.u_xsdbm_id/CORE_XSDB.UUT_MASTER/U_ICON_INTERFACE/U_CMD6_WR/U_WR_FIFO/SUBCORE_FIFO.xsdbm_v3_0_0_wrfifo_inst/inst_fifo_gen/gconvfifo.rf/grf.rf/gntv_or_sync_fifo.gcx.clkx/gnxpm_cdc.gsync_stage[2].rd_stg_inst/Q_reg_reg[0]
  -------------------------------------------------------------------
                         required time                         -1.666    
                         arrival time                           1.996    
  -------------------------------------------------------------------
                         slack                                  0.330    

Slack (MET) :             0.330ns  (arrival time - required time)
  Source:                 dbg_hub/inst/BSCANID.u_xsdbm_id/CORE_XSDB.UUT_MASTER/U_ICON_INTERFACE/U_CMD6_WR/U_WR_FIFO/SUBCORE_FIFO.xsdbm_v3_0_0_wrfifo_inst/inst_fifo_gen/gconvfifo.rf/grf.rf/rstblk/ngwrdrst.grst.g7serrst.rd_rst_reg_reg[1]/C
                            (rising edge-triggered cell FDPE clocked by clk_out1_design_1_clk_wiz_0_0  {rise@0.000ns fall@2.000ns period=4.000ns})
  Destination:            dbg_hub/inst/BSCANID.u_xsdbm_id/CORE_XSDB.UUT_MASTER/U_ICON_INTERFACE/U_CMD6_WR/U_WR_FIFO/SUBCORE_FIFO.xsdbm_v3_0_0_wrfifo_inst/inst_fifo_gen/gconvfifo.rf/grf.rf/gntv_or_sync_fifo.gcx.clkx/gnxpm_cdc.gsync_stage[2].rd_stg_inst/Q_reg_reg[1]/CLR
                            (removal check against rising-edge clock clk_out1_design_1_clk_wiz_0_0  {rise@0.000ns fall@2.000ns period=4.000ns})
  Path Group:             **async_default**
  Path Type:              Removal (Min at Fast Process Corner)
  Requirement:            0.000ns  (clk_out1_design_1_clk_wiz_0_0 rise@0.000ns - clk_out1_design_1_clk_wiz_0_0 rise@0.000ns)
  Data Path Delay:        0.277ns  (logic 0.141ns (50.874%)  route 0.136ns (49.126%))
  Logic Levels:           0  
  Clock Path Skew:        0.014ns (DCD - SCD - CPR)
    Destination Clock Delay (DCD):    2.244ns
    Source Clock Delay      (SCD):    1.719ns
    Clock Pessimism Removal (CPR):    0.510ns

    Location             Delay type                Incr(ns)  Path(ns)    Netlist Resource(s)
  -------------------------------------------------------------------    -------------------
                         (clock clk_out1_design_1_clk_wiz_0_0 rise edge)
                                                      0.000     0.000 r  
    K17                                               0.000     0.000 r  clk (IN)
                         net (fo=0)                   0.000     0.000    clk
    K17                  IBUF (Prop_ibuf_I_O)         0.243     0.243 r  clk_IBUF_inst/O
                         net (fo=21, routed)          0.842     1.084    design_1_i/clk_wiz_0/inst/clk_in1
    BUFGCTRL_X0Y16       BUFG (Prop_bufg_I_O)         0.026     1.110 r  design_1_i/clk_wiz_0/inst/clkin1_bufg/O
                         net (fo=1, routed)           0.602     1.712    design_1_i/clk_wiz_0/inst/clk_in1_design_1_clk_wiz_0_0
    PLLE2_ADV_X1Y0       PLLE2_ADV (Prop_plle2_adv_CLKIN1_CLKOUT0)
                                                     -1.169     0.542 r  design_1_i/clk_wiz_0/inst/plle2_adv_inst/CLKOUT0
                         net (fo=1, routed)           0.544     1.086    design_1_i/clk_wiz_0/inst/clk_out1_design_1_clk_wiz_0_0
    BUFGCTRL_X0Y0        BUFG (Prop_bufg_I_O)         0.026     1.112 r  design_1_i/clk_wiz_0/inst/clkout1_buf/O
                         net (fo=1802, routed)        0.607     1.719    dbg_hub/inst/BSCANID.u_xsdbm_id/CORE_XSDB.UUT_MASTER/U_ICON_INTERFACE/U_CMD6_WR/U_WR_FIFO/SUBCORE_FIFO.xsdbm_v3_0_0_wrfifo_inst/inst_fifo_gen/gconvfifo.rf/grf.rf/rstblk/rd_clk
    SLICE_X103Y87        FDPE                                         r  dbg_hub/inst/BSCANID.u_xsdbm_id/CORE_XSDB.UUT_MASTER/U_ICON_INTERFACE/U_CMD6_WR/U_WR_FIFO/SUBCORE_FIFO.xsdbm_v3_0_0_wrfifo_inst/inst_fifo_gen/gconvfifo.rf/grf.rf/rstblk/ngwrdrst.grst.g7serrst.rd_rst_reg_reg[1]/C
  -------------------------------------------------------------------    -------------------
    SLICE_X103Y87        FDPE (Prop_fdpe_C_Q)         0.141     1.860 f  dbg_hub/inst/BSCANID.u_xsdbm_id/CORE_XSDB.UUT_MASTER/U_ICON_INTERFACE/U_CMD6_WR/U_WR_FIFO/SUBCORE_FIFO.xsdbm_v3_0_0_wrfifo_inst/inst_fifo_gen/gconvfifo.rf/grf.rf/rstblk/ngwrdrst.grst.g7serrst.rd_rst_reg_reg[1]/Q
                         net (fo=16, routed)          0.136     1.996    dbg_hub/inst/BSCANID.u_xsdbm_id/CORE_XSDB.UUT_MASTER/U_ICON_INTERFACE/U_CMD6_WR/U_WR_FIFO/SUBCORE_FIFO.xsdbm_v3_0_0_wrfifo_inst/inst_fifo_gen/gconvfifo.rf/grf.rf/gntv_or_sync_fifo.gcx.clkx/gnxpm_cdc.gsync_stage[2].rd_stg_inst/Q_reg_reg[0]_0[0]
    SLICE_X102Y86        FDCE                                         f  dbg_hub/inst/BSCANID.u_xsdbm_id/CORE_XSDB.UUT_MASTER/U_ICON_INTERFACE/U_CMD6_WR/U_WR_FIFO/SUBCORE_FIFO.xsdbm_v3_0_0_wrfifo_inst/inst_fifo_gen/gconvfifo.rf/grf.rf/gntv_or_sync_fifo.gcx.clkx/gnxpm_cdc.gsync_stage[2].rd_stg_inst/Q_reg_reg[1]/CLR
  -------------------------------------------------------------------    -------------------

                         (clock clk_out1_design_1_clk_wiz_0_0 rise edge)
                                                      0.000     0.000 r  
    K17                                               0.000     0.000 r  clk (IN)
                         net (fo=0)                   0.000     0.000    clk
    K17                  IBUF (Prop_ibuf_I_O)         0.431     0.431 r  clk_IBUF_inst/O
                         net (fo=21, routed)          0.907     1.338    design_1_i/clk_wiz_0/inst/clk_in1
    BUFGCTRL_X0Y16       BUFG (Prop_bufg_I_O)         0.029     1.367 r  design_1_i/clk_wiz_0/inst/clkin1_bufg/O
                         net (fo=1, routed)           0.869     2.236    design_1_i/clk_wiz_0/inst/clk_in1_design_1_clk_wiz_0_0
    PLLE2_ADV_X1Y0       PLLE2_ADV (Prop_plle2_adv_CLKIN1_CLKOUT0)
                                                     -1.488     0.748 r  design_1_i/clk_wiz_0/inst/plle2_adv_inst/CLKOUT0
                         net (fo=1, routed)           0.592     1.340    design_1_i/clk_wiz_0/inst/clk_out1_design_1_clk_wiz_0_0
    BUFGCTRL_X0Y0        BUFG (Prop_bufg_I_O)         0.029     1.369 r  design_1_i/clk_wiz_0/inst/clkout1_buf/O
                         net (fo=1802, routed)        0.875     2.244    dbg_hub/inst/BSCANID.u_xsdbm_id/CORE_XSDB.UUT_MASTER/U_ICON_INTERFACE/U_CMD6_WR/U_WR_FIFO/SUBCORE_FIFO.xsdbm_v3_0_0_wrfifo_inst/inst_fifo_gen/gconvfifo.rf/grf.rf/gntv_or_sync_fifo.gcx.clkx/gnxpm_cdc.gsync_stage[2].rd_stg_inst/rd_clk
    SLICE_X102Y86        FDCE                                         r  dbg_hub/inst/BSCANID.u_xsdbm_id/CORE_XSDB.UUT_MASTER/U_ICON_INTERFACE/U_CMD6_WR/U_WR_FIFO/SUBCORE_FIFO.xsdbm_v3_0_0_wrfifo_inst/inst_fifo_gen/gconvfifo.rf/grf.rf/gntv_or_sync_fifo.gcx.clkx/gnxpm_cdc.gsync_stage[2].rd_stg_inst/Q_reg_reg[1]/C
                         clock pessimism             -0.510     1.733    
    SLICE_X102Y86        FDCE (Remov_fdce_C_CLR)     -0.067     1.666    dbg_hub/inst/BSCANID.u_xsdbm_id/CORE_XSDB.UUT_MASTER/U_ICON_INTERFACE/U_CMD6_WR/U_WR_FIFO/SUBCORE_FIFO.xsdbm_v3_0_0_wrfifo_inst/inst_fifo_gen/gconvfifo.rf/grf.rf/gntv_or_sync_fifo.gcx.clkx/gnxpm_cdc.gsync_stage[2].rd_stg_inst/Q_reg_reg[1]
  -------------------------------------------------------------------
                         required time                         -1.666    
                         arrival time                           1.996    
  -------------------------------------------------------------------
                         slack                                  0.330    

Slack (MET) :             0.330ns  (arrival time - required time)
  Source:                 dbg_hub/inst/BSCANID.u_xsdbm_id/CORE_XSDB.UUT_MASTER/U_ICON_INTERFACE/U_CMD6_WR/U_WR_FIFO/SUBCORE_FIFO.xsdbm_v3_0_0_wrfifo_inst/inst_fifo_gen/gconvfifo.rf/grf.rf/rstblk/ngwrdrst.grst.g7serrst.rd_rst_reg_reg[1]/C
                            (rising edge-triggered cell FDPE clocked by clk_out1_design_1_clk_wiz_0_0  {rise@0.000ns fall@2.000ns period=4.000ns})
  Destination:            dbg_hub/inst/BSCANID.u_xsdbm_id/CORE_XSDB.UUT_MASTER/U_ICON_INTERFACE/U_CMD6_WR/U_WR_FIFO/SUBCORE_FIFO.xsdbm_v3_0_0_wrfifo_inst/inst_fifo_gen/gconvfifo.rf/grf.rf/gntv_or_sync_fifo.gcx.clkx/gnxpm_cdc.wr_pntr_bin_reg[0]/CLR
                            (removal check against rising-edge clock clk_out1_design_1_clk_wiz_0_0  {rise@0.000ns fall@2.000ns period=4.000ns})
  Path Group:             **async_default**
  Path Type:              Removal (Min at Fast Process Corner)
  Requirement:            0.000ns  (clk_out1_design_1_clk_wiz_0_0 rise@0.000ns - clk_out1_design_1_clk_wiz_0_0 rise@0.000ns)
  Data Path Delay:        0.277ns  (logic 0.141ns (50.874%)  route 0.136ns (49.126%))
  Logic Levels:           0  
  Clock Path Skew:        0.014ns (DCD - SCD - CPR)
    Destination Clock Delay (DCD):    2.244ns
    Source Clock Delay      (SCD):    1.719ns
    Clock Pessimism Removal (CPR):    0.510ns

    Location             Delay type                Incr(ns)  Path(ns)    Netlist Resource(s)
  -------------------------------------------------------------------    -------------------
                         (clock clk_out1_design_1_clk_wiz_0_0 rise edge)
                                                      0.000     0.000 r  
    K17                                               0.000     0.000 r  clk (IN)
                         net (fo=0)                   0.000     0.000    clk
    K17                  IBUF (Prop_ibuf_I_O)         0.243     0.243 r  clk_IBUF_inst/O
                         net (fo=21, routed)          0.842     1.084    design_1_i/clk_wiz_0/inst/clk_in1
    BUFGCTRL_X0Y16       BUFG (Prop_bufg_I_O)         0.026     1.110 r  design_1_i/clk_wiz_0/inst/clkin1_bufg/O
                         net (fo=1, routed)           0.602     1.712    design_1_i/clk_wiz_0/inst/clk_in1_design_1_clk_wiz_0_0
    PLLE2_ADV_X1Y0       PLLE2_ADV (Prop_plle2_adv_CLKIN1_CLKOUT0)
                                                     -1.169     0.542 r  design_1_i/clk_wiz_0/inst/plle2_adv_inst/CLKOUT0
                         net (fo=1, routed)           0.544     1.086    design_1_i/clk_wiz_0/inst/clk_out1_design_1_clk_wiz_0_0
    BUFGCTRL_X0Y0        BUFG (Prop_bufg_I_O)         0.026     1.112 r  design_1_i/clk_wiz_0/inst/clkout1_buf/O
                         net (fo=1802, routed)        0.607     1.719    dbg_hub/inst/BSCANID.u_xsdbm_id/CORE_XSDB.UUT_MASTER/U_ICON_INTERFACE/U_CMD6_WR/U_WR_FIFO/SUBCORE_FIFO.xsdbm_v3_0_0_wrfifo_inst/inst_fifo_gen/gconvfifo.rf/grf.rf/rstblk/rd_clk
    SLICE_X103Y87        FDPE                                         r  dbg_hub/inst/BSCANID.u_xsdbm_id/CORE_XSDB.UUT_MASTER/U_ICON_INTERFACE/U_CMD6_WR/U_WR_FIFO/SUBCORE_FIFO.xsdbm_v3_0_0_wrfifo_inst/inst_fifo_gen/gconvfifo.rf/grf.rf/rstblk/ngwrdrst.grst.g7serrst.rd_rst_reg_reg[1]/C
  -------------------------------------------------------------------    -------------------
    SLICE_X103Y87        FDPE (Prop_fdpe_C_Q)         0.141     1.860 f  dbg_hub/inst/BSCANID.u_xsdbm_id/CORE_XSDB.UUT_MASTER/U_ICON_INTERFACE/U_CMD6_WR/U_WR_FIFO/SUBCORE_FIFO.xsdbm_v3_0_0_wrfifo_inst/inst_fifo_gen/gconvfifo.rf/grf.rf/rstblk/ngwrdrst.grst.g7serrst.rd_rst_reg_reg[1]/Q
                         net (fo=16, routed)          0.136     1.996    dbg_hub/inst/BSCANID.u_xsdbm_id/CORE_XSDB.UUT_MASTER/U_ICON_INTERFACE/U_CMD6_WR/U_WR_FIFO/SUBCORE_FIFO.xsdbm_v3_0_0_wrfifo_inst/inst_fifo_gen/gconvfifo.rf/grf.rf/gntv_or_sync_fifo.gcx.clkx/Q_reg_reg[0][0]
    SLICE_X102Y86        FDCE                                         f  dbg_hub/inst/BSCANID.u_xsdbm_id/CORE_XSDB.UUT_MASTER/U_ICON_INTERFACE/U_CMD6_WR/U_WR_FIFO/SUBCORE_FIFO.xsdbm_v3_0_0_wrfifo_inst/inst_fifo_gen/gconvfifo.rf/grf.rf/gntv_or_sync_fifo.gcx.clkx/gnxpm_cdc.wr_pntr_bin_reg[0]/CLR
  -------------------------------------------------------------------    -------------------

                         (clock clk_out1_design_1_clk_wiz_0_0 rise edge)
                                                      0.000     0.000 r  
    K17                                               0.000     0.000 r  clk (IN)
                         net (fo=0)                   0.000     0.000    clk
    K17                  IBUF (Prop_ibuf_I_O)         0.431     0.431 r  clk_IBUF_inst/O
                         net (fo=21, routed)          0.907     1.338    design_1_i/clk_wiz_0/inst/clk_in1
    BUFGCTRL_X0Y16       BUFG (Prop_bufg_I_O)         0.029     1.367 r  design_1_i/clk_wiz_0/inst/clkin1_bufg/O
                         net (fo=1, routed)           0.869     2.236    design_1_i/clk_wiz_0/inst/clk_in1_design_1_clk_wiz_0_0
    PLLE2_ADV_X1Y0       PLLE2_ADV (Prop_plle2_adv_CLKIN1_CLKOUT0)
                                                     -1.488     0.748 r  design_1_i/clk_wiz_0/inst/plle2_adv_inst/CLKOUT0
                         net (fo=1, routed)           0.592     1.340    design_1_i/clk_wiz_0/inst/clk_out1_design_1_clk_wiz_0_0
    BUFGCTRL_X0Y0        BUFG (Prop_bufg_I_O)         0.029     1.369 r  design_1_i/clk_wiz_0/inst/clkout1_buf/O
                         net (fo=1802, routed)        0.875     2.244    dbg_hub/inst/BSCANID.u_xsdbm_id/CORE_XSDB.UUT_MASTER/U_ICON_INTERFACE/U_CMD6_WR/U_WR_FIFO/SUBCORE_FIFO.xsdbm_v3_0_0_wrfifo_inst/inst_fifo_gen/gconvfifo.rf/grf.rf/gntv_or_sync_fifo.gcx.clkx/rd_clk
    SLICE_X102Y86        FDCE                                         r  dbg_hub/inst/BSCANID.u_xsdbm_id/CORE_XSDB.UUT_MASTER/U_ICON_INTERFACE/U_CMD6_WR/U_WR_FIFO/SUBCORE_FIFO.xsdbm_v3_0_0_wrfifo_inst/inst_fifo_gen/gconvfifo.rf/grf.rf/gntv_or_sync_fifo.gcx.clkx/gnxpm_cdc.wr_pntr_bin_reg[0]/C
                         clock pessimism             -0.510     1.733    
    SLICE_X102Y86        FDCE (Remov_fdce_C_CLR)     -0.067     1.666    dbg_hub/inst/BSCANID.u_xsdbm_id/CORE_XSDB.UUT_MASTER/U_ICON_INTERFACE/U_CMD6_WR/U_WR_FIFO/SUBCORE_FIFO.xsdbm_v3_0_0_wrfifo_inst/inst_fifo_gen/gconvfifo.rf/grf.rf/gntv_or_sync_fifo.gcx.clkx/gnxpm_cdc.wr_pntr_bin_reg[0]
  -------------------------------------------------------------------
                         required time                         -1.666    
                         arrival time                           1.996    
  -------------------------------------------------------------------
                         slack                                  0.330    

Slack (MET) :             0.330ns  (arrival time - required time)
  Source:                 dbg_hub/inst/BSCANID.u_xsdbm_id/CORE_XSDB.UUT_MASTER/U_ICON_INTERFACE/U_CMD6_WR/U_WR_FIFO/SUBCORE_FIFO.xsdbm_v3_0_0_wrfifo_inst/inst_fifo_gen/gconvfifo.rf/grf.rf/rstblk/ngwrdrst.grst.g7serrst.rd_rst_reg_reg[1]/C
                            (rising edge-triggered cell FDPE clocked by clk_out1_design_1_clk_wiz_0_0  {rise@0.000ns fall@2.000ns period=4.000ns})
  Destination:            dbg_hub/inst/BSCANID.u_xsdbm_id/CORE_XSDB.UUT_MASTER/U_ICON_INTERFACE/U_CMD6_WR/U_WR_FIFO/SUBCORE_FIFO.xsdbm_v3_0_0_wrfifo_inst/inst_fifo_gen/gconvfifo.rf/grf.rf/gntv_or_sync_fifo.gcx.clkx/gnxpm_cdc.wr_pntr_bin_reg[1]/CLR
                            (removal check against rising-edge clock clk_out1_design_1_clk_wiz_0_0  {rise@0.000ns fall@2.000ns period=4.000ns})
  Path Group:             **async_default**
  Path Type:              Removal (Min at Fast Process Corner)
  Requirement:            0.000ns  (clk_out1_design_1_clk_wiz_0_0 rise@0.000ns - clk_out1_design_1_clk_wiz_0_0 rise@0.000ns)
  Data Path Delay:        0.277ns  (logic 0.141ns (50.874%)  route 0.136ns (49.126%))
  Logic Levels:           0  
  Clock Path Skew:        0.014ns (DCD - SCD - CPR)
    Destination Clock Delay (DCD):    2.244ns
    Source Clock Delay      (SCD):    1.719ns
    Clock Pessimism Removal (CPR):    0.510ns

    Location             Delay type                Incr(ns)  Path(ns)    Netlist Resource(s)
  -------------------------------------------------------------------    -------------------
                         (clock clk_out1_design_1_clk_wiz_0_0 rise edge)
                                                      0.000     0.000 r  
    K17                                               0.000     0.000 r  clk (IN)
                         net (fo=0)                   0.000     0.000    clk
    K17                  IBUF (Prop_ibuf_I_O)         0.243     0.243 r  clk_IBUF_inst/O
                         net (fo=21, routed)          0.842     1.084    design_1_i/clk_wiz_0/inst/clk_in1
    BUFGCTRL_X0Y16       BUFG (Prop_bufg_I_O)         0.026     1.110 r  design_1_i/clk_wiz_0/inst/clkin1_bufg/O
                         net (fo=1, routed)           0.602     1.712    design_1_i/clk_wiz_0/inst/clk_in1_design_1_clk_wiz_0_0
    PLLE2_ADV_X1Y0       PLLE2_ADV (Prop_plle2_adv_CLKIN1_CLKOUT0)
                                                     -1.169     0.542 r  design_1_i/clk_wiz_0/inst/plle2_adv_inst/CLKOUT0
                         net (fo=1, routed)           0.544     1.086    design_1_i/clk_wiz_0/inst/clk_out1_design_1_clk_wiz_0_0
    BUFGCTRL_X0Y0        BUFG (Prop_bufg_I_O)         0.026     1.112 r  design_1_i/clk_wiz_0/inst/clkout1_buf/O
                         net (fo=1802, routed)        0.607     1.719    dbg_hub/inst/BSCANID.u_xsdbm_id/CORE_XSDB.UUT_MASTER/U_ICON_INTERFACE/U_CMD6_WR/U_WR_FIFO/SUBCORE_FIFO.xsdbm_v3_0_0_wrfifo_inst/inst_fifo_gen/gconvfifo.rf/grf.rf/rstblk/rd_clk
    SLICE_X103Y87        FDPE                                         r  dbg_hub/inst/BSCANID.u_xsdbm_id/CORE_XSDB.UUT_MASTER/U_ICON_INTERFACE/U_CMD6_WR/U_WR_FIFO/SUBCORE_FIFO.xsdbm_v3_0_0_wrfifo_inst/inst_fifo_gen/gconvfifo.rf/grf.rf/rstblk/ngwrdrst.grst.g7serrst.rd_rst_reg_reg[1]/C
  -------------------------------------------------------------------    -------------------
    SLICE_X103Y87        FDPE (Prop_fdpe_C_Q)         0.141     1.860 f  dbg_hub/inst/BSCANID.u_xsdbm_id/CORE_XSDB.UUT_MASTER/U_ICON_INTERFACE/U_CMD6_WR/U_WR_FIFO/SUBCORE_FIFO.xsdbm_v3_0_0_wrfifo_inst/inst_fifo_gen/gconvfifo.rf/grf.rf/rstblk/ngwrdrst.grst.g7serrst.rd_rst_reg_reg[1]/Q
                         net (fo=16, routed)          0.136     1.996    dbg_hub/inst/BSCANID.u_xsdbm_id/CORE_XSDB.UUT_MASTER/U_ICON_INTERFACE/U_CMD6_WR/U_WR_FIFO/SUBCORE_FIFO.xsdbm_v3_0_0_wrfifo_inst/inst_fifo_gen/gconvfifo.rf/grf.rf/gntv_or_sync_fifo.gcx.clkx/Q_reg_reg[0][0]
    SLICE_X102Y86        FDCE                                         f  dbg_hub/inst/BSCANID.u_xsdbm_id/CORE_XSDB.UUT_MASTER/U_ICON_INTERFACE/U_CMD6_WR/U_WR_FIFO/SUBCORE_FIFO.xsdbm_v3_0_0_wrfifo_inst/inst_fifo_gen/gconvfifo.rf/grf.rf/gntv_or_sync_fifo.gcx.clkx/gnxpm_cdc.wr_pntr_bin_reg[1]/CLR
  -------------------------------------------------------------------    -------------------

                         (clock clk_out1_design_1_clk_wiz_0_0 rise edge)
                                                      0.000     0.000 r  
    K17                                               0.000     0.000 r  clk (IN)
                         net (fo=0)                   0.000     0.000    clk
    K17                  IBUF (Prop_ibuf_I_O)         0.431     0.431 r  clk_IBUF_inst/O
                         net (fo=21, routed)          0.907     1.338    design_1_i/clk_wiz_0/inst/clk_in1
    BUFGCTRL_X0Y16       BUFG (Prop_bufg_I_O)         0.029     1.367 r  design_1_i/clk_wiz_0/inst/clkin1_bufg/O
                         net (fo=1, routed)           0.869     2.236    design_1_i/clk_wiz_0/inst/clk_in1_design_1_clk_wiz_0_0
    PLLE2_ADV_X1Y0       PLLE2_ADV (Prop_plle2_adv_CLKIN1_CLKOUT0)
                                                     -1.488     0.748 r  design_1_i/clk_wiz_0/inst/plle2_adv_inst/CLKOUT0
                         net (fo=1, routed)           0.592     1.340    design_1_i/clk_wiz_0/inst/clk_out1_design_1_clk_wiz_0_0
    BUFGCTRL_X0Y0        BUFG (Prop_bufg_I_O)         0.029     1.369 r  design_1_i/clk_wiz_0/inst/clkout1_buf/O
                         net (fo=1802, routed)        0.875     2.244    dbg_hub/inst/BSCANID.u_xsdbm_id/CORE_XSDB.UUT_MASTER/U_ICON_INTERFACE/U_CMD6_WR/U_WR_FIFO/SUBCORE_FIFO.xsdbm_v3_0_0_wrfifo_inst/inst_fifo_gen/gconvfifo.rf/grf.rf/gntv_or_sync_fifo.gcx.clkx/rd_clk
    SLICE_X102Y86        FDCE                                         r  dbg_hub/inst/BSCANID.u_xsdbm_id/CORE_XSDB.UUT_MASTER/U_ICON_INTERFACE/U_CMD6_WR/U_WR_FIFO/SUBCORE_FIFO.xsdbm_v3_0_0_wrfifo_inst/inst_fifo_gen/gconvfifo.rf/grf.rf/gntv_or_sync_fifo.gcx.clkx/gnxpm_cdc.wr_pntr_bin_reg[1]/C
                         clock pessimism             -0.510     1.733    
    SLICE_X102Y86        FDCE (Remov_fdce_C_CLR)     -0.067     1.666    dbg_hub/inst/BSCANID.u_xsdbm_id/CORE_XSDB.UUT_MASTER/U_ICON_INTERFACE/U_CMD6_WR/U_WR_FIFO/SUBCORE_FIFO.xsdbm_v3_0_0_wrfifo_inst/inst_fifo_gen/gconvfifo.rf/grf.rf/gntv_or_sync_fifo.gcx.clkx/gnxpm_cdc.wr_pntr_bin_reg[1]
  -------------------------------------------------------------------
                         required time                         -1.666    
                         arrival time                           1.996    
  -------------------------------------------------------------------
                         slack                                  0.330    

Slack (MET) :             0.351ns  (arrival time - required time)
  Source:                 dbg_hub/inst/BSCANID.u_xsdbm_id/CORE_XSDB.UUT_MASTER/U_XSDB_BUS_CONTROLLER/clr_rd_req_reg/C
                            (rising edge-triggered cell FDCE clocked by clk_out1_design_1_clk_wiz_0_0  {rise@0.000ns fall@2.000ns period=4.000ns})
  Destination:            dbg_hub/inst/BSCANID.u_xsdbm_id/CORE_XSDB.UUT_MASTER/U_XSDB_BUS_CONTROLLER/U_RD_REQ_FLAG/G_POS_EDGE.flag_reg/CLR
                            (removal check against rising-edge clock clk_out1_design_1_clk_wiz_0_0  {rise@0.000ns fall@2.000ns period=4.000ns})
  Path Group:             **async_default**
  Path Type:              Removal (Min at Fast Process Corner)
  Requirement:            0.000ns  (clk_out1_design_1_clk_wiz_0_0 rise@0.000ns - clk_out1_design_1_clk_wiz_0_0 rise@0.000ns)
  Data Path Delay:        0.273ns  (logic 0.141ns (51.648%)  route 0.132ns (48.352%))
  Logic Levels:           0  
  Clock Path Skew:        0.014ns (DCD - SCD - CPR)
    Destination Clock Delay (DCD):    2.219ns
    Source Clock Delay      (SCD):    1.694ns
    Clock Pessimism Removal (CPR):    0.510ns

    Location             Delay type                Incr(ns)  Path(ns)    Netlist Resource(s)
  -------------------------------------------------------------------    -------------------
                         (clock clk_out1_design_1_clk_wiz_0_0 rise edge)
                                                      0.000     0.000 r  
    K17                                               0.000     0.000 r  clk (IN)
                         net (fo=0)                   0.000     0.000    clk
    K17                  IBUF (Prop_ibuf_I_O)         0.243     0.243 r  clk_IBUF_inst/O
                         net (fo=21, routed)          0.842     1.084    design_1_i/clk_wiz_0/inst/clk_in1
    BUFGCTRL_X0Y16       BUFG (Prop_bufg_I_O)         0.026     1.110 r  design_1_i/clk_wiz_0/inst/clkin1_bufg/O
                         net (fo=1, routed)           0.602     1.712    design_1_i/clk_wiz_0/inst/clk_in1_design_1_clk_wiz_0_0
    PLLE2_ADV_X1Y0       PLLE2_ADV (Prop_plle2_adv_CLKIN1_CLKOUT0)
                                                     -1.169     0.542 r  design_1_i/clk_wiz_0/inst/plle2_adv_inst/CLKOUT0
                         net (fo=1, routed)           0.544     1.086    design_1_i/clk_wiz_0/inst/clk_out1_design_1_clk_wiz_0_0
    BUFGCTRL_X0Y0        BUFG (Prop_bufg_I_O)         0.026     1.112 r  design_1_i/clk_wiz_0/inst/clkout1_buf/O
                         net (fo=1802, routed)        0.582     1.694    dbg_hub/inst/BSCANID.u_xsdbm_id/CORE_XSDB.UUT_MASTER/U_XSDB_BUS_CONTROLLER/clk
    SLICE_X89Y87         FDCE                                         r  dbg_hub/inst/BSCANID.u_xsdbm_id/CORE_XSDB.UUT_MASTER/U_XSDB_BUS_CONTROLLER/clr_rd_req_reg/C
  -------------------------------------------------------------------    -------------------
    SLICE_X89Y87         FDCE (Prop_fdce_C_Q)         0.141     1.835 f  dbg_hub/inst/BSCANID.u_xsdbm_id/CORE_XSDB.UUT_MASTER/U_XSDB_BUS_CONTROLLER/clr_rd_req_reg/Q
                         net (fo=2, routed)           0.132     1.967    dbg_hub/inst/BSCANID.u_xsdbm_id/CORE_XSDB.UUT_MASTER/U_XSDB_BUS_CONTROLLER/U_RD_REQ_FLAG/clr_rd_req
    SLICE_X88Y86         FDCE                                         f  dbg_hub/inst/BSCANID.u_xsdbm_id/CORE_XSDB.UUT_MASTER/U_XSDB_BUS_CONTROLLER/U_RD_REQ_FLAG/G_POS_EDGE.flag_reg/CLR
  -------------------------------------------------------------------    -------------------

                         (clock clk_out1_design_1_clk_wiz_0_0 rise edge)
                                                      0.000     0.000 r  
    K17                                               0.000     0.000 r  clk (IN)
                         net (fo=0)                   0.000     0.000    clk
    K17                  IBUF (Prop_ibuf_I_O)         0.431     0.431 r  clk_IBUF_inst/O
                         net (fo=21, routed)          0.907     1.338    design_1_i/clk_wiz_0/inst/clk_in1
    BUFGCTRL_X0Y16       BUFG (Prop_bufg_I_O)         0.029     1.367 r  design_1_i/clk_wiz_0/inst/clkin1_bufg/O
                         net (fo=1, routed)           0.869     2.236    design_1_i/clk_wiz_0/inst/clk_in1_design_1_clk_wiz_0_0
    PLLE2_ADV_X1Y0       PLLE2_ADV (Prop_plle2_adv_CLKIN1_CLKOUT0)
                                                     -1.488     0.748 r  design_1_i/clk_wiz_0/inst/plle2_adv_inst/CLKOUT0
                         net (fo=1, routed)           0.592     1.340    design_1_i/clk_wiz_0/inst/clk_out1_design_1_clk_wiz_0_0
    BUFGCTRL_X0Y0        BUFG (Prop_bufg_I_O)         0.029     1.369 r  design_1_i/clk_wiz_0/inst/clkout1_buf/O
                         net (fo=1802, routed)        0.850     2.219    dbg_hub/inst/BSCANID.u_xsdbm_id/CORE_XSDB.UUT_MASTER/U_XSDB_BUS_CONTROLLER/U_RD_REQ_FLAG/clk
    SLICE_X88Y86         FDCE                                         r  dbg_hub/inst/BSCANID.u_xsdbm_id/CORE_XSDB.UUT_MASTER/U_XSDB_BUS_CONTROLLER/U_RD_REQ_FLAG/G_POS_EDGE.flag_reg/C
                         clock pessimism             -0.510     1.708    
    SLICE_X88Y86         FDCE (Remov_fdce_C_CLR)     -0.092     1.616    dbg_hub/inst/BSCANID.u_xsdbm_id/CORE_XSDB.UUT_MASTER/U_XSDB_BUS_CONTROLLER/U_RD_REQ_FLAG/G_POS_EDGE.flag_reg
  -------------------------------------------------------------------
                         required time                         -1.616    
                         arrival time                           1.967    
  -------------------------------------------------------------------
                         slack                                  0.351    

Slack (MET) :             0.355ns  (arrival time - required time)
  Source:                 dbg_hub/inst/BSCANID.u_xsdbm_id/CORE_XSDB.UUT_MASTER/U_ICON_INTERFACE/U_CMD6_WR/U_WR_FIFO/SUBCORE_FIFO.xsdbm_v3_0_0_wrfifo_inst/inst_fifo_gen/gconvfifo.rf/grf.rf/rstblk/ngwrdrst.grst.g7serrst.rd_rst_reg_reg[1]/C
                            (rising edge-triggered cell FDPE clocked by clk_out1_design_1_clk_wiz_0_0  {rise@0.000ns fall@2.000ns period=4.000ns})
  Destination:            dbg_hub/inst/BSCANID.u_xsdbm_id/CORE_XSDB.UUT_MASTER/U_ICON_INTERFACE/U_CMD6_WR/U_WR_FIFO/SUBCORE_FIFO.xsdbm_v3_0_0_wrfifo_inst/inst_fifo_gen/gconvfifo.rf/grf.rf/gntv_or_sync_fifo.gcx.clkx/gnxpm_cdc.gsync_stage[1].rd_stg_inst/Q_reg_reg[3]/CLR
                            (removal check against rising-edge clock clk_out1_design_1_clk_wiz_0_0  {rise@0.000ns fall@2.000ns period=4.000ns})
  Path Group:             **async_default**
  Path Type:              Removal (Min at Fast Process Corner)
  Requirement:            0.000ns  (clk_out1_design_1_clk_wiz_0_0 rise@0.000ns - clk_out1_design_1_clk_wiz_0_0 rise@0.000ns)
  Data Path Delay:        0.277ns  (logic 0.141ns (50.874%)  route 0.136ns (49.126%))
  Logic Levels:           0  
  Clock Path Skew:        0.014ns (DCD - SCD - CPR)
    Destination Clock Delay (DCD):    2.244ns
    Source Clock Delay      (SCD):    1.719ns
    Clock Pessimism Removal (CPR):    0.510ns

    Location             Delay type                Incr(ns)  Path(ns)    Netlist Resource(s)
  -------------------------------------------------------------------    -------------------
                         (clock clk_out1_design_1_clk_wiz_0_0 rise edge)
                                                      0.000     0.000 r  
    K17                                               0.000     0.000 r  clk (IN)
                         net (fo=0)                   0.000     0.000    clk
    K17                  IBUF (Prop_ibuf_I_O)         0.243     0.243 r  clk_IBUF_inst/O
                         net (fo=21, routed)          0.842     1.084    design_1_i/clk_wiz_0/inst/clk_in1
    BUFGCTRL_X0Y16       BUFG (Prop_bufg_I_O)         0.026     1.110 r  design_1_i/clk_wiz_0/inst/clkin1_bufg/O
                         net (fo=1, routed)           0.602     1.712    design_1_i/clk_wiz_0/inst/clk_in1_design_1_clk_wiz_0_0
    PLLE2_ADV_X1Y0       PLLE2_ADV (Prop_plle2_adv_CLKIN1_CLKOUT0)
                                                     -1.169     0.542 r  design_1_i/clk_wiz_0/inst/plle2_adv_inst/CLKOUT0
                         net (fo=1, routed)           0.544     1.086    design_1_i/clk_wiz_0/inst/clk_out1_design_1_clk_wiz_0_0
    BUFGCTRL_X0Y0        BUFG (Prop_bufg_I_O)         0.026     1.112 r  design_1_i/clk_wiz_0/inst/clkout1_buf/O
                         net (fo=1802, routed)        0.607     1.719    dbg_hub/inst/BSCANID.u_xsdbm_id/CORE_XSDB.UUT_MASTER/U_ICON_INTERFACE/U_CMD6_WR/U_WR_FIFO/SUBCORE_FIFO.xsdbm_v3_0_0_wrfifo_inst/inst_fifo_gen/gconvfifo.rf/grf.rf/rstblk/rd_clk
    SLICE_X103Y87        FDPE                                         r  dbg_hub/inst/BSCANID.u_xsdbm_id/CORE_XSDB.UUT_MASTER/U_ICON_INTERFACE/U_CMD6_WR/U_WR_FIFO/SUBCORE_FIFO.xsdbm_v3_0_0_wrfifo_inst/inst_fifo_gen/gconvfifo.rf/grf.rf/rstblk/ngwrdrst.grst.g7serrst.rd_rst_reg_reg[1]/C
  -------------------------------------------------------------------    -------------------
    SLICE_X103Y87        FDPE (Prop_fdpe_C_Q)         0.141     1.860 f  dbg_hub/inst/BSCANID.u_xsdbm_id/CORE_XSDB.UUT_MASTER/U_ICON_INTERFACE/U_CMD6_WR/U_WR_FIFO/SUBCORE_FIFO.xsdbm_v3_0_0_wrfifo_inst/inst_fifo_gen/gconvfifo.rf/grf.rf/rstblk/ngwrdrst.grst.g7serrst.rd_rst_reg_reg[1]/Q
                         net (fo=16, routed)          0.136     1.996    dbg_hub/inst/BSCANID.u_xsdbm_id/CORE_XSDB.UUT_MASTER/U_ICON_INTERFACE/U_CMD6_WR/U_WR_FIFO/SUBCORE_FIFO.xsdbm_v3_0_0_wrfifo_inst/inst_fifo_gen/gconvfifo.rf/grf.rf/gntv_or_sync_fifo.gcx.clkx/gnxpm_cdc.gsync_stage[1].rd_stg_inst/Q_reg_reg[0]_0[0]
    SLICE_X103Y86        FDCE                                         f  dbg_hub/inst/BSCANID.u_xsdbm_id/CORE_XSDB.UUT_MASTER/U_ICON_INTERFACE/U_CMD6_WR/U_WR_FIFO/SUBCORE_FIFO.xsdbm_v3_0_0_wrfifo_inst/inst_fifo_gen/gconvfifo.rf/grf.rf/gntv_or_sync_fifo.gcx.clkx/gnxpm_cdc.gsync_stage[1].rd_stg_inst/Q_reg_reg[3]/CLR
  -------------------------------------------------------------------    -------------------

                         (clock clk_out1_design_1_clk_wiz_0_0 rise edge)
                                                      0.000     0.000 r  
    K17                                               0.000     0.000 r  clk (IN)
                         net (fo=0)                   0.000     0.000    clk
    K17                  IBUF (Prop_ibuf_I_O)         0.431     0.431 r  clk_IBUF_inst/O
                         net (fo=21, routed)          0.907     1.338    design_1_i/clk_wiz_0/inst/clk_in1
    BUFGCTRL_X0Y16       BUFG (Prop_bufg_I_O)         0.029     1.367 r  design_1_i/clk_wiz_0/inst/clkin1_bufg/O
                         net (fo=1, routed)           0.869     2.236    design_1_i/clk_wiz_0/inst/clk_in1_design_1_clk_wiz_0_0
    PLLE2_ADV_X1Y0       PLLE2_ADV (Prop_plle2_adv_CLKIN1_CLKOUT0)
                                                     -1.488     0.748 r  design_1_i/clk_wiz_0/inst/plle2_adv_inst/CLKOUT0
                         net (fo=1, routed)           0.592     1.340    design_1_i/clk_wiz_0/inst/clk_out1_design_1_clk_wiz_0_0
    BUFGCTRL_X0Y0        BUFG (Prop_bufg_I_O)         0.029     1.369 r  design_1_i/clk_wiz_0/inst/clkout1_buf/O
                         net (fo=1802, routed)        0.875     2.244    dbg_hub/inst/BSCANID.u_xsdbm_id/CORE_XSDB.UUT_MASTER/U_ICON_INTERFACE/U_CMD6_WR/U_WR_FIFO/SUBCORE_FIFO.xsdbm_v3_0_0_wrfifo_inst/inst_fifo_gen/gconvfifo.rf/grf.rf/gntv_or_sync_fifo.gcx.clkx/gnxpm_cdc.gsync_stage[1].rd_stg_inst/rd_clk
    SLICE_X103Y86        FDCE                                         r  dbg_hub/inst/BSCANID.u_xsdbm_id/CORE_XSDB.UUT_MASTER/U_ICON_INTERFACE/U_CMD6_WR/U_WR_FIFO/SUBCORE_FIFO.xsdbm_v3_0_0_wrfifo_inst/inst_fifo_gen/gconvfifo.rf/grf.rf/gntv_or_sync_fifo.gcx.clkx/gnxpm_cdc.gsync_stage[1].rd_stg_inst/Q_reg_reg[3]/C
                         clock pessimism             -0.510     1.733    
    SLICE_X103Y86        FDCE (Remov_fdce_C_CLR)     -0.092     1.641    dbg_hub/inst/BSCANID.u_xsdbm_id/CORE_XSDB.UUT_MASTER/U_ICON_INTERFACE/U_CMD6_WR/U_WR_FIFO/SUBCORE_FIFO.xsdbm_v3_0_0_wrfifo_inst/inst_fifo_gen/gconvfifo.rf/grf.rf/gntv_or_sync_fifo.gcx.clkx/gnxpm_cdc.gsync_stage[1].rd_stg_inst/Q_reg_reg[3]
  -------------------------------------------------------------------
                         required time                         -1.641    
                         arrival time                           1.996    
  -------------------------------------------------------------------
                         slack                                  0.355    

Slack (MET) :             0.355ns  (arrival time - required time)
  Source:                 dbg_hub/inst/BSCANID.u_xsdbm_id/CORE_XSDB.UUT_MASTER/U_ICON_INTERFACE/U_CMD6_WR/U_WR_FIFO/SUBCORE_FIFO.xsdbm_v3_0_0_wrfifo_inst/inst_fifo_gen/gconvfifo.rf/grf.rf/rstblk/ngwrdrst.grst.g7serrst.rd_rst_reg_reg[1]/C
                            (rising edge-triggered cell FDPE clocked by clk_out1_design_1_clk_wiz_0_0  {rise@0.000ns fall@2.000ns period=4.000ns})
  Destination:            dbg_hub/inst/BSCANID.u_xsdbm_id/CORE_XSDB.UUT_MASTER/U_ICON_INTERFACE/U_CMD6_WR/U_WR_FIFO/SUBCORE_FIFO.xsdbm_v3_0_0_wrfifo_inst/inst_fifo_gen/gconvfifo.rf/grf.rf/gntv_or_sync_fifo.gcx.clkx/gnxpm_cdc.gsync_stage[2].rd_stg_inst/Q_reg_reg[3]/CLR
                            (removal check against rising-edge clock clk_out1_design_1_clk_wiz_0_0  {rise@0.000ns fall@2.000ns period=4.000ns})
  Path Group:             **async_default**
  Path Type:              Removal (Min at Fast Process Corner)
  Requirement:            0.000ns  (clk_out1_design_1_clk_wiz_0_0 rise@0.000ns - clk_out1_design_1_clk_wiz_0_0 rise@0.000ns)
  Data Path Delay:        0.277ns  (logic 0.141ns (50.874%)  route 0.136ns (49.126%))
  Logic Levels:           0  
  Clock Path Skew:        0.014ns (DCD - SCD - CPR)
    Destination Clock Delay (DCD):    2.244ns
    Source Clock Delay      (SCD):    1.719ns
    Clock Pessimism Removal (CPR):    0.510ns

    Location             Delay type                Incr(ns)  Path(ns)    Netlist Resource(s)
  -------------------------------------------------------------------    -------------------
                         (clock clk_out1_design_1_clk_wiz_0_0 rise edge)
                                                      0.000     0.000 r  
    K17                                               0.000     0.000 r  clk (IN)
                         net (fo=0)                   0.000     0.000    clk
    K17                  IBUF (Prop_ibuf_I_O)         0.243     0.243 r  clk_IBUF_inst/O
                         net (fo=21, routed)          0.842     1.084    design_1_i/clk_wiz_0/inst/clk_in1
    BUFGCTRL_X0Y16       BUFG (Prop_bufg_I_O)         0.026     1.110 r  design_1_i/clk_wiz_0/inst/clkin1_bufg/O
                         net (fo=1, routed)           0.602     1.712    design_1_i/clk_wiz_0/inst/clk_in1_design_1_clk_wiz_0_0
    PLLE2_ADV_X1Y0       PLLE2_ADV (Prop_plle2_adv_CLKIN1_CLKOUT0)
                                                     -1.169     0.542 r  design_1_i/clk_wiz_0/inst/plle2_adv_inst/CLKOUT0
                         net (fo=1, routed)           0.544     1.086    design_1_i/clk_wiz_0/inst/clk_out1_design_1_clk_wiz_0_0
    BUFGCTRL_X0Y0        BUFG (Prop_bufg_I_O)         0.026     1.112 r  design_1_i/clk_wiz_0/inst/clkout1_buf/O
                         net (fo=1802, routed)        0.607     1.719    dbg_hub/inst/BSCANID.u_xsdbm_id/CORE_XSDB.UUT_MASTER/U_ICON_INTERFACE/U_CMD6_WR/U_WR_FIFO/SUBCORE_FIFO.xsdbm_v3_0_0_wrfifo_inst/inst_fifo_gen/gconvfifo.rf/grf.rf/rstblk/rd_clk
    SLICE_X103Y87        FDPE                                         r  dbg_hub/inst/BSCANID.u_xsdbm_id/CORE_XSDB.UUT_MASTER/U_ICON_INTERFACE/U_CMD6_WR/U_WR_FIFO/SUBCORE_FIFO.xsdbm_v3_0_0_wrfifo_inst/inst_fifo_gen/gconvfifo.rf/grf.rf/rstblk/ngwrdrst.grst.g7serrst.rd_rst_reg_reg[1]/C
  -------------------------------------------------------------------    -------------------
    SLICE_X103Y87        FDPE (Prop_fdpe_C_Q)         0.141     1.860 f  dbg_hub/inst/BSCANID.u_xsdbm_id/CORE_XSDB.UUT_MASTER/U_ICON_INTERFACE/U_CMD6_WR/U_WR_FIFO/SUBCORE_FIFO.xsdbm_v3_0_0_wrfifo_inst/inst_fifo_gen/gconvfifo.rf/grf.rf/rstblk/ngwrdrst.grst.g7serrst.rd_rst_reg_reg[1]/Q
                         net (fo=16, routed)          0.136     1.996    dbg_hub/inst/BSCANID.u_xsdbm_id/CORE_XSDB.UUT_MASTER/U_ICON_INTERFACE/U_CMD6_WR/U_WR_FIFO/SUBCORE_FIFO.xsdbm_v3_0_0_wrfifo_inst/inst_fifo_gen/gconvfifo.rf/grf.rf/gntv_or_sync_fifo.gcx.clkx/gnxpm_cdc.gsync_stage[2].rd_stg_inst/Q_reg_reg[0]_0[0]
    SLICE_X103Y86        FDCE                                         f  dbg_hub/inst/BSCANID.u_xsdbm_id/CORE_XSDB.UUT_MASTER/U_ICON_INTERFACE/U_CMD6_WR/U_WR_FIFO/SUBCORE_FIFO.xsdbm_v3_0_0_wrfifo_inst/inst_fifo_gen/gconvfifo.rf/grf.rf/gntv_or_sync_fifo.gcx.clkx/gnxpm_cdc.gsync_stage[2].rd_stg_inst/Q_reg_reg[3]/CLR
  -------------------------------------------------------------------    -------------------

                         (clock clk_out1_design_1_clk_wiz_0_0 rise edge)
                                                      0.000     0.000 r  
    K17                                               0.000     0.000 r  clk (IN)
                         net (fo=0)                   0.000     0.000    clk
    K17                  IBUF (Prop_ibuf_I_O)         0.431     0.431 r  clk_IBUF_inst/O
                         net (fo=21, routed)          0.907     1.338    design_1_i/clk_wiz_0/inst/clk_in1
    BUFGCTRL_X0Y16       BUFG (Prop_bufg_I_O)         0.029     1.367 r  design_1_i/clk_wiz_0/inst/clkin1_bufg/O
                         net (fo=1, routed)           0.869     2.236    design_1_i/clk_wiz_0/inst/clk_in1_design_1_clk_wiz_0_0
    PLLE2_ADV_X1Y0       PLLE2_ADV (Prop_plle2_adv_CLKIN1_CLKOUT0)
                                                     -1.488     0.748 r  design_1_i/clk_wiz_0/inst/plle2_adv_inst/CLKOUT0
                         net (fo=1, routed)           0.592     1.340    design_1_i/clk_wiz_0/inst/clk_out1_design_1_clk_wiz_0_0
    BUFGCTRL_X0Y0        BUFG (Prop_bufg_I_O)         0.029     1.369 r  design_1_i/clk_wiz_0/inst/clkout1_buf/O
                         net (fo=1802, routed)        0.875     2.244    dbg_hub/inst/BSCANID.u_xsdbm_id/CORE_XSDB.UUT_MASTER/U_ICON_INTERFACE/U_CMD6_WR/U_WR_FIFO/SUBCORE_FIFO.xsdbm_v3_0_0_wrfifo_inst/inst_fifo_gen/gconvfifo.rf/grf.rf/gntv_or_sync_fifo.gcx.clkx/gnxpm_cdc.gsync_stage[2].rd_stg_inst/rd_clk
    SLICE_X103Y86        FDCE                                         r  dbg_hub/inst/BSCANID.u_xsdbm_id/CORE_XSDB.UUT_MASTER/U_ICON_INTERFACE/U_CMD6_WR/U_WR_FIFO/SUBCORE_FIFO.xsdbm_v3_0_0_wrfifo_inst/inst_fifo_gen/gconvfifo.rf/grf.rf/gntv_or_sync_fifo.gcx.clkx/gnxpm_cdc.gsync_stage[2].rd_stg_inst/Q_reg_reg[3]/C
                         clock pessimism             -0.510     1.733    
    SLICE_X103Y86        FDCE (Remov_fdce_C_CLR)     -0.092     1.641    dbg_hub/inst/BSCANID.u_xsdbm_id/CORE_XSDB.UUT_MASTER/U_ICON_INTERFACE/U_CMD6_WR/U_WR_FIFO/SUBCORE_FIFO.xsdbm_v3_0_0_wrfifo_inst/inst_fifo_gen/gconvfifo.rf/grf.rf/gntv_or_sync_fifo.gcx.clkx/gnxpm_cdc.gsync_stage[2].rd_stg_inst/Q_reg_reg[3]
  -------------------------------------------------------------------
                         required time                         -1.641    
                         arrival time                           1.996    
  -------------------------------------------------------------------
                         slack                                  0.355    

Slack (MET) :             0.355ns  (arrival time - required time)
  Source:                 dbg_hub/inst/BSCANID.u_xsdbm_id/CORE_XSDB.UUT_MASTER/U_ICON_INTERFACE/U_CMD6_WR/U_WR_FIFO/SUBCORE_FIFO.xsdbm_v3_0_0_wrfifo_inst/inst_fifo_gen/gconvfifo.rf/grf.rf/rstblk/ngwrdrst.grst.g7serrst.rd_rst_reg_reg[1]/C
                            (rising edge-triggered cell FDPE clocked by clk_out1_design_1_clk_wiz_0_0  {rise@0.000ns fall@2.000ns period=4.000ns})
  Destination:            dbg_hub/inst/BSCANID.u_xsdbm_id/CORE_XSDB.UUT_MASTER/U_ICON_INTERFACE/U_CMD6_WR/U_WR_FIFO/SUBCORE_FIFO.xsdbm_v3_0_0_wrfifo_inst/inst_fifo_gen/gconvfifo.rf/grf.rf/gntv_or_sync_fifo.gcx.clkx/gnxpm_cdc.rd_pntr_gc_reg[0]/CLR
                            (removal check against rising-edge clock clk_out1_design_1_clk_wiz_0_0  {rise@0.000ns fall@2.000ns period=4.000ns})
  Path Group:             **async_default**
  Path Type:              Removal (Min at Fast Process Corner)
  Requirement:            0.000ns  (clk_out1_design_1_clk_wiz_0_0 rise@0.000ns - clk_out1_design_1_clk_wiz_0_0 rise@0.000ns)
  Data Path Delay:        0.277ns  (logic 0.141ns (50.874%)  route 0.136ns (49.126%))
  Logic Levels:           0  
  Clock Path Skew:        0.014ns (DCD - SCD - CPR)
    Destination Clock Delay (DCD):    2.244ns
    Source Clock Delay      (SCD):    1.719ns
    Clock Pessimism Removal (CPR):    0.510ns

    Location             Delay type                Incr(ns)  Path(ns)    Netlist Resource(s)
  -------------------------------------------------------------------    -------------------
                         (clock clk_out1_design_1_clk_wiz_0_0 rise edge)
                                                      0.000     0.000 r  
    K17                                               0.000     0.000 r  clk (IN)
                         net (fo=0)                   0.000     0.000    clk
    K17                  IBUF (Prop_ibuf_I_O)         0.243     0.243 r  clk_IBUF_inst/O
                         net (fo=21, routed)          0.842     1.084    design_1_i/clk_wiz_0/inst/clk_in1
    BUFGCTRL_X0Y16       BUFG (Prop_bufg_I_O)         0.026     1.110 r  design_1_i/clk_wiz_0/inst/clkin1_bufg/O
                         net (fo=1, routed)           0.602     1.712    design_1_i/clk_wiz_0/inst/clk_in1_design_1_clk_wiz_0_0
    PLLE2_ADV_X1Y0       PLLE2_ADV (Prop_plle2_adv_CLKIN1_CLKOUT0)
                                                     -1.169     0.542 r  design_1_i/clk_wiz_0/inst/plle2_adv_inst/CLKOUT0
                         net (fo=1, routed)           0.544     1.086    design_1_i/clk_wiz_0/inst/clk_out1_design_1_clk_wiz_0_0
    BUFGCTRL_X0Y0        BUFG (Prop_bufg_I_O)         0.026     1.112 r  design_1_i/clk_wiz_0/inst/clkout1_buf/O
                         net (fo=1802, routed)        0.607     1.719    dbg_hub/inst/BSCANID.u_xsdbm_id/CORE_XSDB.UUT_MASTER/U_ICON_INTERFACE/U_CMD6_WR/U_WR_FIFO/SUBCORE_FIFO.xsdbm_v3_0_0_wrfifo_inst/inst_fifo_gen/gconvfifo.rf/grf.rf/rstblk/rd_clk
    SLICE_X103Y87        FDPE                                         r  dbg_hub/inst/BSCANID.u_xsdbm_id/CORE_XSDB.UUT_MASTER/U_ICON_INTERFACE/U_CMD6_WR/U_WR_FIFO/SUBCORE_FIFO.xsdbm_v3_0_0_wrfifo_inst/inst_fifo_gen/gconvfifo.rf/grf.rf/rstblk/ngwrdrst.grst.g7serrst.rd_rst_reg_reg[1]/C
  -------------------------------------------------------------------    -------------------
    SLICE_X103Y87        FDPE (Prop_fdpe_C_Q)         0.141     1.860 f  dbg_hub/inst/BSCANID.u_xsdbm_id/CORE_XSDB.UUT_MASTER/U_ICON_INTERFACE/U_CMD6_WR/U_WR_FIFO/SUBCORE_FIFO.xsdbm_v3_0_0_wrfifo_inst/inst_fifo_gen/gconvfifo.rf/grf.rf/rstblk/ngwrdrst.grst.g7serrst.rd_rst_reg_reg[1]/Q
                         net (fo=16, routed)          0.136     1.996    dbg_hub/inst/BSCANID.u_xsdbm_id/CORE_XSDB.UUT_MASTER/U_ICON_INTERFACE/U_CMD6_WR/U_WR_FIFO/SUBCORE_FIFO.xsdbm_v3_0_0_wrfifo_inst/inst_fifo_gen/gconvfifo.rf/grf.rf/gntv_or_sync_fifo.gcx.clkx/Q_reg_reg[0][0]
    SLICE_X103Y86        FDCE                                         f  dbg_hub/inst/BSCANID.u_xsdbm_id/CORE_XSDB.UUT_MASTER/U_ICON_INTERFACE/U_CMD6_WR/U_WR_FIFO/SUBCORE_FIFO.xsdbm_v3_0_0_wrfifo_inst/inst_fifo_gen/gconvfifo.rf/grf.rf/gntv_or_sync_fifo.gcx.clkx/gnxpm_cdc.rd_pntr_gc_reg[0]/CLR
  -------------------------------------------------------------------    -------------------

                         (clock clk_out1_design_1_clk_wiz_0_0 rise edge)
                                                      0.000     0.000 r  
    K17                                               0.000     0.000 r  clk (IN)
                         net (fo=0)                   0.000     0.000    clk
    K17                  IBUF (Prop_ibuf_I_O)         0.431     0.431 r  clk_IBUF_inst/O
                         net (fo=21, routed)          0.907     1.338    design_1_i/clk_wiz_0/inst/clk_in1
    BUFGCTRL_X0Y16       BUFG (Prop_bufg_I_O)         0.029     1.367 r  design_1_i/clk_wiz_0/inst/clkin1_bufg/O
                         net (fo=1, routed)           0.869     2.236    design_1_i/clk_wiz_0/inst/clk_in1_design_1_clk_wiz_0_0
    PLLE2_ADV_X1Y0       PLLE2_ADV (Prop_plle2_adv_CLKIN1_CLKOUT0)
                                                     -1.488     0.748 r  design_1_i/clk_wiz_0/inst/plle2_adv_inst/CLKOUT0
                         net (fo=1, routed)           0.592     1.340    design_1_i/clk_wiz_0/inst/clk_out1_design_1_clk_wiz_0_0
    BUFGCTRL_X0Y0        BUFG (Prop_bufg_I_O)         0.029     1.369 r  design_1_i/clk_wiz_0/inst/clkout1_buf/O
                         net (fo=1802, routed)        0.875     2.244    dbg_hub/inst/BSCANID.u_xsdbm_id/CORE_XSDB.UUT_MASTER/U_ICON_INTERFACE/U_CMD6_WR/U_WR_FIFO/SUBCORE_FIFO.xsdbm_v3_0_0_wrfifo_inst/inst_fifo_gen/gconvfifo.rf/grf.rf/gntv_or_sync_fifo.gcx.clkx/rd_clk
    SLICE_X103Y86        FDCE                                         r  dbg_hub/inst/BSCANID.u_xsdbm_id/CORE_XSDB.UUT_MASTER/U_ICON_INTERFACE/U_CMD6_WR/U_WR_FIFO/SUBCORE_FIFO.xsdbm_v3_0_0_wrfifo_inst/inst_fifo_gen/gconvfifo.rf/grf.rf/gntv_or_sync_fifo.gcx.clkx/gnxpm_cdc.rd_pntr_gc_reg[0]/C
                         clock pessimism             -0.510     1.733    
    SLICE_X103Y86        FDCE (Remov_fdce_C_CLR)     -0.092     1.641    dbg_hub/inst/BSCANID.u_xsdbm_id/CORE_XSDB.UUT_MASTER/U_ICON_INTERFACE/U_CMD6_WR/U_WR_FIFO/SUBCORE_FIFO.xsdbm_v3_0_0_wrfifo_inst/inst_fifo_gen/gconvfifo.rf/grf.rf/gntv_or_sync_fifo.gcx.clkx/gnxpm_cdc.rd_pntr_gc_reg[0]
  -------------------------------------------------------------------
                         required time                         -1.641    
                         arrival time                           1.996    
  -------------------------------------------------------------------
                         slack                                  0.355    





---------------------------------------------------------------------------------------------------
Path Group:  **async_default**
From Clock:  dbg_hub/inst/BSCANID.u_xsdbm_id/SWITCH_N_EXT_BSCAN.bscan_inst/SERIES7_BSCAN.bscan_inst/TCK
  To Clock:  dbg_hub/inst/BSCANID.u_xsdbm_id/SWITCH_N_EXT_BSCAN.bscan_inst/SERIES7_BSCAN.bscan_inst/TCK

Setup :            0  Failing Endpoints,  Worst Slack       28.065ns,  Total Violation        0.000ns
Hold  :            0  Failing Endpoints,  Worst Slack        0.365ns,  Total Violation        0.000ns
---------------------------------------------------------------------------------------------------


Max Delay Paths
--------------------------------------------------------------------------------------
Slack (MET) :             28.065ns  (required time - arrival time)
  Source:                 dbg_hub/inst/BSCANID.u_xsdbm_id/SWITCH_N_EXT_BSCAN.bscan_switch/state_reg[2]/C
                            (rising edge-triggered cell FDRE clocked by dbg_hub/inst/BSCANID.u_xsdbm_id/SWITCH_N_EXT_BSCAN.bscan_inst/SERIES7_BSCAN.bscan_inst/TCK  {rise@0.000ns fall@16.500ns period=33.000ns})
  Destination:            dbg_hub/inst/BSCANID.u_xsdbm_id/CORE_XSDB.U_ICON/U_CMD/iTARGET_reg[10]/CLR
                            (recovery check against rising-edge clock dbg_hub/inst/BSCANID.u_xsdbm_id/SWITCH_N_EXT_BSCAN.bscan_inst/SERIES7_BSCAN.bscan_inst/TCK  {rise@0.000ns fall@16.500ns period=33.000ns})
  Path Group:             **async_default**
  Path Type:              Recovery (Max at Slow Process Corner)
  Requirement:            33.000ns  (dbg_hub/inst/BSCANID.u_xsdbm_id/SWITCH_N_EXT_BSCAN.bscan_inst/SERIES7_BSCAN.bscan_inst/TCK rise@33.000ns - dbg_hub/inst/BSCANID.u_xsdbm_id/SWITCH_N_EXT_BSCAN.bscan_inst/SERIES7_BSCAN.bscan_inst/TCK rise@0.000ns)
  Data Path Delay:        4.433ns  (logic 1.133ns (25.561%)  route 3.300ns (74.439%))
  Logic Levels:           2  (LUT1=1 LUT4=1)
  Clock Path Skew:        -0.062ns (DCD - SCD + CPR)
    Destination Clock Delay (DCD):    3.711ns = ( 36.711 - 33.000 ) 
    Source Clock Delay      (SCD):    4.212ns
    Clock Pessimism Removal (CPR):    0.439ns
  Clock Uncertainty:      0.035ns  ((TSJ^2 + TIJ^2)^1/2 + DJ) / 2 + PE
    Total System Jitter     (TSJ):    0.071ns
    Total Input Jitter      (TIJ):    0.000ns
    Discrete Jitter          (DJ):    0.000ns
    Phase Error              (PE):    0.000ns

    Location             Delay type                Incr(ns)  Path(ns)    Netlist Resource(s)
  -------------------------------------------------------------------    -------------------
                         (clock dbg_hub/inst/BSCANID.u_xsdbm_id/SWITCH_N_EXT_BSCAN.bscan_inst/SERIES7_BSCAN.bscan_inst/TCK rise edge)
                                                      0.000     0.000 r  
    BSCAN_X0Y0           BSCANE2                      0.000     0.000 r  dbg_hub/inst/BSCANID.u_xsdbm_id/SWITCH_N_EXT_BSCAN.bscan_inst/SERIES7_BSCAN.bscan_inst/TCK
                         net (fo=1, routed)           2.325     2.325    dbg_hub/inst/BSCANID.u_xsdbm_id/tck_bs
    BUFGCTRL_X0Y1        BUFG (Prop_bufg_I_O)         0.101     2.426 r  dbg_hub/inst/BSCANID.u_xsdbm_id/SWITCH_N_EXT_BSCAN.u_bufg_icon_tck/O
                         net (fo=482, routed)         1.786     4.212    dbg_hub/inst/BSCANID.u_xsdbm_id/SWITCH_N_EXT_BSCAN.bscan_switch/s_bscan_tck
    SLICE_X92Y94         FDRE                                         r  dbg_hub/inst/BSCANID.u_xsdbm_id/SWITCH_N_EXT_BSCAN.bscan_switch/state_reg[2]/C
  -------------------------------------------------------------------    -------------------
    SLICE_X92Y94         FDRE (Prop_fdre_C_Q)         0.478     4.690 r  dbg_hub/inst/BSCANID.u_xsdbm_id/SWITCH_N_EXT_BSCAN.bscan_switch/state_reg[2]/Q
                         net (fo=50, routed)          2.198     6.888    dbg_hub/inst/BSCANID.u_xsdbm_id/SWITCH_N_EXT_BSCAN.bscan_switch/state[2]
    SLICE_X93Y93         LUT4 (Prop_lut4_I2_O)        0.329     7.217 r  dbg_hub/inst/BSCANID.u_xsdbm_id/SWITCH_N_EXT_BSCAN.bscan_switch/m_bscan_sel[0]_INST_0/O
                         net (fo=2, routed)           0.468     7.686    dbg_hub/inst/BSCANID.u_xsdbm_id/CORE_XSDB.U_ICON/U_CMD/iTARGET_reg[6]_0
    SLICE_X99Y93         LUT1 (Prop_lut1_I0_O)        0.326     8.012 f  dbg_hub/inst/BSCANID.u_xsdbm_id/CORE_XSDB.U_ICON/U_CMD/iTARGET[15]_i_2/O
                         net (fo=10, routed)          0.633     8.645    dbg_hub/inst/BSCANID.u_xsdbm_id/CORE_XSDB.U_ICON/U_CMD/iSEL_n
    SLICE_X101Y92        FDCE                                         f  dbg_hub/inst/BSCANID.u_xsdbm_id/CORE_XSDB.U_ICON/U_CMD/iTARGET_reg[10]/CLR
  -------------------------------------------------------------------    -------------------

                         (clock dbg_hub/inst/BSCANID.u_xsdbm_id/SWITCH_N_EXT_BSCAN.bscan_inst/SERIES7_BSCAN.bscan_inst/TCK rise edge)
                                                     33.000    33.000 r  
    BSCAN_X0Y0           BSCANE2                      0.000    33.000 r  dbg_hub/inst/BSCANID.u_xsdbm_id/SWITCH_N_EXT_BSCAN.bscan_inst/SERIES7_BSCAN.bscan_inst/TCK
                         net (fo=1, routed)           2.010    35.010    dbg_hub/inst/BSCANID.u_xsdbm_id/tck_bs
    BUFGCTRL_X0Y1        BUFG (Prop_bufg_I_O)         0.091    35.101 r  dbg_hub/inst/BSCANID.u_xsdbm_id/SWITCH_N_EXT_BSCAN.u_bufg_icon_tck/O
                         net (fo=482, routed)         1.610    36.711    dbg_hub/inst/BSCANID.u_xsdbm_id/CORE_XSDB.U_ICON/U_CMD/m_bscan_tck[0]
    SLICE_X101Y92        FDCE                                         r  dbg_hub/inst/BSCANID.u_xsdbm_id/CORE_XSDB.U_ICON/U_CMD/iTARGET_reg[10]/C
                         clock pessimism              0.439    37.150    
                         clock uncertainty           -0.035    37.115    
    SLICE_X101Y92        FDCE (Recov_fdce_C_CLR)     -0.405    36.710    dbg_hub/inst/BSCANID.u_xsdbm_id/CORE_XSDB.U_ICON/U_CMD/iTARGET_reg[10]
  -------------------------------------------------------------------
                         required time                         36.710    
                         arrival time                          -8.645    
  -------------------------------------------------------------------
                         slack                                 28.065    

Slack (MET) :             28.065ns  (required time - arrival time)
  Source:                 dbg_hub/inst/BSCANID.u_xsdbm_id/SWITCH_N_EXT_BSCAN.bscan_switch/state_reg[2]/C
                            (rising edge-triggered cell FDRE clocked by dbg_hub/inst/BSCANID.u_xsdbm_id/SWITCH_N_EXT_BSCAN.bscan_inst/SERIES7_BSCAN.bscan_inst/TCK  {rise@0.000ns fall@16.500ns period=33.000ns})
  Destination:            dbg_hub/inst/BSCANID.u_xsdbm_id/CORE_XSDB.U_ICON/U_CMD/iTARGET_reg[15]/CLR
                            (recovery check against rising-edge clock dbg_hub/inst/BSCANID.u_xsdbm_id/SWITCH_N_EXT_BSCAN.bscan_inst/SERIES7_BSCAN.bscan_inst/TCK  {rise@0.000ns fall@16.500ns period=33.000ns})
  Path Group:             **async_default**
  Path Type:              Recovery (Max at Slow Process Corner)
  Requirement:            33.000ns  (dbg_hub/inst/BSCANID.u_xsdbm_id/SWITCH_N_EXT_BSCAN.bscan_inst/SERIES7_BSCAN.bscan_inst/TCK rise@33.000ns - dbg_hub/inst/BSCANID.u_xsdbm_id/SWITCH_N_EXT_BSCAN.bscan_inst/SERIES7_BSCAN.bscan_inst/TCK rise@0.000ns)
  Data Path Delay:        4.433ns  (logic 1.133ns (25.561%)  route 3.300ns (74.439%))
  Logic Levels:           2  (LUT1=1 LUT4=1)
  Clock Path Skew:        -0.062ns (DCD - SCD + CPR)
    Destination Clock Delay (DCD):    3.711ns = ( 36.711 - 33.000 ) 
    Source Clock Delay      (SCD):    4.212ns
    Clock Pessimism Removal (CPR):    0.439ns
  Clock Uncertainty:      0.035ns  ((TSJ^2 + TIJ^2)^1/2 + DJ) / 2 + PE
    Total System Jitter     (TSJ):    0.071ns
    Total Input Jitter      (TIJ):    0.000ns
    Discrete Jitter          (DJ):    0.000ns
    Phase Error              (PE):    0.000ns

    Location             Delay type                Incr(ns)  Path(ns)    Netlist Resource(s)
  -------------------------------------------------------------------    -------------------
                         (clock dbg_hub/inst/BSCANID.u_xsdbm_id/SWITCH_N_EXT_BSCAN.bscan_inst/SERIES7_BSCAN.bscan_inst/TCK rise edge)
                                                      0.000     0.000 r  
    BSCAN_X0Y0           BSCANE2                      0.000     0.000 r  dbg_hub/inst/BSCANID.u_xsdbm_id/SWITCH_N_EXT_BSCAN.bscan_inst/SERIES7_BSCAN.bscan_inst/TCK
                         net (fo=1, routed)           2.325     2.325    dbg_hub/inst/BSCANID.u_xsdbm_id/tck_bs
    BUFGCTRL_X0Y1        BUFG (Prop_bufg_I_O)         0.101     2.426 r  dbg_hub/inst/BSCANID.u_xsdbm_id/SWITCH_N_EXT_BSCAN.u_bufg_icon_tck/O
                         net (fo=482, routed)         1.786     4.212    dbg_hub/inst/BSCANID.u_xsdbm_id/SWITCH_N_EXT_BSCAN.bscan_switch/s_bscan_tck
    SLICE_X92Y94         FDRE                                         r  dbg_hub/inst/BSCANID.u_xsdbm_id/SWITCH_N_EXT_BSCAN.bscan_switch/state_reg[2]/C
  -------------------------------------------------------------------    -------------------
    SLICE_X92Y94         FDRE (Prop_fdre_C_Q)         0.478     4.690 r  dbg_hub/inst/BSCANID.u_xsdbm_id/SWITCH_N_EXT_BSCAN.bscan_switch/state_reg[2]/Q
                         net (fo=50, routed)          2.198     6.888    dbg_hub/inst/BSCANID.u_xsdbm_id/SWITCH_N_EXT_BSCAN.bscan_switch/state[2]
    SLICE_X93Y93         LUT4 (Prop_lut4_I2_O)        0.329     7.217 r  dbg_hub/inst/BSCANID.u_xsdbm_id/SWITCH_N_EXT_BSCAN.bscan_switch/m_bscan_sel[0]_INST_0/O
                         net (fo=2, routed)           0.468     7.686    dbg_hub/inst/BSCANID.u_xsdbm_id/CORE_XSDB.U_ICON/U_CMD/iTARGET_reg[6]_0
    SLICE_X99Y93         LUT1 (Prop_lut1_I0_O)        0.326     8.012 f  dbg_hub/inst/BSCANID.u_xsdbm_id/CORE_XSDB.U_ICON/U_CMD/iTARGET[15]_i_2/O
                         net (fo=10, routed)          0.633     8.645    dbg_hub/inst/BSCANID.u_xsdbm_id/CORE_XSDB.U_ICON/U_CMD/iSEL_n
    SLICE_X101Y92        FDCE                                         f  dbg_hub/inst/BSCANID.u_xsdbm_id/CORE_XSDB.U_ICON/U_CMD/iTARGET_reg[15]/CLR
  -------------------------------------------------------------------    -------------------

                         (clock dbg_hub/inst/BSCANID.u_xsdbm_id/SWITCH_N_EXT_BSCAN.bscan_inst/SERIES7_BSCAN.bscan_inst/TCK rise edge)
                                                     33.000    33.000 r  
    BSCAN_X0Y0           BSCANE2                      0.000    33.000 r  dbg_hub/inst/BSCANID.u_xsdbm_id/SWITCH_N_EXT_BSCAN.bscan_inst/SERIES7_BSCAN.bscan_inst/TCK
                         net (fo=1, routed)           2.010    35.010    dbg_hub/inst/BSCANID.u_xsdbm_id/tck_bs
    BUFGCTRL_X0Y1        BUFG (Prop_bufg_I_O)         0.091    35.101 r  dbg_hub/inst/BSCANID.u_xsdbm_id/SWITCH_N_EXT_BSCAN.u_bufg_icon_tck/O
                         net (fo=482, routed)         1.610    36.711    dbg_hub/inst/BSCANID.u_xsdbm_id/CORE_XSDB.U_ICON/U_CMD/m_bscan_tck[0]
    SLICE_X101Y92        FDCE                                         r  dbg_hub/inst/BSCANID.u_xsdbm_id/CORE_XSDB.U_ICON/U_CMD/iTARGET_reg[15]/C
                         clock pessimism              0.439    37.150    
                         clock uncertainty           -0.035    37.115    
    SLICE_X101Y92        FDCE (Recov_fdce_C_CLR)     -0.405    36.710    dbg_hub/inst/BSCANID.u_xsdbm_id/CORE_XSDB.U_ICON/U_CMD/iTARGET_reg[15]
  -------------------------------------------------------------------
                         required time                         36.710    
                         arrival time                          -8.645    
  -------------------------------------------------------------------
                         slack                                 28.065    

Slack (MET) :             28.065ns  (required time - arrival time)
  Source:                 dbg_hub/inst/BSCANID.u_xsdbm_id/SWITCH_N_EXT_BSCAN.bscan_switch/state_reg[2]/C
                            (rising edge-triggered cell FDRE clocked by dbg_hub/inst/BSCANID.u_xsdbm_id/SWITCH_N_EXT_BSCAN.bscan_inst/SERIES7_BSCAN.bscan_inst/TCK  {rise@0.000ns fall@16.500ns period=33.000ns})
  Destination:            dbg_hub/inst/BSCANID.u_xsdbm_id/CORE_XSDB.U_ICON/U_CMD/iTARGET_reg[7]/CLR
                            (recovery check against rising-edge clock dbg_hub/inst/BSCANID.u_xsdbm_id/SWITCH_N_EXT_BSCAN.bscan_inst/SERIES7_BSCAN.bscan_inst/TCK  {rise@0.000ns fall@16.500ns period=33.000ns})
  Path Group:             **async_default**
  Path Type:              Recovery (Max at Slow Process Corner)
  Requirement:            33.000ns  (dbg_hub/inst/BSCANID.u_xsdbm_id/SWITCH_N_EXT_BSCAN.bscan_inst/SERIES7_BSCAN.bscan_inst/TCK rise@33.000ns - dbg_hub/inst/BSCANID.u_xsdbm_id/SWITCH_N_EXT_BSCAN.bscan_inst/SERIES7_BSCAN.bscan_inst/TCK rise@0.000ns)
  Data Path Delay:        4.433ns  (logic 1.133ns (25.561%)  route 3.300ns (74.439%))
  Logic Levels:           2  (LUT1=1 LUT4=1)
  Clock Path Skew:        -0.062ns (DCD - SCD + CPR)
    Destination Clock Delay (DCD):    3.711ns = ( 36.711 - 33.000 ) 
    Source Clock Delay      (SCD):    4.212ns
    Clock Pessimism Removal (CPR):    0.439ns
  Clock Uncertainty:      0.035ns  ((TSJ^2 + TIJ^2)^1/2 + DJ) / 2 + PE
    Total System Jitter     (TSJ):    0.071ns
    Total Input Jitter      (TIJ):    0.000ns
    Discrete Jitter          (DJ):    0.000ns
    Phase Error              (PE):    0.000ns

    Location             Delay type                Incr(ns)  Path(ns)    Netlist Resource(s)
  -------------------------------------------------------------------    -------------------
                         (clock dbg_hub/inst/BSCANID.u_xsdbm_id/SWITCH_N_EXT_BSCAN.bscan_inst/SERIES7_BSCAN.bscan_inst/TCK rise edge)
                                                      0.000     0.000 r  
    BSCAN_X0Y0           BSCANE2                      0.000     0.000 r  dbg_hub/inst/BSCANID.u_xsdbm_id/SWITCH_N_EXT_BSCAN.bscan_inst/SERIES7_BSCAN.bscan_inst/TCK
                         net (fo=1, routed)           2.325     2.325    dbg_hub/inst/BSCANID.u_xsdbm_id/tck_bs
    BUFGCTRL_X0Y1        BUFG (Prop_bufg_I_O)         0.101     2.426 r  dbg_hub/inst/BSCANID.u_xsdbm_id/SWITCH_N_EXT_BSCAN.u_bufg_icon_tck/O
                         net (fo=482, routed)         1.786     4.212    dbg_hub/inst/BSCANID.u_xsdbm_id/SWITCH_N_EXT_BSCAN.bscan_switch/s_bscan_tck
    SLICE_X92Y94         FDRE                                         r  dbg_hub/inst/BSCANID.u_xsdbm_id/SWITCH_N_EXT_BSCAN.bscan_switch/state_reg[2]/C
  -------------------------------------------------------------------    -------------------
    SLICE_X92Y94         FDRE (Prop_fdre_C_Q)         0.478     4.690 r  dbg_hub/inst/BSCANID.u_xsdbm_id/SWITCH_N_EXT_BSCAN.bscan_switch/state_reg[2]/Q
                         net (fo=50, routed)          2.198     6.888    dbg_hub/inst/BSCANID.u_xsdbm_id/SWITCH_N_EXT_BSCAN.bscan_switch/state[2]
    SLICE_X93Y93         LUT4 (Prop_lut4_I2_O)        0.329     7.217 r  dbg_hub/inst/BSCANID.u_xsdbm_id/SWITCH_N_EXT_BSCAN.bscan_switch/m_bscan_sel[0]_INST_0/O
                         net (fo=2, routed)           0.468     7.686    dbg_hub/inst/BSCANID.u_xsdbm_id/CORE_XSDB.U_ICON/U_CMD/iTARGET_reg[6]_0
    SLICE_X99Y93         LUT1 (Prop_lut1_I0_O)        0.326     8.012 f  dbg_hub/inst/BSCANID.u_xsdbm_id/CORE_XSDB.U_ICON/U_CMD/iTARGET[15]_i_2/O
                         net (fo=10, routed)          0.633     8.645    dbg_hub/inst/BSCANID.u_xsdbm_id/CORE_XSDB.U_ICON/U_CMD/iSEL_n
    SLICE_X101Y92        FDCE                                         f  dbg_hub/inst/BSCANID.u_xsdbm_id/CORE_XSDB.U_ICON/U_CMD/iTARGET_reg[7]/CLR
  -------------------------------------------------------------------    -------------------

                         (clock dbg_hub/inst/BSCANID.u_xsdbm_id/SWITCH_N_EXT_BSCAN.bscan_inst/SERIES7_BSCAN.bscan_inst/TCK rise edge)
                                                     33.000    33.000 r  
    BSCAN_X0Y0           BSCANE2                      0.000    33.000 r  dbg_hub/inst/BSCANID.u_xsdbm_id/SWITCH_N_EXT_BSCAN.bscan_inst/SERIES7_BSCAN.bscan_inst/TCK
                         net (fo=1, routed)           2.010    35.010    dbg_hub/inst/BSCANID.u_xsdbm_id/tck_bs
    BUFGCTRL_X0Y1        BUFG (Prop_bufg_I_O)         0.091    35.101 r  dbg_hub/inst/BSCANID.u_xsdbm_id/SWITCH_N_EXT_BSCAN.u_bufg_icon_tck/O
                         net (fo=482, routed)         1.610    36.711    dbg_hub/inst/BSCANID.u_xsdbm_id/CORE_XSDB.U_ICON/U_CMD/m_bscan_tck[0]
    SLICE_X101Y92        FDCE                                         r  dbg_hub/inst/BSCANID.u_xsdbm_id/CORE_XSDB.U_ICON/U_CMD/iTARGET_reg[7]/C
                         clock pessimism              0.439    37.150    
                         clock uncertainty           -0.035    37.115    
    SLICE_X101Y92        FDCE (Recov_fdce_C_CLR)     -0.405    36.710    dbg_hub/inst/BSCANID.u_xsdbm_id/CORE_XSDB.U_ICON/U_CMD/iTARGET_reg[7]
  -------------------------------------------------------------------
                         required time                         36.710    
                         arrival time                          -8.645    
  -------------------------------------------------------------------
                         slack                                 28.065    

Slack (MET) :             28.151ns  (required time - arrival time)
  Source:                 dbg_hub/inst/BSCANID.u_xsdbm_id/SWITCH_N_EXT_BSCAN.bscan_switch/state_reg[2]/C
                            (rising edge-triggered cell FDRE clocked by dbg_hub/inst/BSCANID.u_xsdbm_id/SWITCH_N_EXT_BSCAN.bscan_inst/SERIES7_BSCAN.bscan_inst/TCK  {rise@0.000ns fall@16.500ns period=33.000ns})
  Destination:            dbg_hub/inst/BSCANID.u_xsdbm_id/CORE_XSDB.U_ICON/U_CMD/iTARGET_reg[11]/CLR
                            (recovery check against rising-edge clock dbg_hub/inst/BSCANID.u_xsdbm_id/SWITCH_N_EXT_BSCAN.bscan_inst/SERIES7_BSCAN.bscan_inst/TCK  {rise@0.000ns fall@16.500ns period=33.000ns})
  Path Group:             **async_default**
  Path Type:              Recovery (Max at Slow Process Corner)
  Requirement:            33.000ns  (dbg_hub/inst/BSCANID.u_xsdbm_id/SWITCH_N_EXT_BSCAN.bscan_inst/SERIES7_BSCAN.bscan_inst/TCK rise@33.000ns - dbg_hub/inst/BSCANID.u_xsdbm_id/SWITCH_N_EXT_BSCAN.bscan_inst/SERIES7_BSCAN.bscan_inst/TCK rise@0.000ns)
  Data Path Delay:        4.433ns  (logic 1.133ns (25.561%)  route 3.300ns (74.439%))
  Logic Levels:           2  (LUT1=1 LUT4=1)
  Clock Path Skew:        -0.062ns (DCD - SCD + CPR)
    Destination Clock Delay (DCD):    3.711ns = ( 36.711 - 33.000 ) 
    Source Clock Delay      (SCD):    4.212ns
    Clock Pessimism Removal (CPR):    0.439ns
  Clock Uncertainty:      0.035ns  ((TSJ^2 + TIJ^2)^1/2 + DJ) / 2 + PE
    Total System Jitter     (TSJ):    0.071ns
    Total Input Jitter      (TIJ):    0.000ns
    Discrete Jitter          (DJ):    0.000ns
    Phase Error              (PE):    0.000ns

    Location             Delay type                Incr(ns)  Path(ns)    Netlist Resource(s)
  -------------------------------------------------------------------    -------------------
                         (clock dbg_hub/inst/BSCANID.u_xsdbm_id/SWITCH_N_EXT_BSCAN.bscan_inst/SERIES7_BSCAN.bscan_inst/TCK rise edge)
                                                      0.000     0.000 r  
    BSCAN_X0Y0           BSCANE2                      0.000     0.000 r  dbg_hub/inst/BSCANID.u_xsdbm_id/SWITCH_N_EXT_BSCAN.bscan_inst/SERIES7_BSCAN.bscan_inst/TCK
                         net (fo=1, routed)           2.325     2.325    dbg_hub/inst/BSCANID.u_xsdbm_id/tck_bs
    BUFGCTRL_X0Y1        BUFG (Prop_bufg_I_O)         0.101     2.426 r  dbg_hub/inst/BSCANID.u_xsdbm_id/SWITCH_N_EXT_BSCAN.u_bufg_icon_tck/O
                         net (fo=482, routed)         1.786     4.212    dbg_hub/inst/BSCANID.u_xsdbm_id/SWITCH_N_EXT_BSCAN.bscan_switch/s_bscan_tck
    SLICE_X92Y94         FDRE                                         r  dbg_hub/inst/BSCANID.u_xsdbm_id/SWITCH_N_EXT_BSCAN.bscan_switch/state_reg[2]/C
  -------------------------------------------------------------------    -------------------
    SLICE_X92Y94         FDRE (Prop_fdre_C_Q)         0.478     4.690 r  dbg_hub/inst/BSCANID.u_xsdbm_id/SWITCH_N_EXT_BSCAN.bscan_switch/state_reg[2]/Q
                         net (fo=50, routed)          2.198     6.888    dbg_hub/inst/BSCANID.u_xsdbm_id/SWITCH_N_EXT_BSCAN.bscan_switch/state[2]
    SLICE_X93Y93         LUT4 (Prop_lut4_I2_O)        0.329     7.217 r  dbg_hub/inst/BSCANID.u_xsdbm_id/SWITCH_N_EXT_BSCAN.bscan_switch/m_bscan_sel[0]_INST_0/O
                         net (fo=2, routed)           0.468     7.686    dbg_hub/inst/BSCANID.u_xsdbm_id/CORE_XSDB.U_ICON/U_CMD/iTARGET_reg[6]_0
    SLICE_X99Y93         LUT1 (Prop_lut1_I0_O)        0.326     8.012 f  dbg_hub/inst/BSCANID.u_xsdbm_id/CORE_XSDB.U_ICON/U_CMD/iTARGET[15]_i_2/O
                         net (fo=10, routed)          0.633     8.645    dbg_hub/inst/BSCANID.u_xsdbm_id/CORE_XSDB.U_ICON/U_CMD/iSEL_n
    SLICE_X100Y92        FDCE                                         f  dbg_hub/inst/BSCANID.u_xsdbm_id/CORE_XSDB.U_ICON/U_CMD/iTARGET_reg[11]/CLR
  -------------------------------------------------------------------    -------------------

                         (clock dbg_hub/inst/BSCANID.u_xsdbm_id/SWITCH_N_EXT_BSCAN.bscan_inst/SERIES7_BSCAN.bscan_inst/TCK rise edge)
                                                     33.000    33.000 r  
    BSCAN_X0Y0           BSCANE2                      0.000    33.000 r  dbg_hub/inst/BSCANID.u_xsdbm_id/SWITCH_N_EXT_BSCAN.bscan_inst/SERIES7_BSCAN.bscan_inst/TCK
                         net (fo=1, routed)           2.010    35.010    dbg_hub/inst/BSCANID.u_xsdbm_id/tck_bs
    BUFGCTRL_X0Y1        BUFG (Prop_bufg_I_O)         0.091    35.101 r  dbg_hub/inst/BSCANID.u_xsdbm_id/SWITCH_N_EXT_BSCAN.u_bufg_icon_tck/O
                         net (fo=482, routed)         1.610    36.711    dbg_hub/inst/BSCANID.u_xsdbm_id/CORE_XSDB.U_ICON/U_CMD/m_bscan_tck[0]
    SLICE_X100Y92        FDCE                                         r  dbg_hub/inst/BSCANID.u_xsdbm_id/CORE_XSDB.U_ICON/U_CMD/iTARGET_reg[11]/C
                         clock pessimism              0.439    37.150    
                         clock uncertainty           -0.035    37.115    
    SLICE_X100Y92        FDCE (Recov_fdce_C_CLR)     -0.319    36.796    dbg_hub/inst/BSCANID.u_xsdbm_id/CORE_XSDB.U_ICON/U_CMD/iTARGET_reg[11]
  -------------------------------------------------------------------
                         required time                         36.796    
                         arrival time                          -8.645    
  -------------------------------------------------------------------
                         slack                                 28.151    

Slack (MET) :             28.151ns  (required time - arrival time)
  Source:                 dbg_hub/inst/BSCANID.u_xsdbm_id/SWITCH_N_EXT_BSCAN.bscan_switch/state_reg[2]/C
                            (rising edge-triggered cell FDRE clocked by dbg_hub/inst/BSCANID.u_xsdbm_id/SWITCH_N_EXT_BSCAN.bscan_inst/SERIES7_BSCAN.bscan_inst/TCK  {rise@0.000ns fall@16.500ns period=33.000ns})
  Destination:            dbg_hub/inst/BSCANID.u_xsdbm_id/CORE_XSDB.U_ICON/U_CMD/iTARGET_reg[6]/CLR
                            (recovery check against rising-edge clock dbg_hub/inst/BSCANID.u_xsdbm_id/SWITCH_N_EXT_BSCAN.bscan_inst/SERIES7_BSCAN.bscan_inst/TCK  {rise@0.000ns fall@16.500ns period=33.000ns})
  Path Group:             **async_default**
  Path Type:              Recovery (Max at Slow Process Corner)
  Requirement:            33.000ns  (dbg_hub/inst/BSCANID.u_xsdbm_id/SWITCH_N_EXT_BSCAN.bscan_inst/SERIES7_BSCAN.bscan_inst/TCK rise@33.000ns - dbg_hub/inst/BSCANID.u_xsdbm_id/SWITCH_N_EXT_BSCAN.bscan_inst/SERIES7_BSCAN.bscan_inst/TCK rise@0.000ns)
  Data Path Delay:        4.433ns  (logic 1.133ns (25.561%)  route 3.300ns (74.439%))
  Logic Levels:           2  (LUT1=1 LUT4=1)
  Clock Path Skew:        -0.062ns (DCD - SCD + CPR)
    Destination Clock Delay (DCD):    3.711ns = ( 36.711 - 33.000 ) 
    Source Clock Delay      (SCD):    4.212ns
    Clock Pessimism Removal (CPR):    0.439ns
  Clock Uncertainty:      0.035ns  ((TSJ^2 + TIJ^2)^1/2 + DJ) / 2 + PE
    Total System Jitter     (TSJ):    0.071ns
    Total Input Jitter      (TIJ):    0.000ns
    Discrete Jitter          (DJ):    0.000ns
    Phase Error              (PE):    0.000ns

    Location             Delay type                Incr(ns)  Path(ns)    Netlist Resource(s)
  -------------------------------------------------------------------    -------------------
                         (clock dbg_hub/inst/BSCANID.u_xsdbm_id/SWITCH_N_EXT_BSCAN.bscan_inst/SERIES7_BSCAN.bscan_inst/TCK rise edge)
                                                      0.000     0.000 r  
    BSCAN_X0Y0           BSCANE2                      0.000     0.000 r  dbg_hub/inst/BSCANID.u_xsdbm_id/SWITCH_N_EXT_BSCAN.bscan_inst/SERIES7_BSCAN.bscan_inst/TCK
                         net (fo=1, routed)           2.325     2.325    dbg_hub/inst/BSCANID.u_xsdbm_id/tck_bs
    BUFGCTRL_X0Y1        BUFG (Prop_bufg_I_O)         0.101     2.426 r  dbg_hub/inst/BSCANID.u_xsdbm_id/SWITCH_N_EXT_BSCAN.u_bufg_icon_tck/O
                         net (fo=482, routed)         1.786     4.212    dbg_hub/inst/BSCANID.u_xsdbm_id/SWITCH_N_EXT_BSCAN.bscan_switch/s_bscan_tck
    SLICE_X92Y94         FDRE                                         r  dbg_hub/inst/BSCANID.u_xsdbm_id/SWITCH_N_EXT_BSCAN.bscan_switch/state_reg[2]/C
  -------------------------------------------------------------------    -------------------
    SLICE_X92Y94         FDRE (Prop_fdre_C_Q)         0.478     4.690 r  dbg_hub/inst/BSCANID.u_xsdbm_id/SWITCH_N_EXT_BSCAN.bscan_switch/state_reg[2]/Q
                         net (fo=50, routed)          2.198     6.888    dbg_hub/inst/BSCANID.u_xsdbm_id/SWITCH_N_EXT_BSCAN.bscan_switch/state[2]
    SLICE_X93Y93         LUT4 (Prop_lut4_I2_O)        0.329     7.217 r  dbg_hub/inst/BSCANID.u_xsdbm_id/SWITCH_N_EXT_BSCAN.bscan_switch/m_bscan_sel[0]_INST_0/O
                         net (fo=2, routed)           0.468     7.686    dbg_hub/inst/BSCANID.u_xsdbm_id/CORE_XSDB.U_ICON/U_CMD/iTARGET_reg[6]_0
    SLICE_X99Y93         LUT1 (Prop_lut1_I0_O)        0.326     8.012 f  dbg_hub/inst/BSCANID.u_xsdbm_id/CORE_XSDB.U_ICON/U_CMD/iTARGET[15]_i_2/O
                         net (fo=10, routed)          0.633     8.645    dbg_hub/inst/BSCANID.u_xsdbm_id/CORE_XSDB.U_ICON/U_CMD/iSEL_n
    SLICE_X100Y92        FDCE                                         f  dbg_hub/inst/BSCANID.u_xsdbm_id/CORE_XSDB.U_ICON/U_CMD/iTARGET_reg[6]/CLR
  -------------------------------------------------------------------    -------------------

                         (clock dbg_hub/inst/BSCANID.u_xsdbm_id/SWITCH_N_EXT_BSCAN.bscan_inst/SERIES7_BSCAN.bscan_inst/TCK rise edge)
                                                     33.000    33.000 r  
    BSCAN_X0Y0           BSCANE2                      0.000    33.000 r  dbg_hub/inst/BSCANID.u_xsdbm_id/SWITCH_N_EXT_BSCAN.bscan_inst/SERIES7_BSCAN.bscan_inst/TCK
                         net (fo=1, routed)           2.010    35.010    dbg_hub/inst/BSCANID.u_xsdbm_id/tck_bs
    BUFGCTRL_X0Y1        BUFG (Prop_bufg_I_O)         0.091    35.101 r  dbg_hub/inst/BSCANID.u_xsdbm_id/SWITCH_N_EXT_BSCAN.u_bufg_icon_tck/O
                         net (fo=482, routed)         1.610    36.711    dbg_hub/inst/BSCANID.u_xsdbm_id/CORE_XSDB.U_ICON/U_CMD/m_bscan_tck[0]
    SLICE_X100Y92        FDCE                                         r  dbg_hub/inst/BSCANID.u_xsdbm_id/CORE_XSDB.U_ICON/U_CMD/iTARGET_reg[6]/C
                         clock pessimism              0.439    37.150    
                         clock uncertainty           -0.035    37.115    
    SLICE_X100Y92        FDCE (Recov_fdce_C_CLR)     -0.319    36.796    dbg_hub/inst/BSCANID.u_xsdbm_id/CORE_XSDB.U_ICON/U_CMD/iTARGET_reg[6]
  -------------------------------------------------------------------
                         required time                         36.796    
                         arrival time                          -8.645    
  -------------------------------------------------------------------
                         slack                                 28.151    

Slack (MET) :             28.151ns  (required time - arrival time)
  Source:                 dbg_hub/inst/BSCANID.u_xsdbm_id/SWITCH_N_EXT_BSCAN.bscan_switch/state_reg[2]/C
                            (rising edge-triggered cell FDRE clocked by dbg_hub/inst/BSCANID.u_xsdbm_id/SWITCH_N_EXT_BSCAN.bscan_inst/SERIES7_BSCAN.bscan_inst/TCK  {rise@0.000ns fall@16.500ns period=33.000ns})
  Destination:            dbg_hub/inst/BSCANID.u_xsdbm_id/CORE_XSDB.U_ICON/U_CMD/iTARGET_reg[8]/CLR
                            (recovery check against rising-edge clock dbg_hub/inst/BSCANID.u_xsdbm_id/SWITCH_N_EXT_BSCAN.bscan_inst/SERIES7_BSCAN.bscan_inst/TCK  {rise@0.000ns fall@16.500ns period=33.000ns})
  Path Group:             **async_default**
  Path Type:              Recovery (Max at Slow Process Corner)
  Requirement:            33.000ns  (dbg_hub/inst/BSCANID.u_xsdbm_id/SWITCH_N_EXT_BSCAN.bscan_inst/SERIES7_BSCAN.bscan_inst/TCK rise@33.000ns - dbg_hub/inst/BSCANID.u_xsdbm_id/SWITCH_N_EXT_BSCAN.bscan_inst/SERIES7_BSCAN.bscan_inst/TCK rise@0.000ns)
  Data Path Delay:        4.433ns  (logic 1.133ns (25.561%)  route 3.300ns (74.439%))
  Logic Levels:           2  (LUT1=1 LUT4=1)
  Clock Path Skew:        -0.062ns (DCD - SCD + CPR)
    Destination Clock Delay (DCD):    3.711ns = ( 36.711 - 33.000 ) 
    Source Clock Delay      (SCD):    4.212ns
    Clock Pessimism Removal (CPR):    0.439ns
  Clock Uncertainty:      0.035ns  ((TSJ^2 + TIJ^2)^1/2 + DJ) / 2 + PE
    Total System Jitter     (TSJ):    0.071ns
    Total Input Jitter      (TIJ):    0.000ns
    Discrete Jitter          (DJ):    0.000ns
    Phase Error              (PE):    0.000ns

    Location             Delay type                Incr(ns)  Path(ns)    Netlist Resource(s)
  -------------------------------------------------------------------    -------------------
                         (clock dbg_hub/inst/BSCANID.u_xsdbm_id/SWITCH_N_EXT_BSCAN.bscan_inst/SERIES7_BSCAN.bscan_inst/TCK rise edge)
                                                      0.000     0.000 r  
    BSCAN_X0Y0           BSCANE2                      0.000     0.000 r  dbg_hub/inst/BSCANID.u_xsdbm_id/SWITCH_N_EXT_BSCAN.bscan_inst/SERIES7_BSCAN.bscan_inst/TCK
                         net (fo=1, routed)           2.325     2.325    dbg_hub/inst/BSCANID.u_xsdbm_id/tck_bs
    BUFGCTRL_X0Y1        BUFG (Prop_bufg_I_O)         0.101     2.426 r  dbg_hub/inst/BSCANID.u_xsdbm_id/SWITCH_N_EXT_BSCAN.u_bufg_icon_tck/O
                         net (fo=482, routed)         1.786     4.212    dbg_hub/inst/BSCANID.u_xsdbm_id/SWITCH_N_EXT_BSCAN.bscan_switch/s_bscan_tck
    SLICE_X92Y94         FDRE                                         r  dbg_hub/inst/BSCANID.u_xsdbm_id/SWITCH_N_EXT_BSCAN.bscan_switch/state_reg[2]/C
  -------------------------------------------------------------------    -------------------
    SLICE_X92Y94         FDRE (Prop_fdre_C_Q)         0.478     4.690 r  dbg_hub/inst/BSCANID.u_xsdbm_id/SWITCH_N_EXT_BSCAN.bscan_switch/state_reg[2]/Q
                         net (fo=50, routed)          2.198     6.888    dbg_hub/inst/BSCANID.u_xsdbm_id/SWITCH_N_EXT_BSCAN.bscan_switch/state[2]
    SLICE_X93Y93         LUT4 (Prop_lut4_I2_O)        0.329     7.217 r  dbg_hub/inst/BSCANID.u_xsdbm_id/SWITCH_N_EXT_BSCAN.bscan_switch/m_bscan_sel[0]_INST_0/O
                         net (fo=2, routed)           0.468     7.686    dbg_hub/inst/BSCANID.u_xsdbm_id/CORE_XSDB.U_ICON/U_CMD/iTARGET_reg[6]_0
    SLICE_X99Y93         LUT1 (Prop_lut1_I0_O)        0.326     8.012 f  dbg_hub/inst/BSCANID.u_xsdbm_id/CORE_XSDB.U_ICON/U_CMD/iTARGET[15]_i_2/O
                         net (fo=10, routed)          0.633     8.645    dbg_hub/inst/BSCANID.u_xsdbm_id/CORE_XSDB.U_ICON/U_CMD/iSEL_n
    SLICE_X100Y92        FDCE                                         f  dbg_hub/inst/BSCANID.u_xsdbm_id/CORE_XSDB.U_ICON/U_CMD/iTARGET_reg[8]/CLR
  -------------------------------------------------------------------    -------------------

                         (clock dbg_hub/inst/BSCANID.u_xsdbm_id/SWITCH_N_EXT_BSCAN.bscan_inst/SERIES7_BSCAN.bscan_inst/TCK rise edge)
                                                     33.000    33.000 r  
    BSCAN_X0Y0           BSCANE2                      0.000    33.000 r  dbg_hub/inst/BSCANID.u_xsdbm_id/SWITCH_N_EXT_BSCAN.bscan_inst/SERIES7_BSCAN.bscan_inst/TCK
                         net (fo=1, routed)           2.010    35.010    dbg_hub/inst/BSCANID.u_xsdbm_id/tck_bs
    BUFGCTRL_X0Y1        BUFG (Prop_bufg_I_O)         0.091    35.101 r  dbg_hub/inst/BSCANID.u_xsdbm_id/SWITCH_N_EXT_BSCAN.u_bufg_icon_tck/O
                         net (fo=482, routed)         1.610    36.711    dbg_hub/inst/BSCANID.u_xsdbm_id/CORE_XSDB.U_ICON/U_CMD/m_bscan_tck[0]
    SLICE_X100Y92        FDCE                                         r  dbg_hub/inst/BSCANID.u_xsdbm_id/CORE_XSDB.U_ICON/U_CMD/iTARGET_reg[8]/C
                         clock pessimism              0.439    37.150    
                         clock uncertainty           -0.035    37.115    
    SLICE_X100Y92        FDCE (Recov_fdce_C_CLR)     -0.319    36.796    dbg_hub/inst/BSCANID.u_xsdbm_id/CORE_XSDB.U_ICON/U_CMD/iTARGET_reg[8]
  -------------------------------------------------------------------
                         required time                         36.796    
                         arrival time                          -8.645    
  -------------------------------------------------------------------
                         slack                                 28.151    

Slack (MET) :             28.151ns  (required time - arrival time)
  Source:                 dbg_hub/inst/BSCANID.u_xsdbm_id/SWITCH_N_EXT_BSCAN.bscan_switch/state_reg[2]/C
                            (rising edge-triggered cell FDRE clocked by dbg_hub/inst/BSCANID.u_xsdbm_id/SWITCH_N_EXT_BSCAN.bscan_inst/SERIES7_BSCAN.bscan_inst/TCK  {rise@0.000ns fall@16.500ns period=33.000ns})
  Destination:            dbg_hub/inst/BSCANID.u_xsdbm_id/CORE_XSDB.U_ICON/U_CMD/iTARGET_reg[9]/CLR
                            (recovery check against rising-edge clock dbg_hub/inst/BSCANID.u_xsdbm_id/SWITCH_N_EXT_BSCAN.bscan_inst/SERIES7_BSCAN.bscan_inst/TCK  {rise@0.000ns fall@16.500ns period=33.000ns})
  Path Group:             **async_default**
  Path Type:              Recovery (Max at Slow Process Corner)
  Requirement:            33.000ns  (dbg_hub/inst/BSCANID.u_xsdbm_id/SWITCH_N_EXT_BSCAN.bscan_inst/SERIES7_BSCAN.bscan_inst/TCK rise@33.000ns - dbg_hub/inst/BSCANID.u_xsdbm_id/SWITCH_N_EXT_BSCAN.bscan_inst/SERIES7_BSCAN.bscan_inst/TCK rise@0.000ns)
  Data Path Delay:        4.433ns  (logic 1.133ns (25.561%)  route 3.300ns (74.439%))
  Logic Levels:           2  (LUT1=1 LUT4=1)
  Clock Path Skew:        -0.062ns (DCD - SCD + CPR)
    Destination Clock Delay (DCD):    3.711ns = ( 36.711 - 33.000 ) 
    Source Clock Delay      (SCD):    4.212ns
    Clock Pessimism Removal (CPR):    0.439ns
  Clock Uncertainty:      0.035ns  ((TSJ^2 + TIJ^2)^1/2 + DJ) / 2 + PE
    Total System Jitter     (TSJ):    0.071ns
    Total Input Jitter      (TIJ):    0.000ns
    Discrete Jitter          (DJ):    0.000ns
    Phase Error              (PE):    0.000ns

    Location             Delay type                Incr(ns)  Path(ns)    Netlist Resource(s)
  -------------------------------------------------------------------    -------------------
                         (clock dbg_hub/inst/BSCANID.u_xsdbm_id/SWITCH_N_EXT_BSCAN.bscan_inst/SERIES7_BSCAN.bscan_inst/TCK rise edge)
                                                      0.000     0.000 r  
    BSCAN_X0Y0           BSCANE2                      0.000     0.000 r  dbg_hub/inst/BSCANID.u_xsdbm_id/SWITCH_N_EXT_BSCAN.bscan_inst/SERIES7_BSCAN.bscan_inst/TCK
                         net (fo=1, routed)           2.325     2.325    dbg_hub/inst/BSCANID.u_xsdbm_id/tck_bs
    BUFGCTRL_X0Y1        BUFG (Prop_bufg_I_O)         0.101     2.426 r  dbg_hub/inst/BSCANID.u_xsdbm_id/SWITCH_N_EXT_BSCAN.u_bufg_icon_tck/O
                         net (fo=482, routed)         1.786     4.212    dbg_hub/inst/BSCANID.u_xsdbm_id/SWITCH_N_EXT_BSCAN.bscan_switch/s_bscan_tck
    SLICE_X92Y94         FDRE                                         r  dbg_hub/inst/BSCANID.u_xsdbm_id/SWITCH_N_EXT_BSCAN.bscan_switch/state_reg[2]/C
  -------------------------------------------------------------------    -------------------
    SLICE_X92Y94         FDRE (Prop_fdre_C_Q)         0.478     4.690 r  dbg_hub/inst/BSCANID.u_xsdbm_id/SWITCH_N_EXT_BSCAN.bscan_switch/state_reg[2]/Q
                         net (fo=50, routed)          2.198     6.888    dbg_hub/inst/BSCANID.u_xsdbm_id/SWITCH_N_EXT_BSCAN.bscan_switch/state[2]
    SLICE_X93Y93         LUT4 (Prop_lut4_I2_O)        0.329     7.217 r  dbg_hub/inst/BSCANID.u_xsdbm_id/SWITCH_N_EXT_BSCAN.bscan_switch/m_bscan_sel[0]_INST_0/O
                         net (fo=2, routed)           0.468     7.686    dbg_hub/inst/BSCANID.u_xsdbm_id/CORE_XSDB.U_ICON/U_CMD/iTARGET_reg[6]_0
    SLICE_X99Y93         LUT1 (Prop_lut1_I0_O)        0.326     8.012 f  dbg_hub/inst/BSCANID.u_xsdbm_id/CORE_XSDB.U_ICON/U_CMD/iTARGET[15]_i_2/O
                         net (fo=10, routed)          0.633     8.645    dbg_hub/inst/BSCANID.u_xsdbm_id/CORE_XSDB.U_ICON/U_CMD/iSEL_n
    SLICE_X100Y92        FDCE                                         f  dbg_hub/inst/BSCANID.u_xsdbm_id/CORE_XSDB.U_ICON/U_CMD/iTARGET_reg[9]/CLR
  -------------------------------------------------------------------    -------------------

                         (clock dbg_hub/inst/BSCANID.u_xsdbm_id/SWITCH_N_EXT_BSCAN.bscan_inst/SERIES7_BSCAN.bscan_inst/TCK rise edge)
                                                     33.000    33.000 r  
    BSCAN_X0Y0           BSCANE2                      0.000    33.000 r  dbg_hub/inst/BSCANID.u_xsdbm_id/SWITCH_N_EXT_BSCAN.bscan_inst/SERIES7_BSCAN.bscan_inst/TCK
                         net (fo=1, routed)           2.010    35.010    dbg_hub/inst/BSCANID.u_xsdbm_id/tck_bs
    BUFGCTRL_X0Y1        BUFG (Prop_bufg_I_O)         0.091    35.101 r  dbg_hub/inst/BSCANID.u_xsdbm_id/SWITCH_N_EXT_BSCAN.u_bufg_icon_tck/O
                         net (fo=482, routed)         1.610    36.711    dbg_hub/inst/BSCANID.u_xsdbm_id/CORE_XSDB.U_ICON/U_CMD/m_bscan_tck[0]
    SLICE_X100Y92        FDCE                                         r  dbg_hub/inst/BSCANID.u_xsdbm_id/CORE_XSDB.U_ICON/U_CMD/iTARGET_reg[9]/C
                         clock pessimism              0.439    37.150    
                         clock uncertainty           -0.035    37.115    
    SLICE_X100Y92        FDCE (Recov_fdce_C_CLR)     -0.319    36.796    dbg_hub/inst/BSCANID.u_xsdbm_id/CORE_XSDB.U_ICON/U_CMD/iTARGET_reg[9]
  -------------------------------------------------------------------
                         required time                         36.796    
                         arrival time                          -8.645    
  -------------------------------------------------------------------
                         slack                                 28.151    

Slack (MET) :             28.300ns  (required time - arrival time)
  Source:                 dbg_hub/inst/BSCANID.u_xsdbm_id/SWITCH_N_EXT_BSCAN.bscan_switch/state_reg[2]/C
                            (rising edge-triggered cell FDRE clocked by dbg_hub/inst/BSCANID.u_xsdbm_id/SWITCH_N_EXT_BSCAN.bscan_inst/SERIES7_BSCAN.bscan_inst/TCK  {rise@0.000ns fall@16.500ns period=33.000ns})
  Destination:            dbg_hub/inst/BSCANID.u_xsdbm_id/CORE_XSDB.U_ICON/U_CMD/iTARGET_reg[12]/CLR
                            (recovery check against rising-edge clock dbg_hub/inst/BSCANID.u_xsdbm_id/SWITCH_N_EXT_BSCAN.bscan_inst/SERIES7_BSCAN.bscan_inst/TCK  {rise@0.000ns fall@16.500ns period=33.000ns})
  Path Group:             **async_default**
  Path Type:              Recovery (Max at Slow Process Corner)
  Requirement:            33.000ns  (dbg_hub/inst/BSCANID.u_xsdbm_id/SWITCH_N_EXT_BSCAN.bscan_inst/SERIES7_BSCAN.bscan_inst/TCK rise@33.000ns - dbg_hub/inst/BSCANID.u_xsdbm_id/SWITCH_N_EXT_BSCAN.bscan_inst/SERIES7_BSCAN.bscan_inst/TCK rise@0.000ns)
  Data Path Delay:        4.198ns  (logic 1.133ns (26.988%)  route 3.065ns (73.012%))
  Logic Levels:           2  (LUT1=1 LUT4=1)
  Clock Path Skew:        -0.061ns (DCD - SCD + CPR)
    Destination Clock Delay (DCD):    3.712ns = ( 36.712 - 33.000 ) 
    Source Clock Delay      (SCD):    4.212ns
    Clock Pessimism Removal (CPR):    0.439ns
  Clock Uncertainty:      0.035ns  ((TSJ^2 + TIJ^2)^1/2 + DJ) / 2 + PE
    Total System Jitter     (TSJ):    0.071ns
    Total Input Jitter      (TIJ):    0.000ns
    Discrete Jitter          (DJ):    0.000ns
    Phase Error              (PE):    0.000ns

    Location             Delay type                Incr(ns)  Path(ns)    Netlist Resource(s)
  -------------------------------------------------------------------    -------------------
                         (clock dbg_hub/inst/BSCANID.u_xsdbm_id/SWITCH_N_EXT_BSCAN.bscan_inst/SERIES7_BSCAN.bscan_inst/TCK rise edge)
                                                      0.000     0.000 r  
    BSCAN_X0Y0           BSCANE2                      0.000     0.000 r  dbg_hub/inst/BSCANID.u_xsdbm_id/SWITCH_N_EXT_BSCAN.bscan_inst/SERIES7_BSCAN.bscan_inst/TCK
                         net (fo=1, routed)           2.325     2.325    dbg_hub/inst/BSCANID.u_xsdbm_id/tck_bs
    BUFGCTRL_X0Y1        BUFG (Prop_bufg_I_O)         0.101     2.426 r  dbg_hub/inst/BSCANID.u_xsdbm_id/SWITCH_N_EXT_BSCAN.u_bufg_icon_tck/O
                         net (fo=482, routed)         1.786     4.212    dbg_hub/inst/BSCANID.u_xsdbm_id/SWITCH_N_EXT_BSCAN.bscan_switch/s_bscan_tck
    SLICE_X92Y94         FDRE                                         r  dbg_hub/inst/BSCANID.u_xsdbm_id/SWITCH_N_EXT_BSCAN.bscan_switch/state_reg[2]/C
  -------------------------------------------------------------------    -------------------
    SLICE_X92Y94         FDRE (Prop_fdre_C_Q)         0.478     4.690 r  dbg_hub/inst/BSCANID.u_xsdbm_id/SWITCH_N_EXT_BSCAN.bscan_switch/state_reg[2]/Q
                         net (fo=50, routed)          2.198     6.888    dbg_hub/inst/BSCANID.u_xsdbm_id/SWITCH_N_EXT_BSCAN.bscan_switch/state[2]
    SLICE_X93Y93         LUT4 (Prop_lut4_I2_O)        0.329     7.217 r  dbg_hub/inst/BSCANID.u_xsdbm_id/SWITCH_N_EXT_BSCAN.bscan_switch/m_bscan_sel[0]_INST_0/O
                         net (fo=2, routed)           0.468     7.686    dbg_hub/inst/BSCANID.u_xsdbm_id/CORE_XSDB.U_ICON/U_CMD/iTARGET_reg[6]_0
    SLICE_X99Y93         LUT1 (Prop_lut1_I0_O)        0.326     8.012 f  dbg_hub/inst/BSCANID.u_xsdbm_id/CORE_XSDB.U_ICON/U_CMD/iTARGET[15]_i_2/O
                         net (fo=10, routed)          0.399     8.411    dbg_hub/inst/BSCANID.u_xsdbm_id/CORE_XSDB.U_ICON/U_CMD/iSEL_n
    SLICE_X99Y93         FDCE                                         f  dbg_hub/inst/BSCANID.u_xsdbm_id/CORE_XSDB.U_ICON/U_CMD/iTARGET_reg[12]/CLR
  -------------------------------------------------------------------    -------------------

                         (clock dbg_hub/inst/BSCANID.u_xsdbm_id/SWITCH_N_EXT_BSCAN.bscan_inst/SERIES7_BSCAN.bscan_inst/TCK rise edge)
                                                     33.000    33.000 r  
    BSCAN_X0Y0           BSCANE2                      0.000    33.000 r  dbg_hub/inst/BSCANID.u_xsdbm_id/SWITCH_N_EXT_BSCAN.bscan_inst/SERIES7_BSCAN.bscan_inst/TCK
                         net (fo=1, routed)           2.010    35.010    dbg_hub/inst/BSCANID.u_xsdbm_id/tck_bs
    BUFGCTRL_X0Y1        BUFG (Prop_bufg_I_O)         0.091    35.101 r  dbg_hub/inst/BSCANID.u_xsdbm_id/SWITCH_N_EXT_BSCAN.u_bufg_icon_tck/O
                         net (fo=482, routed)         1.611    36.712    dbg_hub/inst/BSCANID.u_xsdbm_id/CORE_XSDB.U_ICON/U_CMD/m_bscan_tck[0]
    SLICE_X99Y93         FDCE                                         r  dbg_hub/inst/BSCANID.u_xsdbm_id/CORE_XSDB.U_ICON/U_CMD/iTARGET_reg[12]/C
                         clock pessimism              0.439    37.151    
                         clock uncertainty           -0.035    37.116    
    SLICE_X99Y93         FDCE (Recov_fdce_C_CLR)     -0.405    36.711    dbg_hub/inst/BSCANID.u_xsdbm_id/CORE_XSDB.U_ICON/U_CMD/iTARGET_reg[12]
  -------------------------------------------------------------------
                         required time                         36.711    
                         arrival time                          -8.411    
  -------------------------------------------------------------------
                         slack                                 28.300    

Slack (MET) :             28.300ns  (required time - arrival time)
  Source:                 dbg_hub/inst/BSCANID.u_xsdbm_id/SWITCH_N_EXT_BSCAN.bscan_switch/state_reg[2]/C
                            (rising edge-triggered cell FDRE clocked by dbg_hub/inst/BSCANID.u_xsdbm_id/SWITCH_N_EXT_BSCAN.bscan_inst/SERIES7_BSCAN.bscan_inst/TCK  {rise@0.000ns fall@16.500ns period=33.000ns})
  Destination:            dbg_hub/inst/BSCANID.u_xsdbm_id/CORE_XSDB.U_ICON/U_CMD/iTARGET_reg[13]/CLR
                            (recovery check against rising-edge clock dbg_hub/inst/BSCANID.u_xsdbm_id/SWITCH_N_EXT_BSCAN.bscan_inst/SERIES7_BSCAN.bscan_inst/TCK  {rise@0.000ns fall@16.500ns period=33.000ns})
  Path Group:             **async_default**
  Path Type:              Recovery (Max at Slow Process Corner)
  Requirement:            33.000ns  (dbg_hub/inst/BSCANID.u_xsdbm_id/SWITCH_N_EXT_BSCAN.bscan_inst/SERIES7_BSCAN.bscan_inst/TCK rise@33.000ns - dbg_hub/inst/BSCANID.u_xsdbm_id/SWITCH_N_EXT_BSCAN.bscan_inst/SERIES7_BSCAN.bscan_inst/TCK rise@0.000ns)
  Data Path Delay:        4.198ns  (logic 1.133ns (26.988%)  route 3.065ns (73.012%))
  Logic Levels:           2  (LUT1=1 LUT4=1)
  Clock Path Skew:        -0.061ns (DCD - SCD + CPR)
    Destination Clock Delay (DCD):    3.712ns = ( 36.712 - 33.000 ) 
    Source Clock Delay      (SCD):    4.212ns
    Clock Pessimism Removal (CPR):    0.439ns
  Clock Uncertainty:      0.035ns  ((TSJ^2 + TIJ^2)^1/2 + DJ) / 2 + PE
    Total System Jitter     (TSJ):    0.071ns
    Total Input Jitter      (TIJ):    0.000ns
    Discrete Jitter          (DJ):    0.000ns
    Phase Error              (PE):    0.000ns

    Location             Delay type                Incr(ns)  Path(ns)    Netlist Resource(s)
  -------------------------------------------------------------------    -------------------
                         (clock dbg_hub/inst/BSCANID.u_xsdbm_id/SWITCH_N_EXT_BSCAN.bscan_inst/SERIES7_BSCAN.bscan_inst/TCK rise edge)
                                                      0.000     0.000 r  
    BSCAN_X0Y0           BSCANE2                      0.000     0.000 r  dbg_hub/inst/BSCANID.u_xsdbm_id/SWITCH_N_EXT_BSCAN.bscan_inst/SERIES7_BSCAN.bscan_inst/TCK
                         net (fo=1, routed)           2.325     2.325    dbg_hub/inst/BSCANID.u_xsdbm_id/tck_bs
    BUFGCTRL_X0Y1        BUFG (Prop_bufg_I_O)         0.101     2.426 r  dbg_hub/inst/BSCANID.u_xsdbm_id/SWITCH_N_EXT_BSCAN.u_bufg_icon_tck/O
                         net (fo=482, routed)         1.786     4.212    dbg_hub/inst/BSCANID.u_xsdbm_id/SWITCH_N_EXT_BSCAN.bscan_switch/s_bscan_tck
    SLICE_X92Y94         FDRE                                         r  dbg_hub/inst/BSCANID.u_xsdbm_id/SWITCH_N_EXT_BSCAN.bscan_switch/state_reg[2]/C
  -------------------------------------------------------------------    -------------------
    SLICE_X92Y94         FDRE (Prop_fdre_C_Q)         0.478     4.690 r  dbg_hub/inst/BSCANID.u_xsdbm_id/SWITCH_N_EXT_BSCAN.bscan_switch/state_reg[2]/Q
                         net (fo=50, routed)          2.198     6.888    dbg_hub/inst/BSCANID.u_xsdbm_id/SWITCH_N_EXT_BSCAN.bscan_switch/state[2]
    SLICE_X93Y93         LUT4 (Prop_lut4_I2_O)        0.329     7.217 r  dbg_hub/inst/BSCANID.u_xsdbm_id/SWITCH_N_EXT_BSCAN.bscan_switch/m_bscan_sel[0]_INST_0/O
                         net (fo=2, routed)           0.468     7.686    dbg_hub/inst/BSCANID.u_xsdbm_id/CORE_XSDB.U_ICON/U_CMD/iTARGET_reg[6]_0
    SLICE_X99Y93         LUT1 (Prop_lut1_I0_O)        0.326     8.012 f  dbg_hub/inst/BSCANID.u_xsdbm_id/CORE_XSDB.U_ICON/U_CMD/iTARGET[15]_i_2/O
                         net (fo=10, routed)          0.399     8.411    dbg_hub/inst/BSCANID.u_xsdbm_id/CORE_XSDB.U_ICON/U_CMD/iSEL_n
    SLICE_X99Y93         FDCE                                         f  dbg_hub/inst/BSCANID.u_xsdbm_id/CORE_XSDB.U_ICON/U_CMD/iTARGET_reg[13]/CLR
  -------------------------------------------------------------------    -------------------

                         (clock dbg_hub/inst/BSCANID.u_xsdbm_id/SWITCH_N_EXT_BSCAN.bscan_inst/SERIES7_BSCAN.bscan_inst/TCK rise edge)
                                                     33.000    33.000 r  
    BSCAN_X0Y0           BSCANE2                      0.000    33.000 r  dbg_hub/inst/BSCANID.u_xsdbm_id/SWITCH_N_EXT_BSCAN.bscan_inst/SERIES7_BSCAN.bscan_inst/TCK
                         net (fo=1, routed)           2.010    35.010    dbg_hub/inst/BSCANID.u_xsdbm_id/tck_bs
    BUFGCTRL_X0Y1        BUFG (Prop_bufg_I_O)         0.091    35.101 r  dbg_hub/inst/BSCANID.u_xsdbm_id/SWITCH_N_EXT_BSCAN.u_bufg_icon_tck/O
                         net (fo=482, routed)         1.611    36.712    dbg_hub/inst/BSCANID.u_xsdbm_id/CORE_XSDB.U_ICON/U_CMD/m_bscan_tck[0]
    SLICE_X99Y93         FDCE                                         r  dbg_hub/inst/BSCANID.u_xsdbm_id/CORE_XSDB.U_ICON/U_CMD/iTARGET_reg[13]/C
                         clock pessimism              0.439    37.151    
                         clock uncertainty           -0.035    37.116    
    SLICE_X99Y93         FDCE (Recov_fdce_C_CLR)     -0.405    36.711    dbg_hub/inst/BSCANID.u_xsdbm_id/CORE_XSDB.U_ICON/U_CMD/iTARGET_reg[13]
  -------------------------------------------------------------------
                         required time                         36.711    
                         arrival time                          -8.411    
  -------------------------------------------------------------------
                         slack                                 28.300    

Slack (MET) :             28.300ns  (required time - arrival time)
  Source:                 dbg_hub/inst/BSCANID.u_xsdbm_id/SWITCH_N_EXT_BSCAN.bscan_switch/state_reg[2]/C
                            (rising edge-triggered cell FDRE clocked by dbg_hub/inst/BSCANID.u_xsdbm_id/SWITCH_N_EXT_BSCAN.bscan_inst/SERIES7_BSCAN.bscan_inst/TCK  {rise@0.000ns fall@16.500ns period=33.000ns})
  Destination:            dbg_hub/inst/BSCANID.u_xsdbm_id/CORE_XSDB.U_ICON/U_CMD/iTARGET_reg[14]/CLR
                            (recovery check against rising-edge clock dbg_hub/inst/BSCANID.u_xsdbm_id/SWITCH_N_EXT_BSCAN.bscan_inst/SERIES7_BSCAN.bscan_inst/TCK  {rise@0.000ns fall@16.500ns period=33.000ns})
  Path Group:             **async_default**
  Path Type:              Recovery (Max at Slow Process Corner)
  Requirement:            33.000ns  (dbg_hub/inst/BSCANID.u_xsdbm_id/SWITCH_N_EXT_BSCAN.bscan_inst/SERIES7_BSCAN.bscan_inst/TCK rise@33.000ns - dbg_hub/inst/BSCANID.u_xsdbm_id/SWITCH_N_EXT_BSCAN.bscan_inst/SERIES7_BSCAN.bscan_inst/TCK rise@0.000ns)
  Data Path Delay:        4.198ns  (logic 1.133ns (26.988%)  route 3.065ns (73.012%))
  Logic Levels:           2  (LUT1=1 LUT4=1)
  Clock Path Skew:        -0.061ns (DCD - SCD + CPR)
    Destination Clock Delay (DCD):    3.712ns = ( 36.712 - 33.000 ) 
    Source Clock Delay      (SCD):    4.212ns
    Clock Pessimism Removal (CPR):    0.439ns
  Clock Uncertainty:      0.035ns  ((TSJ^2 + TIJ^2)^1/2 + DJ) / 2 + PE
    Total System Jitter     (TSJ):    0.071ns
    Total Input Jitter      (TIJ):    0.000ns
    Discrete Jitter          (DJ):    0.000ns
    Phase Error              (PE):    0.000ns

    Location             Delay type                Incr(ns)  Path(ns)    Netlist Resource(s)
  -------------------------------------------------------------------    -------------------
                         (clock dbg_hub/inst/BSCANID.u_xsdbm_id/SWITCH_N_EXT_BSCAN.bscan_inst/SERIES7_BSCAN.bscan_inst/TCK rise edge)
                                                      0.000     0.000 r  
    BSCAN_X0Y0           BSCANE2                      0.000     0.000 r  dbg_hub/inst/BSCANID.u_xsdbm_id/SWITCH_N_EXT_BSCAN.bscan_inst/SERIES7_BSCAN.bscan_inst/TCK
                         net (fo=1, routed)           2.325     2.325    dbg_hub/inst/BSCANID.u_xsdbm_id/tck_bs
    BUFGCTRL_X0Y1        BUFG (Prop_bufg_I_O)         0.101     2.426 r  dbg_hub/inst/BSCANID.u_xsdbm_id/SWITCH_N_EXT_BSCAN.u_bufg_icon_tck/O
                         net (fo=482, routed)         1.786     4.212    dbg_hub/inst/BSCANID.u_xsdbm_id/SWITCH_N_EXT_BSCAN.bscan_switch/s_bscan_tck
    SLICE_X92Y94         FDRE                                         r  dbg_hub/inst/BSCANID.u_xsdbm_id/SWITCH_N_EXT_BSCAN.bscan_switch/state_reg[2]/C
  -------------------------------------------------------------------    -------------------
    SLICE_X92Y94         FDRE (Prop_fdre_C_Q)         0.478     4.690 r  dbg_hub/inst/BSCANID.u_xsdbm_id/SWITCH_N_EXT_BSCAN.bscan_switch/state_reg[2]/Q
                         net (fo=50, routed)          2.198     6.888    dbg_hub/inst/BSCANID.u_xsdbm_id/SWITCH_N_EXT_BSCAN.bscan_switch/state[2]
    SLICE_X93Y93         LUT4 (Prop_lut4_I2_O)        0.329     7.217 r  dbg_hub/inst/BSCANID.u_xsdbm_id/SWITCH_N_EXT_BSCAN.bscan_switch/m_bscan_sel[0]_INST_0/O
                         net (fo=2, routed)           0.468     7.686    dbg_hub/inst/BSCANID.u_xsdbm_id/CORE_XSDB.U_ICON/U_CMD/iTARGET_reg[6]_0
    SLICE_X99Y93         LUT1 (Prop_lut1_I0_O)        0.326     8.012 f  dbg_hub/inst/BSCANID.u_xsdbm_id/CORE_XSDB.U_ICON/U_CMD/iTARGET[15]_i_2/O
                         net (fo=10, routed)          0.399     8.411    dbg_hub/inst/BSCANID.u_xsdbm_id/CORE_XSDB.U_ICON/U_CMD/iSEL_n
    SLICE_X99Y93         FDCE                                         f  dbg_hub/inst/BSCANID.u_xsdbm_id/CORE_XSDB.U_ICON/U_CMD/iTARGET_reg[14]/CLR
  -------------------------------------------------------------------    -------------------

                         (clock dbg_hub/inst/BSCANID.u_xsdbm_id/SWITCH_N_EXT_BSCAN.bscan_inst/SERIES7_BSCAN.bscan_inst/TCK rise edge)
                                                     33.000    33.000 r  
    BSCAN_X0Y0           BSCANE2                      0.000    33.000 r  dbg_hub/inst/BSCANID.u_xsdbm_id/SWITCH_N_EXT_BSCAN.bscan_inst/SERIES7_BSCAN.bscan_inst/TCK
                         net (fo=1, routed)           2.010    35.010    dbg_hub/inst/BSCANID.u_xsdbm_id/tck_bs
    BUFGCTRL_X0Y1        BUFG (Prop_bufg_I_O)         0.091    35.101 r  dbg_hub/inst/BSCANID.u_xsdbm_id/SWITCH_N_EXT_BSCAN.u_bufg_icon_tck/O
                         net (fo=482, routed)         1.611    36.712    dbg_hub/inst/BSCANID.u_xsdbm_id/CORE_XSDB.U_ICON/U_CMD/m_bscan_tck[0]
    SLICE_X99Y93         FDCE                                         r  dbg_hub/inst/BSCANID.u_xsdbm_id/CORE_XSDB.U_ICON/U_CMD/iTARGET_reg[14]/C
                         clock pessimism              0.439    37.151    
                         clock uncertainty           -0.035    37.116    
    SLICE_X99Y93         FDCE (Recov_fdce_C_CLR)     -0.405    36.711    dbg_hub/inst/BSCANID.u_xsdbm_id/CORE_XSDB.U_ICON/U_CMD/iTARGET_reg[14]
  -------------------------------------------------------------------
                         required time                         36.711    
                         arrival time                          -8.411    
  -------------------------------------------------------------------
                         slack                                 28.300    





Min Delay Paths
--------------------------------------------------------------------------------------
Slack (MET) :             0.365ns  (arrival time - required time)
  Source:                 dbg_hub/inst/BSCANID.u_xsdbm_id/CORE_XSDB.UUT_MASTER/U_ICON_INTERFACE/wrdata_rst_reg/C
                            (rising edge-triggered cell FDRE clocked by dbg_hub/inst/BSCANID.u_xsdbm_id/SWITCH_N_EXT_BSCAN.bscan_inst/SERIES7_BSCAN.bscan_inst/TCK  {rise@0.000ns fall@16.500ns period=33.000ns})
  Destination:            dbg_hub/inst/BSCANID.u_xsdbm_id/CORE_XSDB.UUT_MASTER/U_ICON_INTERFACE/U_CMD6_WR/shift_reg_in_reg[0]/CLR
                            (removal check against rising-edge clock dbg_hub/inst/BSCANID.u_xsdbm_id/SWITCH_N_EXT_BSCAN.bscan_inst/SERIES7_BSCAN.bscan_inst/TCK  {rise@0.000ns fall@16.500ns period=33.000ns})
  Path Group:             **async_default**
  Path Type:              Removal (Min at Fast Process Corner)
  Requirement:            0.000ns  (dbg_hub/inst/BSCANID.u_xsdbm_id/SWITCH_N_EXT_BSCAN.bscan_inst/SERIES7_BSCAN.bscan_inst/TCK rise@0.000ns - dbg_hub/inst/BSCANID.u_xsdbm_id/SWITCH_N_EXT_BSCAN.bscan_inst/SERIES7_BSCAN.bscan_inst/TCK rise@0.000ns)
  Data Path Delay:        0.334ns  (logic 0.141ns (42.211%)  route 0.193ns (57.789%))
  Logic Levels:           0  
  Clock Path Skew:        0.036ns (DCD - SCD - CPR)
    Destination Clock Delay (DCD):    2.074ns
    Source Clock Delay      (SCD):    1.667ns
    Clock Pessimism Removal (CPR):    0.371ns

    Location             Delay type                Incr(ns)  Path(ns)    Netlist Resource(s)
  -------------------------------------------------------------------    -------------------
                         (clock dbg_hub/inst/BSCANID.u_xsdbm_id/SWITCH_N_EXT_BSCAN.bscan_inst/SERIES7_BSCAN.bscan_inst/TCK rise edge)
                                                      0.000     0.000 r  
    BSCAN_X0Y0           BSCANE2                      0.000     0.000 r  dbg_hub/inst/BSCANID.u_xsdbm_id/SWITCH_N_EXT_BSCAN.bscan_inst/SERIES7_BSCAN.bscan_inst/TCK
                         net (fo=1, routed)           1.036     1.036    dbg_hub/inst/BSCANID.u_xsdbm_id/tck_bs
    BUFGCTRL_X0Y1        BUFG (Prop_bufg_I_O)         0.026     1.062 r  dbg_hub/inst/BSCANID.u_xsdbm_id/SWITCH_N_EXT_BSCAN.u_bufg_icon_tck/O
                         net (fo=482, routed)         0.605     1.667    dbg_hub/inst/BSCANID.u_xsdbm_id/CORE_XSDB.UUT_MASTER/U_ICON_INTERFACE/m_bscan_tck[0]
    SLICE_X95Y85         FDRE                                         r  dbg_hub/inst/BSCANID.u_xsdbm_id/CORE_XSDB.UUT_MASTER/U_ICON_INTERFACE/wrdata_rst_reg/C
  -------------------------------------------------------------------    -------------------
    SLICE_X95Y85         FDRE (Prop_fdre_C_Q)         0.141     1.808 f  dbg_hub/inst/BSCANID.u_xsdbm_id/CORE_XSDB.UUT_MASTER/U_ICON_INTERFACE/wrdata_rst_reg/Q
                         net (fo=20, routed)          0.193     2.001    dbg_hub/inst/BSCANID.u_xsdbm_id/CORE_XSDB.UUT_MASTER/U_ICON_INTERFACE/U_CMD6_WR/RST_I
    SLICE_X100Y85        FDCE                                         f  dbg_hub/inst/BSCANID.u_xsdbm_id/CORE_XSDB.UUT_MASTER/U_ICON_INTERFACE/U_CMD6_WR/shift_reg_in_reg[0]/CLR
  -------------------------------------------------------------------    -------------------

                         (clock dbg_hub/inst/BSCANID.u_xsdbm_id/SWITCH_N_EXT_BSCAN.bscan_inst/SERIES7_BSCAN.bscan_inst/TCK rise edge)
                                                      0.000     0.000 r  
    BSCAN_X0Y0           BSCANE2                      0.000     0.000 r  dbg_hub/inst/BSCANID.u_xsdbm_id/SWITCH_N_EXT_BSCAN.bscan_inst/SERIES7_BSCAN.bscan_inst/TCK
                         net (fo=1, routed)           1.170     1.170    dbg_hub/inst/BSCANID.u_xsdbm_id/tck_bs
    BUFGCTRL_X0Y1        BUFG (Prop_bufg_I_O)         0.029     1.199 r  dbg_hub/inst/BSCANID.u_xsdbm_id/SWITCH_N_EXT_BSCAN.u_bufg_icon_tck/O
                         net (fo=482, routed)         0.875     2.074    dbg_hub/inst/BSCANID.u_xsdbm_id/CORE_XSDB.UUT_MASTER/U_ICON_INTERFACE/U_CMD6_WR/m_bscan_tck[0]
    SLICE_X100Y85        FDCE                                         r  dbg_hub/inst/BSCANID.u_xsdbm_id/CORE_XSDB.UUT_MASTER/U_ICON_INTERFACE/U_CMD6_WR/shift_reg_in_reg[0]/C
                         clock pessimism             -0.371     1.703    
    SLICE_X100Y85        FDCE (Remov_fdce_C_CLR)     -0.067     1.636    dbg_hub/inst/BSCANID.u_xsdbm_id/CORE_XSDB.UUT_MASTER/U_ICON_INTERFACE/U_CMD6_WR/shift_reg_in_reg[0]
  -------------------------------------------------------------------
                         required time                         -1.636    
                         arrival time                           2.001    
  -------------------------------------------------------------------
                         slack                                  0.365    

Slack (MET) :             0.365ns  (arrival time - required time)
  Source:                 dbg_hub/inst/BSCANID.u_xsdbm_id/CORE_XSDB.UUT_MASTER/U_ICON_INTERFACE/wrdata_rst_reg/C
                            (rising edge-triggered cell FDRE clocked by dbg_hub/inst/BSCANID.u_xsdbm_id/SWITCH_N_EXT_BSCAN.bscan_inst/SERIES7_BSCAN.bscan_inst/TCK  {rise@0.000ns fall@16.500ns period=33.000ns})
  Destination:            dbg_hub/inst/BSCANID.u_xsdbm_id/CORE_XSDB.UUT_MASTER/U_ICON_INTERFACE/U_CMD6_WR/shift_reg_in_reg[1]/CLR
                            (removal check against rising-edge clock dbg_hub/inst/BSCANID.u_xsdbm_id/SWITCH_N_EXT_BSCAN.bscan_inst/SERIES7_BSCAN.bscan_inst/TCK  {rise@0.000ns fall@16.500ns period=33.000ns})
  Path Group:             **async_default**
  Path Type:              Removal (Min at Fast Process Corner)
  Requirement:            0.000ns  (dbg_hub/inst/BSCANID.u_xsdbm_id/SWITCH_N_EXT_BSCAN.bscan_inst/SERIES7_BSCAN.bscan_inst/TCK rise@0.000ns - dbg_hub/inst/BSCANID.u_xsdbm_id/SWITCH_N_EXT_BSCAN.bscan_inst/SERIES7_BSCAN.bscan_inst/TCK rise@0.000ns)
  Data Path Delay:        0.334ns  (logic 0.141ns (42.211%)  route 0.193ns (57.789%))
  Logic Levels:           0  
  Clock Path Skew:        0.036ns (DCD - SCD - CPR)
    Destination Clock Delay (DCD):    2.074ns
    Source Clock Delay      (SCD):    1.667ns
    Clock Pessimism Removal (CPR):    0.371ns

    Location             Delay type                Incr(ns)  Path(ns)    Netlist Resource(s)
  -------------------------------------------------------------------    -------------------
                         (clock dbg_hub/inst/BSCANID.u_xsdbm_id/SWITCH_N_EXT_BSCAN.bscan_inst/SERIES7_BSCAN.bscan_inst/TCK rise edge)
                                                      0.000     0.000 r  
    BSCAN_X0Y0           BSCANE2                      0.000     0.000 r  dbg_hub/inst/BSCANID.u_xsdbm_id/SWITCH_N_EXT_BSCAN.bscan_inst/SERIES7_BSCAN.bscan_inst/TCK
                         net (fo=1, routed)           1.036     1.036    dbg_hub/inst/BSCANID.u_xsdbm_id/tck_bs
    BUFGCTRL_X0Y1        BUFG (Prop_bufg_I_O)         0.026     1.062 r  dbg_hub/inst/BSCANID.u_xsdbm_id/SWITCH_N_EXT_BSCAN.u_bufg_icon_tck/O
                         net (fo=482, routed)         0.605     1.667    dbg_hub/inst/BSCANID.u_xsdbm_id/CORE_XSDB.UUT_MASTER/U_ICON_INTERFACE/m_bscan_tck[0]
    SLICE_X95Y85         FDRE                                         r  dbg_hub/inst/BSCANID.u_xsdbm_id/CORE_XSDB.UUT_MASTER/U_ICON_INTERFACE/wrdata_rst_reg/C
  -------------------------------------------------------------------    -------------------
    SLICE_X95Y85         FDRE (Prop_fdre_C_Q)         0.141     1.808 f  dbg_hub/inst/BSCANID.u_xsdbm_id/CORE_XSDB.UUT_MASTER/U_ICON_INTERFACE/wrdata_rst_reg/Q
                         net (fo=20, routed)          0.193     2.001    dbg_hub/inst/BSCANID.u_xsdbm_id/CORE_XSDB.UUT_MASTER/U_ICON_INTERFACE/U_CMD6_WR/RST_I
    SLICE_X100Y85        FDCE                                         f  dbg_hub/inst/BSCANID.u_xsdbm_id/CORE_XSDB.UUT_MASTER/U_ICON_INTERFACE/U_CMD6_WR/shift_reg_in_reg[1]/CLR
  -------------------------------------------------------------------    -------------------

                         (clock dbg_hub/inst/BSCANID.u_xsdbm_id/SWITCH_N_EXT_BSCAN.bscan_inst/SERIES7_BSCAN.bscan_inst/TCK rise edge)
                                                      0.000     0.000 r  
    BSCAN_X0Y0           BSCANE2                      0.000     0.000 r  dbg_hub/inst/BSCANID.u_xsdbm_id/SWITCH_N_EXT_BSCAN.bscan_inst/SERIES7_BSCAN.bscan_inst/TCK
                         net (fo=1, routed)           1.170     1.170    dbg_hub/inst/BSCANID.u_xsdbm_id/tck_bs
    BUFGCTRL_X0Y1        BUFG (Prop_bufg_I_O)         0.029     1.199 r  dbg_hub/inst/BSCANID.u_xsdbm_id/SWITCH_N_EXT_BSCAN.u_bufg_icon_tck/O
                         net (fo=482, routed)         0.875     2.074    dbg_hub/inst/BSCANID.u_xsdbm_id/CORE_XSDB.UUT_MASTER/U_ICON_INTERFACE/U_CMD6_WR/m_bscan_tck[0]
    SLICE_X100Y85        FDCE                                         r  dbg_hub/inst/BSCANID.u_xsdbm_id/CORE_XSDB.UUT_MASTER/U_ICON_INTERFACE/U_CMD6_WR/shift_reg_in_reg[1]/C
                         clock pessimism             -0.371     1.703    
    SLICE_X100Y85        FDCE (Remov_fdce_C_CLR)     -0.067     1.636    dbg_hub/inst/BSCANID.u_xsdbm_id/CORE_XSDB.UUT_MASTER/U_ICON_INTERFACE/U_CMD6_WR/shift_reg_in_reg[1]
  -------------------------------------------------------------------
                         required time                         -1.636    
                         arrival time                           2.001    
  -------------------------------------------------------------------
                         slack                                  0.365    

Slack (MET) :             0.365ns  (arrival time - required time)
  Source:                 dbg_hub/inst/BSCANID.u_xsdbm_id/CORE_XSDB.UUT_MASTER/U_ICON_INTERFACE/wrdata_rst_reg/C
                            (rising edge-triggered cell FDRE clocked by dbg_hub/inst/BSCANID.u_xsdbm_id/SWITCH_N_EXT_BSCAN.bscan_inst/SERIES7_BSCAN.bscan_inst/TCK  {rise@0.000ns fall@16.500ns period=33.000ns})
  Destination:            dbg_hub/inst/BSCANID.u_xsdbm_id/CORE_XSDB.UUT_MASTER/U_ICON_INTERFACE/U_CMD6_WR/shift_reg_in_reg[2]/CLR
                            (removal check against rising-edge clock dbg_hub/inst/BSCANID.u_xsdbm_id/SWITCH_N_EXT_BSCAN.bscan_inst/SERIES7_BSCAN.bscan_inst/TCK  {rise@0.000ns fall@16.500ns period=33.000ns})
  Path Group:             **async_default**
  Path Type:              Removal (Min at Fast Process Corner)
  Requirement:            0.000ns  (dbg_hub/inst/BSCANID.u_xsdbm_id/SWITCH_N_EXT_BSCAN.bscan_inst/SERIES7_BSCAN.bscan_inst/TCK rise@0.000ns - dbg_hub/inst/BSCANID.u_xsdbm_id/SWITCH_N_EXT_BSCAN.bscan_inst/SERIES7_BSCAN.bscan_inst/TCK rise@0.000ns)
  Data Path Delay:        0.334ns  (logic 0.141ns (42.211%)  route 0.193ns (57.789%))
  Logic Levels:           0  
  Clock Path Skew:        0.036ns (DCD - SCD - CPR)
    Destination Clock Delay (DCD):    2.074ns
    Source Clock Delay      (SCD):    1.667ns
    Clock Pessimism Removal (CPR):    0.371ns

    Location             Delay type                Incr(ns)  Path(ns)    Netlist Resource(s)
  -------------------------------------------------------------------    -------------------
                         (clock dbg_hub/inst/BSCANID.u_xsdbm_id/SWITCH_N_EXT_BSCAN.bscan_inst/SERIES7_BSCAN.bscan_inst/TCK rise edge)
                                                      0.000     0.000 r  
    BSCAN_X0Y0           BSCANE2                      0.000     0.000 r  dbg_hub/inst/BSCANID.u_xsdbm_id/SWITCH_N_EXT_BSCAN.bscan_inst/SERIES7_BSCAN.bscan_inst/TCK
                         net (fo=1, routed)           1.036     1.036    dbg_hub/inst/BSCANID.u_xsdbm_id/tck_bs
    BUFGCTRL_X0Y1        BUFG (Prop_bufg_I_O)         0.026     1.062 r  dbg_hub/inst/BSCANID.u_xsdbm_id/SWITCH_N_EXT_BSCAN.u_bufg_icon_tck/O
                         net (fo=482, routed)         0.605     1.667    dbg_hub/inst/BSCANID.u_xsdbm_id/CORE_XSDB.UUT_MASTER/U_ICON_INTERFACE/m_bscan_tck[0]
    SLICE_X95Y85         FDRE                                         r  dbg_hub/inst/BSCANID.u_xsdbm_id/CORE_XSDB.UUT_MASTER/U_ICON_INTERFACE/wrdata_rst_reg/C
  -------------------------------------------------------------------    -------------------
    SLICE_X95Y85         FDRE (Prop_fdre_C_Q)         0.141     1.808 f  dbg_hub/inst/BSCANID.u_xsdbm_id/CORE_XSDB.UUT_MASTER/U_ICON_INTERFACE/wrdata_rst_reg/Q
                         net (fo=20, routed)          0.193     2.001    dbg_hub/inst/BSCANID.u_xsdbm_id/CORE_XSDB.UUT_MASTER/U_ICON_INTERFACE/U_CMD6_WR/RST_I
    SLICE_X100Y85        FDCE                                         f  dbg_hub/inst/BSCANID.u_xsdbm_id/CORE_XSDB.UUT_MASTER/U_ICON_INTERFACE/U_CMD6_WR/shift_reg_in_reg[2]/CLR
  -------------------------------------------------------------------    -------------------

                         (clock dbg_hub/inst/BSCANID.u_xsdbm_id/SWITCH_N_EXT_BSCAN.bscan_inst/SERIES7_BSCAN.bscan_inst/TCK rise edge)
                                                      0.000     0.000 r  
    BSCAN_X0Y0           BSCANE2                      0.000     0.000 r  dbg_hub/inst/BSCANID.u_xsdbm_id/SWITCH_N_EXT_BSCAN.bscan_inst/SERIES7_BSCAN.bscan_inst/TCK
                         net (fo=1, routed)           1.170     1.170    dbg_hub/inst/BSCANID.u_xsdbm_id/tck_bs
    BUFGCTRL_X0Y1        BUFG (Prop_bufg_I_O)         0.029     1.199 r  dbg_hub/inst/BSCANID.u_xsdbm_id/SWITCH_N_EXT_BSCAN.u_bufg_icon_tck/O
                         net (fo=482, routed)         0.875     2.074    dbg_hub/inst/BSCANID.u_xsdbm_id/CORE_XSDB.UUT_MASTER/U_ICON_INTERFACE/U_CMD6_WR/m_bscan_tck[0]
    SLICE_X100Y85        FDCE                                         r  dbg_hub/inst/BSCANID.u_xsdbm_id/CORE_XSDB.UUT_MASTER/U_ICON_INTERFACE/U_CMD6_WR/shift_reg_in_reg[2]/C
                         clock pessimism             -0.371     1.703    
    SLICE_X100Y85        FDCE (Remov_fdce_C_CLR)     -0.067     1.636    dbg_hub/inst/BSCANID.u_xsdbm_id/CORE_XSDB.UUT_MASTER/U_ICON_INTERFACE/U_CMD6_WR/shift_reg_in_reg[2]
  -------------------------------------------------------------------
                         required time                         -1.636    
                         arrival time                           2.001    
  -------------------------------------------------------------------
                         slack                                  0.365    

Slack (MET) :             0.365ns  (arrival time - required time)
  Source:                 dbg_hub/inst/BSCANID.u_xsdbm_id/CORE_XSDB.UUT_MASTER/U_ICON_INTERFACE/wrdata_rst_reg/C
                            (rising edge-triggered cell FDRE clocked by dbg_hub/inst/BSCANID.u_xsdbm_id/SWITCH_N_EXT_BSCAN.bscan_inst/SERIES7_BSCAN.bscan_inst/TCK  {rise@0.000ns fall@16.500ns period=33.000ns})
  Destination:            dbg_hub/inst/BSCANID.u_xsdbm_id/CORE_XSDB.UUT_MASTER/U_ICON_INTERFACE/U_CMD6_WR/shift_reg_in_reg[3]/CLR
                            (removal check against rising-edge clock dbg_hub/inst/BSCANID.u_xsdbm_id/SWITCH_N_EXT_BSCAN.bscan_inst/SERIES7_BSCAN.bscan_inst/TCK  {rise@0.000ns fall@16.500ns period=33.000ns})
  Path Group:             **async_default**
  Path Type:              Removal (Min at Fast Process Corner)
  Requirement:            0.000ns  (dbg_hub/inst/BSCANID.u_xsdbm_id/SWITCH_N_EXT_BSCAN.bscan_inst/SERIES7_BSCAN.bscan_inst/TCK rise@0.000ns - dbg_hub/inst/BSCANID.u_xsdbm_id/SWITCH_N_EXT_BSCAN.bscan_inst/SERIES7_BSCAN.bscan_inst/TCK rise@0.000ns)
  Data Path Delay:        0.334ns  (logic 0.141ns (42.211%)  route 0.193ns (57.789%))
  Logic Levels:           0  
  Clock Path Skew:        0.036ns (DCD - SCD - CPR)
    Destination Clock Delay (DCD):    2.074ns
    Source Clock Delay      (SCD):    1.667ns
    Clock Pessimism Removal (CPR):    0.371ns

    Location             Delay type                Incr(ns)  Path(ns)    Netlist Resource(s)
  -------------------------------------------------------------------    -------------------
                         (clock dbg_hub/inst/BSCANID.u_xsdbm_id/SWITCH_N_EXT_BSCAN.bscan_inst/SERIES7_BSCAN.bscan_inst/TCK rise edge)
                                                      0.000     0.000 r  
    BSCAN_X0Y0           BSCANE2                      0.000     0.000 r  dbg_hub/inst/BSCANID.u_xsdbm_id/SWITCH_N_EXT_BSCAN.bscan_inst/SERIES7_BSCAN.bscan_inst/TCK
                         net (fo=1, routed)           1.036     1.036    dbg_hub/inst/BSCANID.u_xsdbm_id/tck_bs
    BUFGCTRL_X0Y1        BUFG (Prop_bufg_I_O)         0.026     1.062 r  dbg_hub/inst/BSCANID.u_xsdbm_id/SWITCH_N_EXT_BSCAN.u_bufg_icon_tck/O
                         net (fo=482, routed)         0.605     1.667    dbg_hub/inst/BSCANID.u_xsdbm_id/CORE_XSDB.UUT_MASTER/U_ICON_INTERFACE/m_bscan_tck[0]
    SLICE_X95Y85         FDRE                                         r  dbg_hub/inst/BSCANID.u_xsdbm_id/CORE_XSDB.UUT_MASTER/U_ICON_INTERFACE/wrdata_rst_reg/C
  -------------------------------------------------------------------    -------------------
    SLICE_X95Y85         FDRE (Prop_fdre_C_Q)         0.141     1.808 f  dbg_hub/inst/BSCANID.u_xsdbm_id/CORE_XSDB.UUT_MASTER/U_ICON_INTERFACE/wrdata_rst_reg/Q
                         net (fo=20, routed)          0.193     2.001    dbg_hub/inst/BSCANID.u_xsdbm_id/CORE_XSDB.UUT_MASTER/U_ICON_INTERFACE/U_CMD6_WR/RST_I
    SLICE_X100Y85        FDCE                                         f  dbg_hub/inst/BSCANID.u_xsdbm_id/CORE_XSDB.UUT_MASTER/U_ICON_INTERFACE/U_CMD6_WR/shift_reg_in_reg[3]/CLR
  -------------------------------------------------------------------    -------------------

                         (clock dbg_hub/inst/BSCANID.u_xsdbm_id/SWITCH_N_EXT_BSCAN.bscan_inst/SERIES7_BSCAN.bscan_inst/TCK rise edge)
                                                      0.000     0.000 r  
    BSCAN_X0Y0           BSCANE2                      0.000     0.000 r  dbg_hub/inst/BSCANID.u_xsdbm_id/SWITCH_N_EXT_BSCAN.bscan_inst/SERIES7_BSCAN.bscan_inst/TCK
                         net (fo=1, routed)           1.170     1.170    dbg_hub/inst/BSCANID.u_xsdbm_id/tck_bs
    BUFGCTRL_X0Y1        BUFG (Prop_bufg_I_O)         0.029     1.199 r  dbg_hub/inst/BSCANID.u_xsdbm_id/SWITCH_N_EXT_BSCAN.u_bufg_icon_tck/O
                         net (fo=482, routed)         0.875     2.074    dbg_hub/inst/BSCANID.u_xsdbm_id/CORE_XSDB.UUT_MASTER/U_ICON_INTERFACE/U_CMD6_WR/m_bscan_tck[0]
    SLICE_X100Y85        FDCE                                         r  dbg_hub/inst/BSCANID.u_xsdbm_id/CORE_XSDB.UUT_MASTER/U_ICON_INTERFACE/U_CMD6_WR/shift_reg_in_reg[3]/C
                         clock pessimism             -0.371     1.703    
    SLICE_X100Y85        FDCE (Remov_fdce_C_CLR)     -0.067     1.636    dbg_hub/inst/BSCANID.u_xsdbm_id/CORE_XSDB.UUT_MASTER/U_ICON_INTERFACE/U_CMD6_WR/shift_reg_in_reg[3]
  -------------------------------------------------------------------
                         required time                         -1.636    
                         arrival time                           2.001    
  -------------------------------------------------------------------
                         slack                                  0.365    

Slack (MET) :             0.379ns  (arrival time - required time)
  Source:                 dbg_hub/inst/BSCANID.u_xsdbm_id/CORE_XSDB.UUT_MASTER/U_ICON_INTERFACE/U_CMD6_RD/U_RD_FIFO/SUBCORE_FIFO.xsdbm_v3_0_0_rdfifo_inst/inst_fifo_gen/gconvfifo.rf/grf.rf/rstblk/ngwrdrst.grst.g7serrst.rd_rst_reg_reg[2]/C
                            (rising edge-triggered cell FDPE clocked by dbg_hub/inst/BSCANID.u_xsdbm_id/SWITCH_N_EXT_BSCAN.bscan_inst/SERIES7_BSCAN.bscan_inst/TCK  {rise@0.000ns fall@16.500ns period=33.000ns})
  Destination:            dbg_hub/inst/BSCANID.u_xsdbm_id/CORE_XSDB.UUT_MASTER/U_ICON_INTERFACE/U_CMD6_RD/U_RD_FIFO/SUBCORE_FIFO.xsdbm_v3_0_0_rdfifo_inst/inst_fifo_gen/gconvfifo.rf/grf.rf/gntv_or_sync_fifo.gl0.rd/gr1.gr1_int.rfwft/gpregsm1.curr_fwft_state_reg[0]/CLR
                            (removal check against rising-edge clock dbg_hub/inst/BSCANID.u_xsdbm_id/SWITCH_N_EXT_BSCAN.bscan_inst/SERIES7_BSCAN.bscan_inst/TCK  {rise@0.000ns fall@16.500ns period=33.000ns})
  Path Group:             **async_default**
  Path Type:              Removal (Min at Fast Process Corner)
  Requirement:            0.000ns  (dbg_hub/inst/BSCANID.u_xsdbm_id/SWITCH_N_EXT_BSCAN.bscan_inst/SERIES7_BSCAN.bscan_inst/TCK rise@0.000ns - dbg_hub/inst/BSCANID.u_xsdbm_id/SWITCH_N_EXT_BSCAN.bscan_inst/SERIES7_BSCAN.bscan_inst/TCK rise@0.000ns)
  Data Path Delay:        0.302ns  (logic 0.164ns (54.384%)  route 0.138ns (45.616%))
  Logic Levels:           0  
  Clock Path Skew:        0.015ns (DCD - SCD - CPR)
    Destination Clock Delay (DCD):    2.072ns
    Source Clock Delay      (SCD):    1.666ns
    Clock Pessimism Removal (CPR):    0.391ns

    Location             Delay type                Incr(ns)  Path(ns)    Netlist Resource(s)
  -------------------------------------------------------------------    -------------------
                         (clock dbg_hub/inst/BSCANID.u_xsdbm_id/SWITCH_N_EXT_BSCAN.bscan_inst/SERIES7_BSCAN.bscan_inst/TCK rise edge)
                                                      0.000     0.000 r  
    BSCAN_X0Y0           BSCANE2                      0.000     0.000 r  dbg_hub/inst/BSCANID.u_xsdbm_id/SWITCH_N_EXT_BSCAN.bscan_inst/SERIES7_BSCAN.bscan_inst/TCK
                         net (fo=1, routed)           1.036     1.036    dbg_hub/inst/BSCANID.u_xsdbm_id/tck_bs
    BUFGCTRL_X0Y1        BUFG (Prop_bufg_I_O)         0.026     1.062 r  dbg_hub/inst/BSCANID.u_xsdbm_id/SWITCH_N_EXT_BSCAN.u_bufg_icon_tck/O
                         net (fo=482, routed)         0.604     1.666    dbg_hub/inst/BSCANID.u_xsdbm_id/CORE_XSDB.UUT_MASTER/U_ICON_INTERFACE/U_CMD6_RD/U_RD_FIFO/SUBCORE_FIFO.xsdbm_v3_0_0_rdfifo_inst/inst_fifo_gen/gconvfifo.rf/grf.rf/rstblk/rd_clk
    SLICE_X96Y83         FDPE                                         r  dbg_hub/inst/BSCANID.u_xsdbm_id/CORE_XSDB.UUT_MASTER/U_ICON_INTERFACE/U_CMD6_RD/U_RD_FIFO/SUBCORE_FIFO.xsdbm_v3_0_0_rdfifo_inst/inst_fifo_gen/gconvfifo.rf/grf.rf/rstblk/ngwrdrst.grst.g7serrst.rd_rst_reg_reg[2]/C
  -------------------------------------------------------------------    -------------------
    SLICE_X96Y83         FDPE (Prop_fdpe_C_Q)         0.164     1.830 f  dbg_hub/inst/BSCANID.u_xsdbm_id/CORE_XSDB.UUT_MASTER/U_ICON_INTERFACE/U_CMD6_RD/U_RD_FIFO/SUBCORE_FIFO.xsdbm_v3_0_0_rdfifo_inst/inst_fifo_gen/gconvfifo.rf/grf.rf/rstblk/ngwrdrst.grst.g7serrst.rd_rst_reg_reg[2]/Q
                         net (fo=18, routed)          0.138     1.968    dbg_hub/inst/BSCANID.u_xsdbm_id/CORE_XSDB.UUT_MASTER/U_ICON_INTERFACE/U_CMD6_RD/U_RD_FIFO/SUBCORE_FIFO.xsdbm_v3_0_0_rdfifo_inst/inst_fifo_gen/gconvfifo.rf/grf.rf/gntv_or_sync_fifo.gl0.rd/gr1.gr1_int.rfwft/out[1]
    SLICE_X97Y84         FDCE                                         f  dbg_hub/inst/BSCANID.u_xsdbm_id/CORE_XSDB.UUT_MASTER/U_ICON_INTERFACE/U_CMD6_RD/U_RD_FIFO/SUBCORE_FIFO.xsdbm_v3_0_0_rdfifo_inst/inst_fifo_gen/gconvfifo.rf/grf.rf/gntv_or_sync_fifo.gl0.rd/gr1.gr1_int.rfwft/gpregsm1.curr_fwft_state_reg[0]/CLR
  -------------------------------------------------------------------    -------------------

                         (clock dbg_hub/inst/BSCANID.u_xsdbm_id/SWITCH_N_EXT_BSCAN.bscan_inst/SERIES7_BSCAN.bscan_inst/TCK rise edge)
                                                      0.000     0.000 r  
    BSCAN_X0Y0           BSCANE2                      0.000     0.000 r  dbg_hub/inst/BSCANID.u_xsdbm_id/SWITCH_N_EXT_BSCAN.bscan_inst/SERIES7_BSCAN.bscan_inst/TCK
                         net (fo=1, routed)           1.170     1.170    dbg_hub/inst/BSCANID.u_xsdbm_id/tck_bs
    BUFGCTRL_X0Y1        BUFG (Prop_bufg_I_O)         0.029     1.199 r  dbg_hub/inst/BSCANID.u_xsdbm_id/SWITCH_N_EXT_BSCAN.u_bufg_icon_tck/O
                         net (fo=482, routed)         0.873     2.072    dbg_hub/inst/BSCANID.u_xsdbm_id/CORE_XSDB.UUT_MASTER/U_ICON_INTERFACE/U_CMD6_RD/U_RD_FIFO/SUBCORE_FIFO.xsdbm_v3_0_0_rdfifo_inst/inst_fifo_gen/gconvfifo.rf/grf.rf/gntv_or_sync_fifo.gl0.rd/gr1.gr1_int.rfwft/rd_clk
    SLICE_X97Y84         FDCE                                         r  dbg_hub/inst/BSCANID.u_xsdbm_id/CORE_XSDB.UUT_MASTER/U_ICON_INTERFACE/U_CMD6_RD/U_RD_FIFO/SUBCORE_FIFO.xsdbm_v3_0_0_rdfifo_inst/inst_fifo_gen/gconvfifo.rf/grf.rf/gntv_or_sync_fifo.gl0.rd/gr1.gr1_int.rfwft/gpregsm1.curr_fwft_state_reg[0]/C
                         clock pessimism             -0.391     1.681    
    SLICE_X97Y84         FDCE (Remov_fdce_C_CLR)     -0.092     1.589    dbg_hub/inst/BSCANID.u_xsdbm_id/CORE_XSDB.UUT_MASTER/U_ICON_INTERFACE/U_CMD6_RD/U_RD_FIFO/SUBCORE_FIFO.xsdbm_v3_0_0_rdfifo_inst/inst_fifo_gen/gconvfifo.rf/grf.rf/gntv_or_sync_fifo.gl0.rd/gr1.gr1_int.rfwft/gpregsm1.curr_fwft_state_reg[0]
  -------------------------------------------------------------------
                         required time                         -1.589    
                         arrival time                           1.968    
  -------------------------------------------------------------------
                         slack                                  0.379    

Slack (MET) :             0.379ns  (arrival time - required time)
  Source:                 dbg_hub/inst/BSCANID.u_xsdbm_id/CORE_XSDB.UUT_MASTER/U_ICON_INTERFACE/U_CMD6_RD/U_RD_FIFO/SUBCORE_FIFO.xsdbm_v3_0_0_rdfifo_inst/inst_fifo_gen/gconvfifo.rf/grf.rf/rstblk/ngwrdrst.grst.g7serrst.rd_rst_reg_reg[2]/C
                            (rising edge-triggered cell FDPE clocked by dbg_hub/inst/BSCANID.u_xsdbm_id/SWITCH_N_EXT_BSCAN.bscan_inst/SERIES7_BSCAN.bscan_inst/TCK  {rise@0.000ns fall@16.500ns period=33.000ns})
  Destination:            dbg_hub/inst/BSCANID.u_xsdbm_id/CORE_XSDB.UUT_MASTER/U_ICON_INTERFACE/U_CMD6_RD/U_RD_FIFO/SUBCORE_FIFO.xsdbm_v3_0_0_rdfifo_inst/inst_fifo_gen/gconvfifo.rf/grf.rf/gntv_or_sync_fifo.gl0.rd/gr1.gr1_int.rfwft/gpregsm1.curr_fwft_state_reg[1]/CLR
                            (removal check against rising-edge clock dbg_hub/inst/BSCANID.u_xsdbm_id/SWITCH_N_EXT_BSCAN.bscan_inst/SERIES7_BSCAN.bscan_inst/TCK  {rise@0.000ns fall@16.500ns period=33.000ns})
  Path Group:             **async_default**
  Path Type:              Removal (Min at Fast Process Corner)
  Requirement:            0.000ns  (dbg_hub/inst/BSCANID.u_xsdbm_id/SWITCH_N_EXT_BSCAN.bscan_inst/SERIES7_BSCAN.bscan_inst/TCK rise@0.000ns - dbg_hub/inst/BSCANID.u_xsdbm_id/SWITCH_N_EXT_BSCAN.bscan_inst/SERIES7_BSCAN.bscan_inst/TCK rise@0.000ns)
  Data Path Delay:        0.302ns  (logic 0.164ns (54.384%)  route 0.138ns (45.616%))
  Logic Levels:           0  
  Clock Path Skew:        0.015ns (DCD - SCD - CPR)
    Destination Clock Delay (DCD):    2.072ns
    Source Clock Delay      (SCD):    1.666ns
    Clock Pessimism Removal (CPR):    0.391ns

    Location             Delay type                Incr(ns)  Path(ns)    Netlist Resource(s)
  -------------------------------------------------------------------    -------------------
                         (clock dbg_hub/inst/BSCANID.u_xsdbm_id/SWITCH_N_EXT_BSCAN.bscan_inst/SERIES7_BSCAN.bscan_inst/TCK rise edge)
                                                      0.000     0.000 r  
    BSCAN_X0Y0           BSCANE2                      0.000     0.000 r  dbg_hub/inst/BSCANID.u_xsdbm_id/SWITCH_N_EXT_BSCAN.bscan_inst/SERIES7_BSCAN.bscan_inst/TCK
                         net (fo=1, routed)           1.036     1.036    dbg_hub/inst/BSCANID.u_xsdbm_id/tck_bs
    BUFGCTRL_X0Y1        BUFG (Prop_bufg_I_O)         0.026     1.062 r  dbg_hub/inst/BSCANID.u_xsdbm_id/SWITCH_N_EXT_BSCAN.u_bufg_icon_tck/O
                         net (fo=482, routed)         0.604     1.666    dbg_hub/inst/BSCANID.u_xsdbm_id/CORE_XSDB.UUT_MASTER/U_ICON_INTERFACE/U_CMD6_RD/U_RD_FIFO/SUBCORE_FIFO.xsdbm_v3_0_0_rdfifo_inst/inst_fifo_gen/gconvfifo.rf/grf.rf/rstblk/rd_clk
    SLICE_X96Y83         FDPE                                         r  dbg_hub/inst/BSCANID.u_xsdbm_id/CORE_XSDB.UUT_MASTER/U_ICON_INTERFACE/U_CMD6_RD/U_RD_FIFO/SUBCORE_FIFO.xsdbm_v3_0_0_rdfifo_inst/inst_fifo_gen/gconvfifo.rf/grf.rf/rstblk/ngwrdrst.grst.g7serrst.rd_rst_reg_reg[2]/C
  -------------------------------------------------------------------    -------------------
    SLICE_X96Y83         FDPE (Prop_fdpe_C_Q)         0.164     1.830 f  dbg_hub/inst/BSCANID.u_xsdbm_id/CORE_XSDB.UUT_MASTER/U_ICON_INTERFACE/U_CMD6_RD/U_RD_FIFO/SUBCORE_FIFO.xsdbm_v3_0_0_rdfifo_inst/inst_fifo_gen/gconvfifo.rf/grf.rf/rstblk/ngwrdrst.grst.g7serrst.rd_rst_reg_reg[2]/Q
                         net (fo=18, routed)          0.138     1.968    dbg_hub/inst/BSCANID.u_xsdbm_id/CORE_XSDB.UUT_MASTER/U_ICON_INTERFACE/U_CMD6_RD/U_RD_FIFO/SUBCORE_FIFO.xsdbm_v3_0_0_rdfifo_inst/inst_fifo_gen/gconvfifo.rf/grf.rf/gntv_or_sync_fifo.gl0.rd/gr1.gr1_int.rfwft/out[1]
    SLICE_X97Y84         FDCE                                         f  dbg_hub/inst/BSCANID.u_xsdbm_id/CORE_XSDB.UUT_MASTER/U_ICON_INTERFACE/U_CMD6_RD/U_RD_FIFO/SUBCORE_FIFO.xsdbm_v3_0_0_rdfifo_inst/inst_fifo_gen/gconvfifo.rf/grf.rf/gntv_or_sync_fifo.gl0.rd/gr1.gr1_int.rfwft/gpregsm1.curr_fwft_state_reg[1]/CLR
  -------------------------------------------------------------------    -------------------

                         (clock dbg_hub/inst/BSCANID.u_xsdbm_id/SWITCH_N_EXT_BSCAN.bscan_inst/SERIES7_BSCAN.bscan_inst/TCK rise edge)
                                                      0.000     0.000 r  
    BSCAN_X0Y0           BSCANE2                      0.000     0.000 r  dbg_hub/inst/BSCANID.u_xsdbm_id/SWITCH_N_EXT_BSCAN.bscan_inst/SERIES7_BSCAN.bscan_inst/TCK
                         net (fo=1, routed)           1.170     1.170    dbg_hub/inst/BSCANID.u_xsdbm_id/tck_bs
    BUFGCTRL_X0Y1        BUFG (Prop_bufg_I_O)         0.029     1.199 r  dbg_hub/inst/BSCANID.u_xsdbm_id/SWITCH_N_EXT_BSCAN.u_bufg_icon_tck/O
                         net (fo=482, routed)         0.873     2.072    dbg_hub/inst/BSCANID.u_xsdbm_id/CORE_XSDB.UUT_MASTER/U_ICON_INTERFACE/U_CMD6_RD/U_RD_FIFO/SUBCORE_FIFO.xsdbm_v3_0_0_rdfifo_inst/inst_fifo_gen/gconvfifo.rf/grf.rf/gntv_or_sync_fifo.gl0.rd/gr1.gr1_int.rfwft/rd_clk
    SLICE_X97Y84         FDCE                                         r  dbg_hub/inst/BSCANID.u_xsdbm_id/CORE_XSDB.UUT_MASTER/U_ICON_INTERFACE/U_CMD6_RD/U_RD_FIFO/SUBCORE_FIFO.xsdbm_v3_0_0_rdfifo_inst/inst_fifo_gen/gconvfifo.rf/grf.rf/gntv_or_sync_fifo.gl0.rd/gr1.gr1_int.rfwft/gpregsm1.curr_fwft_state_reg[1]/C
                         clock pessimism             -0.391     1.681    
    SLICE_X97Y84         FDCE (Remov_fdce_C_CLR)     -0.092     1.589    dbg_hub/inst/BSCANID.u_xsdbm_id/CORE_XSDB.UUT_MASTER/U_ICON_INTERFACE/U_CMD6_RD/U_RD_FIFO/SUBCORE_FIFO.xsdbm_v3_0_0_rdfifo_inst/inst_fifo_gen/gconvfifo.rf/grf.rf/gntv_or_sync_fifo.gl0.rd/gr1.gr1_int.rfwft/gpregsm1.curr_fwft_state_reg[1]
  -------------------------------------------------------------------
                         required time                         -1.589    
                         arrival time                           1.968    
  -------------------------------------------------------------------
                         slack                                  0.379    

Slack (MET) :             0.382ns  (arrival time - required time)
  Source:                 dbg_hub/inst/BSCANID.u_xsdbm_id/CORE_XSDB.UUT_MASTER/U_ICON_INTERFACE/U_CMD6_RD/U_RD_FIFO/SUBCORE_FIFO.xsdbm_v3_0_0_rdfifo_inst/inst_fifo_gen/gconvfifo.rf/grf.rf/rstblk/ngwrdrst.grst.g7serrst.rd_rst_reg_reg[2]/C
                            (rising edge-triggered cell FDPE clocked by dbg_hub/inst/BSCANID.u_xsdbm_id/SWITCH_N_EXT_BSCAN.bscan_inst/SERIES7_BSCAN.bscan_inst/TCK  {rise@0.000ns fall@16.500ns period=33.000ns})
  Destination:            dbg_hub/inst/BSCANID.u_xsdbm_id/CORE_XSDB.UUT_MASTER/U_ICON_INTERFACE/U_CMD6_RD/U_RD_FIFO/SUBCORE_FIFO.xsdbm_v3_0_0_rdfifo_inst/inst_fifo_gen/gconvfifo.rf/grf.rf/gntv_or_sync_fifo.gl0.rd/gr1.gr1_int.rfwft/aempty_fwft_fb_i_reg/PRE
                            (removal check against rising-edge clock dbg_hub/inst/BSCANID.u_xsdbm_id/SWITCH_N_EXT_BSCAN.bscan_inst/SERIES7_BSCAN.bscan_inst/TCK  {rise@0.000ns fall@16.500ns period=33.000ns})
  Path Group:             **async_default**
  Path Type:              Removal (Min at Fast Process Corner)
  Requirement:            0.000ns  (dbg_hub/inst/BSCANID.u_xsdbm_id/SWITCH_N_EXT_BSCAN.bscan_inst/SERIES7_BSCAN.bscan_inst/TCK rise@0.000ns - dbg_hub/inst/BSCANID.u_xsdbm_id/SWITCH_N_EXT_BSCAN.bscan_inst/SERIES7_BSCAN.bscan_inst/TCK rise@0.000ns)
  Data Path Delay:        0.302ns  (logic 0.164ns (54.384%)  route 0.138ns (45.616%))
  Logic Levels:           0  
  Clock Path Skew:        0.015ns (DCD - SCD - CPR)
    Destination Clock Delay (DCD):    2.072ns
    Source Clock Delay      (SCD):    1.666ns
    Clock Pessimism Removal (CPR):    0.391ns

    Location             Delay type                Incr(ns)  Path(ns)    Netlist Resource(s)
  -------------------------------------------------------------------    -------------------
                         (clock dbg_hub/inst/BSCANID.u_xsdbm_id/SWITCH_N_EXT_BSCAN.bscan_inst/SERIES7_BSCAN.bscan_inst/TCK rise edge)
                                                      0.000     0.000 r  
    BSCAN_X0Y0           BSCANE2                      0.000     0.000 r  dbg_hub/inst/BSCANID.u_xsdbm_id/SWITCH_N_EXT_BSCAN.bscan_inst/SERIES7_BSCAN.bscan_inst/TCK
                         net (fo=1, routed)           1.036     1.036    dbg_hub/inst/BSCANID.u_xsdbm_id/tck_bs
    BUFGCTRL_X0Y1        BUFG (Prop_bufg_I_O)         0.026     1.062 r  dbg_hub/inst/BSCANID.u_xsdbm_id/SWITCH_N_EXT_BSCAN.u_bufg_icon_tck/O
                         net (fo=482, routed)         0.604     1.666    dbg_hub/inst/BSCANID.u_xsdbm_id/CORE_XSDB.UUT_MASTER/U_ICON_INTERFACE/U_CMD6_RD/U_RD_FIFO/SUBCORE_FIFO.xsdbm_v3_0_0_rdfifo_inst/inst_fifo_gen/gconvfifo.rf/grf.rf/rstblk/rd_clk
    SLICE_X96Y83         FDPE                                         r  dbg_hub/inst/BSCANID.u_xsdbm_id/CORE_XSDB.UUT_MASTER/U_ICON_INTERFACE/U_CMD6_RD/U_RD_FIFO/SUBCORE_FIFO.xsdbm_v3_0_0_rdfifo_inst/inst_fifo_gen/gconvfifo.rf/grf.rf/rstblk/ngwrdrst.grst.g7serrst.rd_rst_reg_reg[2]/C
  -------------------------------------------------------------------    -------------------
    SLICE_X96Y83         FDPE (Prop_fdpe_C_Q)         0.164     1.830 f  dbg_hub/inst/BSCANID.u_xsdbm_id/CORE_XSDB.UUT_MASTER/U_ICON_INTERFACE/U_CMD6_RD/U_RD_FIFO/SUBCORE_FIFO.xsdbm_v3_0_0_rdfifo_inst/inst_fifo_gen/gconvfifo.rf/grf.rf/rstblk/ngwrdrst.grst.g7serrst.rd_rst_reg_reg[2]/Q
                         net (fo=18, routed)          0.138     1.968    dbg_hub/inst/BSCANID.u_xsdbm_id/CORE_XSDB.UUT_MASTER/U_ICON_INTERFACE/U_CMD6_RD/U_RD_FIFO/SUBCORE_FIFO.xsdbm_v3_0_0_rdfifo_inst/inst_fifo_gen/gconvfifo.rf/grf.rf/gntv_or_sync_fifo.gl0.rd/gr1.gr1_int.rfwft/out[1]
    SLICE_X97Y84         FDPE                                         f  dbg_hub/inst/BSCANID.u_xsdbm_id/CORE_XSDB.UUT_MASTER/U_ICON_INTERFACE/U_CMD6_RD/U_RD_FIFO/SUBCORE_FIFO.xsdbm_v3_0_0_rdfifo_inst/inst_fifo_gen/gconvfifo.rf/grf.rf/gntv_or_sync_fifo.gl0.rd/gr1.gr1_int.rfwft/aempty_fwft_fb_i_reg/PRE
  -------------------------------------------------------------------    -------------------

                         (clock dbg_hub/inst/BSCANID.u_xsdbm_id/SWITCH_N_EXT_BSCAN.bscan_inst/SERIES7_BSCAN.bscan_inst/TCK rise edge)
                                                      0.000     0.000 r  
    BSCAN_X0Y0           BSCANE2                      0.000     0.000 r  dbg_hub/inst/BSCANID.u_xsdbm_id/SWITCH_N_EXT_BSCAN.bscan_inst/SERIES7_BSCAN.bscan_inst/TCK
                         net (fo=1, routed)           1.170     1.170    dbg_hub/inst/BSCANID.u_xsdbm_id/tck_bs
    BUFGCTRL_X0Y1        BUFG (Prop_bufg_I_O)         0.029     1.199 r  dbg_hub/inst/BSCANID.u_xsdbm_id/SWITCH_N_EXT_BSCAN.u_bufg_icon_tck/O
                         net (fo=482, routed)         0.873     2.072    dbg_hub/inst/BSCANID.u_xsdbm_id/CORE_XSDB.UUT_MASTER/U_ICON_INTERFACE/U_CMD6_RD/U_RD_FIFO/SUBCORE_FIFO.xsdbm_v3_0_0_rdfifo_inst/inst_fifo_gen/gconvfifo.rf/grf.rf/gntv_or_sync_fifo.gl0.rd/gr1.gr1_int.rfwft/rd_clk
    SLICE_X97Y84         FDPE                                         r  dbg_hub/inst/BSCANID.u_xsdbm_id/CORE_XSDB.UUT_MASTER/U_ICON_INTERFACE/U_CMD6_RD/U_RD_FIFO/SUBCORE_FIFO.xsdbm_v3_0_0_rdfifo_inst/inst_fifo_gen/gconvfifo.rf/grf.rf/gntv_or_sync_fifo.gl0.rd/gr1.gr1_int.rfwft/aempty_fwft_fb_i_reg/C
                         clock pessimism             -0.391     1.681    
    SLICE_X97Y84         FDPE (Remov_fdpe_C_PRE)     -0.095     1.586    dbg_hub/inst/BSCANID.u_xsdbm_id/CORE_XSDB.UUT_MASTER/U_ICON_INTERFACE/U_CMD6_RD/U_RD_FIFO/SUBCORE_FIFO.xsdbm_v3_0_0_rdfifo_inst/inst_fifo_gen/gconvfifo.rf/grf.rf/gntv_or_sync_fifo.gl0.rd/gr1.gr1_int.rfwft/aempty_fwft_fb_i_reg
  -------------------------------------------------------------------
                         required time                         -1.586    
                         arrival time                           1.968    
  -------------------------------------------------------------------
                         slack                                  0.382    

Slack (MET) :             0.382ns  (arrival time - required time)
  Source:                 dbg_hub/inst/BSCANID.u_xsdbm_id/CORE_XSDB.UUT_MASTER/U_ICON_INTERFACE/U_CMD6_RD/U_RD_FIFO/SUBCORE_FIFO.xsdbm_v3_0_0_rdfifo_inst/inst_fifo_gen/gconvfifo.rf/grf.rf/rstblk/ngwrdrst.grst.g7serrst.rd_rst_reg_reg[2]/C
                            (rising edge-triggered cell FDPE clocked by dbg_hub/inst/BSCANID.u_xsdbm_id/SWITCH_N_EXT_BSCAN.bscan_inst/SERIES7_BSCAN.bscan_inst/TCK  {rise@0.000ns fall@16.500ns period=33.000ns})
  Destination:            dbg_hub/inst/BSCANID.u_xsdbm_id/CORE_XSDB.UUT_MASTER/U_ICON_INTERFACE/U_CMD6_RD/U_RD_FIFO/SUBCORE_FIFO.xsdbm_v3_0_0_rdfifo_inst/inst_fifo_gen/gconvfifo.rf/grf.rf/gntv_or_sync_fifo.gl0.rd/gr1.gr1_int.rfwft/aempty_fwft_i_reg/PRE
                            (removal check against rising-edge clock dbg_hub/inst/BSCANID.u_xsdbm_id/SWITCH_N_EXT_BSCAN.bscan_inst/SERIES7_BSCAN.bscan_inst/TCK  {rise@0.000ns fall@16.500ns period=33.000ns})
  Path Group:             **async_default**
  Path Type:              Removal (Min at Fast Process Corner)
  Requirement:            0.000ns  (dbg_hub/inst/BSCANID.u_xsdbm_id/SWITCH_N_EXT_BSCAN.bscan_inst/SERIES7_BSCAN.bscan_inst/TCK rise@0.000ns - dbg_hub/inst/BSCANID.u_xsdbm_id/SWITCH_N_EXT_BSCAN.bscan_inst/SERIES7_BSCAN.bscan_inst/TCK rise@0.000ns)
  Data Path Delay:        0.302ns  (logic 0.164ns (54.384%)  route 0.138ns (45.616%))
  Logic Levels:           0  
  Clock Path Skew:        0.015ns (DCD - SCD - CPR)
    Destination Clock Delay (DCD):    2.072ns
    Source Clock Delay      (SCD):    1.666ns
    Clock Pessimism Removal (CPR):    0.391ns

    Location             Delay type                Incr(ns)  Path(ns)    Netlist Resource(s)
  -------------------------------------------------------------------    -------------------
                         (clock dbg_hub/inst/BSCANID.u_xsdbm_id/SWITCH_N_EXT_BSCAN.bscan_inst/SERIES7_BSCAN.bscan_inst/TCK rise edge)
                                                      0.000     0.000 r  
    BSCAN_X0Y0           BSCANE2                      0.000     0.000 r  dbg_hub/inst/BSCANID.u_xsdbm_id/SWITCH_N_EXT_BSCAN.bscan_inst/SERIES7_BSCAN.bscan_inst/TCK
                         net (fo=1, routed)           1.036     1.036    dbg_hub/inst/BSCANID.u_xsdbm_id/tck_bs
    BUFGCTRL_X0Y1        BUFG (Prop_bufg_I_O)         0.026     1.062 r  dbg_hub/inst/BSCANID.u_xsdbm_id/SWITCH_N_EXT_BSCAN.u_bufg_icon_tck/O
                         net (fo=482, routed)         0.604     1.666    dbg_hub/inst/BSCANID.u_xsdbm_id/CORE_XSDB.UUT_MASTER/U_ICON_INTERFACE/U_CMD6_RD/U_RD_FIFO/SUBCORE_FIFO.xsdbm_v3_0_0_rdfifo_inst/inst_fifo_gen/gconvfifo.rf/grf.rf/rstblk/rd_clk
    SLICE_X96Y83         FDPE                                         r  dbg_hub/inst/BSCANID.u_xsdbm_id/CORE_XSDB.UUT_MASTER/U_ICON_INTERFACE/U_CMD6_RD/U_RD_FIFO/SUBCORE_FIFO.xsdbm_v3_0_0_rdfifo_inst/inst_fifo_gen/gconvfifo.rf/grf.rf/rstblk/ngwrdrst.grst.g7serrst.rd_rst_reg_reg[2]/C
  -------------------------------------------------------------------    -------------------
    SLICE_X96Y83         FDPE (Prop_fdpe_C_Q)         0.164     1.830 f  dbg_hub/inst/BSCANID.u_xsdbm_id/CORE_XSDB.UUT_MASTER/U_ICON_INTERFACE/U_CMD6_RD/U_RD_FIFO/SUBCORE_FIFO.xsdbm_v3_0_0_rdfifo_inst/inst_fifo_gen/gconvfifo.rf/grf.rf/rstblk/ngwrdrst.grst.g7serrst.rd_rst_reg_reg[2]/Q
                         net (fo=18, routed)          0.138     1.968    dbg_hub/inst/BSCANID.u_xsdbm_id/CORE_XSDB.UUT_MASTER/U_ICON_INTERFACE/U_CMD6_RD/U_RD_FIFO/SUBCORE_FIFO.xsdbm_v3_0_0_rdfifo_inst/inst_fifo_gen/gconvfifo.rf/grf.rf/gntv_or_sync_fifo.gl0.rd/gr1.gr1_int.rfwft/out[1]
    SLICE_X97Y84         FDPE                                         f  dbg_hub/inst/BSCANID.u_xsdbm_id/CORE_XSDB.UUT_MASTER/U_ICON_INTERFACE/U_CMD6_RD/U_RD_FIFO/SUBCORE_FIFO.xsdbm_v3_0_0_rdfifo_inst/inst_fifo_gen/gconvfifo.rf/grf.rf/gntv_or_sync_fifo.gl0.rd/gr1.gr1_int.rfwft/aempty_fwft_i_reg/PRE
  -------------------------------------------------------------------    -------------------

                         (clock dbg_hub/inst/BSCANID.u_xsdbm_id/SWITCH_N_EXT_BSCAN.bscan_inst/SERIES7_BSCAN.bscan_inst/TCK rise edge)
                                                      0.000     0.000 r  
    BSCAN_X0Y0           BSCANE2                      0.000     0.000 r  dbg_hub/inst/BSCANID.u_xsdbm_id/SWITCH_N_EXT_BSCAN.bscan_inst/SERIES7_BSCAN.bscan_inst/TCK
                         net (fo=1, routed)           1.170     1.170    dbg_hub/inst/BSCANID.u_xsdbm_id/tck_bs
    BUFGCTRL_X0Y1        BUFG (Prop_bufg_I_O)         0.029     1.199 r  dbg_hub/inst/BSCANID.u_xsdbm_id/SWITCH_N_EXT_BSCAN.u_bufg_icon_tck/O
                         net (fo=482, routed)         0.873     2.072    dbg_hub/inst/BSCANID.u_xsdbm_id/CORE_XSDB.UUT_MASTER/U_ICON_INTERFACE/U_CMD6_RD/U_RD_FIFO/SUBCORE_FIFO.xsdbm_v3_0_0_rdfifo_inst/inst_fifo_gen/gconvfifo.rf/grf.rf/gntv_or_sync_fifo.gl0.rd/gr1.gr1_int.rfwft/rd_clk
    SLICE_X97Y84         FDPE                                         r  dbg_hub/inst/BSCANID.u_xsdbm_id/CORE_XSDB.UUT_MASTER/U_ICON_INTERFACE/U_CMD6_RD/U_RD_FIFO/SUBCORE_FIFO.xsdbm_v3_0_0_rdfifo_inst/inst_fifo_gen/gconvfifo.rf/grf.rf/gntv_or_sync_fifo.gl0.rd/gr1.gr1_int.rfwft/aempty_fwft_i_reg/C
                         clock pessimism             -0.391     1.681    
    SLICE_X97Y84         FDPE (Remov_fdpe_C_PRE)     -0.095     1.586    dbg_hub/inst/BSCANID.u_xsdbm_id/CORE_XSDB.UUT_MASTER/U_ICON_INTERFACE/U_CMD6_RD/U_RD_FIFO/SUBCORE_FIFO.xsdbm_v3_0_0_rdfifo_inst/inst_fifo_gen/gconvfifo.rf/grf.rf/gntv_or_sync_fifo.gl0.rd/gr1.gr1_int.rfwft/aempty_fwft_i_reg
  -------------------------------------------------------------------
                         required time                         -1.586    
                         arrival time                           1.968    
  -------------------------------------------------------------------
                         slack                                  0.382    

Slack (MET) :             0.382ns  (arrival time - required time)
  Source:                 dbg_hub/inst/BSCANID.u_xsdbm_id/CORE_XSDB.UUT_MASTER/U_ICON_INTERFACE/U_CMD6_RD/U_RD_FIFO/SUBCORE_FIFO.xsdbm_v3_0_0_rdfifo_inst/inst_fifo_gen/gconvfifo.rf/grf.rf/rstblk/ngwrdrst.grst.g7serrst.rd_rst_reg_reg[2]/C
                            (rising edge-triggered cell FDPE clocked by dbg_hub/inst/BSCANID.u_xsdbm_id/SWITCH_N_EXT_BSCAN.bscan_inst/SERIES7_BSCAN.bscan_inst/TCK  {rise@0.000ns fall@16.500ns period=33.000ns})
  Destination:            dbg_hub/inst/BSCANID.u_xsdbm_id/CORE_XSDB.UUT_MASTER/U_ICON_INTERFACE/U_CMD6_RD/U_RD_FIFO/SUBCORE_FIFO.xsdbm_v3_0_0_rdfifo_inst/inst_fifo_gen/gconvfifo.rf/grf.rf/gntv_or_sync_fifo.gl0.rd/gras.rsts/ram_empty_fb_i_reg/PRE
                            (removal check against rising-edge clock dbg_hub/inst/BSCANID.u_xsdbm_id/SWITCH_N_EXT_BSCAN.bscan_inst/SERIES7_BSCAN.bscan_inst/TCK  {rise@0.000ns fall@16.500ns period=33.000ns})
  Path Group:             **async_default**
  Path Type:              Removal (Min at Fast Process Corner)
  Requirement:            0.000ns  (dbg_hub/inst/BSCANID.u_xsdbm_id/SWITCH_N_EXT_BSCAN.bscan_inst/SERIES7_BSCAN.bscan_inst/TCK rise@0.000ns - dbg_hub/inst/BSCANID.u_xsdbm_id/SWITCH_N_EXT_BSCAN.bscan_inst/SERIES7_BSCAN.bscan_inst/TCK rise@0.000ns)
  Data Path Delay:        0.302ns  (logic 0.164ns (54.384%)  route 0.138ns (45.616%))
  Logic Levels:           0  
  Clock Path Skew:        0.015ns (DCD - SCD - CPR)
    Destination Clock Delay (DCD):    2.072ns
    Source Clock Delay      (SCD):    1.666ns
    Clock Pessimism Removal (CPR):    0.391ns

    Location             Delay type                Incr(ns)  Path(ns)    Netlist Resource(s)
  -------------------------------------------------------------------    -------------------
                         (clock dbg_hub/inst/BSCANID.u_xsdbm_id/SWITCH_N_EXT_BSCAN.bscan_inst/SERIES7_BSCAN.bscan_inst/TCK rise edge)
                                                      0.000     0.000 r  
    BSCAN_X0Y0           BSCANE2                      0.000     0.000 r  dbg_hub/inst/BSCANID.u_xsdbm_id/SWITCH_N_EXT_BSCAN.bscan_inst/SERIES7_BSCAN.bscan_inst/TCK
                         net (fo=1, routed)           1.036     1.036    dbg_hub/inst/BSCANID.u_xsdbm_id/tck_bs
    BUFGCTRL_X0Y1        BUFG (Prop_bufg_I_O)         0.026     1.062 r  dbg_hub/inst/BSCANID.u_xsdbm_id/SWITCH_N_EXT_BSCAN.u_bufg_icon_tck/O
                         net (fo=482, routed)         0.604     1.666    dbg_hub/inst/BSCANID.u_xsdbm_id/CORE_XSDB.UUT_MASTER/U_ICON_INTERFACE/U_CMD6_RD/U_RD_FIFO/SUBCORE_FIFO.xsdbm_v3_0_0_rdfifo_inst/inst_fifo_gen/gconvfifo.rf/grf.rf/rstblk/rd_clk
    SLICE_X96Y83         FDPE                                         r  dbg_hub/inst/BSCANID.u_xsdbm_id/CORE_XSDB.UUT_MASTER/U_ICON_INTERFACE/U_CMD6_RD/U_RD_FIFO/SUBCORE_FIFO.xsdbm_v3_0_0_rdfifo_inst/inst_fifo_gen/gconvfifo.rf/grf.rf/rstblk/ngwrdrst.grst.g7serrst.rd_rst_reg_reg[2]/C
  -------------------------------------------------------------------    -------------------
    SLICE_X96Y83         FDPE (Prop_fdpe_C_Q)         0.164     1.830 f  dbg_hub/inst/BSCANID.u_xsdbm_id/CORE_XSDB.UUT_MASTER/U_ICON_INTERFACE/U_CMD6_RD/U_RD_FIFO/SUBCORE_FIFO.xsdbm_v3_0_0_rdfifo_inst/inst_fifo_gen/gconvfifo.rf/grf.rf/rstblk/ngwrdrst.grst.g7serrst.rd_rst_reg_reg[2]/Q
                         net (fo=18, routed)          0.138     1.968    dbg_hub/inst/BSCANID.u_xsdbm_id/CORE_XSDB.UUT_MASTER/U_ICON_INTERFACE/U_CMD6_RD/U_RD_FIFO/SUBCORE_FIFO.xsdbm_v3_0_0_rdfifo_inst/inst_fifo_gen/gconvfifo.rf/grf.rf/gntv_or_sync_fifo.gl0.rd/gras.rsts/ram_empty_fb_i_reg_0[0]
    SLICE_X97Y84         FDPE                                         f  dbg_hub/inst/BSCANID.u_xsdbm_id/CORE_XSDB.UUT_MASTER/U_ICON_INTERFACE/U_CMD6_RD/U_RD_FIFO/SUBCORE_FIFO.xsdbm_v3_0_0_rdfifo_inst/inst_fifo_gen/gconvfifo.rf/grf.rf/gntv_or_sync_fifo.gl0.rd/gras.rsts/ram_empty_fb_i_reg/PRE
  -------------------------------------------------------------------    -------------------

                         (clock dbg_hub/inst/BSCANID.u_xsdbm_id/SWITCH_N_EXT_BSCAN.bscan_inst/SERIES7_BSCAN.bscan_inst/TCK rise edge)
                                                      0.000     0.000 r  
    BSCAN_X0Y0           BSCANE2                      0.000     0.000 r  dbg_hub/inst/BSCANID.u_xsdbm_id/SWITCH_N_EXT_BSCAN.bscan_inst/SERIES7_BSCAN.bscan_inst/TCK
                         net (fo=1, routed)           1.170     1.170    dbg_hub/inst/BSCANID.u_xsdbm_id/tck_bs
    BUFGCTRL_X0Y1        BUFG (Prop_bufg_I_O)         0.029     1.199 r  dbg_hub/inst/BSCANID.u_xsdbm_id/SWITCH_N_EXT_BSCAN.u_bufg_icon_tck/O
                         net (fo=482, routed)         0.873     2.072    dbg_hub/inst/BSCANID.u_xsdbm_id/CORE_XSDB.UUT_MASTER/U_ICON_INTERFACE/U_CMD6_RD/U_RD_FIFO/SUBCORE_FIFO.xsdbm_v3_0_0_rdfifo_inst/inst_fifo_gen/gconvfifo.rf/grf.rf/gntv_or_sync_fifo.gl0.rd/gras.rsts/rd_clk
    SLICE_X97Y84         FDPE                                         r  dbg_hub/inst/BSCANID.u_xsdbm_id/CORE_XSDB.UUT_MASTER/U_ICON_INTERFACE/U_CMD6_RD/U_RD_FIFO/SUBCORE_FIFO.xsdbm_v3_0_0_rdfifo_inst/inst_fifo_gen/gconvfifo.rf/grf.rf/gntv_or_sync_fifo.gl0.rd/gras.rsts/ram_empty_fb_i_reg/C
                         clock pessimism             -0.391     1.681    
    SLICE_X97Y84         FDPE (Remov_fdpe_C_PRE)     -0.095     1.586    dbg_hub/inst/BSCANID.u_xsdbm_id/CORE_XSDB.UUT_MASTER/U_ICON_INTERFACE/U_CMD6_RD/U_RD_FIFO/SUBCORE_FIFO.xsdbm_v3_0_0_rdfifo_inst/inst_fifo_gen/gconvfifo.rf/grf.rf/gntv_or_sync_fifo.gl0.rd/gras.rsts/ram_empty_fb_i_reg
  -------------------------------------------------------------------
                         required time                         -1.586    
                         arrival time                           1.968    
  -------------------------------------------------------------------
                         slack                                  0.382    

Slack (MET) :             0.382ns  (arrival time - required time)
  Source:                 dbg_hub/inst/BSCANID.u_xsdbm_id/CORE_XSDB.UUT_MASTER/U_ICON_INTERFACE/U_CMD6_RD/U_RD_FIFO/SUBCORE_FIFO.xsdbm_v3_0_0_rdfifo_inst/inst_fifo_gen/gconvfifo.rf/grf.rf/rstblk/ngwrdrst.grst.g7serrst.rd_rst_reg_reg[2]/C
                            (rising edge-triggered cell FDPE clocked by dbg_hub/inst/BSCANID.u_xsdbm_id/SWITCH_N_EXT_BSCAN.bscan_inst/SERIES7_BSCAN.bscan_inst/TCK  {rise@0.000ns fall@16.500ns period=33.000ns})
  Destination:            dbg_hub/inst/BSCANID.u_xsdbm_id/CORE_XSDB.UUT_MASTER/U_ICON_INTERFACE/U_CMD6_RD/U_RD_FIFO/SUBCORE_FIFO.xsdbm_v3_0_0_rdfifo_inst/inst_fifo_gen/gconvfifo.rf/grf.rf/gntv_or_sync_fifo.gl0.rd/gras.rsts/ram_empty_i_reg/PRE
                            (removal check against rising-edge clock dbg_hub/inst/BSCANID.u_xsdbm_id/SWITCH_N_EXT_BSCAN.bscan_inst/SERIES7_BSCAN.bscan_inst/TCK  {rise@0.000ns fall@16.500ns period=33.000ns})
  Path Group:             **async_default**
  Path Type:              Removal (Min at Fast Process Corner)
  Requirement:            0.000ns  (dbg_hub/inst/BSCANID.u_xsdbm_id/SWITCH_N_EXT_BSCAN.bscan_inst/SERIES7_BSCAN.bscan_inst/TCK rise@0.000ns - dbg_hub/inst/BSCANID.u_xsdbm_id/SWITCH_N_EXT_BSCAN.bscan_inst/SERIES7_BSCAN.bscan_inst/TCK rise@0.000ns)
  Data Path Delay:        0.302ns  (logic 0.164ns (54.384%)  route 0.138ns (45.616%))
  Logic Levels:           0  
  Clock Path Skew:        0.015ns (DCD - SCD - CPR)
    Destination Clock Delay (DCD):    2.072ns
    Source Clock Delay      (SCD):    1.666ns
    Clock Pessimism Removal (CPR):    0.391ns

    Location             Delay type                Incr(ns)  Path(ns)    Netlist Resource(s)
  -------------------------------------------------------------------    -------------------
                         (clock dbg_hub/inst/BSCANID.u_xsdbm_id/SWITCH_N_EXT_BSCAN.bscan_inst/SERIES7_BSCAN.bscan_inst/TCK rise edge)
                                                      0.000     0.000 r  
    BSCAN_X0Y0           BSCANE2                      0.000     0.000 r  dbg_hub/inst/BSCANID.u_xsdbm_id/SWITCH_N_EXT_BSCAN.bscan_inst/SERIES7_BSCAN.bscan_inst/TCK
                         net (fo=1, routed)           1.036     1.036    dbg_hub/inst/BSCANID.u_xsdbm_id/tck_bs
    BUFGCTRL_X0Y1        BUFG (Prop_bufg_I_O)         0.026     1.062 r  dbg_hub/inst/BSCANID.u_xsdbm_id/SWITCH_N_EXT_BSCAN.u_bufg_icon_tck/O
                         net (fo=482, routed)         0.604     1.666    dbg_hub/inst/BSCANID.u_xsdbm_id/CORE_XSDB.UUT_MASTER/U_ICON_INTERFACE/U_CMD6_RD/U_RD_FIFO/SUBCORE_FIFO.xsdbm_v3_0_0_rdfifo_inst/inst_fifo_gen/gconvfifo.rf/grf.rf/rstblk/rd_clk
    SLICE_X96Y83         FDPE                                         r  dbg_hub/inst/BSCANID.u_xsdbm_id/CORE_XSDB.UUT_MASTER/U_ICON_INTERFACE/U_CMD6_RD/U_RD_FIFO/SUBCORE_FIFO.xsdbm_v3_0_0_rdfifo_inst/inst_fifo_gen/gconvfifo.rf/grf.rf/rstblk/ngwrdrst.grst.g7serrst.rd_rst_reg_reg[2]/C
  -------------------------------------------------------------------    -------------------
    SLICE_X96Y83         FDPE (Prop_fdpe_C_Q)         0.164     1.830 f  dbg_hub/inst/BSCANID.u_xsdbm_id/CORE_XSDB.UUT_MASTER/U_ICON_INTERFACE/U_CMD6_RD/U_RD_FIFO/SUBCORE_FIFO.xsdbm_v3_0_0_rdfifo_inst/inst_fifo_gen/gconvfifo.rf/grf.rf/rstblk/ngwrdrst.grst.g7serrst.rd_rst_reg_reg[2]/Q
                         net (fo=18, routed)          0.138     1.968    dbg_hub/inst/BSCANID.u_xsdbm_id/CORE_XSDB.UUT_MASTER/U_ICON_INTERFACE/U_CMD6_RD/U_RD_FIFO/SUBCORE_FIFO.xsdbm_v3_0_0_rdfifo_inst/inst_fifo_gen/gconvfifo.rf/grf.rf/gntv_or_sync_fifo.gl0.rd/gras.rsts/ram_empty_fb_i_reg_0[0]
    SLICE_X97Y84         FDPE                                         f  dbg_hub/inst/BSCANID.u_xsdbm_id/CORE_XSDB.UUT_MASTER/U_ICON_INTERFACE/U_CMD6_RD/U_RD_FIFO/SUBCORE_FIFO.xsdbm_v3_0_0_rdfifo_inst/inst_fifo_gen/gconvfifo.rf/grf.rf/gntv_or_sync_fifo.gl0.rd/gras.rsts/ram_empty_i_reg/PRE
  -------------------------------------------------------------------    -------------------

                         (clock dbg_hub/inst/BSCANID.u_xsdbm_id/SWITCH_N_EXT_BSCAN.bscan_inst/SERIES7_BSCAN.bscan_inst/TCK rise edge)
                                                      0.000     0.000 r  
    BSCAN_X0Y0           BSCANE2                      0.000     0.000 r  dbg_hub/inst/BSCANID.u_xsdbm_id/SWITCH_N_EXT_BSCAN.bscan_inst/SERIES7_BSCAN.bscan_inst/TCK
                         net (fo=1, routed)           1.170     1.170    dbg_hub/inst/BSCANID.u_xsdbm_id/tck_bs
    BUFGCTRL_X0Y1        BUFG (Prop_bufg_I_O)         0.029     1.199 r  dbg_hub/inst/BSCANID.u_xsdbm_id/SWITCH_N_EXT_BSCAN.u_bufg_icon_tck/O
                         net (fo=482, routed)         0.873     2.072    dbg_hub/inst/BSCANID.u_xsdbm_id/CORE_XSDB.UUT_MASTER/U_ICON_INTERFACE/U_CMD6_RD/U_RD_FIFO/SUBCORE_FIFO.xsdbm_v3_0_0_rdfifo_inst/inst_fifo_gen/gconvfifo.rf/grf.rf/gntv_or_sync_fifo.gl0.rd/gras.rsts/rd_clk
    SLICE_X97Y84         FDPE                                         r  dbg_hub/inst/BSCANID.u_xsdbm_id/CORE_XSDB.UUT_MASTER/U_ICON_INTERFACE/U_CMD6_RD/U_RD_FIFO/SUBCORE_FIFO.xsdbm_v3_0_0_rdfifo_inst/inst_fifo_gen/gconvfifo.rf/grf.rf/gntv_or_sync_fifo.gl0.rd/gras.rsts/ram_empty_i_reg/C
                         clock pessimism             -0.391     1.681    
    SLICE_X97Y84         FDPE (Remov_fdpe_C_PRE)     -0.095     1.586    dbg_hub/inst/BSCANID.u_xsdbm_id/CORE_XSDB.UUT_MASTER/U_ICON_INTERFACE/U_CMD6_RD/U_RD_FIFO/SUBCORE_FIFO.xsdbm_v3_0_0_rdfifo_inst/inst_fifo_gen/gconvfifo.rf/grf.rf/gntv_or_sync_fifo.gl0.rd/gras.rsts/ram_empty_i_reg
  -------------------------------------------------------------------
                         required time                         -1.586    
                         arrival time                           1.968    
  -------------------------------------------------------------------
                         slack                                  0.382    





