TRACE::2025-09-30.10:54:43::SCWPlatform::Trying to open the hw design at D:/Projet_Vitis/PS_Alone_NoFPU/hw/PS_Only_ZyboZ7.xsa
TRACE::2025-09-30.10:54:43::SCWPlatform::DSA given D:/Projet_Vitis/PS_Alone_NoFPU/hw/PS_Only_ZyboZ7.xsa
TRACE::2025-09-30.10:54:43::SCWPlatform::DSA absoulate path D:/Projet_Vitis/PS_Alone_NoFPU/hw/PS_Only_ZyboZ7.xsa
TRACE::2025-09-30.10:54:43::SCWPlatform::DSA directory D:/Projet_Vitis/PS_Alone_NoFPU/hw
TRACE::2025-09-30.10:54:43::SCWPlatform:: Platform Path D:/Projet_Vitis/PS_Alone_NoFPU/hw/PS_Only_ZyboZ7.xsa
TRACE::2025-09-30.10:54:43::SCWPlatform:: Unique name xilinx:zybo-z7-20::0.0
TRACE::2025-09-30.10:54:43::SCWPlatform::Do not have an existing db opened. 
TRACE::2025-09-30.10:54:53::SCWPlatform::Opened new HwDB with name design_1_wrapper_3
TRACE::2025-09-30.10:54:54::SCWWriter::formatted JSON is {
	"platformName":	"PS_Alone_NoFPU",
	"sprVersion":	"2.0",
	"mode":	"gui",
	"dsaType":	"Fixed",
	"platformDesc":	"PS_Alone_NoFPU",
	"platHandOff":	"D:/Projet_Vitis/PS_Only_ZyboZ7.xsa",
	"platIntHandOff":	"<platformDir>/hw/PS_Only_ZyboZ7.xsa",
	"deviceType":	"zynq",
	"platIsPrebuiltAutogen":	"false",
	"platIsNoBootBsp":	"false",
	"hasFsblMakeHasChanges":	"false",
	"hasPmufwMakeHasChanges":	"false",
	"platPreBuiltFlag":	false,
	"platformSamplesDir":	""
}
TRACE::2025-09-30.10:54:54::SCWWriter::formatted JSON is {
	"platformName":	"PS_Alone_NoFPU",
	"sprVersion":	"2.0",
	"mode":	"gui",
	"dsaType":	"Fixed",
	"platformDesc":	"PS_Alone_NoFPU",
	"platHandOff":	"D:/Projet_Vitis/PS_Only_ZyboZ7.xsa",
	"platIntHandOff":	"<platformDir>/hw/PS_Only_ZyboZ7.xsa",
	"deviceType":	"zynq",
	"platIsPrebuiltAutogen":	"false",
	"platIsNoBootBsp":	"false",
	"hasFsblMakeHasChanges":	"false",
	"hasPmufwMakeHasChanges":	"false",
	"platPreBuiltFlag":	false,
	"platformSamplesDir":	"",
	"platActiveSys":	"PS_Alone_NoFPU",
	"systems":	[{
			"systemName":	"PS_Alone_NoFPU",
			"systemDesc":	"PS_Alone_NoFPU",
			"sysIsBootAutoGen":	"true",
			"systemDispName":	"PS_Alone_NoFPU"
		}]
}
TRACE::2025-09-30.10:54:54::SCWPlatform::Boot application domains not present, creating them
TRACE::2025-09-30.10:54:54::SCWDomain::checking for install qemu data   : 
TRACE::2025-09-30.10:54:54::SCWDomain:: Using the QEMU Data from install at  : C:/Xilinx/Vitis/2020.2/data/emulation/platforms/zynq/sw/a9_standalone/qemu/
TRACE::2025-09-30.10:54:54::SCWDomain:: Using the QEMU args  from install at  : C:/Xilinx/Vitis/2020.2/data/emulation/platforms/zynq/sw/a9_standalone/qemu/qemu_args.txt
TRACE::2025-09-30.10:54:54::SCWPlatform::Trying to open the hw design at D:/Projet_Vitis/PS_Alone_NoFPU/hw/PS_Only_ZyboZ7.xsa
TRACE::2025-09-30.10:54:54::SCWPlatform::DSA given D:/Projet_Vitis/PS_Alone_NoFPU/hw/PS_Only_ZyboZ7.xsa
TRACE::2025-09-30.10:54:54::SCWPlatform::DSA absoulate path D:/Projet_Vitis/PS_Alone_NoFPU/hw/PS_Only_ZyboZ7.xsa
TRACE::2025-09-30.10:54:54::SCWPlatform::DSA directory D:/Projet_Vitis/PS_Alone_NoFPU/hw
TRACE::2025-09-30.10:54:54::SCWPlatform:: Platform Path D:/Projet_Vitis/PS_Alone_NoFPU/hw/PS_Only_ZyboZ7.xsa
TRACE::2025-09-30.10:54:54::SCWPlatform:: Unique name xilinx:zybo-z7-20::0.0
TRACE::2025-09-30.10:54:54::SCWPlatform::Trying to set the existing hwdb with name design_1_wrapper_3
TRACE::2025-09-30.10:54:54::SCWPlatform::Opened existing hwdb design_1_wrapper_3
TRACE::2025-09-30.10:54:54::SCWPlatform::Found the Hw Db part of the input DSA
TRACE::2025-09-30.10:54:54::SCWPlatform::Trying to open the hw design at D:/Projet_Vitis/PS_Alone_NoFPU/hw/PS_Only_ZyboZ7.xsa
TRACE::2025-09-30.10:54:54::SCWPlatform::DSA given D:/Projet_Vitis/PS_Alone_NoFPU/hw/PS_Only_ZyboZ7.xsa
TRACE::2025-09-30.10:54:54::SCWPlatform::DSA absoulate path D:/Projet_Vitis/PS_Alone_NoFPU/hw/PS_Only_ZyboZ7.xsa
TRACE::2025-09-30.10:54:54::SCWPlatform::DSA directory D:/Projet_Vitis/PS_Alone_NoFPU/hw
TRACE::2025-09-30.10:54:54::SCWPlatform:: Platform Path D:/Projet_Vitis/PS_Alone_NoFPU/hw/PS_Only_ZyboZ7.xsa
TRACE::2025-09-30.10:54:54::SCWPlatform:: Unique name xilinx:zybo-z7-20::0.0
TRACE::2025-09-30.10:54:54::SCWPlatform::Trying to set the existing hwdb with name design_1_wrapper_3
TRACE::2025-09-30.10:54:54::SCWPlatform::Opened existing hwdb design_1_wrapper_3
TRACE::2025-09-30.10:54:54::SCWPlatform::Found the Hw Db part of the input DSA
TRACE::2025-09-30.10:54:54::SCWPlatform::Trying to open the hw design at D:/Projet_Vitis/PS_Alone_NoFPU/hw/PS_Only_ZyboZ7.xsa
TRACE::2025-09-30.10:54:54::SCWPlatform::DSA given D:/Projet_Vitis/PS_Alone_NoFPU/hw/PS_Only_ZyboZ7.xsa
TRACE::2025-09-30.10:54:54::SCWPlatform::DSA absoulate path D:/Projet_Vitis/PS_Alone_NoFPU/hw/PS_Only_ZyboZ7.xsa
TRACE::2025-09-30.10:54:54::SCWPlatform::DSA directory D:/Projet_Vitis/PS_Alone_NoFPU/hw
TRACE::2025-09-30.10:54:54::SCWPlatform:: Platform Path D:/Projet_Vitis/PS_Alone_NoFPU/hw/PS_Only_ZyboZ7.xsa
TRACE::2025-09-30.10:54:54::SCWPlatform:: Unique name xilinx:zybo-z7-20::0.0
TRACE::2025-09-30.10:54:54::SCWPlatform::Trying to set the existing hwdb with name design_1_wrapper_3
TRACE::2025-09-30.10:54:54::SCWPlatform::Opened existing hwdb design_1_wrapper_3
TRACE::2025-09-30.10:54:54::SCWPlatform::Found the Hw Db part of the input DSA
TRACE::2025-09-30.10:54:54::SCWPlatform::Boot application domain added for zynq_fsbl
TRACE::2025-09-30.10:54:54::SCWPlatform::Generating the sources  .
TRACE::2025-09-30.10:54:54::SCWBDomain::Generating boot domain sources.
TRACE::2025-09-30.10:54:54::SCWBDomain:: Generating the zynq_fsbl Application.
TRACE::2025-09-30.10:54:54::SCWPlatform::Trying to open the hw design at D:/Projet_Vitis/PS_Alone_NoFPU/hw/PS_Only_ZyboZ7.xsa
TRACE::2025-09-30.10:54:54::SCWPlatform::DSA given D:/Projet_Vitis/PS_Alone_NoFPU/hw/PS_Only_ZyboZ7.xsa
TRACE::2025-09-30.10:54:54::SCWPlatform::DSA absoulate path D:/Projet_Vitis/PS_Alone_NoFPU/hw/PS_Only_ZyboZ7.xsa
TRACE::2025-09-30.10:54:54::SCWPlatform::DSA directory D:/Projet_Vitis/PS_Alone_NoFPU/hw
TRACE::2025-09-30.10:54:54::SCWPlatform:: Platform Path D:/Projet_Vitis/PS_Alone_NoFPU/hw/PS_Only_ZyboZ7.xsa
TRACE::2025-09-30.10:54:55::SCWPlatform:: Unique name xilinx:zybo-z7-20::0.0
TRACE::2025-09-30.10:54:55::SCWPlatform::Trying to set the existing hwdb with name design_1_wrapper_3
TRACE::2025-09-30.10:54:55::SCWPlatform::Opened existing hwdb design_1_wrapper_3
TRACE::2025-09-30.10:54:55::SCWPlatform::Found the Hw Db part of the input DSA
TRACE::2025-09-30.10:54:55::SCWMssOS::Checking the sw design at  D:/Projet_Vitis/PS_Alone_NoFPU/zynq_fsbl/zynq_fsbl_bsp/system.mss
TRACE::2025-09-30.10:54:55::SCWMssOS::DEBUG:  swdes dump  D:/Projet_Vitis/PS_Only_ZyboZ7/ps7_cortexa9_0/standalone_ps7_cortexa9_0/bsp/system.mss|system_0||
D:/Projet_Vitis/PS_Only_ZyboZ7/zynq_fsbl/zynq_fsbl_bsp/system.mss|system||

TRACE::2025-09-30.10:54:55::SCWMssOS::No sw design opened at  D:/Projet_Vitis/PS_Alone_NoFPU/zynq_fsbl/zynq_fsbl_bsp/system.mss
TRACE::2025-09-30.10:54:55::SCWMssOS::mss does not exists at D:/Projet_Vitis/PS_Alone_NoFPU/zynq_fsbl/zynq_fsbl_bsp/system.mss
TRACE::2025-09-30.10:54:55::SCWMssOS::Creating sw design at  D:/Projet_Vitis/PS_Alone_NoFPU/zynq_fsbl/zynq_fsbl_bsp/system.mss
TRACE::2025-09-30.10:54:55::SCWMssOS::Adding the swdes entry, created swdb D:/Projet_Vitis/PS_Alone_NoFPU/zynq_fsbl/zynq_fsbl_bsp/system.mss with des name D:/Projet_Vitis/PS_Alone_NoFPU/zynq_fsbl/zynq_fsbl_bsp/system.mss
TRACE::2025-09-30.10:54:55::SCWMssOS::updating the scw layer changes to swdes at   D:/Projet_Vitis/PS_Alone_NoFPU/zynq_fsbl/zynq_fsbl_bsp/system.mss
TRACE::2025-09-30.10:54:55::SCWMssOS::Writing mss at D:/Projet_Vitis/PS_Alone_NoFPU/zynq_fsbl/zynq_fsbl_bsp/system.mss
TRACE::2025-09-30.10:54:55::SCWMssOS::Completed writing the mss file at D:/Projet_Vitis/PS_Alone_NoFPU/zynq_fsbl/zynq_fsbl_bsp
TRACE::2025-09-30.10:54:55::SCWMssOS::Picking up changes from newly written mss file into SCW Layer. 
TRACE::2025-09-30.10:54:55::SCWMssOS::Updated the changes from newly written mss file into SCW Layer. 
TRACE::2025-09-30.10:54:55::SCWBDomain::Completed writing the mss file at D:/Projet_Vitis/PS_Alone_NoFPU/zynq_fsbl/zynq_fsbl_bsp
TRACE::2025-09-30.10:55:32::SCWPlatform::Generating sources Done.
TRACE::2025-09-30.10:55:33::SCWPlatform::Trying to open the hw design at D:/Projet_Vitis/PS_Alone_NoFPU/hw/PS_Only_ZyboZ7.xsa
TRACE::2025-09-30.10:55:35::SCWPlatform::DSA given D:/Projet_Vitis/PS_Alone_NoFPU/hw/PS_Only_ZyboZ7.xsa
TRACE::2025-09-30.10:55:35::SCWPlatform::DSA absoulate path D:/Projet_Vitis/PS_Alone_NoFPU/hw/PS_Only_ZyboZ7.xsa
TRACE::2025-09-30.10:55:35::SCWPlatform::DSA directory D:/Projet_Vitis/PS_Alone_NoFPU/hw
TRACE::2025-09-30.10:55:35::SCWPlatform:: Platform Path D:/Projet_Vitis/PS_Alone_NoFPU/hw/PS_Only_ZyboZ7.xsa
TRACE::2025-09-30.10:55:35::SCWPlatform:: Unique name xilinx:zybo-z7-20::0.0
TRACE::2025-09-30.10:55:35::SCWPlatform::Trying to set the existing hwdb with name design_1_wrapper_3
TRACE::2025-09-30.10:55:35::SCWPlatform::Opened existing hwdb design_1_wrapper_3
TRACE::2025-09-30.10:55:35::SCWPlatform::Found the Hw Db part of the input DSA
TRACE::2025-09-30.10:55:35::SCWMssOS::Checking the sw design at  D:/Projet_Vitis/PS_Alone_NoFPU/zynq_fsbl/zynq_fsbl_bsp/system.mss
TRACE::2025-09-30.10:55:35::SCWMssOS::DEBUG:  swdes dump  D:/Projet_Vitis/PS_Alone_NoFPU/zynq_fsbl/zynq_fsbl_bsp/system.mss|D:/Projet_Vitis/PS_Alone_NoFPU/zynq_fsbl/zynq_fsbl_bsp/system.mss||
D:/Projet_Vitis/PS_Only_ZyboZ7/ps7_cortexa9_0/standalone_ps7_cortexa9_0/bsp/system.mss|system_0||
D:/Projet_Vitis/PS_Only_ZyboZ7/zynq_fsbl/zynq_fsbl_bsp/system.mss|system||

KEYINFO::2025-09-30.10:55:35::SCWMssOS::Could not open the swdb for D:/Projet_Vitis/PS_Alone_NoFPU/zynq_fsbl/zynq_fsbl_bsp/system.mss
KEYINFO::2025-09-30.10:55:35::SCWMssOS::Could not open the sw design at  D:/Projet_Vitis/PS_Alone_NoFPU/zynq_fsbl/zynq_fsbl_bsp/system.mss
ERROR: [Hsi 55-1558] Software Design D:/Projet_Vitis/PS_Alone_NoFPU/zynq_fsbl/zynq_fsbl_bsp/system.mss is not found

TRACE::2025-09-30.10:55:35::SCWMssOS::Cleared the swdb table entry
TRACE::2025-09-30.10:55:35::SCWMssOS::No sw design opened at  D:/Projet_Vitis/PS_Alone_NoFPU/zynq_fsbl/zynq_fsbl_bsp/system.mss
TRACE::2025-09-30.10:55:35::SCWMssOS::mss exists loading the mss file  D:/Projet_Vitis/PS_Alone_NoFPU/zynq_fsbl/zynq_fsbl_bsp/system.mss
TRACE::2025-09-30.10:55:35::SCWMssOS::Opened the sw design from mss  D:/Projet_Vitis/PS_Alone_NoFPU/zynq_fsbl/zynq_fsbl_bsp/system.mss
TRACE::2025-09-30.10:55:35::SCWMssOS::Adding the swdes entry D:/Projet_Vitis/PS_Alone_NoFPU/zynq_fsbl/zynq_fsbl_bsp/system.mss with des name system_1
TRACE::2025-09-30.10:55:35::SCWMssOS::updating the scw layer about changes
TRACE::2025-09-30.10:55:35::SCWMssOS::Opened the sw design.  D:/Projet_Vitis/PS_Alone_NoFPU/zynq_fsbl/zynq_fsbl_bsp/system.mss
TRACE::2025-09-30.10:55:35::SCWMssOS::Saving the mss changes D:/Projet_Vitis/PS_Alone_NoFPU/zynq_fsbl/zynq_fsbl_bsp/system.mss
TRACE::2025-09-30.10:55:35::SCWMssOS::Found a swdesign opened with the mssfile.
TRACE::2025-09-30.10:55:35::SCWMssOS::Completed writemss as part of save.
TRACE::2025-09-30.10:55:35::SCWMssOS::Commit changes completed.
TRACE::2025-09-30.10:55:35::SCWPlatform::Trying to open the hw design at D:/Projet_Vitis/PS_Alone_NoFPU/hw/PS_Only_ZyboZ7.xsa
TRACE::2025-09-30.10:55:35::SCWPlatform::DSA given D:/Projet_Vitis/PS_Alone_NoFPU/hw/PS_Only_ZyboZ7.xsa
TRACE::2025-09-30.10:55:35::SCWPlatform::DSA absoulate path D:/Projet_Vitis/PS_Alone_NoFPU/hw/PS_Only_ZyboZ7.xsa
TRACE::2025-09-30.10:55:35::SCWPlatform::DSA directory D:/Projet_Vitis/PS_Alone_NoFPU/hw
TRACE::2025-09-30.10:55:35::SCWPlatform:: Platform Path D:/Projet_Vitis/PS_Alone_NoFPU/hw/PS_Only_ZyboZ7.xsa
TRACE::2025-09-30.10:55:35::SCWPlatform:: Unique name xilinx:zybo-z7-20::0.0
TRACE::2025-09-30.10:55:35::SCWPlatform::Trying to set the existing hwdb with name design_1_wrapper_3
TRACE::2025-09-30.10:55:35::SCWPlatform::Opened existing hwdb design_1_wrapper_3
TRACE::2025-09-30.10:55:35::SCWPlatform::Found the Hw Db part of the input DSA
TRACE::2025-09-30.10:55:35::SCWMssOS::Checking the sw design at  D:/Projet_Vitis/PS_Alone_NoFPU/zynq_fsbl/zynq_fsbl_bsp/system.mss
TRACE::2025-09-30.10:55:35::SCWMssOS::DEBUG:  swdes dump  D:/Projet_Vitis/PS_Alone_NoFPU/zynq_fsbl/zynq_fsbl_bsp/system.mss|system_1||
D:/Projet_Vitis/PS_Only_ZyboZ7/ps7_cortexa9_0/standalone_ps7_cortexa9_0/bsp/system.mss|system_0||
D:/Projet_Vitis/PS_Only_ZyboZ7/zynq_fsbl/zynq_fsbl_bsp/system.mss|system||

TRACE::2025-09-30.10:55:35::SCWMssOS::Sw design exists and opened at  D:/Projet_Vitis/PS_Alone_NoFPU/zynq_fsbl/zynq_fsbl_bsp/system.mss
TRACE::2025-09-30.10:55:35::SCWPlatform::Trying to open the hw design at D:/Projet_Vitis/PS_Alone_NoFPU/hw/PS_Only_ZyboZ7.xsa
TRACE::2025-09-30.10:55:35::SCWPlatform::DSA given D:/Projet_Vitis/PS_Alone_NoFPU/hw/PS_Only_ZyboZ7.xsa
TRACE::2025-09-30.10:55:35::SCWPlatform::DSA absoulate path D:/Projet_Vitis/PS_Alone_NoFPU/hw/PS_Only_ZyboZ7.xsa
TRACE::2025-09-30.10:55:35::SCWPlatform::DSA directory D:/Projet_Vitis/PS_Alone_NoFPU/hw
TRACE::2025-09-30.10:55:35::SCWPlatform:: Platform Path D:/Projet_Vitis/PS_Alone_NoFPU/hw/PS_Only_ZyboZ7.xsa
TRACE::2025-09-30.10:55:35::SCWPlatform:: Unique name xilinx:zybo-z7-20::0.0
TRACE::2025-09-30.10:55:35::SCWPlatform::Trying to set the existing hwdb with name design_1_wrapper_3
TRACE::2025-09-30.10:55:35::SCWPlatform::Opened existing hwdb design_1_wrapper_3
TRACE::2025-09-30.10:55:35::SCWPlatform::Found the Hw Db part of the input DSA
TRACE::2025-09-30.10:55:35::SCWMssOS::Checking the sw design at  D:/Projet_Vitis/PS_Alone_NoFPU/zynq_fsbl/zynq_fsbl_bsp/system.mss
TRACE::2025-09-30.10:55:35::SCWMssOS::DEBUG:  swdes dump  D:/Projet_Vitis/PS_Alone_NoFPU/zynq_fsbl/zynq_fsbl_bsp/system.mss|system_1||
D:/Projet_Vitis/PS_Only_ZyboZ7/ps7_cortexa9_0/standalone_ps7_cortexa9_0/bsp/system.mss|system_0||
D:/Projet_Vitis/PS_Only_ZyboZ7/zynq_fsbl/zynq_fsbl_bsp/system.mss|system||

TRACE::2025-09-30.10:55:35::SCWMssOS::Sw design exists and opened at  D:/Projet_Vitis/PS_Alone_NoFPU/zynq_fsbl/zynq_fsbl_bsp/system.mss
TRACE::2025-09-30.10:55:35::SCWPlatform::Trying to open the hw design at D:/Projet_Vitis/PS_Alone_NoFPU/hw/PS_Only_ZyboZ7.xsa
TRACE::2025-09-30.10:55:35::SCWPlatform::DSA given D:/Projet_Vitis/PS_Alone_NoFPU/hw/PS_Only_ZyboZ7.xsa
TRACE::2025-09-30.10:55:35::SCWPlatform::DSA absoulate path D:/Projet_Vitis/PS_Alone_NoFPU/hw/PS_Only_ZyboZ7.xsa
TRACE::2025-09-30.10:55:36::SCWPlatform::DSA directory D:/Projet_Vitis/PS_Alone_NoFPU/hw
TRACE::2025-09-30.10:55:36::SCWPlatform:: Platform Path D:/Projet_Vitis/PS_Alone_NoFPU/hw/PS_Only_ZyboZ7.xsa
TRACE::2025-09-30.10:55:36::SCWPlatform:: Unique name xilinx:zybo-z7-20::0.0
TRACE::2025-09-30.10:55:36::SCWPlatform::Trying to set the existing hwdb with name design_1_wrapper_3
TRACE::2025-09-30.10:55:36::SCWPlatform::Opened existing hwdb design_1_wrapper_3
TRACE::2025-09-30.10:55:36::SCWPlatform::Found the Hw Db part of the input DSA
TRACE::2025-09-30.10:55:36::SCWMssOS::Checking the sw design at  D:/Projet_Vitis/PS_Alone_NoFPU/zynq_fsbl/zynq_fsbl_bsp/system.mss
TRACE::2025-09-30.10:55:36::SCWMssOS::DEBUG:  swdes dump  D:/Projet_Vitis/PS_Alone_NoFPU/zynq_fsbl/zynq_fsbl_bsp/system.mss|system_1||
D:/Projet_Vitis/PS_Only_ZyboZ7/ps7_cortexa9_0/standalone_ps7_cortexa9_0/bsp/system.mss|system_0||
D:/Projet_Vitis/PS_Only_ZyboZ7/zynq_fsbl/zynq_fsbl_bsp/system.mss|system||

TRACE::2025-09-30.10:55:36::SCWMssOS::Sw design exists and opened at  D:/Projet_Vitis/PS_Alone_NoFPU/zynq_fsbl/zynq_fsbl_bsp/system.mss
TRACE::2025-09-30.10:55:36::SCWWriter::formatted JSON is {
	"platformName":	"PS_Alone_NoFPU",
	"sprVersion":	"2.0",
	"mode":	"gui",
	"dsaType":	"Fixed",
	"platformDesc":	"PS_Alone_NoFPU",
	"platHandOff":	"D:/Projet_Vitis/PS_Only_ZyboZ7.xsa",
	"platIntHandOff":	"<platformDir>/hw/PS_Only_ZyboZ7.xsa",
	"deviceType":	"zynq",
	"platIsPrebuiltAutogen":	"false",
	"platIsNoBootBsp":	"false",
	"platFsblTarget":	"ps7_cortexa9_0",
	"hasFsblMakeHasChanges":	"false",
	"hasPmufwMakeHasChanges":	"false",
	"fsblExtraCompilerFlags":	"-MMD -MP       -mcpu=cortex-a9 -mfpu=vfpv3 -mfloat-abi=hard ",
	"platPreBuiltFlag":	false,
	"platformSamplesDir":	"",
	"platActiveSys":	"PS_Alone_NoFPU",
	"systems":	[{
			"systemName":	"PS_Alone_NoFPU",
			"systemDesc":	"PS_Alone_NoFPU",
			"sysIsBootAutoGen":	"true",
			"systemDispName":	"PS_Alone_NoFPU",
			"sysActiveDom":	"zynq_fsbl",
			"sysDefaultDom":	"",
			"domains":	[{
					"domainName":	"zynq_fsbl",
					"domainDispName":	"zynq_fsbl",
					"domainDesc":	"FSBL Application BSP - Auto Generated.",
					"processors":	"ps7_cortexa9_0",
					"os":	"standalone",
					"sdxOs":	"standalone",
					"debugEnable":	"",
					"domRuntimes":	["cpp"],
					"swRepo":	"",
					"mssOsVer":	"7.3",
					"mssFile":	"",
					"md5Digest":	"d4dce1e3283be35b8cb204de15302e33",
					"compatibleApp":	"zynq_fsbl",
					"domType":	"bootDomain",
					"arch":	"32-bit",
					"appSettings":	{
						"appCompilerFlags":	"",
						"appLinkerFlags":	""
					},
					"addedLibs":	["xilffs:4.4", "xilrsa:1.6"],
					"libOptions":	{
						"libsContainingOptions":	[]
					},
					"prebuiltLibs":	{
						"prebuiltIncPath":	[],
						"prebuiltLibPath":	[]
					},
					"isolation":	{
					}
				}]
		}]
}
TRACE::2025-09-30.10:55:36::SCWDomain::checking for install qemu data   : 
TRACE::2025-09-30.10:55:36::SCWDomain:: Using the QEMU Data from install at  : C:/Xilinx/Vitis/2020.2/data/emulation/platforms/zynq/sw/a9_standalone/qemu/
TRACE::2025-09-30.10:55:36::SCWDomain:: Using the QEMU args  from install at  : C:/Xilinx/Vitis/2020.2/data/emulation/platforms/zynq/sw/a9_standalone/qemu/qemu_args.txt
TRACE::2025-09-30.10:55:36::SCWPlatform::Trying to open the hw design at D:/Projet_Vitis/PS_Alone_NoFPU/hw/PS_Only_ZyboZ7.xsa
TRACE::2025-09-30.10:55:36::SCWPlatform::DSA given D:/Projet_Vitis/PS_Alone_NoFPU/hw/PS_Only_ZyboZ7.xsa
TRACE::2025-09-30.10:55:36::SCWPlatform::DSA absoulate path D:/Projet_Vitis/PS_Alone_NoFPU/hw/PS_Only_ZyboZ7.xsa
TRACE::2025-09-30.10:55:36::SCWPlatform::DSA directory D:/Projet_Vitis/PS_Alone_NoFPU/hw
TRACE::2025-09-30.10:55:36::SCWPlatform:: Platform Path D:/Projet_Vitis/PS_Alone_NoFPU/hw/PS_Only_ZyboZ7.xsa
TRACE::2025-09-30.10:55:36::SCWPlatform:: Unique name xilinx:zybo-z7-20::0.0
TRACE::2025-09-30.10:55:36::SCWPlatform::Trying to set the existing hwdb with name design_1_wrapper_3
TRACE::2025-09-30.10:55:36::SCWPlatform::Opened existing hwdb design_1_wrapper_3
TRACE::2025-09-30.10:55:36::SCWPlatform::Found the Hw Db part of the input DSA
TRACE::2025-09-30.10:55:36::SCWPlatform::Trying to open the hw design at D:/Projet_Vitis/PS_Alone_NoFPU/hw/PS_Only_ZyboZ7.xsa
TRACE::2025-09-30.10:55:36::SCWPlatform::DSA given D:/Projet_Vitis/PS_Alone_NoFPU/hw/PS_Only_ZyboZ7.xsa
TRACE::2025-09-30.10:55:36::SCWPlatform::DSA absoulate path D:/Projet_Vitis/PS_Alone_NoFPU/hw/PS_Only_ZyboZ7.xsa
TRACE::2025-09-30.10:55:36::SCWPlatform::DSA directory D:/Projet_Vitis/PS_Alone_NoFPU/hw
TRACE::2025-09-30.10:55:36::SCWPlatform:: Platform Path D:/Projet_Vitis/PS_Alone_NoFPU/hw/PS_Only_ZyboZ7.xsa
TRACE::2025-09-30.10:55:36::SCWPlatform:: Unique name xilinx:zybo-z7-20::0.0
TRACE::2025-09-30.10:55:36::SCWPlatform::Trying to set the existing hwdb with name design_1_wrapper_3
TRACE::2025-09-30.10:55:36::SCWPlatform::Opened existing hwdb design_1_wrapper_3
TRACE::2025-09-30.10:55:36::SCWPlatform::Found the Hw Db part of the input DSA
TRACE::2025-09-30.10:55:36::SCWPlatform::Trying to open the hw design at D:/Projet_Vitis/PS_Alone_NoFPU/hw/PS_Only_ZyboZ7.xsa
TRACE::2025-09-30.10:55:36::SCWPlatform::DSA given D:/Projet_Vitis/PS_Alone_NoFPU/hw/PS_Only_ZyboZ7.xsa
TRACE::2025-09-30.10:55:36::SCWPlatform::DSA absoulate path D:/Projet_Vitis/PS_Alone_NoFPU/hw/PS_Only_ZyboZ7.xsa
TRACE::2025-09-30.10:55:36::SCWPlatform::DSA directory D:/Projet_Vitis/PS_Alone_NoFPU/hw
TRACE::2025-09-30.10:55:36::SCWPlatform:: Platform Path D:/Projet_Vitis/PS_Alone_NoFPU/hw/PS_Only_ZyboZ7.xsa
TRACE::2025-09-30.10:55:36::SCWPlatform:: Unique name xilinx:zybo-z7-20::0.0
TRACE::2025-09-30.10:55:36::SCWPlatform::Trying to set the existing hwdb with name design_1_wrapper_3
TRACE::2025-09-30.10:55:36::SCWPlatform::Opened existing hwdb design_1_wrapper_3
TRACE::2025-09-30.10:55:36::SCWPlatform::Found the Hw Db part of the input DSA
TRACE::2025-09-30.10:55:36::SCWMssOS::Checking the sw design at  D:/Projet_Vitis/PS_Alone_NoFPU/ps7_cortexa9_0/standalone_domain/bsp/system.mss
TRACE::2025-09-30.10:55:36::SCWMssOS::DEBUG:  swdes dump  D:/Projet_Vitis/PS_Alone_NoFPU/zynq_fsbl/zynq_fsbl_bsp/system.mss|system_1||
D:/Projet_Vitis/PS_Only_ZyboZ7/ps7_cortexa9_0/standalone_ps7_cortexa9_0/bsp/system.mss|system_0||
D:/Projet_Vitis/PS_Only_ZyboZ7/zynq_fsbl/zynq_fsbl_bsp/system.mss|system||

TRACE::2025-09-30.10:55:36::SCWMssOS::No sw design opened at  D:/Projet_Vitis/PS_Alone_NoFPU/ps7_cortexa9_0/standalone_domain/bsp/system.mss
TRACE::2025-09-30.10:55:36::SCWMssOS::mss does not exists at D:/Projet_Vitis/PS_Alone_NoFPU/ps7_cortexa9_0/standalone_domain/bsp/system.mss
TRACE::2025-09-30.10:55:36::SCWMssOS::Creating sw design at  D:/Projet_Vitis/PS_Alone_NoFPU/ps7_cortexa9_0/standalone_domain/bsp/system.mss
TRACE::2025-09-30.10:55:36::SCWMssOS::Adding the swdes entry, created swdb D:/Projet_Vitis/PS_Alone_NoFPU/ps7_cortexa9_0/standalone_domain/bsp/system.mss with des name D:/Projet_Vitis/PS_Alone_NoFPU/ps7_cortexa9_0/standalone_domain/bsp/system.mss
TRACE::2025-09-30.10:55:36::SCWMssOS::updating the scw layer changes to swdes at   D:/Projet_Vitis/PS_Alone_NoFPU/ps7_cortexa9_0/standalone_domain/bsp/system.mss
TRACE::2025-09-30.10:55:36::SCWMssOS::Writing mss at D:/Projet_Vitis/PS_Alone_NoFPU/ps7_cortexa9_0/standalone_domain/bsp/system.mss
TRACE::2025-09-30.10:55:36::SCWMssOS::Completed writing the mss file at D:/Projet_Vitis/PS_Alone_NoFPU/ps7_cortexa9_0/standalone_domain/bsp
TRACE::2025-09-30.10:55:36::SCWMssOS::Picking up changes from newly written mss file into SCW Layer. 
TRACE::2025-09-30.10:55:36::SCWMssOS::Updated the changes from newly written mss file into SCW Layer. 
TRACE::2025-09-30.10:55:37::SCWMssOS::Completed writing the mss file at D:/Projet_Vitis/PS_Alone_NoFPU/ps7_cortexa9_0/standalone_domain/bsp
TRACE::2025-09-30.10:55:37::SCWMssOS::Forcing BSP Sources regeneration.
TRACE::2025-09-30.10:56:02::SCWMssOS::Saving the mss changes D:/Projet_Vitis/PS_Alone_NoFPU/zynq_fsbl/zynq_fsbl_bsp/system.mss
TRACE::2025-09-30.10:56:02::SCWMssOS::Found a swdesign opened with the mssfile.
TRACE::2025-09-30.10:56:02::SCWMssOS::Completed writemss as part of save.
TRACE::2025-09-30.10:56:02::SCWMssOS::Commit changes completed.
TRACE::2025-09-30.10:56:02::SCWMssOS::Saving the mss changes D:/Projet_Vitis/PS_Alone_NoFPU/ps7_cortexa9_0/standalone_domain/bsp/system.mss
TRACE::2025-09-30.10:56:02::SCWMssOS::Found a swdesign opened with the mssfile.
TRACE::2025-09-30.10:56:02::SCWMssOS::Running validate of swdbs.
KEYINFO::2025-09-30.10:56:02::SCWMssOS::Could not open the swdb for D:/Projet_Vitis/PS_Alone_NoFPU/ps7_cortexa9_0/standalone_domain/bsp/system.mss
KEYINFO::2025-09-30.10:56:02::SCWMssOS::Could not open the sw design at  D:/Projet_Vitis/PS_Alone_NoFPU/ps7_cortexa9_0/standalone_domain/bsp/system.mss
ERROR: [Hsi 55-1558] Software Design D:/Projet_Vitis/PS_Alone_NoFPU/ps7_cortexa9_0/standalone_domain/bsp/system.mss is not found

TRACE::2025-09-30.10:56:02::SCWMssOS::Cleared the swdb table entry
TRACE::2025-09-30.10:56:02::SCWMssOS::Adding the swdes entry, mss present, able to open swdb D:/Projet_Vitis/PS_Alone_NoFPU/ps7_cortexa9_0/standalone_domain/bsp/system.mss with des name system_2
TRACE::2025-09-30.10:56:02::SCWMssOS::Writing the mss file completed D:/Projet_Vitis/PS_Alone_NoFPU/ps7_cortexa9_0/standalone_domain/bsp/system.mss
TRACE::2025-09-30.10:56:02::SCWMssOS::Commit changes completed.
TRACE::2025-09-30.10:56:02::SCWPlatform::Trying to open the hw design at D:/Projet_Vitis/PS_Alone_NoFPU/hw/PS_Only_ZyboZ7.xsa
TRACE::2025-09-30.10:56:02::SCWPlatform::DSA given D:/Projet_Vitis/PS_Alone_NoFPU/hw/PS_Only_ZyboZ7.xsa
TRACE::2025-09-30.10:56:02::SCWPlatform::DSA absoulate path D:/Projet_Vitis/PS_Alone_NoFPU/hw/PS_Only_ZyboZ7.xsa
TRACE::2025-09-30.10:56:02::SCWPlatform::DSA directory D:/Projet_Vitis/PS_Alone_NoFPU/hw
TRACE::2025-09-30.10:56:02::SCWPlatform:: Platform Path D:/Projet_Vitis/PS_Alone_NoFPU/hw/PS_Only_ZyboZ7.xsa
TRACE::2025-09-30.10:56:02::SCWPlatform:: Unique name xilinx:zybo-z7-20::0.0
TRACE::2025-09-30.10:56:02::SCWPlatform::Trying to set the existing hwdb with name design_1_wrapper_3
TRACE::2025-09-30.10:56:02::SCWPlatform::Opened existing hwdb design_1_wrapper_3
TRACE::2025-09-30.10:56:02::SCWPlatform::Found the Hw Db part of the input DSA
TRACE::2025-09-30.10:56:02::SCWMssOS::Checking the sw design at  D:/Projet_Vitis/PS_Alone_NoFPU/zynq_fsbl/zynq_fsbl_bsp/system.mss
TRACE::2025-09-30.10:56:02::SCWMssOS::DEBUG:  swdes dump  D:/Projet_Vitis/PS_Alone_NoFPU/ps7_cortexa9_0/standalone_domain/bsp/system.mss|system_2||
D:/Projet_Vitis/PS_Alone_NoFPU/zynq_fsbl/zynq_fsbl_bsp/system.mss|system_1||
D:/Projet_Vitis/PS_Only_ZyboZ7/ps7_cortexa9_0/standalone_ps7_cortexa9_0/bsp/system.mss|system_0||
D:/Projet_Vitis/PS_Only_ZyboZ7/zynq_fsbl/zynq_fsbl_bsp/system.mss|system||

TRACE::2025-09-30.10:56:02::SCWMssOS::Sw design exists and opened at  D:/Projet_Vitis/PS_Alone_NoFPU/zynq_fsbl/zynq_fsbl_bsp/system.mss
TRACE::2025-09-30.10:56:02::SCWPlatform::Trying to open the hw design at D:/Projet_Vitis/PS_Alone_NoFPU/hw/PS_Only_ZyboZ7.xsa
TRACE::2025-09-30.10:56:02::SCWPlatform::DSA given D:/Projet_Vitis/PS_Alone_NoFPU/hw/PS_Only_ZyboZ7.xsa
TRACE::2025-09-30.10:56:02::SCWPlatform::DSA absoulate path D:/Projet_Vitis/PS_Alone_NoFPU/hw/PS_Only_ZyboZ7.xsa
TRACE::2025-09-30.10:56:02::SCWPlatform::DSA directory D:/Projet_Vitis/PS_Alone_NoFPU/hw
TRACE::2025-09-30.10:56:02::SCWPlatform:: Platform Path D:/Projet_Vitis/PS_Alone_NoFPU/hw/PS_Only_ZyboZ7.xsa
TRACE::2025-09-30.10:56:02::SCWPlatform:: Unique name xilinx:zybo-z7-20::0.0
TRACE::2025-09-30.10:56:02::SCWPlatform::Trying to set the existing hwdb with name design_1_wrapper_3
TRACE::2025-09-30.10:56:02::SCWPlatform::Opened existing hwdb design_1_wrapper_3
TRACE::2025-09-30.10:56:02::SCWPlatform::Found the Hw Db part of the input DSA
TRACE::2025-09-30.10:56:02::SCWMssOS::Checking the sw design at  D:/Projet_Vitis/PS_Alone_NoFPU/zynq_fsbl/zynq_fsbl_bsp/system.mss
TRACE::2025-09-30.10:56:02::SCWMssOS::DEBUG:  swdes dump  D:/Projet_Vitis/PS_Alone_NoFPU/ps7_cortexa9_0/standalone_domain/bsp/system.mss|system_2||
D:/Projet_Vitis/PS_Alone_NoFPU/zynq_fsbl/zynq_fsbl_bsp/system.mss|system_1||
D:/Projet_Vitis/PS_Only_ZyboZ7/ps7_cortexa9_0/standalone_ps7_cortexa9_0/bsp/system.mss|system_0||
D:/Projet_Vitis/PS_Only_ZyboZ7/zynq_fsbl/zynq_fsbl_bsp/system.mss|system||

TRACE::2025-09-30.10:56:02::SCWMssOS::Sw design exists and opened at  D:/Projet_Vitis/PS_Alone_NoFPU/zynq_fsbl/zynq_fsbl_bsp/system.mss
TRACE::2025-09-30.10:56:02::SCWPlatform::Trying to open the hw design at D:/Projet_Vitis/PS_Alone_NoFPU/hw/PS_Only_ZyboZ7.xsa
TRACE::2025-09-30.10:56:02::SCWPlatform::DSA given D:/Projet_Vitis/PS_Alone_NoFPU/hw/PS_Only_ZyboZ7.xsa
TRACE::2025-09-30.10:56:02::SCWPlatform::DSA absoulate path D:/Projet_Vitis/PS_Alone_NoFPU/hw/PS_Only_ZyboZ7.xsa
TRACE::2025-09-30.10:56:02::SCWPlatform::DSA directory D:/Projet_Vitis/PS_Alone_NoFPU/hw
TRACE::2025-09-30.10:56:02::SCWPlatform:: Platform Path D:/Projet_Vitis/PS_Alone_NoFPU/hw/PS_Only_ZyboZ7.xsa
TRACE::2025-09-30.10:56:02::SCWPlatform:: Unique name xilinx:zybo-z7-20::0.0
TRACE::2025-09-30.10:56:02::SCWPlatform::Trying to set the existing hwdb with name design_1_wrapper_3
TRACE::2025-09-30.10:56:02::SCWPlatform::Opened existing hwdb design_1_wrapper_3
TRACE::2025-09-30.10:56:02::SCWPlatform::Found the Hw Db part of the input DSA
TRACE::2025-09-30.10:56:02::SCWMssOS::Checking the sw design at  D:/Projet_Vitis/PS_Alone_NoFPU/zynq_fsbl/zynq_fsbl_bsp/system.mss
TRACE::2025-09-30.10:56:02::SCWMssOS::DEBUG:  swdes dump  D:/Projet_Vitis/PS_Alone_NoFPU/ps7_cortexa9_0/standalone_domain/bsp/system.mss|system_2||
D:/Projet_Vitis/PS_Alone_NoFPU/zynq_fsbl/zynq_fsbl_bsp/system.mss|system_1||
D:/Projet_Vitis/PS_Only_ZyboZ7/ps7_cortexa9_0/standalone_ps7_cortexa9_0/bsp/system.mss|system_0||
D:/Projet_Vitis/PS_Only_ZyboZ7/zynq_fsbl/zynq_fsbl_bsp/system.mss|system||

TRACE::2025-09-30.10:56:02::SCWMssOS::Sw design exists and opened at  D:/Projet_Vitis/PS_Alone_NoFPU/zynq_fsbl/zynq_fsbl_bsp/system.mss
TRACE::2025-09-30.10:56:03::SCWPlatform::Trying to open the hw design at D:/Projet_Vitis/PS_Alone_NoFPU/hw/PS_Only_ZyboZ7.xsa
TRACE::2025-09-30.10:56:03::SCWPlatform::DSA given D:/Projet_Vitis/PS_Alone_NoFPU/hw/PS_Only_ZyboZ7.xsa
TRACE::2025-09-30.10:56:03::SCWPlatform::DSA absoulate path D:/Projet_Vitis/PS_Alone_NoFPU/hw/PS_Only_ZyboZ7.xsa
TRACE::2025-09-30.10:56:03::SCWPlatform::DSA directory D:/Projet_Vitis/PS_Alone_NoFPU/hw
TRACE::2025-09-30.10:56:03::SCWPlatform:: Platform Path D:/Projet_Vitis/PS_Alone_NoFPU/hw/PS_Only_ZyboZ7.xsa
TRACE::2025-09-30.10:56:03::SCWPlatform:: Unique name xilinx:zybo-z7-20::0.0
TRACE::2025-09-30.10:56:03::SCWPlatform::Trying to set the existing hwdb with name design_1_wrapper_3
TRACE::2025-09-30.10:56:03::SCWPlatform::Opened existing hwdb design_1_wrapper_3
TRACE::2025-09-30.10:56:03::SCWPlatform::Found the Hw Db part of the input DSA
TRACE::2025-09-30.10:56:03::SCWMssOS::Checking the sw design at  D:/Projet_Vitis/PS_Alone_NoFPU/ps7_cortexa9_0/standalone_domain/bsp/system.mss
TRACE::2025-09-30.10:56:03::SCWMssOS::DEBUG:  swdes dump  D:/Projet_Vitis/PS_Alone_NoFPU/ps7_cortexa9_0/standalone_domain/bsp/system.mss|system_2||
D:/Projet_Vitis/PS_Alone_NoFPU/zynq_fsbl/zynq_fsbl_bsp/system.mss|system_1||
D:/Projet_Vitis/PS_Only_ZyboZ7/ps7_cortexa9_0/standalone_ps7_cortexa9_0/bsp/system.mss|system_0||
D:/Projet_Vitis/PS_Only_ZyboZ7/zynq_fsbl/zynq_fsbl_bsp/system.mss|system||

TRACE::2025-09-30.10:56:03::SCWMssOS::Sw design exists and opened at  D:/Projet_Vitis/PS_Alone_NoFPU/ps7_cortexa9_0/standalone_domain/bsp/system.mss
TRACE::2025-09-30.10:56:03::SCWPlatform::Trying to open the hw design at D:/Projet_Vitis/PS_Alone_NoFPU/hw/PS_Only_ZyboZ7.xsa
TRACE::2025-09-30.10:56:03::SCWPlatform::DSA given D:/Projet_Vitis/PS_Alone_NoFPU/hw/PS_Only_ZyboZ7.xsa
TRACE::2025-09-30.10:56:03::SCWPlatform::DSA absoulate path D:/Projet_Vitis/PS_Alone_NoFPU/hw/PS_Only_ZyboZ7.xsa
TRACE::2025-09-30.10:56:03::SCWPlatform::DSA directory D:/Projet_Vitis/PS_Alone_NoFPU/hw
TRACE::2025-09-30.10:56:03::SCWPlatform:: Platform Path D:/Projet_Vitis/PS_Alone_NoFPU/hw/PS_Only_ZyboZ7.xsa
TRACE::2025-09-30.10:56:03::SCWPlatform:: Unique name xilinx:zybo-z7-20::0.0
TRACE::2025-09-30.10:56:03::SCWPlatform::Trying to set the existing hwdb with name design_1_wrapper_3
TRACE::2025-09-30.10:56:03::SCWPlatform::Opened existing hwdb design_1_wrapper_3
TRACE::2025-09-30.10:56:07::SCWPlatform::Found the Hw Db part of the input DSA
TRACE::2025-09-30.10:56:07::SCWMssOS::Checking the sw design at  D:/Projet_Vitis/PS_Alone_NoFPU/ps7_cortexa9_0/standalone_domain/bsp/system.mss
TRACE::2025-09-30.10:56:07::SCWMssOS::DEBUG:  swdes dump  D:/Projet_Vitis/PS_Alone_NoFPU/ps7_cortexa9_0/standalone_domain/bsp/system.mss|system_2||
D:/Projet_Vitis/PS_Alone_NoFPU/zynq_fsbl/zynq_fsbl_bsp/system.mss|system_1||
D:/Projet_Vitis/PS_Only_ZyboZ7/ps7_cortexa9_0/standalone_ps7_cortexa9_0/bsp/system.mss|system_0||
D:/Projet_Vitis/PS_Only_ZyboZ7/zynq_fsbl/zynq_fsbl_bsp/system.mss|system||

TRACE::2025-09-30.10:56:07::SCWMssOS::Sw design exists and opened at  D:/Projet_Vitis/PS_Alone_NoFPU/ps7_cortexa9_0/standalone_domain/bsp/system.mss
TRACE::2025-09-30.10:56:07::SCWPlatform::Trying to open the hw design at D:/Projet_Vitis/PS_Alone_NoFPU/hw/PS_Only_ZyboZ7.xsa
TRACE::2025-09-30.10:56:07::SCWPlatform::DSA given D:/Projet_Vitis/PS_Alone_NoFPU/hw/PS_Only_ZyboZ7.xsa
TRACE::2025-09-30.10:56:07::SCWPlatform::DSA absoulate path D:/Projet_Vitis/PS_Alone_NoFPU/hw/PS_Only_ZyboZ7.xsa
TRACE::2025-09-30.10:56:07::SCWPlatform::DSA directory D:/Projet_Vitis/PS_Alone_NoFPU/hw
TRACE::2025-09-30.10:56:07::SCWPlatform:: Platform Path D:/Projet_Vitis/PS_Alone_NoFPU/hw/PS_Only_ZyboZ7.xsa
TRACE::2025-09-30.10:56:07::SCWPlatform:: Unique name xilinx:zybo-z7-20::0.0
TRACE::2025-09-30.10:56:07::SCWPlatform::Trying to set the existing hwdb with name design_1_wrapper_3
TRACE::2025-09-30.10:56:07::SCWPlatform::Opened existing hwdb design_1_wrapper_3
TRACE::2025-09-30.10:56:07::SCWPlatform::Found the Hw Db part of the input DSA
TRACE::2025-09-30.10:56:07::SCWMssOS::Checking the sw design at  D:/Projet_Vitis/PS_Alone_NoFPU/ps7_cortexa9_0/standalone_domain/bsp/system.mss
TRACE::2025-09-30.10:56:07::SCWMssOS::DEBUG:  swdes dump  D:/Projet_Vitis/PS_Alone_NoFPU/ps7_cortexa9_0/standalone_domain/bsp/system.mss|system_2||
D:/Projet_Vitis/PS_Alone_NoFPU/zynq_fsbl/zynq_fsbl_bsp/system.mss|system_1||
D:/Projet_Vitis/PS_Only_ZyboZ7/ps7_cortexa9_0/standalone_ps7_cortexa9_0/bsp/system.mss|system_0||
D:/Projet_Vitis/PS_Only_ZyboZ7/zynq_fsbl/zynq_fsbl_bsp/system.mss|system||

TRACE::2025-09-30.10:56:07::SCWMssOS::Sw design exists and opened at  D:/Projet_Vitis/PS_Alone_NoFPU/ps7_cortexa9_0/standalone_domain/bsp/system.mss
TRACE::2025-09-30.10:56:07::SCWWriter::formatted JSON is {
	"platformName":	"PS_Alone_NoFPU",
	"sprVersion":	"2.0",
	"mode":	"gui",
	"dsaType":	"Fixed",
	"platformDesc":	"PS_Alone_NoFPU",
	"platHandOff":	"D:/Projet_Vitis/PS_Only_ZyboZ7.xsa",
	"platIntHandOff":	"<platformDir>/hw/PS_Only_ZyboZ7.xsa",
	"deviceType":	"zynq",
	"platIsPrebuiltAutogen":	"false",
	"platIsNoBootBsp":	"false",
	"platFsblTarget":	"ps7_cortexa9_0",
	"hasFsblMakeHasChanges":	"false",
	"hasPmufwMakeHasChanges":	"false",
	"fsblExtraCompilerFlags":	"-MMD -MP       -mcpu=cortex-a9 -mfpu=vfpv3 -mfloat-abi=hard ",
	"platPreBuiltFlag":	false,
	"platformSamplesDir":	"",
	"platActiveSys":	"PS_Alone_NoFPU",
	"systems":	[{
			"systemName":	"PS_Alone_NoFPU",
			"systemDesc":	"PS_Alone_NoFPU",
			"sysIsBootAutoGen":	"true",
			"systemDispName":	"PS_Alone_NoFPU",
			"sysActiveDom":	"standalone_domain",
			"sysDefaultDom":	"standalone_domain",
			"domains":	[{
					"domainName":	"zynq_fsbl",
					"domainDispName":	"zynq_fsbl",
					"domainDesc":	"FSBL Application BSP - Auto Generated.",
					"processors":	"ps7_cortexa9_0",
					"os":	"standalone",
					"sdxOs":	"standalone",
					"debugEnable":	"",
					"domRuntimes":	["cpp"],
					"swRepo":	"",
					"mssOsVer":	"7.3",
					"mssFile":	"",
					"md5Digest":	"d4dce1e3283be35b8cb204de15302e33",
					"compatibleApp":	"zynq_fsbl",
					"domType":	"bootDomain",
					"arch":	"32-bit",
					"appSettings":	{
						"appCompilerFlags":	"",
						"appLinkerFlags":	""
					},
					"addedLibs":	["xilffs:4.4", "xilrsa:1.6"],
					"libOptions":	{
						"libsContainingOptions":	[]
					},
					"prebuiltLibs":	{
						"prebuiltIncPath":	[],
						"prebuiltLibPath":	[]
					},
					"isolation":	{
					}
				}, {
					"domainName":	"standalone_domain",
					"domainDispName":	"standalone_domain",
					"domainDesc":	"standalone_domain",
					"processors":	"ps7_cortexa9_0",
					"os":	"standalone",
					"sdxOs":	"standalone",
					"qemuArgs":	"C:/Xilinx/Vitis/2020.2/data/emulation/platforms/zynq/sw/a9_standalone/qemu/qemu_args.txt",
					"qemuData":	"C:/Xilinx/Vitis/2020.2/data/emulation/platforms/zynq/sw/a9_standalone/qemu/",
					"debugEnable":	"False",
					"domRuntimes":	["cpp"],
					"swRepo":	"",
					"mssOsVer":	"7.3",
					"mssFile":	"",
					"md5Digest":	"ea3a8c353fcc4eb0b32c84eda9a1f60f",
					"compatibleApp":	"",
					"domType":	"mssDomain",
					"appSettings":	{
						"appCompilerFlags":	"",
						"appLinkerFlags":	""
					},
					"addedLibs":	[],
					"libOptions":	{
						"libsContainingOptions":	[]
					},
					"prebuiltLibs":	{
						"prebuiltIncPath":	[],
						"prebuiltLibPath":	[]
					},
					"isolation":	{
					}
				}]
		}]
}
LOG::2025-09-30.10:56:07::SCWPlatform::Started generating the artifacts platform PS_Alone_NoFPU
TRACE::2025-09-30.10:56:07::SCWPlatform::Sanity checking of platform is completed
LOG::2025-09-30.10:56:07::SCWPlatform::Started generating the artifacts for system configuration PS_Alone_NoFPU
LOG::2025-09-30.10:56:08::SCWSystem::Checking the domain zynq_fsbl
LOG::2025-09-30.10:56:08::SCWSystem::Doing application build for :  zynq_fsbl
TRACE::2025-09-30.10:56:08::SCWBDomain::Not a forced makefile updation, No changes are present. 
TRACE::2025-09-30.10:56:08::SCWDomain::Skipping the build for domain :  zynq_fsbl
LOG::2025-09-30.10:56:08::SCWSystem::Checking the domain standalone_domain
LOG::2025-09-30.10:56:08::SCWSystem::Not a boot domain 
LOG::2025-09-30.10:56:08::SCWSystem::Started Processing the domain standalone_domain
TRACE::2025-09-30.10:56:08::SCWDomain::Generating domain artifcats
TRACE::2025-09-30.10:56:08::SCWMssOS::Generating standalone artifcats
TRACE::2025-09-30.10:56:08::SCWMssOS::Copying the qemu file from  C:/Xilinx/Vitis/2020.2/data/emulation/platforms/zynq/sw/a9_standalone/qemu/qemu_args.txt To D:/Projet_Vitis/PS_Alone_NoFPU/export/PS_Alone_NoFPU/sw/PS_Alone_NoFPU/qemu/
TRACE::2025-09-30.10:56:08::SCWMssOS::Copying the qemu file from  C:/Xilinx/Vitis/2020.2/data/emulation/platforms/zynq/sw/a9_standalone/qemu/qemu_args.txt To D:/Projet_Vitis/PS_Alone_NoFPU/export/PS_Alone_NoFPU/sw/PS_Alone_NoFPU/standalone_domain/qemu/
TRACE::2025-09-30.10:56:08::SCWMssOS:: Copying the user libraries. 
TRACE::2025-09-30.10:56:08::SCWPlatform::Trying to open the hw design at D:/Projet_Vitis/PS_Alone_NoFPU/hw/PS_Only_ZyboZ7.xsa
TRACE::2025-09-30.10:56:08::SCWPlatform::DSA given D:/Projet_Vitis/PS_Alone_NoFPU/hw/PS_Only_ZyboZ7.xsa
TRACE::2025-09-30.10:56:08::SCWPlatform::DSA absoulate path D:/Projet_Vitis/PS_Alone_NoFPU/hw/PS_Only_ZyboZ7.xsa
TRACE::2025-09-30.10:56:08::SCWPlatform::DSA directory D:/Projet_Vitis/PS_Alone_NoFPU/hw
TRACE::2025-09-30.10:56:08::SCWPlatform:: Platform Path D:/Projet_Vitis/PS_Alone_NoFPU/hw/PS_Only_ZyboZ7.xsa
TRACE::2025-09-30.10:56:08::SCWPlatform:: Unique name xilinx:zybo-z7-20::0.0
TRACE::2025-09-30.10:56:08::SCWPlatform::Trying to set the existing hwdb with name design_1_wrapper_3
TRACE::2025-09-30.10:56:08::SCWPlatform::Opened existing hwdb design_1_wrapper_3
TRACE::2025-09-30.10:56:08::SCWPlatform::Found the Hw Db part of the input DSA
TRACE::2025-09-30.10:56:08::SCWMssOS::Checking the sw design at  D:/Projet_Vitis/PS_Alone_NoFPU/ps7_cortexa9_0/standalone_domain/bsp/system.mss
TRACE::2025-09-30.10:56:08::SCWMssOS::DEBUG:  swdes dump  D:/Projet_Vitis/PS_Alone_NoFPU/ps7_cortexa9_0/standalone_domain/bsp/system.mss|system_2||
D:/Projet_Vitis/PS_Alone_NoFPU/zynq_fsbl/zynq_fsbl_bsp/system.mss|system_1||
D:/Projet_Vitis/PS_Only_ZyboZ7/ps7_cortexa9_0/standalone_ps7_cortexa9_0/bsp/system.mss|system_0||
D:/Projet_Vitis/PS_Only_ZyboZ7/zynq_fsbl/zynq_fsbl_bsp/system.mss|system||

TRACE::2025-09-30.10:56:08::SCWMssOS::Sw design exists and opened at  D:/Projet_Vitis/PS_Alone_NoFPU/ps7_cortexa9_0/standalone_domain/bsp/system.mss
TRACE::2025-09-30.10:56:08::SCWMssOS::Completed writing the mss file at D:/Projet_Vitis/PS_Alone_NoFPU/ps7_cortexa9_0/standalone_domain/bsp
TRACE::2025-09-30.10:56:08::SCWMssOS::Mss edits present, copying mssfile into export location D:/Projet_Vitis/PS_Alone_NoFPU/ps7_cortexa9_0/standalone_domain/bsp/system.mss
TRACE::2025-09-30.10:56:08::SCWMssOS::bsp generated is upto date with the mss file. Skipping bsp generation.
TRACE::2025-09-30.10:56:08::SCWMssOS::BSP is already built. skipping the bsp build ... 
TRACE::2025-09-30.10:56:08::SCWDomain::Skipping the build for domain :  standalone_domain
TRACE::2025-09-30.10:56:08::SCWMssOS::skipping the bsp build ... 
TRACE::2025-09-30.10:56:08::SCWMssOS::Copying to export directory.
TRACE::2025-09-30.10:56:08::SCWMssOS:: Checking if to create the Supporting Applications
TRACE::2025-09-30.10:56:08::SCWMssOS:: No Linux domain exists, trying to generate FSBL 
TRACE::2025-09-30.10:56:08::SCWMssOS:: Completed Standalone Artifacts creation 
LOG::2025-09-30.10:56:08::SCWSystem::Completed Processing the domain standalone_domain
LOG::2025-09-30.10:56:08::SCWSystem::Completed Processing the sysconfig PS_Alone_NoFPU
LOG::2025-09-30.10:56:08::SCWPlatform::Completed generating the artifacts for system configuration PS_Alone_NoFPU
TRACE::2025-09-30.10:56:08::SCWPlatform::Started preparing the platform 
TRACE::2025-09-30.10:56:09::SCWSystem::Writing the bif file for system config PS_Alone_NoFPU
TRACE::2025-09-30.10:56:09::SCWSystem::dir created 
TRACE::2025-09-30.10:56:09::SCWSystem::Writing the bif 
TRACE::2025-09-30.10:56:09::SCWPlatform::Started writing the spfm file 
TRACE::2025-09-30.10:56:09::SCWPlatform::Started writing the xpfm file 
TRACE::2025-09-30.10:56:09::SCWPlatform::Completed generating the platform
TRACE::2025-09-30.10:56:09::SCWMssOS::Saving the mss changes D:/Projet_Vitis/PS_Alone_NoFPU/zynq_fsbl/zynq_fsbl_bsp/system.mss
TRACE::2025-09-30.10:56:09::SCWMssOS::Found a swdesign opened with the mssfile.
TRACE::2025-09-30.10:56:09::SCWMssOS::Completed writemss as part of save.
TRACE::2025-09-30.10:56:09::SCWMssOS::Commit changes completed.
TRACE::2025-09-30.10:56:09::SCWMssOS::Saving the mss changes D:/Projet_Vitis/PS_Alone_NoFPU/ps7_cortexa9_0/standalone_domain/bsp/system.mss
TRACE::2025-09-30.10:56:09::SCWMssOS::Found a swdesign opened with the mssfile.
TRACE::2025-09-30.10:56:09::SCWMssOS::Completed writemss as part of save.
TRACE::2025-09-30.10:56:09::SCWMssOS::Commit changes completed.
TRACE::2025-09-30.10:56:09::SCWPlatform::Trying to open the hw design at D:/Projet_Vitis/PS_Alone_NoFPU/hw/PS_Only_ZyboZ7.xsa
TRACE::2025-09-30.10:56:09::SCWPlatform::DSA given D:/Projet_Vitis/PS_Alone_NoFPU/hw/PS_Only_ZyboZ7.xsa
TRACE::2025-09-30.10:56:09::SCWPlatform::DSA absoulate path D:/Projet_Vitis/PS_Alone_NoFPU/hw/PS_Only_ZyboZ7.xsa
TRACE::2025-09-30.10:56:09::SCWPlatform::DSA directory D:/Projet_Vitis/PS_Alone_NoFPU/hw
TRACE::2025-09-30.10:56:09::SCWPlatform:: Platform Path D:/Projet_Vitis/PS_Alone_NoFPU/hw/PS_Only_ZyboZ7.xsa
TRACE::2025-09-30.10:56:09::SCWPlatform:: Unique name xilinx:zybo-z7-20::0.0
TRACE::2025-09-30.10:56:09::SCWPlatform::Trying to set the existing hwdb with name design_1_wrapper_3
TRACE::2025-09-30.10:56:09::SCWPlatform::Opened existing hwdb design_1_wrapper_3
TRACE::2025-09-30.10:56:09::SCWPlatform::Found the Hw Db part of the input DSA
TRACE::2025-09-30.10:56:09::SCWMssOS::Checking the sw design at  D:/Projet_Vitis/PS_Alone_NoFPU/zynq_fsbl/zynq_fsbl_bsp/system.mss
TRACE::2025-09-30.10:56:09::SCWMssOS::DEBUG:  swdes dump  D:/Projet_Vitis/PS_Alone_NoFPU/ps7_cortexa9_0/standalone_domain/bsp/system.mss|system_2||
D:/Projet_Vitis/PS_Alone_NoFPU/zynq_fsbl/zynq_fsbl_bsp/system.mss|system_1||
D:/Projet_Vitis/PS_Only_ZyboZ7/ps7_cortexa9_0/standalone_ps7_cortexa9_0/bsp/system.mss|system_0||
D:/Projet_Vitis/PS_Only_ZyboZ7/zynq_fsbl/zynq_fsbl_bsp/system.mss|system||

TRACE::2025-09-30.10:56:09::SCWMssOS::Sw design exists and opened at  D:/Projet_Vitis/PS_Alone_NoFPU/zynq_fsbl/zynq_fsbl_bsp/system.mss
TRACE::2025-09-30.10:56:09::SCWPlatform::Trying to open the hw design at D:/Projet_Vitis/PS_Alone_NoFPU/hw/PS_Only_ZyboZ7.xsa
TRACE::2025-09-30.10:56:09::SCWPlatform::DSA given D:/Projet_Vitis/PS_Alone_NoFPU/hw/PS_Only_ZyboZ7.xsa
TRACE::2025-09-30.10:56:09::SCWPlatform::DSA absoulate path D:/Projet_Vitis/PS_Alone_NoFPU/hw/PS_Only_ZyboZ7.xsa
TRACE::2025-09-30.10:56:09::SCWPlatform::DSA directory D:/Projet_Vitis/PS_Alone_NoFPU/hw
TRACE::2025-09-30.10:56:09::SCWPlatform:: Platform Path D:/Projet_Vitis/PS_Alone_NoFPU/hw/PS_Only_ZyboZ7.xsa
TRACE::2025-09-30.10:56:09::SCWPlatform:: Unique name xilinx:zybo-z7-20::0.0
TRACE::2025-09-30.10:56:09::SCWPlatform::Trying to set the existing hwdb with name design_1_wrapper_3
TRACE::2025-09-30.10:56:09::SCWPlatform::Opened existing hwdb design_1_wrapper_3
TRACE::2025-09-30.10:56:09::SCWPlatform::Found the Hw Db part of the input DSA
TRACE::2025-09-30.10:56:09::SCWMssOS::Checking the sw design at  D:/Projet_Vitis/PS_Alone_NoFPU/zynq_fsbl/zynq_fsbl_bsp/system.mss
TRACE::2025-09-30.10:56:09::SCWMssOS::DEBUG:  swdes dump  D:/Projet_Vitis/PS_Alone_NoFPU/ps7_cortexa9_0/standalone_domain/bsp/system.mss|system_2||
D:/Projet_Vitis/PS_Alone_NoFPU/zynq_fsbl/zynq_fsbl_bsp/system.mss|system_1||
D:/Projet_Vitis/PS_Only_ZyboZ7/ps7_cortexa9_0/standalone_ps7_cortexa9_0/bsp/system.mss|system_0||
D:/Projet_Vitis/PS_Only_ZyboZ7/zynq_fsbl/zynq_fsbl_bsp/system.mss|system||

TRACE::2025-09-30.10:56:09::SCWMssOS::Sw design exists and opened at  D:/Projet_Vitis/PS_Alone_NoFPU/zynq_fsbl/zynq_fsbl_bsp/system.mss
TRACE::2025-09-30.10:56:09::SCWPlatform::Trying to open the hw design at D:/Projet_Vitis/PS_Alone_NoFPU/hw/PS_Only_ZyboZ7.xsa
TRACE::2025-09-30.10:56:09::SCWPlatform::DSA given D:/Projet_Vitis/PS_Alone_NoFPU/hw/PS_Only_ZyboZ7.xsa
TRACE::2025-09-30.10:56:09::SCWPlatform::DSA absoulate path D:/Projet_Vitis/PS_Alone_NoFPU/hw/PS_Only_ZyboZ7.xsa
TRACE::2025-09-30.10:56:09::SCWPlatform::DSA directory D:/Projet_Vitis/PS_Alone_NoFPU/hw
TRACE::2025-09-30.10:56:09::SCWPlatform:: Platform Path D:/Projet_Vitis/PS_Alone_NoFPU/hw/PS_Only_ZyboZ7.xsa
TRACE::2025-09-30.10:56:09::SCWPlatform:: Unique name xilinx:zybo-z7-20::0.0
TRACE::2025-09-30.10:56:09::SCWPlatform::Trying to set the existing hwdb with name design_1_wrapper_3
TRACE::2025-09-30.10:56:09::SCWPlatform::Opened existing hwdb design_1_wrapper_3
TRACE::2025-09-30.10:56:09::SCWPlatform::Found the Hw Db part of the input DSA
TRACE::2025-09-30.10:56:09::SCWMssOS::Checking the sw design at  D:/Projet_Vitis/PS_Alone_NoFPU/zynq_fsbl/zynq_fsbl_bsp/system.mss
TRACE::2025-09-30.10:56:09::SCWMssOS::DEBUG:  swdes dump  D:/Projet_Vitis/PS_Alone_NoFPU/ps7_cortexa9_0/standalone_domain/bsp/system.mss|system_2||
D:/Projet_Vitis/PS_Alone_NoFPU/zynq_fsbl/zynq_fsbl_bsp/system.mss|system_1||
D:/Projet_Vitis/PS_Only_ZyboZ7/ps7_cortexa9_0/standalone_ps7_cortexa9_0/bsp/system.mss|system_0||
D:/Projet_Vitis/PS_Only_ZyboZ7/zynq_fsbl/zynq_fsbl_bsp/system.mss|system||

TRACE::2025-09-30.10:56:09::SCWMssOS::Sw design exists and opened at  D:/Projet_Vitis/PS_Alone_NoFPU/zynq_fsbl/zynq_fsbl_bsp/system.mss
TRACE::2025-09-30.10:56:09::SCWPlatform::Trying to open the hw design at D:/Projet_Vitis/PS_Alone_NoFPU/hw/PS_Only_ZyboZ7.xsa
TRACE::2025-09-30.10:56:10::SCWPlatform::DSA given D:/Projet_Vitis/PS_Alone_NoFPU/hw/PS_Only_ZyboZ7.xsa
TRACE::2025-09-30.10:56:10::SCWPlatform::DSA absoulate path D:/Projet_Vitis/PS_Alone_NoFPU/hw/PS_Only_ZyboZ7.xsa
TRACE::2025-09-30.10:56:10::SCWPlatform::DSA directory D:/Projet_Vitis/PS_Alone_NoFPU/hw
TRACE::2025-09-30.10:56:10::SCWPlatform:: Platform Path D:/Projet_Vitis/PS_Alone_NoFPU/hw/PS_Only_ZyboZ7.xsa
TRACE::2025-09-30.10:56:10::SCWPlatform:: Unique name xilinx:zybo-z7-20::0.0
TRACE::2025-09-30.10:56:10::SCWPlatform::Trying to set the existing hwdb with name design_1_wrapper_3
TRACE::2025-09-30.10:56:10::SCWPlatform::Opened existing hwdb design_1_wrapper_3
TRACE::2025-09-30.10:56:10::SCWPlatform::Found the Hw Db part of the input DSA
TRACE::2025-09-30.10:56:10::SCWMssOS::Checking the sw design at  D:/Projet_Vitis/PS_Alone_NoFPU/ps7_cortexa9_0/standalone_domain/bsp/system.mss
TRACE::2025-09-30.10:56:10::SCWMssOS::DEBUG:  swdes dump  D:/Projet_Vitis/PS_Alone_NoFPU/ps7_cortexa9_0/standalone_domain/bsp/system.mss|system_2||
D:/Projet_Vitis/PS_Alone_NoFPU/zynq_fsbl/zynq_fsbl_bsp/system.mss|system_1||
D:/Projet_Vitis/PS_Only_ZyboZ7/ps7_cortexa9_0/standalone_ps7_cortexa9_0/bsp/system.mss|system_0||
D:/Projet_Vitis/PS_Only_ZyboZ7/zynq_fsbl/zynq_fsbl_bsp/system.mss|system||

TRACE::2025-09-30.10:56:10::SCWMssOS::Sw design exists and opened at  D:/Projet_Vitis/PS_Alone_NoFPU/ps7_cortexa9_0/standalone_domain/bsp/system.mss
TRACE::2025-09-30.10:56:10::SCWPlatform::Trying to open the hw design at D:/Projet_Vitis/PS_Alone_NoFPU/hw/PS_Only_ZyboZ7.xsa
TRACE::2025-09-30.10:56:10::SCWPlatform::DSA given D:/Projet_Vitis/PS_Alone_NoFPU/hw/PS_Only_ZyboZ7.xsa
TRACE::2025-09-30.10:56:10::SCWPlatform::DSA absoulate path D:/Projet_Vitis/PS_Alone_NoFPU/hw/PS_Only_ZyboZ7.xsa
TRACE::2025-09-30.10:56:10::SCWPlatform::DSA directory D:/Projet_Vitis/PS_Alone_NoFPU/hw
TRACE::2025-09-30.10:56:10::SCWPlatform:: Platform Path D:/Projet_Vitis/PS_Alone_NoFPU/hw/PS_Only_ZyboZ7.xsa
TRACE::2025-09-30.10:56:10::SCWPlatform:: Unique name xilinx:zybo-z7-20::0.0
TRACE::2025-09-30.10:56:10::SCWPlatform::Trying to set the existing hwdb with name design_1_wrapper_3
TRACE::2025-09-30.10:56:10::SCWPlatform::Opened existing hwdb design_1_wrapper_3
TRACE::2025-09-30.10:56:10::SCWPlatform::Found the Hw Db part of the input DSA
TRACE::2025-09-30.10:56:10::SCWMssOS::Checking the sw design at  D:/Projet_Vitis/PS_Alone_NoFPU/ps7_cortexa9_0/standalone_domain/bsp/system.mss
TRACE::2025-09-30.10:56:10::SCWMssOS::DEBUG:  swdes dump  D:/Projet_Vitis/PS_Alone_NoFPU/ps7_cortexa9_0/standalone_domain/bsp/system.mss|system_2||
D:/Projet_Vitis/PS_Alone_NoFPU/zynq_fsbl/zynq_fsbl_bsp/system.mss|system_1||
D:/Projet_Vitis/PS_Only_ZyboZ7/ps7_cortexa9_0/standalone_ps7_cortexa9_0/bsp/system.mss|system_0||
D:/Projet_Vitis/PS_Only_ZyboZ7/zynq_fsbl/zynq_fsbl_bsp/system.mss|system||

TRACE::2025-09-30.10:56:10::SCWMssOS::Sw design exists and opened at  D:/Projet_Vitis/PS_Alone_NoFPU/ps7_cortexa9_0/standalone_domain/bsp/system.mss
TRACE::2025-09-30.10:56:10::SCWPlatform::Trying to open the hw design at D:/Projet_Vitis/PS_Alone_NoFPU/hw/PS_Only_ZyboZ7.xsa
TRACE::2025-09-30.10:56:10::SCWPlatform::DSA given D:/Projet_Vitis/PS_Alone_NoFPU/hw/PS_Only_ZyboZ7.xsa
TRACE::2025-09-30.10:56:10::SCWPlatform::DSA absoulate path D:/Projet_Vitis/PS_Alone_NoFPU/hw/PS_Only_ZyboZ7.xsa
TRACE::2025-09-30.10:56:10::SCWPlatform::DSA directory D:/Projet_Vitis/PS_Alone_NoFPU/hw
TRACE::2025-09-30.10:56:10::SCWPlatform:: Platform Path D:/Projet_Vitis/PS_Alone_NoFPU/hw/PS_Only_ZyboZ7.xsa
TRACE::2025-09-30.10:56:10::SCWPlatform:: Unique name xilinx:zybo-z7-20::0.0
TRACE::2025-09-30.10:56:10::SCWPlatform::Trying to set the existing hwdb with name design_1_wrapper_3
TRACE::2025-09-30.10:56:10::SCWPlatform::Opened existing hwdb design_1_wrapper_3
TRACE::2025-09-30.10:56:10::SCWPlatform::Found the Hw Db part of the input DSA
TRACE::2025-09-30.10:56:10::SCWMssOS::Checking the sw design at  D:/Projet_Vitis/PS_Alone_NoFPU/ps7_cortexa9_0/standalone_domain/bsp/system.mss
TRACE::2025-09-30.10:56:10::SCWMssOS::DEBUG:  swdes dump  D:/Projet_Vitis/PS_Alone_NoFPU/ps7_cortexa9_0/standalone_domain/bsp/system.mss|system_2||
D:/Projet_Vitis/PS_Alone_NoFPU/zynq_fsbl/zynq_fsbl_bsp/system.mss|system_1||
D:/Projet_Vitis/PS_Only_ZyboZ7/ps7_cortexa9_0/standalone_ps7_cortexa9_0/bsp/system.mss|system_0||
D:/Projet_Vitis/PS_Only_ZyboZ7/zynq_fsbl/zynq_fsbl_bsp/system.mss|system||

TRACE::2025-09-30.10:56:10::SCWMssOS::Sw design exists and opened at  D:/Projet_Vitis/PS_Alone_NoFPU/ps7_cortexa9_0/standalone_domain/bsp/system.mss
TRACE::2025-09-30.10:56:10::SCWWriter::formatted JSON is {
	"platformName":	"PS_Alone_NoFPU",
	"sprVersion":	"2.0",
	"mode":	"gui",
	"dsaType":	"Fixed",
	"platformDesc":	"PS_Alone_NoFPU",
	"platHandOff":	"D:/Projet_Vitis/PS_Only_ZyboZ7.xsa",
	"platIntHandOff":	"<platformDir>/hw/PS_Only_ZyboZ7.xsa",
	"deviceType":	"zynq",
	"platIsPrebuiltAutogen":	"false",
	"platIsNoBootBsp":	"false",
	"platFsblTarget":	"ps7_cortexa9_0",
	"hasFsblMakeHasChanges":	"false",
	"hasPmufwMakeHasChanges":	"false",
	"fsblExtraCompilerFlags":	"-MMD -MP       -mcpu=cortex-a9 -mfpu=vfpv3 -mfloat-abi=hard ",
	"platPreBuiltFlag":	false,
	"platformSamplesDir":	"",
	"platActiveSys":	"PS_Alone_NoFPU",
	"systems":	[{
			"systemName":	"PS_Alone_NoFPU",
			"systemDesc":	"PS_Alone_NoFPU",
			"sysIsBootAutoGen":	"true",
			"systemDispName":	"PS_Alone_NoFPU",
			"sysActiveDom":	"standalone_domain",
			"sysDefaultDom":	"standalone_domain",
			"domains":	[{
					"domainName":	"zynq_fsbl",
					"domainDispName":	"zynq_fsbl",
					"domainDesc":	"FSBL Application BSP - Auto Generated.",
					"processors":	"ps7_cortexa9_0",
					"os":	"standalone",
					"sdxOs":	"standalone",
					"debugEnable":	"",
					"domRuntimes":	["cpp"],
					"swRepo":	"",
					"mssOsVer":	"7.3",
					"mssFile":	"",
					"md5Digest":	"d4dce1e3283be35b8cb204de15302e33",
					"compatibleApp":	"zynq_fsbl",
					"domType":	"bootDomain",
					"arch":	"32-bit",
					"appSettings":	{
						"appCompilerFlags":	"",
						"appLinkerFlags":	""
					},
					"addedLibs":	["xilffs:4.4", "xilrsa:1.6"],
					"libOptions":	{
						"libsContainingOptions":	[]
					},
					"prebuiltLibs":	{
						"prebuiltIncPath":	[],
						"prebuiltLibPath":	[]
					},
					"isolation":	{
					}
				}, {
					"domainName":	"standalone_domain",
					"domainDispName":	"standalone_domain",
					"domainDesc":	"standalone_domain",
					"processors":	"ps7_cortexa9_0",
					"os":	"standalone",
					"sdxOs":	"standalone",
					"qemuArgs":	"C:/Xilinx/Vitis/2020.2/data/emulation/platforms/zynq/sw/a9_standalone/qemu/qemu_args.txt",
					"qemuData":	"C:/Xilinx/Vitis/2020.2/data/emulation/platforms/zynq/sw/a9_standalone/qemu/",
					"debugEnable":	"False",
					"domRuntimes":	["cpp"],
					"swRepo":	"",
					"mssOsVer":	"7.3",
					"mssFile":	"",
					"md5Digest":	"ea3a8c353fcc4eb0b32c84eda9a1f60f",
					"compatibleApp":	"",
					"domType":	"mssDomain",
					"appSettings":	{
						"appCompilerFlags":	"",
						"appLinkerFlags":	""
					},
					"addedLibs":	[],
					"libOptions":	{
						"libsContainingOptions":	[]
					},
					"prebuiltLibs":	{
						"prebuiltIncPath":	[],
						"prebuiltLibPath":	[]
					},
					"isolation":	{
					}
				}]
		}]
}
KEYINFO::2025-09-30.10:56:10::SCWPlatform::updated the xpfm file.
TRACE::2025-09-30.10:56:10::SCWPlatform::Trying to open the hw design at D:/Projet_Vitis/PS_Alone_NoFPU/hw/PS_Only_ZyboZ7.xsa
TRACE::2025-09-30.10:56:10::SCWPlatform::DSA given D:/Projet_Vitis/PS_Alone_NoFPU/hw/PS_Only_ZyboZ7.xsa
TRACE::2025-09-30.10:56:10::SCWPlatform::DSA absoulate path D:/Projet_Vitis/PS_Alone_NoFPU/hw/PS_Only_ZyboZ7.xsa
TRACE::2025-09-30.10:56:10::SCWPlatform::DSA directory D:/Projet_Vitis/PS_Alone_NoFPU/hw
TRACE::2025-09-30.10:56:10::SCWPlatform:: Platform Path D:/Projet_Vitis/PS_Alone_NoFPU/hw/PS_Only_ZyboZ7.xsa
TRACE::2025-09-30.10:56:11::SCWPlatform:: Unique name xilinx:zybo-z7-20::0.0
TRACE::2025-09-30.10:56:11::SCWPlatform::Trying to set the existing hwdb with name design_1_wrapper_3
TRACE::2025-09-30.10:56:11::SCWPlatform::Opened existing hwdb design_1_wrapper_3
TRACE::2025-09-30.10:56:11::SCWPlatform::Found the Hw Db part of the input DSA
TRACE::2025-09-30.10:56:11::SCWMssOS::Checking the sw design at  D:/Projet_Vitis/PS_Alone_NoFPU/ps7_cortexa9_0/standalone_domain/bsp/system.mss
TRACE::2025-09-30.10:56:11::SCWMssOS::DEBUG:  swdes dump  D:/Projet_Vitis/PS_Alone_NoFPU/ps7_cortexa9_0/standalone_domain/bsp/system.mss|system_2||
D:/Projet_Vitis/PS_Alone_NoFPU/zynq_fsbl/zynq_fsbl_bsp/system.mss|system_1||
D:/Projet_Vitis/PS_Only_ZyboZ7/ps7_cortexa9_0/standalone_ps7_cortexa9_0/bsp/system.mss|system_0||
D:/Projet_Vitis/PS_Only_ZyboZ7/zynq_fsbl/zynq_fsbl_bsp/system.mss|system||

TRACE::2025-09-30.10:56:11::SCWMssOS::Sw design exists and opened at  D:/Projet_Vitis/PS_Alone_NoFPU/ps7_cortexa9_0/standalone_domain/bsp/system.mss
TRACE::2025-09-30.10:56:11::SCWMssOS::Saving the mss changes D:/Projet_Vitis/PS_Alone_NoFPU/zynq_fsbl/zynq_fsbl_bsp/system.mss
TRACE::2025-09-30.10:56:11::SCWMssOS::Found a swdesign opened with the mssfile.
TRACE::2025-09-30.10:56:11::SCWMssOS::Completed writemss as part of save.
TRACE::2025-09-30.10:56:11::SCWMssOS::Commit changes completed.
TRACE::2025-09-30.10:56:11::SCWMssOS::Saving the mss changes D:/Projet_Vitis/PS_Alone_NoFPU/ps7_cortexa9_0/standalone_domain/bsp/system.mss
TRACE::2025-09-30.10:56:11::SCWMssOS::Found a swdesign opened with the mssfile.
TRACE::2025-09-30.10:56:11::SCWMssOS::Completed writemss as part of save.
TRACE::2025-09-30.10:56:11::SCWMssOS::Commit changes completed.
TRACE::2025-09-30.10:56:11::SCWPlatform::Trying to open the hw design at D:/Projet_Vitis/PS_Alone_NoFPU/hw/PS_Only_ZyboZ7.xsa
TRACE::2025-09-30.10:56:11::SCWPlatform::DSA given D:/Projet_Vitis/PS_Alone_NoFPU/hw/PS_Only_ZyboZ7.xsa
TRACE::2025-09-30.10:56:11::SCWPlatform::DSA absoulate path D:/Projet_Vitis/PS_Alone_NoFPU/hw/PS_Only_ZyboZ7.xsa
TRACE::2025-09-30.10:56:11::SCWPlatform::DSA directory D:/Projet_Vitis/PS_Alone_NoFPU/hw
TRACE::2025-09-30.10:56:11::SCWPlatform:: Platform Path D:/Projet_Vitis/PS_Alone_NoFPU/hw/PS_Only_ZyboZ7.xsa
TRACE::2025-09-30.10:56:11::SCWPlatform:: Unique name xilinx:zybo-z7-20::0.0
TRACE::2025-09-30.10:56:11::SCWPlatform::Trying to set the existing hwdb with name design_1_wrapper_3
TRACE::2025-09-30.10:56:11::SCWPlatform::Opened existing hwdb design_1_wrapper_3
TRACE::2025-09-30.10:56:11::SCWPlatform::Found the Hw Db part of the input DSA
TRACE::2025-09-30.10:56:11::SCWMssOS::Checking the sw design at  D:/Projet_Vitis/PS_Alone_NoFPU/zynq_fsbl/zynq_fsbl_bsp/system.mss
TRACE::2025-09-30.10:56:11::SCWMssOS::DEBUG:  swdes dump  D:/Projet_Vitis/PS_Alone_NoFPU/ps7_cortexa9_0/standalone_domain/bsp/system.mss|system_2||
D:/Projet_Vitis/PS_Alone_NoFPU/zynq_fsbl/zynq_fsbl_bsp/system.mss|system_1||
D:/Projet_Vitis/PS_Only_ZyboZ7/ps7_cortexa9_0/standalone_ps7_cortexa9_0/bsp/system.mss|system_0||
D:/Projet_Vitis/PS_Only_ZyboZ7/zynq_fsbl/zynq_fsbl_bsp/system.mss|system||

TRACE::2025-09-30.10:56:11::SCWMssOS::Sw design exists and opened at  D:/Projet_Vitis/PS_Alone_NoFPU/zynq_fsbl/zynq_fsbl_bsp/system.mss
TRACE::2025-09-30.10:56:11::SCWPlatform::Trying to open the hw design at D:/Projet_Vitis/PS_Alone_NoFPU/hw/PS_Only_ZyboZ7.xsa
TRACE::2025-09-30.10:56:11::SCWPlatform::DSA given D:/Projet_Vitis/PS_Alone_NoFPU/hw/PS_Only_ZyboZ7.xsa
TRACE::2025-09-30.10:56:11::SCWPlatform::DSA absoulate path D:/Projet_Vitis/PS_Alone_NoFPU/hw/PS_Only_ZyboZ7.xsa
TRACE::2025-09-30.10:56:11::SCWPlatform::DSA directory D:/Projet_Vitis/PS_Alone_NoFPU/hw
TRACE::2025-09-30.10:56:11::SCWPlatform:: Platform Path D:/Projet_Vitis/PS_Alone_NoFPU/hw/PS_Only_ZyboZ7.xsa
TRACE::2025-09-30.10:56:11::SCWPlatform:: Unique name xilinx:zybo-z7-20::0.0
TRACE::2025-09-30.10:56:11::SCWPlatform::Trying to set the existing hwdb with name design_1_wrapper_3
TRACE::2025-09-30.10:56:11::SCWPlatform::Opened existing hwdb design_1_wrapper_3
TRACE::2025-09-30.10:56:11::SCWPlatform::Found the Hw Db part of the input DSA
TRACE::2025-09-30.10:56:11::SCWMssOS::Checking the sw design at  D:/Projet_Vitis/PS_Alone_NoFPU/zynq_fsbl/zynq_fsbl_bsp/system.mss
TRACE::2025-09-30.10:56:11::SCWMssOS::DEBUG:  swdes dump  D:/Projet_Vitis/PS_Alone_NoFPU/ps7_cortexa9_0/standalone_domain/bsp/system.mss|system_2||
D:/Projet_Vitis/PS_Alone_NoFPU/zynq_fsbl/zynq_fsbl_bsp/system.mss|system_1||
D:/Projet_Vitis/PS_Only_ZyboZ7/ps7_cortexa9_0/standalone_ps7_cortexa9_0/bsp/system.mss|system_0||
D:/Projet_Vitis/PS_Only_ZyboZ7/zynq_fsbl/zynq_fsbl_bsp/system.mss|system||

TRACE::2025-09-30.10:56:11::SCWMssOS::Sw design exists and opened at  D:/Projet_Vitis/PS_Alone_NoFPU/zynq_fsbl/zynq_fsbl_bsp/system.mss
TRACE::2025-09-30.10:56:11::SCWPlatform::Trying to open the hw design at D:/Projet_Vitis/PS_Alone_NoFPU/hw/PS_Only_ZyboZ7.xsa
TRACE::2025-09-30.10:56:11::SCWPlatform::DSA given D:/Projet_Vitis/PS_Alone_NoFPU/hw/PS_Only_ZyboZ7.xsa
TRACE::2025-09-30.10:56:11::SCWPlatform::DSA absoulate path D:/Projet_Vitis/PS_Alone_NoFPU/hw/PS_Only_ZyboZ7.xsa
TRACE::2025-09-30.10:56:11::SCWPlatform::DSA directory D:/Projet_Vitis/PS_Alone_NoFPU/hw
TRACE::2025-09-30.10:56:11::SCWPlatform:: Platform Path D:/Projet_Vitis/PS_Alone_NoFPU/hw/PS_Only_ZyboZ7.xsa
TRACE::2025-09-30.10:56:11::SCWPlatform:: Unique name xilinx:zybo-z7-20::0.0
TRACE::2025-09-30.10:56:11::SCWPlatform::Trying to set the existing hwdb with name design_1_wrapper_3
TRACE::2025-09-30.10:56:11::SCWPlatform::Opened existing hwdb design_1_wrapper_3
TRACE::2025-09-30.10:56:11::SCWPlatform::Found the Hw Db part of the input DSA
TRACE::2025-09-30.10:56:11::SCWMssOS::Checking the sw design at  D:/Projet_Vitis/PS_Alone_NoFPU/zynq_fsbl/zynq_fsbl_bsp/system.mss
TRACE::2025-09-30.10:56:11::SCWMssOS::DEBUG:  swdes dump  D:/Projet_Vitis/PS_Alone_NoFPU/ps7_cortexa9_0/standalone_domain/bsp/system.mss|system_2||
D:/Projet_Vitis/PS_Alone_NoFPU/zynq_fsbl/zynq_fsbl_bsp/system.mss|system_1||
D:/Projet_Vitis/PS_Only_ZyboZ7/ps7_cortexa9_0/standalone_ps7_cortexa9_0/bsp/system.mss|system_0||
D:/Projet_Vitis/PS_Only_ZyboZ7/zynq_fsbl/zynq_fsbl_bsp/system.mss|system||

TRACE::2025-09-30.10:56:11::SCWMssOS::Sw design exists and opened at  D:/Projet_Vitis/PS_Alone_NoFPU/zynq_fsbl/zynq_fsbl_bsp/system.mss
TRACE::2025-09-30.10:56:11::SCWPlatform::Trying to open the hw design at D:/Projet_Vitis/PS_Alone_NoFPU/hw/PS_Only_ZyboZ7.xsa
TRACE::2025-09-30.10:56:11::SCWPlatform::DSA given D:/Projet_Vitis/PS_Alone_NoFPU/hw/PS_Only_ZyboZ7.xsa
TRACE::2025-09-30.10:56:11::SCWPlatform::DSA absoulate path D:/Projet_Vitis/PS_Alone_NoFPU/hw/PS_Only_ZyboZ7.xsa
TRACE::2025-09-30.10:56:11::SCWPlatform::DSA directory D:/Projet_Vitis/PS_Alone_NoFPU/hw
TRACE::2025-09-30.10:56:11::SCWPlatform:: Platform Path D:/Projet_Vitis/PS_Alone_NoFPU/hw/PS_Only_ZyboZ7.xsa
TRACE::2025-09-30.10:56:11::SCWPlatform:: Unique name xilinx:zybo-z7-20::0.0
TRACE::2025-09-30.10:56:11::SCWPlatform::Trying to set the existing hwdb with name design_1_wrapper_3
TRACE::2025-09-30.10:56:11::SCWPlatform::Opened existing hwdb design_1_wrapper_3
TRACE::2025-09-30.10:56:11::SCWPlatform::Found the Hw Db part of the input DSA
TRACE::2025-09-30.10:56:12::SCWMssOS::Checking the sw design at  D:/Projet_Vitis/PS_Alone_NoFPU/ps7_cortexa9_0/standalone_domain/bsp/system.mss
TRACE::2025-09-30.10:56:12::SCWMssOS::DEBUG:  swdes dump  D:/Projet_Vitis/PS_Alone_NoFPU/ps7_cortexa9_0/standalone_domain/bsp/system.mss|system_2||
D:/Projet_Vitis/PS_Alone_NoFPU/zynq_fsbl/zynq_fsbl_bsp/system.mss|system_1||
D:/Projet_Vitis/PS_Only_ZyboZ7/ps7_cortexa9_0/standalone_ps7_cortexa9_0/bsp/system.mss|system_0||
D:/Projet_Vitis/PS_Only_ZyboZ7/zynq_fsbl/zynq_fsbl_bsp/system.mss|system||

TRACE::2025-09-30.10:56:12::SCWMssOS::Sw design exists and opened at  D:/Projet_Vitis/PS_Alone_NoFPU/ps7_cortexa9_0/standalone_domain/bsp/system.mss
TRACE::2025-09-30.10:56:12::SCWPlatform::Trying to open the hw design at D:/Projet_Vitis/PS_Alone_NoFPU/hw/PS_Only_ZyboZ7.xsa
TRACE::2025-09-30.10:56:12::SCWPlatform::DSA given D:/Projet_Vitis/PS_Alone_NoFPU/hw/PS_Only_ZyboZ7.xsa
TRACE::2025-09-30.10:56:12::SCWPlatform::DSA absoulate path D:/Projet_Vitis/PS_Alone_NoFPU/hw/PS_Only_ZyboZ7.xsa
TRACE::2025-09-30.10:56:12::SCWPlatform::DSA directory D:/Projet_Vitis/PS_Alone_NoFPU/hw
TRACE::2025-09-30.10:56:12::SCWPlatform:: Platform Path D:/Projet_Vitis/PS_Alone_NoFPU/hw/PS_Only_ZyboZ7.xsa
TRACE::2025-09-30.10:56:12::SCWPlatform:: Unique name xilinx:zybo-z7-20::0.0
TRACE::2025-09-30.10:56:12::SCWPlatform::Trying to set the existing hwdb with name design_1_wrapper_3
TRACE::2025-09-30.10:56:12::SCWPlatform::Opened existing hwdb design_1_wrapper_3
TRACE::2025-09-30.10:56:12::SCWPlatform::Found the Hw Db part of the input DSA
TRACE::2025-09-30.10:56:12::SCWMssOS::Checking the sw design at  D:/Projet_Vitis/PS_Alone_NoFPU/ps7_cortexa9_0/standalone_domain/bsp/system.mss
TRACE::2025-09-30.10:56:12::SCWMssOS::DEBUG:  swdes dump  D:/Projet_Vitis/PS_Alone_NoFPU/ps7_cortexa9_0/standalone_domain/bsp/system.mss|system_2||
D:/Projet_Vitis/PS_Alone_NoFPU/zynq_fsbl/zynq_fsbl_bsp/system.mss|system_1||
D:/Projet_Vitis/PS_Only_ZyboZ7/ps7_cortexa9_0/standalone_ps7_cortexa9_0/bsp/system.mss|system_0||
D:/Projet_Vitis/PS_Only_ZyboZ7/zynq_fsbl/zynq_fsbl_bsp/system.mss|system||

TRACE::2025-09-30.10:56:12::SCWMssOS::Sw design exists and opened at  D:/Projet_Vitis/PS_Alone_NoFPU/ps7_cortexa9_0/standalone_domain/bsp/system.mss
TRACE::2025-09-30.10:56:12::SCWPlatform::Trying to open the hw design at D:/Projet_Vitis/PS_Alone_NoFPU/hw/PS_Only_ZyboZ7.xsa
TRACE::2025-09-30.10:56:12::SCWPlatform::DSA given D:/Projet_Vitis/PS_Alone_NoFPU/hw/PS_Only_ZyboZ7.xsa
TRACE::2025-09-30.10:56:12::SCWPlatform::DSA absoulate path D:/Projet_Vitis/PS_Alone_NoFPU/hw/PS_Only_ZyboZ7.xsa
TRACE::2025-09-30.10:56:12::SCWPlatform::DSA directory D:/Projet_Vitis/PS_Alone_NoFPU/hw
TRACE::2025-09-30.10:56:12::SCWPlatform:: Platform Path D:/Projet_Vitis/PS_Alone_NoFPU/hw/PS_Only_ZyboZ7.xsa
TRACE::2025-09-30.10:56:12::SCWPlatform:: Unique name xilinx:zybo-z7-20::0.0
TRACE::2025-09-30.10:56:12::SCWPlatform::Trying to set the existing hwdb with name design_1_wrapper_3
TRACE::2025-09-30.10:56:12::SCWPlatform::Opened existing hwdb design_1_wrapper_3
TRACE::2025-09-30.10:56:12::SCWPlatform::Found the Hw Db part of the input DSA
TRACE::2025-09-30.10:56:12::SCWMssOS::Checking the sw design at  D:/Projet_Vitis/PS_Alone_NoFPU/ps7_cortexa9_0/standalone_domain/bsp/system.mss
TRACE::2025-09-30.10:56:12::SCWMssOS::DEBUG:  swdes dump  D:/Projet_Vitis/PS_Alone_NoFPU/ps7_cortexa9_0/standalone_domain/bsp/system.mss|system_2||
D:/Projet_Vitis/PS_Alone_NoFPU/zynq_fsbl/zynq_fsbl_bsp/system.mss|system_1||
D:/Projet_Vitis/PS_Only_ZyboZ7/ps7_cortexa9_0/standalone_ps7_cortexa9_0/bsp/system.mss|system_0||
D:/Projet_Vitis/PS_Only_ZyboZ7/zynq_fsbl/zynq_fsbl_bsp/system.mss|system||

TRACE::2025-09-30.10:56:12::SCWMssOS::Sw design exists and opened at  D:/Projet_Vitis/PS_Alone_NoFPU/ps7_cortexa9_0/standalone_domain/bsp/system.mss
TRACE::2025-09-30.10:56:12::SCWWriter::formatted JSON is {
	"platformName":	"PS_Alone_NoFPU",
	"sprVersion":	"2.0",
	"mode":	"gui",
	"dsaType":	"Fixed",
	"platformDesc":	"PS_Alone_NoFPU",
	"platHandOff":	"D:/Projet_Vitis/PS_Only_ZyboZ7.xsa",
	"platIntHandOff":	"<platformDir>/hw/PS_Only_ZyboZ7.xsa",
	"deviceType":	"zynq",
	"platIsPrebuiltAutogen":	"false",
	"platIsNoBootBsp":	"false",
	"platFsblTarget":	"ps7_cortexa9_0",
	"hasFsblMakeHasChanges":	"false",
	"hasPmufwMakeHasChanges":	"false",
	"fsblExtraCompilerFlags":	"-MMD -MP       -mcpu=cortex-a9 -mfpu=vfpv3 -mfloat-abi=hard ",
	"platPreBuiltFlag":	false,
	"platformSamplesDir":	"",
	"platActiveSys":	"PS_Alone_NoFPU",
	"systems":	[{
			"systemName":	"PS_Alone_NoFPU",
			"systemDesc":	"PS_Alone_NoFPU",
			"sysIsBootAutoGen":	"true",
			"systemDispName":	"PS_Alone_NoFPU",
			"sysActiveDom":	"standalone_domain",
			"sysDefaultDom":	"standalone_domain",
			"domains":	[{
					"domainName":	"zynq_fsbl",
					"domainDispName":	"zynq_fsbl",
					"domainDesc":	"FSBL Application BSP - Auto Generated.",
					"processors":	"ps7_cortexa9_0",
					"os":	"standalone",
					"sdxOs":	"standalone",
					"debugEnable":	"",
					"domRuntimes":	["cpp"],
					"swRepo":	"",
					"mssOsVer":	"7.3",
					"mssFile":	"",
					"md5Digest":	"d4dce1e3283be35b8cb204de15302e33",
					"compatibleApp":	"zynq_fsbl",
					"domType":	"bootDomain",
					"arch":	"32-bit",
					"appSettings":	{
						"appCompilerFlags":	"",
						"appLinkerFlags":	""
					},
					"addedLibs":	["xilffs:4.4", "xilrsa:1.6"],
					"libOptions":	{
						"libsContainingOptions":	[]
					},
					"prebuiltLibs":	{
						"prebuiltIncPath":	[],
						"prebuiltLibPath":	[]
					},
					"isolation":	{
					}
				}, {
					"domainName":	"standalone_domain",
					"domainDispName":	"standalone_domain",
					"domainDesc":	"standalone_domain",
					"processors":	"ps7_cortexa9_0",
					"os":	"standalone",
					"sdxOs":	"standalone",
					"qemuArgs":	"C:/Xilinx/Vitis/2020.2/data/emulation/platforms/zynq/sw/a9_standalone/qemu/qemu_args.txt",
					"qemuData":	"C:/Xilinx/Vitis/2020.2/data/emulation/platforms/zynq/sw/a9_standalone/qemu/",
					"debugEnable":	"False",
					"domRuntimes":	["cpp"],
					"swRepo":	"",
					"mssOsVer":	"7.3",
					"mssFile":	"",
					"md5Digest":	"ea3a8c353fcc4eb0b32c84eda9a1f60f",
					"compatibleApp":	"",
					"domType":	"mssDomain",
					"appSettings":	{
						"appCompilerFlags":	"",
						"appLinkerFlags":	""
					},
					"addedLibs":	[],
					"libOptions":	{
						"libsContainingOptions":	[]
					},
					"prebuiltLibs":	{
						"prebuiltIncPath":	[],
						"prebuiltLibPath":	[]
					},
					"isolation":	{
					}
				}]
		}]
}
TRACE::2025-09-30.10:56:12::SCWPlatform::Trying to open the hw design at D:/Projet_Vitis/PS_Alone_NoFPU/hw/PS_Only_ZyboZ7.xsa
TRACE::2025-09-30.10:56:12::SCWPlatform::DSA given D:/Projet_Vitis/PS_Alone_NoFPU/hw/PS_Only_ZyboZ7.xsa
TRACE::2025-09-30.10:56:12::SCWPlatform::DSA absoulate path D:/Projet_Vitis/PS_Alone_NoFPU/hw/PS_Only_ZyboZ7.xsa
TRACE::2025-09-30.10:56:12::SCWPlatform::DSA directory D:/Projet_Vitis/PS_Alone_NoFPU/hw
TRACE::2025-09-30.10:56:12::SCWPlatform:: Platform Path D:/Projet_Vitis/PS_Alone_NoFPU/hw/PS_Only_ZyboZ7.xsa
TRACE::2025-09-30.10:56:12::SCWPlatform:: Unique name xilinx:zybo-z7-20::0.0
TRACE::2025-09-30.10:56:12::SCWPlatform::Trying to set the existing hwdb with name design_1_wrapper_3
TRACE::2025-09-30.10:56:12::SCWPlatform::Opened existing hwdb design_1_wrapper_3
TRACE::2025-09-30.10:56:12::SCWPlatform::Found the Hw Db part of the input DSA
TRACE::2025-09-30.10:56:12::SCWMssOS::Checking the sw design at  D:/Projet_Vitis/PS_Alone_NoFPU/ps7_cortexa9_0/standalone_domain/bsp/system.mss
TRACE::2025-09-30.10:56:12::SCWMssOS::DEBUG:  swdes dump  D:/Projet_Vitis/PS_Alone_NoFPU/ps7_cortexa9_0/standalone_domain/bsp/system.mss|system_2||
D:/Projet_Vitis/PS_Alone_NoFPU/zynq_fsbl/zynq_fsbl_bsp/system.mss|system_1||
D:/Projet_Vitis/PS_Only_ZyboZ7/ps7_cortexa9_0/standalone_ps7_cortexa9_0/bsp/system.mss|system_0||
D:/Projet_Vitis/PS_Only_ZyboZ7/zynq_fsbl/zynq_fsbl_bsp/system.mss|system||

TRACE::2025-09-30.10:56:12::SCWMssOS::Sw design exists and opened at  D:/Projet_Vitis/PS_Alone_NoFPU/ps7_cortexa9_0/standalone_domain/bsp/system.mss
TRACE::2025-09-30.10:56:12::SCWPlatform::Trying to open the hw design at D:/Projet_Vitis/PS_Alone_NoFPU/hw/PS_Only_ZyboZ7.xsa
TRACE::2025-09-30.10:56:12::SCWPlatform::DSA given D:/Projet_Vitis/PS_Alone_NoFPU/hw/PS_Only_ZyboZ7.xsa
TRACE::2025-09-30.10:56:12::SCWPlatform::DSA absoulate path D:/Projet_Vitis/PS_Alone_NoFPU/hw/PS_Only_ZyboZ7.xsa
TRACE::2025-09-30.10:56:12::SCWPlatform::DSA directory D:/Projet_Vitis/PS_Alone_NoFPU/hw
TRACE::2025-09-30.10:56:12::SCWPlatform:: Platform Path D:/Projet_Vitis/PS_Alone_NoFPU/hw/PS_Only_ZyboZ7.xsa
TRACE::2025-09-30.10:56:12::SCWPlatform:: Unique name xilinx:zybo-z7-20::0.0
TRACE::2025-09-30.10:56:12::SCWPlatform::Trying to set the existing hwdb with name design_1_wrapper_3
TRACE::2025-09-30.10:56:12::SCWPlatform::Opened existing hwdb design_1_wrapper_3
TRACE::2025-09-30.10:56:12::SCWPlatform::Found the Hw Db part of the input DSA
TRACE::2025-09-30.10:56:12::SCWMssOS::Checking the sw design at  D:/Projet_Vitis/PS_Alone_NoFPU/ps7_cortexa9_0/standalone_domain/bsp/system.mss
TRACE::2025-09-30.10:56:12::SCWMssOS::DEBUG:  swdes dump  D:/Projet_Vitis/PS_Alone_NoFPU/ps7_cortexa9_0/standalone_domain/bsp/system.mss|system_2||
D:/Projet_Vitis/PS_Alone_NoFPU/zynq_fsbl/zynq_fsbl_bsp/system.mss|system_1||
D:/Projet_Vitis/PS_Only_ZyboZ7/ps7_cortexa9_0/standalone_ps7_cortexa9_0/bsp/system.mss|system_0||
D:/Projet_Vitis/PS_Only_ZyboZ7/zynq_fsbl/zynq_fsbl_bsp/system.mss|system||

TRACE::2025-09-30.10:56:12::SCWMssOS::Sw design exists and opened at  D:/Projet_Vitis/PS_Alone_NoFPU/ps7_cortexa9_0/standalone_domain/bsp/system.mss
TRACE::2025-09-30.10:56:12::SCWPlatform::Trying to open the hw design at D:/Projet_Vitis/PS_Alone_NoFPU/hw/PS_Only_ZyboZ7.xsa
TRACE::2025-09-30.10:56:12::SCWPlatform::DSA given D:/Projet_Vitis/PS_Alone_NoFPU/hw/PS_Only_ZyboZ7.xsa
TRACE::2025-09-30.10:56:12::SCWPlatform::DSA absoulate path D:/Projet_Vitis/PS_Alone_NoFPU/hw/PS_Only_ZyboZ7.xsa
TRACE::2025-09-30.10:56:12::SCWPlatform::DSA directory D:/Projet_Vitis/PS_Alone_NoFPU/hw
TRACE::2025-09-30.10:56:12::SCWPlatform:: Platform Path D:/Projet_Vitis/PS_Alone_NoFPU/hw/PS_Only_ZyboZ7.xsa
TRACE::2025-09-30.10:56:12::SCWPlatform:: Unique name xilinx:zybo-z7-20::0.0
TRACE::2025-09-30.10:56:12::SCWPlatform::Trying to set the existing hwdb with name design_1_wrapper_3
TRACE::2025-09-30.10:56:12::SCWPlatform::Opened existing hwdb design_1_wrapper_3
TRACE::2025-09-30.10:56:12::SCWPlatform::Found the Hw Db part of the input DSA
TRACE::2025-09-30.10:56:13::SCWMssOS::Checking the sw design at  D:/Projet_Vitis/PS_Alone_NoFPU/ps7_cortexa9_0/standalone_domain/bsp/system.mss
TRACE::2025-09-30.10:56:13::SCWMssOS::DEBUG:  swdes dump  D:/Projet_Vitis/PS_Alone_NoFPU/ps7_cortexa9_0/standalone_domain/bsp/system.mss|system_2||
D:/Projet_Vitis/PS_Alone_NoFPU/zynq_fsbl/zynq_fsbl_bsp/system.mss|system_1||
D:/Projet_Vitis/PS_Only_ZyboZ7/ps7_cortexa9_0/standalone_ps7_cortexa9_0/bsp/system.mss|system_0||
D:/Projet_Vitis/PS_Only_ZyboZ7/zynq_fsbl/zynq_fsbl_bsp/system.mss|system||

TRACE::2025-09-30.10:56:13::SCWMssOS::Sw design exists and opened at  D:/Projet_Vitis/PS_Alone_NoFPU/ps7_cortexa9_0/standalone_domain/bsp/system.mss
TRACE::2025-09-30.10:56:13::SCWMssOS::Saving the mss changes D:/Projet_Vitis/PS_Alone_NoFPU/zynq_fsbl/zynq_fsbl_bsp/system.mss
TRACE::2025-09-30.10:56:13::SCWMssOS::Found a swdesign opened with the mssfile.
TRACE::2025-09-30.10:56:13::SCWMssOS::Completed writemss as part of save.
TRACE::2025-09-30.10:56:13::SCWMssOS::Commit changes completed.
TRACE::2025-09-30.10:56:13::SCWMssOS::Saving the mss changes D:/Projet_Vitis/PS_Alone_NoFPU/ps7_cortexa9_0/standalone_domain/bsp/system.mss
TRACE::2025-09-30.10:56:13::SCWMssOS::Found a swdesign opened with the mssfile.
TRACE::2025-09-30.10:56:13::SCWMssOS::Completed writemss as part of save.
TRACE::2025-09-30.10:56:13::SCWMssOS::Commit changes completed.
TRACE::2025-09-30.10:56:13::SCWPlatform::Trying to open the hw design at D:/Projet_Vitis/PS_Alone_NoFPU/hw/PS_Only_ZyboZ7.xsa
TRACE::2025-09-30.10:56:13::SCWPlatform::DSA given D:/Projet_Vitis/PS_Alone_NoFPU/hw/PS_Only_ZyboZ7.xsa
TRACE::2025-09-30.10:56:13::SCWPlatform::DSA absoulate path D:/Projet_Vitis/PS_Alone_NoFPU/hw/PS_Only_ZyboZ7.xsa
TRACE::2025-09-30.10:56:13::SCWPlatform::DSA directory D:/Projet_Vitis/PS_Alone_NoFPU/hw
TRACE::2025-09-30.10:56:13::SCWPlatform:: Platform Path D:/Projet_Vitis/PS_Alone_NoFPU/hw/PS_Only_ZyboZ7.xsa
TRACE::2025-09-30.10:56:13::SCWPlatform:: Unique name xilinx:zybo-z7-20::0.0
TRACE::2025-09-30.10:56:13::SCWPlatform::Trying to set the existing hwdb with name design_1_wrapper_3
TRACE::2025-09-30.10:56:13::SCWPlatform::Opened existing hwdb design_1_wrapper_3
TRACE::2025-09-30.10:56:13::SCWPlatform::Found the Hw Db part of the input DSA
TRACE::2025-09-30.10:56:13::SCWMssOS::Checking the sw design at  D:/Projet_Vitis/PS_Alone_NoFPU/zynq_fsbl/zynq_fsbl_bsp/system.mss
TRACE::2025-09-30.10:56:13::SCWMssOS::DEBUG:  swdes dump  D:/Projet_Vitis/PS_Alone_NoFPU/ps7_cortexa9_0/standalone_domain/bsp/system.mss|system_2||
D:/Projet_Vitis/PS_Alone_NoFPU/zynq_fsbl/zynq_fsbl_bsp/system.mss|system_1||
D:/Projet_Vitis/PS_Only_ZyboZ7/ps7_cortexa9_0/standalone_ps7_cortexa9_0/bsp/system.mss|system_0||
D:/Projet_Vitis/PS_Only_ZyboZ7/zynq_fsbl/zynq_fsbl_bsp/system.mss|system||

TRACE::2025-09-30.10:56:13::SCWMssOS::Sw design exists and opened at  D:/Projet_Vitis/PS_Alone_NoFPU/zynq_fsbl/zynq_fsbl_bsp/system.mss
TRACE::2025-09-30.10:56:13::SCWPlatform::Trying to open the hw design at D:/Projet_Vitis/PS_Alone_NoFPU/hw/PS_Only_ZyboZ7.xsa
TRACE::2025-09-30.10:56:13::SCWPlatform::DSA given D:/Projet_Vitis/PS_Alone_NoFPU/hw/PS_Only_ZyboZ7.xsa
TRACE::2025-09-30.10:56:13::SCWPlatform::DSA absoulate path D:/Projet_Vitis/PS_Alone_NoFPU/hw/PS_Only_ZyboZ7.xsa
TRACE::2025-09-30.10:56:13::SCWPlatform::DSA directory D:/Projet_Vitis/PS_Alone_NoFPU/hw
TRACE::2025-09-30.10:56:13::SCWPlatform:: Platform Path D:/Projet_Vitis/PS_Alone_NoFPU/hw/PS_Only_ZyboZ7.xsa
TRACE::2025-09-30.10:56:13::SCWPlatform:: Unique name xilinx:zybo-z7-20::0.0
TRACE::2025-09-30.10:56:13::SCWPlatform::Trying to set the existing hwdb with name design_1_wrapper_3
TRACE::2025-09-30.10:56:13::SCWPlatform::Opened existing hwdb design_1_wrapper_3
TRACE::2025-09-30.10:56:13::SCWPlatform::Found the Hw Db part of the input DSA
TRACE::2025-09-30.10:56:13::SCWMssOS::Checking the sw design at  D:/Projet_Vitis/PS_Alone_NoFPU/zynq_fsbl/zynq_fsbl_bsp/system.mss
TRACE::2025-09-30.10:56:13::SCWMssOS::DEBUG:  swdes dump  D:/Projet_Vitis/PS_Alone_NoFPU/ps7_cortexa9_0/standalone_domain/bsp/system.mss|system_2||
D:/Projet_Vitis/PS_Alone_NoFPU/zynq_fsbl/zynq_fsbl_bsp/system.mss|system_1||
D:/Projet_Vitis/PS_Only_ZyboZ7/ps7_cortexa9_0/standalone_ps7_cortexa9_0/bsp/system.mss|system_0||
D:/Projet_Vitis/PS_Only_ZyboZ7/zynq_fsbl/zynq_fsbl_bsp/system.mss|system||

TRACE::2025-09-30.10:56:13::SCWMssOS::Sw design exists and opened at  D:/Projet_Vitis/PS_Alone_NoFPU/zynq_fsbl/zynq_fsbl_bsp/system.mss
TRACE::2025-09-30.10:56:13::SCWPlatform::Trying to open the hw design at D:/Projet_Vitis/PS_Alone_NoFPU/hw/PS_Only_ZyboZ7.xsa
TRACE::2025-09-30.10:56:13::SCWPlatform::DSA given D:/Projet_Vitis/PS_Alone_NoFPU/hw/PS_Only_ZyboZ7.xsa
TRACE::2025-09-30.10:56:13::SCWPlatform::DSA absoulate path D:/Projet_Vitis/PS_Alone_NoFPU/hw/PS_Only_ZyboZ7.xsa
TRACE::2025-09-30.10:56:13::SCWPlatform::DSA directory D:/Projet_Vitis/PS_Alone_NoFPU/hw
TRACE::2025-09-30.10:56:13::SCWPlatform:: Platform Path D:/Projet_Vitis/PS_Alone_NoFPU/hw/PS_Only_ZyboZ7.xsa
TRACE::2025-09-30.10:56:13::SCWPlatform:: Unique name xilinx:zybo-z7-20::0.0
TRACE::2025-09-30.10:56:13::SCWPlatform::Trying to set the existing hwdb with name design_1_wrapper_3
TRACE::2025-09-30.10:56:13::SCWPlatform::Opened existing hwdb design_1_wrapper_3
TRACE::2025-09-30.10:56:13::SCWPlatform::Found the Hw Db part of the input DSA
TRACE::2025-09-30.10:56:14::SCWMssOS::Checking the sw design at  D:/Projet_Vitis/PS_Alone_NoFPU/zynq_fsbl/zynq_fsbl_bsp/system.mss
TRACE::2025-09-30.10:56:14::SCWMssOS::DEBUG:  swdes dump  D:/Projet_Vitis/PS_Alone_NoFPU/ps7_cortexa9_0/standalone_domain/bsp/system.mss|system_2||
D:/Projet_Vitis/PS_Alone_NoFPU/zynq_fsbl/zynq_fsbl_bsp/system.mss|system_1||
D:/Projet_Vitis/PS_Only_ZyboZ7/ps7_cortexa9_0/standalone_ps7_cortexa9_0/bsp/system.mss|system_0||
D:/Projet_Vitis/PS_Only_ZyboZ7/zynq_fsbl/zynq_fsbl_bsp/system.mss|system||

TRACE::2025-09-30.10:56:14::SCWMssOS::Sw design exists and opened at  D:/Projet_Vitis/PS_Alone_NoFPU/zynq_fsbl/zynq_fsbl_bsp/system.mss
TRACE::2025-09-30.10:56:14::SCWPlatform::Trying to open the hw design at D:/Projet_Vitis/PS_Alone_NoFPU/hw/PS_Only_ZyboZ7.xsa
TRACE::2025-09-30.10:56:14::SCWPlatform::DSA given D:/Projet_Vitis/PS_Alone_NoFPU/hw/PS_Only_ZyboZ7.xsa
TRACE::2025-09-30.10:56:14::SCWPlatform::DSA absoulate path D:/Projet_Vitis/PS_Alone_NoFPU/hw/PS_Only_ZyboZ7.xsa
TRACE::2025-09-30.10:56:14::SCWPlatform::DSA directory D:/Projet_Vitis/PS_Alone_NoFPU/hw
TRACE::2025-09-30.10:56:14::SCWPlatform:: Platform Path D:/Projet_Vitis/PS_Alone_NoFPU/hw/PS_Only_ZyboZ7.xsa
TRACE::2025-09-30.10:56:14::SCWPlatform:: Unique name xilinx:zybo-z7-20::0.0
TRACE::2025-09-30.10:56:14::SCWPlatform::Trying to set the existing hwdb with name design_1_wrapper_3
TRACE::2025-09-30.10:56:14::SCWPlatform::Opened existing hwdb design_1_wrapper_3
TRACE::2025-09-30.10:56:14::SCWPlatform::Found the Hw Db part of the input DSA
TRACE::2025-09-30.10:56:14::SCWMssOS::Checking the sw design at  D:/Projet_Vitis/PS_Alone_NoFPU/ps7_cortexa9_0/standalone_domain/bsp/system.mss
TRACE::2025-09-30.10:56:14::SCWMssOS::DEBUG:  swdes dump  D:/Projet_Vitis/PS_Alone_NoFPU/ps7_cortexa9_0/standalone_domain/bsp/system.mss|system_2||
D:/Projet_Vitis/PS_Alone_NoFPU/zynq_fsbl/zynq_fsbl_bsp/system.mss|system_1||
D:/Projet_Vitis/PS_Only_ZyboZ7/ps7_cortexa9_0/standalone_ps7_cortexa9_0/bsp/system.mss|system_0||
D:/Projet_Vitis/PS_Only_ZyboZ7/zynq_fsbl/zynq_fsbl_bsp/system.mss|system||

TRACE::2025-09-30.10:56:14::SCWMssOS::Sw design exists and opened at  D:/Projet_Vitis/PS_Alone_NoFPU/ps7_cortexa9_0/standalone_domain/bsp/system.mss
TRACE::2025-09-30.10:56:14::SCWPlatform::Trying to open the hw design at D:/Projet_Vitis/PS_Alone_NoFPU/hw/PS_Only_ZyboZ7.xsa
TRACE::2025-09-30.10:56:14::SCWPlatform::DSA given D:/Projet_Vitis/PS_Alone_NoFPU/hw/PS_Only_ZyboZ7.xsa
TRACE::2025-09-30.10:56:14::SCWPlatform::DSA absoulate path D:/Projet_Vitis/PS_Alone_NoFPU/hw/PS_Only_ZyboZ7.xsa
TRACE::2025-09-30.10:56:14::SCWPlatform::DSA directory D:/Projet_Vitis/PS_Alone_NoFPU/hw
TRACE::2025-09-30.10:56:14::SCWPlatform:: Platform Path D:/Projet_Vitis/PS_Alone_NoFPU/hw/PS_Only_ZyboZ7.xsa
TRACE::2025-09-30.10:56:14::SCWPlatform:: Unique name xilinx:zybo-z7-20::0.0
TRACE::2025-09-30.10:56:14::SCWPlatform::Trying to set the existing hwdb with name design_1_wrapper_3
TRACE::2025-09-30.10:56:14::SCWPlatform::Opened existing hwdb design_1_wrapper_3
TRACE::2025-09-30.10:56:14::SCWPlatform::Found the Hw Db part of the input DSA
TRACE::2025-09-30.10:56:14::SCWMssOS::Checking the sw design at  D:/Projet_Vitis/PS_Alone_NoFPU/ps7_cortexa9_0/standalone_domain/bsp/system.mss
TRACE::2025-09-30.10:56:14::SCWMssOS::DEBUG:  swdes dump  D:/Projet_Vitis/PS_Alone_NoFPU/ps7_cortexa9_0/standalone_domain/bsp/system.mss|system_2||
D:/Projet_Vitis/PS_Alone_NoFPU/zynq_fsbl/zynq_fsbl_bsp/system.mss|system_1||
D:/Projet_Vitis/PS_Only_ZyboZ7/ps7_cortexa9_0/standalone_ps7_cortexa9_0/bsp/system.mss|system_0||
D:/Projet_Vitis/PS_Only_ZyboZ7/zynq_fsbl/zynq_fsbl_bsp/system.mss|system||

TRACE::2025-09-30.10:56:14::SCWMssOS::Sw design exists and opened at  D:/Projet_Vitis/PS_Alone_NoFPU/ps7_cortexa9_0/standalone_domain/bsp/system.mss
TRACE::2025-09-30.10:56:14::SCWPlatform::Trying to open the hw design at D:/Projet_Vitis/PS_Alone_NoFPU/hw/PS_Only_ZyboZ7.xsa
TRACE::2025-09-30.10:56:14::SCWPlatform::DSA given D:/Projet_Vitis/PS_Alone_NoFPU/hw/PS_Only_ZyboZ7.xsa
TRACE::2025-09-30.10:56:14::SCWPlatform::DSA absoulate path D:/Projet_Vitis/PS_Alone_NoFPU/hw/PS_Only_ZyboZ7.xsa
TRACE::2025-09-30.10:56:14::SCWPlatform::DSA directory D:/Projet_Vitis/PS_Alone_NoFPU/hw
TRACE::2025-09-30.10:56:14::SCWPlatform:: Platform Path D:/Projet_Vitis/PS_Alone_NoFPU/hw/PS_Only_ZyboZ7.xsa
TRACE::2025-09-30.10:56:14::SCWPlatform:: Unique name xilinx:zybo-z7-20::0.0
TRACE::2025-09-30.10:56:14::SCWPlatform::Trying to set the existing hwdb with name design_1_wrapper_3
TRACE::2025-09-30.10:56:14::SCWPlatform::Opened existing hwdb design_1_wrapper_3
TRACE::2025-09-30.10:56:14::SCWPlatform::Found the Hw Db part of the input DSA
TRACE::2025-09-30.10:56:14::SCWMssOS::Checking the sw design at  D:/Projet_Vitis/PS_Alone_NoFPU/ps7_cortexa9_0/standalone_domain/bsp/system.mss
TRACE::2025-09-30.10:56:14::SCWMssOS::DEBUG:  swdes dump  D:/Projet_Vitis/PS_Alone_NoFPU/ps7_cortexa9_0/standalone_domain/bsp/system.mss|system_2||
D:/Projet_Vitis/PS_Alone_NoFPU/zynq_fsbl/zynq_fsbl_bsp/system.mss|system_1||
D:/Projet_Vitis/PS_Only_ZyboZ7/ps7_cortexa9_0/standalone_ps7_cortexa9_0/bsp/system.mss|system_0||
D:/Projet_Vitis/PS_Only_ZyboZ7/zynq_fsbl/zynq_fsbl_bsp/system.mss|system||

TRACE::2025-09-30.10:56:14::SCWMssOS::Sw design exists and opened at  D:/Projet_Vitis/PS_Alone_NoFPU/ps7_cortexa9_0/standalone_domain/bsp/system.mss
TRACE::2025-09-30.10:56:14::SCWWriter::formatted JSON is {
	"platformName":	"PS_Alone_NoFPU",
	"sprVersion":	"2.0",
	"mode":	"gui",
	"dsaType":	"Fixed",
	"platformDesc":	"PS_Alone_NoFPU",
	"platHandOff":	"D:/Projet_Vitis/PS_Only_ZyboZ7.xsa",
	"platIntHandOff":	"<platformDir>/hw/PS_Only_ZyboZ7.xsa",
	"deviceType":	"zynq",
	"platIsPrebuiltAutogen":	"false",
	"platIsNoBootBsp":	"false",
	"platFsblTarget":	"ps7_cortexa9_0",
	"hasFsblMakeHasChanges":	"false",
	"hasPmufwMakeHasChanges":	"false",
	"fsblExtraCompilerFlags":	"-MMD -MP       -mcpu=cortex-a9 -mfpu=vfpv3 -mfloat-abi=hard ",
	"platPreBuiltFlag":	false,
	"platformSamplesDir":	"",
	"platActiveSys":	"PS_Alone_NoFPU",
	"systems":	[{
			"systemName":	"PS_Alone_NoFPU",
			"systemDesc":	"PS_Alone_NoFPU",
			"sysIsBootAutoGen":	"true",
			"systemDispName":	"PS_Alone_NoFPU",
			"sysActiveDom":	"standalone_domain",
			"sysDefaultDom":	"standalone_domain",
			"domains":	[{
					"domainName":	"zynq_fsbl",
					"domainDispName":	"zynq_fsbl",
					"domainDesc":	"FSBL Application BSP - Auto Generated.",
					"processors":	"ps7_cortexa9_0",
					"os":	"standalone",
					"sdxOs":	"standalone",
					"debugEnable":	"",
					"domRuntimes":	["cpp"],
					"swRepo":	"",
					"mssOsVer":	"7.3",
					"mssFile":	"",
					"md5Digest":	"d4dce1e3283be35b8cb204de15302e33",
					"compatibleApp":	"zynq_fsbl",
					"domType":	"bootDomain",
					"arch":	"32-bit",
					"appSettings":	{
						"appCompilerFlags":	"",
						"appLinkerFlags":	""
					},
					"addedLibs":	["xilffs:4.4", "xilrsa:1.6"],
					"libOptions":	{
						"libsContainingOptions":	[]
					},
					"prebuiltLibs":	{
						"prebuiltIncPath":	[],
						"prebuiltLibPath":	[]
					},
					"isolation":	{
					}
				}, {
					"domainName":	"standalone_domain",
					"domainDispName":	"standalone on ps7_cortexa9_0",
					"domainDesc":	"standalone_domain",
					"processors":	"ps7_cortexa9_0",
					"os":	"standalone",
					"sdxOs":	"standalone",
					"qemuArgs":	"C:/Xilinx/Vitis/2020.2/data/emulation/platforms/zynq/sw/a9_standalone/qemu/qemu_args.txt",
					"qemuData":	"C:/Xilinx/Vitis/2020.2/data/emulation/platforms/zynq/sw/a9_standalone/qemu/",
					"debugEnable":	"False",
					"domRuntimes":	["cpp"],
					"swRepo":	"",
					"mssOsVer":	"7.3",
					"mssFile":	"",
					"md5Digest":	"ea3a8c353fcc4eb0b32c84eda9a1f60f",
					"compatibleApp":	"",
					"domType":	"mssDomain",
					"appSettings":	{
						"appCompilerFlags":	"",
						"appLinkerFlags":	""
					},
					"addedLibs":	[],
					"libOptions":	{
						"libsContainingOptions":	[]
					},
					"prebuiltLibs":	{
						"prebuiltIncPath":	[],
						"prebuiltLibPath":	[]
					},
					"isolation":	{
					}
				}]
		}]
}
TRACE::2025-09-30.10:56:14::SCWMssOS::Saving the mss changes D:/Projet_Vitis/PS_Alone_NoFPU/zynq_fsbl/zynq_fsbl_bsp/system.mss
TRACE::2025-09-30.10:56:14::SCWMssOS::Found a swdesign opened with the mssfile.
TRACE::2025-09-30.10:56:14::SCWMssOS::Completed writemss as part of save.
TRACE::2025-09-30.10:56:14::SCWMssOS::Commit changes completed.
TRACE::2025-09-30.10:56:14::SCWMssOS::Saving the mss changes D:/Projet_Vitis/PS_Alone_NoFPU/ps7_cortexa9_0/standalone_domain/bsp/system.mss
TRACE::2025-09-30.10:56:14::SCWMssOS::Found a swdesign opened with the mssfile.
TRACE::2025-09-30.10:56:14::SCWMssOS::Completed writemss as part of save.
TRACE::2025-09-30.10:56:14::SCWMssOS::Commit changes completed.
TRACE::2025-09-30.10:56:14::SCWPlatform::Trying to open the hw design at D:/Projet_Vitis/PS_Alone_NoFPU/hw/PS_Only_ZyboZ7.xsa
TRACE::2025-09-30.10:56:14::SCWPlatform::DSA given D:/Projet_Vitis/PS_Alone_NoFPU/hw/PS_Only_ZyboZ7.xsa
TRACE::2025-09-30.10:56:14::SCWPlatform::DSA absoulate path D:/Projet_Vitis/PS_Alone_NoFPU/hw/PS_Only_ZyboZ7.xsa
TRACE::2025-09-30.10:56:14::SCWPlatform::DSA directory D:/Projet_Vitis/PS_Alone_NoFPU/hw
TRACE::2025-09-30.10:56:14::SCWPlatform:: Platform Path D:/Projet_Vitis/PS_Alone_NoFPU/hw/PS_Only_ZyboZ7.xsa
TRACE::2025-09-30.10:56:14::SCWPlatform:: Unique name xilinx:zybo-z7-20::0.0
TRACE::2025-09-30.10:56:14::SCWPlatform::Trying to set the existing hwdb with name design_1_wrapper_3
TRACE::2025-09-30.10:56:14::SCWPlatform::Opened existing hwdb design_1_wrapper_3
TRACE::2025-09-30.10:56:14::SCWPlatform::Found the Hw Db part of the input DSA
TRACE::2025-09-30.10:56:15::SCWMssOS::Checking the sw design at  D:/Projet_Vitis/PS_Alone_NoFPU/zynq_fsbl/zynq_fsbl_bsp/system.mss
TRACE::2025-09-30.10:56:15::SCWMssOS::DEBUG:  swdes dump  D:/Projet_Vitis/PS_Alone_NoFPU/ps7_cortexa9_0/standalone_domain/bsp/system.mss|system_2||
D:/Projet_Vitis/PS_Alone_NoFPU/zynq_fsbl/zynq_fsbl_bsp/system.mss|system_1||
D:/Projet_Vitis/PS_Only_ZyboZ7/ps7_cortexa9_0/standalone_ps7_cortexa9_0/bsp/system.mss|system_0||
D:/Projet_Vitis/PS_Only_ZyboZ7/zynq_fsbl/zynq_fsbl_bsp/system.mss|system||

TRACE::2025-09-30.10:56:15::SCWMssOS::Sw design exists and opened at  D:/Projet_Vitis/PS_Alone_NoFPU/zynq_fsbl/zynq_fsbl_bsp/system.mss
TRACE::2025-09-30.10:56:15::SCWPlatform::Trying to open the hw design at D:/Projet_Vitis/PS_Alone_NoFPU/hw/PS_Only_ZyboZ7.xsa
TRACE::2025-09-30.10:56:15::SCWPlatform::DSA given D:/Projet_Vitis/PS_Alone_NoFPU/hw/PS_Only_ZyboZ7.xsa
TRACE::2025-09-30.10:56:15::SCWPlatform::DSA absoulate path D:/Projet_Vitis/PS_Alone_NoFPU/hw/PS_Only_ZyboZ7.xsa
TRACE::2025-09-30.10:56:15::SCWPlatform::DSA directory D:/Projet_Vitis/PS_Alone_NoFPU/hw
TRACE::2025-09-30.10:56:15::SCWPlatform:: Platform Path D:/Projet_Vitis/PS_Alone_NoFPU/hw/PS_Only_ZyboZ7.xsa
TRACE::2025-09-30.10:56:15::SCWPlatform:: Unique name xilinx:zybo-z7-20::0.0
TRACE::2025-09-30.10:56:15::SCWPlatform::Trying to set the existing hwdb with name design_1_wrapper_3
TRACE::2025-09-30.10:56:15::SCWPlatform::Opened existing hwdb design_1_wrapper_3
TRACE::2025-09-30.10:56:15::SCWPlatform::Found the Hw Db part of the input DSA
TRACE::2025-09-30.10:56:15::SCWMssOS::Checking the sw design at  D:/Projet_Vitis/PS_Alone_NoFPU/zynq_fsbl/zynq_fsbl_bsp/system.mss
TRACE::2025-09-30.10:56:15::SCWMssOS::DEBUG:  swdes dump  D:/Projet_Vitis/PS_Alone_NoFPU/ps7_cortexa9_0/standalone_domain/bsp/system.mss|system_2||
D:/Projet_Vitis/PS_Alone_NoFPU/zynq_fsbl/zynq_fsbl_bsp/system.mss|system_1||
D:/Projet_Vitis/PS_Only_ZyboZ7/ps7_cortexa9_0/standalone_ps7_cortexa9_0/bsp/system.mss|system_0||
D:/Projet_Vitis/PS_Only_ZyboZ7/zynq_fsbl/zynq_fsbl_bsp/system.mss|system||

TRACE::2025-09-30.10:56:15::SCWMssOS::Sw design exists and opened at  D:/Projet_Vitis/PS_Alone_NoFPU/zynq_fsbl/zynq_fsbl_bsp/system.mss
TRACE::2025-09-30.10:56:15::SCWPlatform::Trying to open the hw design at D:/Projet_Vitis/PS_Alone_NoFPU/hw/PS_Only_ZyboZ7.xsa
TRACE::2025-09-30.10:56:15::SCWPlatform::DSA given D:/Projet_Vitis/PS_Alone_NoFPU/hw/PS_Only_ZyboZ7.xsa
TRACE::2025-09-30.10:56:15::SCWPlatform::DSA absoulate path D:/Projet_Vitis/PS_Alone_NoFPU/hw/PS_Only_ZyboZ7.xsa
TRACE::2025-09-30.10:56:15::SCWPlatform::DSA directory D:/Projet_Vitis/PS_Alone_NoFPU/hw
TRACE::2025-09-30.10:56:15::SCWPlatform:: Platform Path D:/Projet_Vitis/PS_Alone_NoFPU/hw/PS_Only_ZyboZ7.xsa
TRACE::2025-09-30.10:56:15::SCWPlatform:: Unique name xilinx:zybo-z7-20::0.0
TRACE::2025-09-30.10:56:15::SCWPlatform::Trying to set the existing hwdb with name design_1_wrapper_3
TRACE::2025-09-30.10:56:15::SCWPlatform::Opened existing hwdb design_1_wrapper_3
TRACE::2025-09-30.10:56:15::SCWPlatform::Found the Hw Db part of the input DSA
TRACE::2025-09-30.10:56:15::SCWMssOS::Checking the sw design at  D:/Projet_Vitis/PS_Alone_NoFPU/zynq_fsbl/zynq_fsbl_bsp/system.mss
TRACE::2025-09-30.10:56:15::SCWMssOS::DEBUG:  swdes dump  D:/Projet_Vitis/PS_Alone_NoFPU/ps7_cortexa9_0/standalone_domain/bsp/system.mss|system_2||
D:/Projet_Vitis/PS_Alone_NoFPU/zynq_fsbl/zynq_fsbl_bsp/system.mss|system_1||
D:/Projet_Vitis/PS_Only_ZyboZ7/ps7_cortexa9_0/standalone_ps7_cortexa9_0/bsp/system.mss|system_0||
D:/Projet_Vitis/PS_Only_ZyboZ7/zynq_fsbl/zynq_fsbl_bsp/system.mss|system||

TRACE::2025-09-30.10:56:15::SCWMssOS::Sw design exists and opened at  D:/Projet_Vitis/PS_Alone_NoFPU/zynq_fsbl/zynq_fsbl_bsp/system.mss
TRACE::2025-09-30.10:56:15::SCWPlatform::Trying to open the hw design at D:/Projet_Vitis/PS_Alone_NoFPU/hw/PS_Only_ZyboZ7.xsa
TRACE::2025-09-30.10:56:15::SCWPlatform::DSA given D:/Projet_Vitis/PS_Alone_NoFPU/hw/PS_Only_ZyboZ7.xsa
TRACE::2025-09-30.10:56:15::SCWPlatform::DSA absoulate path D:/Projet_Vitis/PS_Alone_NoFPU/hw/PS_Only_ZyboZ7.xsa
TRACE::2025-09-30.10:56:15::SCWPlatform::DSA directory D:/Projet_Vitis/PS_Alone_NoFPU/hw
TRACE::2025-09-30.10:56:15::SCWPlatform:: Platform Path D:/Projet_Vitis/PS_Alone_NoFPU/hw/PS_Only_ZyboZ7.xsa
TRACE::2025-09-30.10:56:15::SCWPlatform:: Unique name xilinx:zybo-z7-20::0.0
TRACE::2025-09-30.10:56:15::SCWPlatform::Trying to set the existing hwdb with name design_1_wrapper_3
TRACE::2025-09-30.10:56:15::SCWPlatform::Opened existing hwdb design_1_wrapper_3
TRACE::2025-09-30.10:56:15::SCWPlatform::Found the Hw Db part of the input DSA
TRACE::2025-09-30.10:56:15::SCWMssOS::Checking the sw design at  D:/Projet_Vitis/PS_Alone_NoFPU/ps7_cortexa9_0/standalone_domain/bsp/system.mss
TRACE::2025-09-30.10:56:15::SCWMssOS::DEBUG:  swdes dump  D:/Projet_Vitis/PS_Alone_NoFPU/ps7_cortexa9_0/standalone_domain/bsp/system.mss|system_2||
D:/Projet_Vitis/PS_Alone_NoFPU/zynq_fsbl/zynq_fsbl_bsp/system.mss|system_1||
D:/Projet_Vitis/PS_Only_ZyboZ7/ps7_cortexa9_0/standalone_ps7_cortexa9_0/bsp/system.mss|system_0||
D:/Projet_Vitis/PS_Only_ZyboZ7/zynq_fsbl/zynq_fsbl_bsp/system.mss|system||

TRACE::2025-09-30.10:56:15::SCWMssOS::Sw design exists and opened at  D:/Projet_Vitis/PS_Alone_NoFPU/ps7_cortexa9_0/standalone_domain/bsp/system.mss
TRACE::2025-09-30.10:56:15::SCWPlatform::Trying to open the hw design at D:/Projet_Vitis/PS_Alone_NoFPU/hw/PS_Only_ZyboZ7.xsa
TRACE::2025-09-30.10:56:15::SCWPlatform::DSA given D:/Projet_Vitis/PS_Alone_NoFPU/hw/PS_Only_ZyboZ7.xsa
TRACE::2025-09-30.10:56:15::SCWPlatform::DSA absoulate path D:/Projet_Vitis/PS_Alone_NoFPU/hw/PS_Only_ZyboZ7.xsa
TRACE::2025-09-30.10:56:15::SCWPlatform::DSA directory D:/Projet_Vitis/PS_Alone_NoFPU/hw
TRACE::2025-09-30.10:56:15::SCWPlatform:: Platform Path D:/Projet_Vitis/PS_Alone_NoFPU/hw/PS_Only_ZyboZ7.xsa
TRACE::2025-09-30.10:56:15::SCWPlatform:: Unique name xilinx:zybo-z7-20::0.0
TRACE::2025-09-30.10:56:15::SCWPlatform::Trying to set the existing hwdb with name design_1_wrapper_3
TRACE::2025-09-30.10:56:15::SCWPlatform::Opened existing hwdb design_1_wrapper_3
TRACE::2025-09-30.10:56:15::SCWPlatform::Found the Hw Db part of the input DSA
TRACE::2025-09-30.10:56:15::SCWMssOS::Checking the sw design at  D:/Projet_Vitis/PS_Alone_NoFPU/ps7_cortexa9_0/standalone_domain/bsp/system.mss
TRACE::2025-09-30.10:56:15::SCWMssOS::DEBUG:  swdes dump  D:/Projet_Vitis/PS_Alone_NoFPU/ps7_cortexa9_0/standalone_domain/bsp/system.mss|system_2||
D:/Projet_Vitis/PS_Alone_NoFPU/zynq_fsbl/zynq_fsbl_bsp/system.mss|system_1||
D:/Projet_Vitis/PS_Only_ZyboZ7/ps7_cortexa9_0/standalone_ps7_cortexa9_0/bsp/system.mss|system_0||
D:/Projet_Vitis/PS_Only_ZyboZ7/zynq_fsbl/zynq_fsbl_bsp/system.mss|system||

TRACE::2025-09-30.10:56:15::SCWMssOS::Sw design exists and opened at  D:/Projet_Vitis/PS_Alone_NoFPU/ps7_cortexa9_0/standalone_domain/bsp/system.mss
TRACE::2025-09-30.10:56:15::SCWPlatform::Trying to open the hw design at D:/Projet_Vitis/PS_Alone_NoFPU/hw/PS_Only_ZyboZ7.xsa
TRACE::2025-09-30.10:56:15::SCWPlatform::DSA given D:/Projet_Vitis/PS_Alone_NoFPU/hw/PS_Only_ZyboZ7.xsa
TRACE::2025-09-30.10:56:15::SCWPlatform::DSA absoulate path D:/Projet_Vitis/PS_Alone_NoFPU/hw/PS_Only_ZyboZ7.xsa
TRACE::2025-09-30.10:56:15::SCWPlatform::DSA directory D:/Projet_Vitis/PS_Alone_NoFPU/hw
TRACE::2025-09-30.10:56:15::SCWPlatform:: Platform Path D:/Projet_Vitis/PS_Alone_NoFPU/hw/PS_Only_ZyboZ7.xsa
TRACE::2025-09-30.10:56:15::SCWPlatform:: Unique name xilinx:zybo-z7-20::0.0
TRACE::2025-09-30.10:56:15::SCWPlatform::Trying to set the existing hwdb with name design_1_wrapper_3
TRACE::2025-09-30.10:56:15::SCWPlatform::Opened existing hwdb design_1_wrapper_3
TRACE::2025-09-30.10:56:15::SCWPlatform::Found the Hw Db part of the input DSA
TRACE::2025-09-30.10:56:15::SCWMssOS::Checking the sw design at  D:/Projet_Vitis/PS_Alone_NoFPU/ps7_cortexa9_0/standalone_domain/bsp/system.mss
TRACE::2025-09-30.10:56:15::SCWMssOS::DEBUG:  swdes dump  D:/Projet_Vitis/PS_Alone_NoFPU/ps7_cortexa9_0/standalone_domain/bsp/system.mss|system_2||
D:/Projet_Vitis/PS_Alone_NoFPU/zynq_fsbl/zynq_fsbl_bsp/system.mss|system_1||
D:/Projet_Vitis/PS_Only_ZyboZ7/ps7_cortexa9_0/standalone_ps7_cortexa9_0/bsp/system.mss|system_0||
D:/Projet_Vitis/PS_Only_ZyboZ7/zynq_fsbl/zynq_fsbl_bsp/system.mss|system||

TRACE::2025-09-30.10:56:15::SCWMssOS::Sw design exists and opened at  D:/Projet_Vitis/PS_Alone_NoFPU/ps7_cortexa9_0/standalone_domain/bsp/system.mss
TRACE::2025-09-30.10:56:16::SCWWriter::formatted JSON is {
	"platformName":	"PS_Alone_NoFPU",
	"sprVersion":	"2.0",
	"mode":	"gui",
	"dsaType":	"Fixed",
	"platformDesc":	"PS_Alone_NoFPU",
	"platHandOff":	"D:/Projet_Vitis/PS_Only_ZyboZ7.xsa",
	"platIntHandOff":	"<platformDir>/hw/PS_Only_ZyboZ7.xsa",
	"deviceType":	"zynq",
	"platIsPrebuiltAutogen":	"false",
	"platIsNoBootBsp":	"false",
	"platFsblTarget":	"ps7_cortexa9_0",
	"hasFsblMakeHasChanges":	"false",
	"hasPmufwMakeHasChanges":	"false",
	"fsblExtraCompilerFlags":	"-MMD -MP       -mcpu=cortex-a9 -mfpu=vfpv3 -mfloat-abi=hard ",
	"platPreBuiltFlag":	false,
	"platformSamplesDir":	"",
	"platActiveSys":	"PS_Alone_NoFPU",
	"systems":	[{
			"systemName":	"PS_Alone_NoFPU",
			"systemDesc":	"PS_Alone_NoFPU",
			"sysIsBootAutoGen":	"true",
			"systemDispName":	"PS_Alone_NoFPU",
			"sysActiveDom":	"standalone_domain",
			"sysDefaultDom":	"standalone_domain",
			"domains":	[{
					"domainName":	"zynq_fsbl",
					"domainDispName":	"zynq_fsbl",
					"domainDesc":	"FSBL Application BSP - Auto Generated.",
					"processors":	"ps7_cortexa9_0",
					"os":	"standalone",
					"sdxOs":	"standalone",
					"debugEnable":	"",
					"domRuntimes":	["cpp"],
					"swRepo":	"",
					"mssOsVer":	"7.3",
					"mssFile":	"",
					"md5Digest":	"d4dce1e3283be35b8cb204de15302e33",
					"compatibleApp":	"zynq_fsbl",
					"domType":	"bootDomain",
					"arch":	"32-bit",
					"appSettings":	{
						"appCompilerFlags":	"",
						"appLinkerFlags":	""
					},
					"addedLibs":	["xilffs:4.4", "xilrsa:1.6"],
					"libOptions":	{
						"libsContainingOptions":	[]
					},
					"prebuiltLibs":	{
						"prebuiltIncPath":	[],
						"prebuiltLibPath":	[]
					},
					"isolation":	{
					}
				}, {
					"domainName":	"standalone_domain",
					"domainDispName":	"standalone on ps7_cortexa9_0",
					"domainDesc":	"standalone_domain",
					"processors":	"ps7_cortexa9_0",
					"os":	"standalone",
					"sdxOs":	"standalone",
					"qemuArgs":	"C:/Xilinx/Vitis/2020.2/data/emulation/platforms/zynq/sw/a9_standalone/qemu/qemu_args.txt",
					"qemuData":	"C:/Xilinx/Vitis/2020.2/data/emulation/platforms/zynq/sw/a9_standalone/qemu/",
					"debugEnable":	"False",
					"domRuntimes":	["cpp"],
					"swRepo":	"",
					"mssOsVer":	"7.3",
					"mssFile":	"",
					"md5Digest":	"ea3a8c353fcc4eb0b32c84eda9a1f60f",
					"compatibleApp":	"",
					"domType":	"mssDomain",
					"appSettings":	{
						"appCompilerFlags":	"",
						"appLinkerFlags":	""
					},
					"addedLibs":	[],
					"libOptions":	{
						"libsContainingOptions":	[]
					},
					"prebuiltLibs":	{
						"prebuiltIncPath":	[],
						"prebuiltLibPath":	[]
					},
					"isolation":	{
					}
				}]
		}]
}
TRACE::2025-09-30.10:56:16::SCWPlatform::Clearing the existing platform
TRACE::2025-09-30.10:56:16::SCWSystem::Clearing the existing sysconfig
TRACE::2025-09-30.10:56:16::SCWBDomain::clearing the fsbl build
TRACE::2025-09-30.10:56:16::SCWMssOS::Removing the swdes entry for  D:/Projet_Vitis/PS_Alone_NoFPU/zynq_fsbl/zynq_fsbl_bsp/system.mss
TRACE::2025-09-30.10:56:16::SCWMssOS::Removing the swdes entry for  D:/Projet_Vitis/PS_Alone_NoFPU/ps7_cortexa9_0/standalone_domain/bsp/system.mss
TRACE::2025-09-30.10:56:16::SCWSystem::Clearing the domains completed.
TRACE::2025-09-30.10:56:16::SCWPlatform::Clearing the opened hw db.
TRACE::2025-09-30.10:56:16::SCWPlatform::DSA given D:/Projet_Vitis/PS_Alone_NoFPU/hw/PS_Only_ZyboZ7.xsa
TRACE::2025-09-30.10:56:16::SCWPlatform::DSA absoulate path D:/Projet_Vitis/PS_Alone_NoFPU/hw/PS_Only_ZyboZ7.xsa
TRACE::2025-09-30.10:56:16::SCWPlatform:: Platform location is D:/Projet_Vitis/PS_Alone_NoFPU/hw
TRACE::2025-09-30.10:56:16::SCWPlatform:: Platform Path D:/Projet_Vitis/PS_Alone_NoFPU/hw/PS_Only_ZyboZ7.xsa
TRACE::2025-09-30.10:56:16::SCWPlatform:: Unique name xilinx:zybo-z7-20::0.0
TRACE::2025-09-30.10:56:16::SCWPlatform::Removing the HwDB with name D:/Projet_Vitis/PS_Alone_NoFPU/hw/PS_Only_ZyboZ7.xsa
TRACE::2025-09-30.10:56:16::SCWPlatform::Trying to open the hw design at D:/Projet_Vitis/PS_Alone_NoFPU/hw/PS_Only_ZyboZ7.xsa
TRACE::2025-09-30.10:56:16::SCWPlatform::DSA given D:/Projet_Vitis/PS_Alone_NoFPU/hw/PS_Only_ZyboZ7.xsa
TRACE::2025-09-30.10:56:16::SCWPlatform::DSA absoulate path D:/Projet_Vitis/PS_Alone_NoFPU/hw/PS_Only_ZyboZ7.xsa
TRACE::2025-09-30.10:56:16::SCWPlatform::DSA directory D:/Projet_Vitis/PS_Alone_NoFPU/hw
TRACE::2025-09-30.10:56:17::SCWPlatform:: Platform Path D:/Projet_Vitis/PS_Alone_NoFPU/hw/PS_Only_ZyboZ7.xsa
TRACE::2025-09-30.10:56:17::SCWPlatform:: Unique name xilinx:zybo-z7-20::0.0
TRACE::2025-09-30.10:56:17::SCWPlatform::Do not have an existing db opened. 
TRACE::2025-09-30.10:56:28::SCWPlatform::Opened new HwDB with name design_1_wrapper_4
TRACE::2025-09-30.10:56:28::SCWReader::Active system found as  PS_Alone_NoFPU
TRACE::2025-09-30.10:56:28::SCWReader::Handling sysconfig PS_Alone_NoFPU
TRACE::2025-09-30.10:56:28::SCWDomain::checking for install qemu data   : 
TRACE::2025-09-30.10:56:28::SCWDomain:: Using the QEMU Data from install at  : C:/Xilinx/Vitis/2020.2/data/emulation/platforms/zynq/sw/a9_standalone/qemu/
TRACE::2025-09-30.10:56:28::SCWDomain:: Using the QEMU args  from install at  : C:/Xilinx/Vitis/2020.2/data/emulation/platforms/zynq/sw/a9_standalone/qemu/qemu_args.txt
TRACE::2025-09-30.10:56:28::SCWPlatform::Trying to open the hw design at D:/Projet_Vitis/PS_Alone_NoFPU/hw/PS_Only_ZyboZ7.xsa
TRACE::2025-09-30.10:56:28::SCWPlatform::DSA given D:/Projet_Vitis/PS_Alone_NoFPU/hw/PS_Only_ZyboZ7.xsa
TRACE::2025-09-30.10:56:28::SCWPlatform::DSA absoulate path D:/Projet_Vitis/PS_Alone_NoFPU/hw/PS_Only_ZyboZ7.xsa
TRACE::2025-09-30.10:56:28::SCWPlatform::DSA directory D:/Projet_Vitis/PS_Alone_NoFPU/hw
TRACE::2025-09-30.10:56:28::SCWPlatform:: Platform Path D:/Projet_Vitis/PS_Alone_NoFPU/hw/PS_Only_ZyboZ7.xsa
TRACE::2025-09-30.10:56:28::SCWPlatform:: Unique name xilinx:zybo-z7-20::0.0
TRACE::2025-09-30.10:56:28::SCWPlatform::Trying to set the existing hwdb with name design_1_wrapper_4
TRACE::2025-09-30.10:56:28::SCWPlatform::Opened existing hwdb design_1_wrapper_4
TRACE::2025-09-30.10:56:28::SCWPlatform::Found the Hw Db part of the input DSA
TRACE::2025-09-30.10:56:28::SCWPlatform::Trying to open the hw design at D:/Projet_Vitis/PS_Alone_NoFPU/hw/PS_Only_ZyboZ7.xsa
TRACE::2025-09-30.10:56:28::SCWPlatform::DSA given D:/Projet_Vitis/PS_Alone_NoFPU/hw/PS_Only_ZyboZ7.xsa
TRACE::2025-09-30.10:56:28::SCWPlatform::DSA absoulate path D:/Projet_Vitis/PS_Alone_NoFPU/hw/PS_Only_ZyboZ7.xsa
TRACE::2025-09-30.10:56:28::SCWPlatform::DSA directory D:/Projet_Vitis/PS_Alone_NoFPU/hw
TRACE::2025-09-30.10:56:28::SCWPlatform:: Platform Path D:/Projet_Vitis/PS_Alone_NoFPU/hw/PS_Only_ZyboZ7.xsa
TRACE::2025-09-30.10:56:28::SCWPlatform:: Unique name xilinx:zybo-z7-20::0.0
TRACE::2025-09-30.10:56:28::SCWPlatform::Trying to set the existing hwdb with name design_1_wrapper_4
TRACE::2025-09-30.10:56:28::SCWPlatform::Opened existing hwdb design_1_wrapper_4
TRACE::2025-09-30.10:56:28::SCWPlatform::Found the Hw Db part of the input DSA
TRACE::2025-09-30.10:56:28::SCWPlatform::Trying to open the hw design at D:/Projet_Vitis/PS_Alone_NoFPU/hw/PS_Only_ZyboZ7.xsa
TRACE::2025-09-30.10:56:28::SCWPlatform::DSA given D:/Projet_Vitis/PS_Alone_NoFPU/hw/PS_Only_ZyboZ7.xsa
TRACE::2025-09-30.10:56:28::SCWPlatform::DSA absoulate path D:/Projet_Vitis/PS_Alone_NoFPU/hw/PS_Only_ZyboZ7.xsa
TRACE::2025-09-30.10:56:28::SCWPlatform::DSA directory D:/Projet_Vitis/PS_Alone_NoFPU/hw
TRACE::2025-09-30.10:56:28::SCWPlatform:: Platform Path D:/Projet_Vitis/PS_Alone_NoFPU/hw/PS_Only_ZyboZ7.xsa
TRACE::2025-09-30.10:56:28::SCWPlatform:: Unique name xilinx:zybo-z7-20::0.0
TRACE::2025-09-30.10:56:28::SCWPlatform::Trying to set the existing hwdb with name design_1_wrapper_4
TRACE::2025-09-30.10:56:28::SCWPlatform::Opened existing hwdb design_1_wrapper_4
TRACE::2025-09-30.10:56:28::SCWPlatform::Found the Hw Db part of the input DSA
TRACE::2025-09-30.10:56:28::SCWReader::Boot application domain added for zynq_fsbl
TRACE::2025-09-30.10:56:28::SCWPlatform::Trying to open the hw design at D:/Projet_Vitis/PS_Alone_NoFPU/hw/PS_Only_ZyboZ7.xsa
TRACE::2025-09-30.10:56:28::SCWPlatform::DSA given D:/Projet_Vitis/PS_Alone_NoFPU/hw/PS_Only_ZyboZ7.xsa
TRACE::2025-09-30.10:56:28::SCWPlatform::DSA absoulate path D:/Projet_Vitis/PS_Alone_NoFPU/hw/PS_Only_ZyboZ7.xsa
TRACE::2025-09-30.10:56:28::SCWPlatform::DSA directory D:/Projet_Vitis/PS_Alone_NoFPU/hw
TRACE::2025-09-30.10:56:28::SCWPlatform:: Platform Path D:/Projet_Vitis/PS_Alone_NoFPU/hw/PS_Only_ZyboZ7.xsa
TRACE::2025-09-30.10:56:28::SCWPlatform:: Unique name xilinx:zybo-z7-20::0.0
TRACE::2025-09-30.10:56:28::SCWPlatform::Trying to set the existing hwdb with name design_1_wrapper_4
TRACE::2025-09-30.10:56:28::SCWPlatform::Opened existing hwdb design_1_wrapper_4
TRACE::2025-09-30.10:56:28::SCWPlatform::Found the Hw Db part of the input DSA
TRACE::2025-09-30.10:56:28::SCWMssOS::Checking the sw design at  D:/Projet_Vitis/PS_Alone_NoFPU/zynq_fsbl/zynq_fsbl_bsp/system.mss
TRACE::2025-09-30.10:56:28::SCWMssOS::DEBUG:  swdes dump  D:/Projet_Vitis/PS_Only_ZyboZ7/ps7_cortexa9_0/standalone_ps7_cortexa9_0/bsp/system.mss|system_0||
D:/Projet_Vitis/PS_Only_ZyboZ7/zynq_fsbl/zynq_fsbl_bsp/system.mss|system||

TRACE::2025-09-30.10:56:28::SCWMssOS::No sw design opened at  D:/Projet_Vitis/PS_Alone_NoFPU/zynq_fsbl/zynq_fsbl_bsp/system.mss
TRACE::2025-09-30.10:56:28::SCWMssOS::mss exists loading the mss file  D:/Projet_Vitis/PS_Alone_NoFPU/zynq_fsbl/zynq_fsbl_bsp/system.mss
TRACE::2025-09-30.10:56:28::SCWMssOS::Opened the sw design from mss  D:/Projet_Vitis/PS_Alone_NoFPU/zynq_fsbl/zynq_fsbl_bsp/system.mss
TRACE::2025-09-30.10:56:28::SCWMssOS::Adding the swdes entry D:/Projet_Vitis/PS_Alone_NoFPU/zynq_fsbl/zynq_fsbl_bsp/system.mss with des name system_1
TRACE::2025-09-30.10:56:28::SCWMssOS::updating the scw layer about changes
TRACE::2025-09-30.10:56:29::SCWMssOS::Opened the sw design.  D:/Projet_Vitis/PS_Alone_NoFPU/zynq_fsbl/zynq_fsbl_bsp/system.mss
TRACE::2025-09-30.10:56:29::SCWPlatform::Trying to open the hw design at D:/Projet_Vitis/PS_Alone_NoFPU/hw/PS_Only_ZyboZ7.xsa
TRACE::2025-09-30.10:56:29::SCWPlatform::DSA given D:/Projet_Vitis/PS_Alone_NoFPU/hw/PS_Only_ZyboZ7.xsa
TRACE::2025-09-30.10:56:29::SCWPlatform::DSA absoulate path D:/Projet_Vitis/PS_Alone_NoFPU/hw/PS_Only_ZyboZ7.xsa
TRACE::2025-09-30.10:56:29::SCWPlatform::DSA directory D:/Projet_Vitis/PS_Alone_NoFPU/hw
TRACE::2025-09-30.10:56:29::SCWPlatform:: Platform Path D:/Projet_Vitis/PS_Alone_NoFPU/hw/PS_Only_ZyboZ7.xsa
TRACE::2025-09-30.10:56:29::SCWPlatform:: Unique name xilinx:zybo-z7-20::0.0
TRACE::2025-09-30.10:56:29::SCWPlatform::Trying to set the existing hwdb with name design_1_wrapper_4
TRACE::2025-09-30.10:56:29::SCWPlatform::Opened existing hwdb design_1_wrapper_4
TRACE::2025-09-30.10:56:29::SCWPlatform::Found the Hw Db part of the input DSA
TRACE::2025-09-30.10:56:29::SCWMssOS::Checking the sw design at  D:/Projet_Vitis/PS_Alone_NoFPU/zynq_fsbl/zynq_fsbl_bsp/system.mss
TRACE::2025-09-30.10:56:29::SCWMssOS::DEBUG:  swdes dump  D:/Projet_Vitis/PS_Alone_NoFPU/zynq_fsbl/zynq_fsbl_bsp/system.mss|system_1||
D:/Projet_Vitis/PS_Only_ZyboZ7/ps7_cortexa9_0/standalone_ps7_cortexa9_0/bsp/system.mss|system_0||
D:/Projet_Vitis/PS_Only_ZyboZ7/zynq_fsbl/zynq_fsbl_bsp/system.mss|system||

TRACE::2025-09-30.10:56:29::SCWMssOS::Sw design exists and opened at  D:/Projet_Vitis/PS_Alone_NoFPU/zynq_fsbl/zynq_fsbl_bsp/system.mss
TRACE::2025-09-30.10:56:29::SCWMssOS:: library already available in sw design:  xilffs:4.4
TRACE::2025-09-30.10:56:29::SCWPlatform::Trying to open the hw design at D:/Projet_Vitis/PS_Alone_NoFPU/hw/PS_Only_ZyboZ7.xsa
TRACE::2025-09-30.10:56:29::SCWPlatform::DSA given D:/Projet_Vitis/PS_Alone_NoFPU/hw/PS_Only_ZyboZ7.xsa
TRACE::2025-09-30.10:56:29::SCWPlatform::DSA absoulate path D:/Projet_Vitis/PS_Alone_NoFPU/hw/PS_Only_ZyboZ7.xsa
TRACE::2025-09-30.10:56:29::SCWPlatform::DSA directory D:/Projet_Vitis/PS_Alone_NoFPU/hw
TRACE::2025-09-30.10:56:29::SCWPlatform:: Platform Path D:/Projet_Vitis/PS_Alone_NoFPU/hw/PS_Only_ZyboZ7.xsa
TRACE::2025-09-30.10:56:29::SCWPlatform:: Unique name xilinx:zybo-z7-20::0.0
TRACE::2025-09-30.10:56:29::SCWPlatform::Trying to set the existing hwdb with name design_1_wrapper_4
TRACE::2025-09-30.10:56:29::SCWPlatform::Opened existing hwdb design_1_wrapper_4
TRACE::2025-09-30.10:56:29::SCWPlatform::Found the Hw Db part of the input DSA
TRACE::2025-09-30.10:56:29::SCWMssOS::Checking the sw design at  D:/Projet_Vitis/PS_Alone_NoFPU/zynq_fsbl/zynq_fsbl_bsp/system.mss
TRACE::2025-09-30.10:56:29::SCWMssOS::DEBUG:  swdes dump  D:/Projet_Vitis/PS_Alone_NoFPU/zynq_fsbl/zynq_fsbl_bsp/system.mss|system_1||
D:/Projet_Vitis/PS_Only_ZyboZ7/ps7_cortexa9_0/standalone_ps7_cortexa9_0/bsp/system.mss|system_0||
D:/Projet_Vitis/PS_Only_ZyboZ7/zynq_fsbl/zynq_fsbl_bsp/system.mss|system||

TRACE::2025-09-30.10:56:29::SCWMssOS::Sw design exists and opened at  D:/Projet_Vitis/PS_Alone_NoFPU/zynq_fsbl/zynq_fsbl_bsp/system.mss
TRACE::2025-09-30.10:56:29::SCWMssOS:: library already available in sw design:  xilrsa:1.6
TRACE::2025-09-30.10:56:29::SCWMssOS::Saving the mss changes D:/Projet_Vitis/PS_Alone_NoFPU/zynq_fsbl/zynq_fsbl_bsp/system.mss
TRACE::2025-09-30.10:56:29::SCWMssOS::Found a swdesign opened with the mssfile.
TRACE::2025-09-30.10:56:29::SCWMssOS::Completed writemss as part of save.
TRACE::2025-09-30.10:56:29::SCWMssOS::Commit changes completed.
TRACE::2025-09-30.10:56:29::SCWReader::Adding prebuilt librarypaths as   
TRACE::2025-09-30.10:56:29::SCWReader::Adding prebuilt incpaths  as   
TRACE::2025-09-30.10:56:29::SCWPlatform::Trying to open the hw design at D:/Projet_Vitis/PS_Alone_NoFPU/hw/PS_Only_ZyboZ7.xsa
TRACE::2025-09-30.10:56:29::SCWPlatform::DSA given D:/Projet_Vitis/PS_Alone_NoFPU/hw/PS_Only_ZyboZ7.xsa
TRACE::2025-09-30.10:56:29::SCWPlatform::DSA absoulate path D:/Projet_Vitis/PS_Alone_NoFPU/hw/PS_Only_ZyboZ7.xsa
TRACE::2025-09-30.10:56:29::SCWPlatform::DSA directory D:/Projet_Vitis/PS_Alone_NoFPU/hw
TRACE::2025-09-30.10:56:29::SCWPlatform:: Platform Path D:/Projet_Vitis/PS_Alone_NoFPU/hw/PS_Only_ZyboZ7.xsa
TRACE::2025-09-30.10:56:29::SCWPlatform:: Unique name xilinx:zybo-z7-20::0.0
TRACE::2025-09-30.10:56:29::SCWPlatform::Trying to set the existing hwdb with name design_1_wrapper_4
TRACE::2025-09-30.10:56:29::SCWPlatform::Opened existing hwdb design_1_wrapper_4
TRACE::2025-09-30.10:56:29::SCWPlatform::Found the Hw Db part of the input DSA
TRACE::2025-09-30.10:56:29::SCWMssOS::Checking the sw design at  D:/Projet_Vitis/PS_Alone_NoFPU/zynq_fsbl/zynq_fsbl_bsp/system.mss
TRACE::2025-09-30.10:56:29::SCWMssOS::DEBUG:  swdes dump  D:/Projet_Vitis/PS_Alone_NoFPU/zynq_fsbl/zynq_fsbl_bsp/system.mss|system_1||
D:/Projet_Vitis/PS_Only_ZyboZ7/ps7_cortexa9_0/standalone_ps7_cortexa9_0/bsp/system.mss|system_0||
D:/Projet_Vitis/PS_Only_ZyboZ7/zynq_fsbl/zynq_fsbl_bsp/system.mss|system||

TRACE::2025-09-30.10:56:29::SCWMssOS::Sw design exists and opened at  D:/Projet_Vitis/PS_Alone_NoFPU/zynq_fsbl/zynq_fsbl_bsp/system.mss
TRACE::2025-09-30.10:56:29::SCWReader::No isolation master present  
TRACE::2025-09-30.10:56:29::SCWDomain::checking for install qemu data   : 
TRACE::2025-09-30.10:56:29::SCWDomain:: Using the QEMU Data from install at  : C:/Xilinx/Vitis/2020.2/data/emulation/platforms/zynq/sw/a9_standalone/qemu/
TRACE::2025-09-30.10:56:29::SCWDomain:: Using the QEMU args  from install at  : C:/Xilinx/Vitis/2020.2/data/emulation/platforms/zynq/sw/a9_standalone/qemu/qemu_args.txt
TRACE::2025-09-30.10:56:29::SCWPlatform::Trying to open the hw design at D:/Projet_Vitis/PS_Alone_NoFPU/hw/PS_Only_ZyboZ7.xsa
TRACE::2025-09-30.10:56:29::SCWPlatform::DSA given D:/Projet_Vitis/PS_Alone_NoFPU/hw/PS_Only_ZyboZ7.xsa
TRACE::2025-09-30.10:56:29::SCWPlatform::DSA absoulate path D:/Projet_Vitis/PS_Alone_NoFPU/hw/PS_Only_ZyboZ7.xsa
TRACE::2025-09-30.10:56:29::SCWPlatform::DSA directory D:/Projet_Vitis/PS_Alone_NoFPU/hw
TRACE::2025-09-30.10:56:29::SCWPlatform:: Platform Path D:/Projet_Vitis/PS_Alone_NoFPU/hw/PS_Only_ZyboZ7.xsa
TRACE::2025-09-30.10:56:29::SCWPlatform:: Unique name xilinx:zybo-z7-20::0.0
TRACE::2025-09-30.10:56:29::SCWPlatform::Trying to set the existing hwdb with name design_1_wrapper_4
TRACE::2025-09-30.10:56:29::SCWPlatform::Opened existing hwdb design_1_wrapper_4
TRACE::2025-09-30.10:56:29::SCWPlatform::Found the Hw Db part of the input DSA
TRACE::2025-09-30.10:56:29::SCWPlatform::Trying to open the hw design at D:/Projet_Vitis/PS_Alone_NoFPU/hw/PS_Only_ZyboZ7.xsa
TRACE::2025-09-30.10:56:29::SCWPlatform::DSA given D:/Projet_Vitis/PS_Alone_NoFPU/hw/PS_Only_ZyboZ7.xsa
TRACE::2025-09-30.10:56:29::SCWPlatform::DSA absoulate path D:/Projet_Vitis/PS_Alone_NoFPU/hw/PS_Only_ZyboZ7.xsa
TRACE::2025-09-30.10:56:30::SCWPlatform::DSA directory D:/Projet_Vitis/PS_Alone_NoFPU/hw
TRACE::2025-09-30.10:56:30::SCWPlatform:: Platform Path D:/Projet_Vitis/PS_Alone_NoFPU/hw/PS_Only_ZyboZ7.xsa
TRACE::2025-09-30.10:56:30::SCWPlatform:: Unique name xilinx:zybo-z7-20::0.0
TRACE::2025-09-30.10:56:30::SCWPlatform::Trying to set the existing hwdb with name design_1_wrapper_4
TRACE::2025-09-30.10:56:30::SCWPlatform::Opened existing hwdb design_1_wrapper_4
TRACE::2025-09-30.10:56:30::SCWPlatform::Found the Hw Db part of the input DSA
TRACE::2025-09-30.10:56:30::SCWPlatform::Trying to open the hw design at D:/Projet_Vitis/PS_Alone_NoFPU/hw/PS_Only_ZyboZ7.xsa
TRACE::2025-09-30.10:56:30::SCWPlatform::DSA given D:/Projet_Vitis/PS_Alone_NoFPU/hw/PS_Only_ZyboZ7.xsa
TRACE::2025-09-30.10:56:30::SCWPlatform::DSA absoulate path D:/Projet_Vitis/PS_Alone_NoFPU/hw/PS_Only_ZyboZ7.xsa
TRACE::2025-09-30.10:56:30::SCWPlatform::DSA directory D:/Projet_Vitis/PS_Alone_NoFPU/hw
TRACE::2025-09-30.10:56:30::SCWPlatform:: Platform Path D:/Projet_Vitis/PS_Alone_NoFPU/hw/PS_Only_ZyboZ7.xsa
TRACE::2025-09-30.10:56:30::SCWPlatform:: Unique name xilinx:zybo-z7-20::0.0
TRACE::2025-09-30.10:56:30::SCWPlatform::Trying to set the existing hwdb with name design_1_wrapper_4
TRACE::2025-09-30.10:56:30::SCWPlatform::Opened existing hwdb design_1_wrapper_4
TRACE::2025-09-30.10:56:30::SCWPlatform::Found the Hw Db part of the input DSA
TRACE::2025-09-30.10:56:30::SCWMssOS::Checking the sw design at  D:/Projet_Vitis/PS_Alone_NoFPU/ps7_cortexa9_0/standalone_domain/bsp/system.mss
TRACE::2025-09-30.10:56:30::SCWMssOS::DEBUG:  swdes dump  D:/Projet_Vitis/PS_Alone_NoFPU/zynq_fsbl/zynq_fsbl_bsp/system.mss|system_1||
D:/Projet_Vitis/PS_Only_ZyboZ7/ps7_cortexa9_0/standalone_ps7_cortexa9_0/bsp/system.mss|system_0||
D:/Projet_Vitis/PS_Only_ZyboZ7/zynq_fsbl/zynq_fsbl_bsp/system.mss|system||

TRACE::2025-09-30.10:56:30::SCWMssOS::No sw design opened at  D:/Projet_Vitis/PS_Alone_NoFPU/ps7_cortexa9_0/standalone_domain/bsp/system.mss
TRACE::2025-09-30.10:56:30::SCWMssOS::mss exists loading the mss file  D:/Projet_Vitis/PS_Alone_NoFPU/ps7_cortexa9_0/standalone_domain/bsp/system.mss
TRACE::2025-09-30.10:56:30::SCWMssOS::Opened the sw design from mss  D:/Projet_Vitis/PS_Alone_NoFPU/ps7_cortexa9_0/standalone_domain/bsp/system.mss
TRACE::2025-09-30.10:56:30::SCWMssOS::Adding the swdes entry D:/Projet_Vitis/PS_Alone_NoFPU/ps7_cortexa9_0/standalone_domain/bsp/system.mss with des name system_2
TRACE::2025-09-30.10:56:30::SCWMssOS::updating the scw layer about changes
TRACE::2025-09-30.10:56:30::SCWMssOS::Opened the sw design.  D:/Projet_Vitis/PS_Alone_NoFPU/ps7_cortexa9_0/standalone_domain/bsp/system.mss
TRACE::2025-09-30.10:56:30::SCWMssOS::Saving the mss changes D:/Projet_Vitis/PS_Alone_NoFPU/ps7_cortexa9_0/standalone_domain/bsp/system.mss
TRACE::2025-09-30.10:56:30::SCWMssOS::Found a swdesign opened with the mssfile.
TRACE::2025-09-30.10:56:30::SCWMssOS::Completed writemss as part of save.
TRACE::2025-09-30.10:56:30::SCWMssOS::Commit changes completed.
TRACE::2025-09-30.10:56:30::SCWReader::Adding prebuilt librarypaths as   
TRACE::2025-09-30.10:56:30::SCWReader::Adding prebuilt incpaths  as   
TRACE::2025-09-30.10:56:30::SCWPlatform::Trying to open the hw design at D:/Projet_Vitis/PS_Alone_NoFPU/hw/PS_Only_ZyboZ7.xsa
TRACE::2025-09-30.10:56:30::SCWPlatform::DSA given D:/Projet_Vitis/PS_Alone_NoFPU/hw/PS_Only_ZyboZ7.xsa
TRACE::2025-09-30.10:56:30::SCWPlatform::DSA absoulate path D:/Projet_Vitis/PS_Alone_NoFPU/hw/PS_Only_ZyboZ7.xsa
TRACE::2025-09-30.10:56:30::SCWPlatform::DSA directory D:/Projet_Vitis/PS_Alone_NoFPU/hw
TRACE::2025-09-30.10:56:30::SCWPlatform:: Platform Path D:/Projet_Vitis/PS_Alone_NoFPU/hw/PS_Only_ZyboZ7.xsa
TRACE::2025-09-30.10:56:30::SCWPlatform:: Unique name xilinx:zybo-z7-20::0.0
TRACE::2025-09-30.10:56:30::SCWPlatform::Trying to set the existing hwdb with name design_1_wrapper_4
TRACE::2025-09-30.10:56:30::SCWPlatform::Opened existing hwdb design_1_wrapper_4
TRACE::2025-09-30.10:56:30::SCWPlatform::Found the Hw Db part of the input DSA
TRACE::2025-09-30.10:56:30::SCWMssOS::Checking the sw design at  D:/Projet_Vitis/PS_Alone_NoFPU/ps7_cortexa9_0/standalone_domain/bsp/system.mss
TRACE::2025-09-30.10:56:30::SCWMssOS::DEBUG:  swdes dump  D:/Projet_Vitis/PS_Alone_NoFPU/ps7_cortexa9_0/standalone_domain/bsp/system.mss|system_2||
D:/Projet_Vitis/PS_Alone_NoFPU/zynq_fsbl/zynq_fsbl_bsp/system.mss|system_1||
D:/Projet_Vitis/PS_Only_ZyboZ7/ps7_cortexa9_0/standalone_ps7_cortexa9_0/bsp/system.mss|system_0||
D:/Projet_Vitis/PS_Only_ZyboZ7/zynq_fsbl/zynq_fsbl_bsp/system.mss|system||

TRACE::2025-09-30.10:56:30::SCWMssOS::Sw design exists and opened at  D:/Projet_Vitis/PS_Alone_NoFPU/ps7_cortexa9_0/standalone_domain/bsp/system.mss
TRACE::2025-09-30.10:56:30::SCWReader::No isolation master present  
TRACE::2025-09-30.11:03:58::SCWPlatform::Clearing the existing platform
TRACE::2025-09-30.11:03:58::SCWSystem::Clearing the existing sysconfig
TRACE::2025-09-30.11:03:58::SCWBDomain::clearing the fsbl build
TRACE::2025-09-30.11:03:58::SCWMssOS::Removing the swdes entry for  D:/Projet_Vitis/PS_Alone_NoFPU/zynq_fsbl/zynq_fsbl_bsp/system.mss
TRACE::2025-09-30.11:03:58::SCWMssOS::Removing the swdes entry for  D:/Projet_Vitis/PS_Alone_NoFPU/ps7_cortexa9_0/standalone_domain/bsp/system.mss
TRACE::2025-09-30.11:03:58::SCWSystem::Clearing the domains completed.
TRACE::2025-09-30.11:03:58::SCWPlatform::Clearing the opened hw db.
TRACE::2025-09-30.11:03:58::SCWPlatform::DSA given D:/Projet_Vitis/PS_Alone_NoFPU/hw/PS_Only_ZyboZ7.xsa
TRACE::2025-09-30.11:03:58::SCWPlatform::DSA absoulate path D:/Projet_Vitis/PS_Alone_NoFPU/hw/PS_Only_ZyboZ7.xsa
TRACE::2025-09-30.11:03:58::SCWPlatform:: Platform location is D:/Projet_Vitis/PS_Alone_NoFPU/hw
TRACE::2025-09-30.11:03:59::SCWPlatform:: Platform Path D:/Projet_Vitis/PS_Alone_NoFPU/hw/PS_Only_ZyboZ7.xsa
TRACE::2025-09-30.11:03:59::SCWPlatform:: Unique name xilinx:zybo-z7-20::0.0
TRACE::2025-09-30.11:03:59::SCWPlatform::Removing the HwDB with name D:/Projet_Vitis/PS_Alone_NoFPU/hw/PS_Only_ZyboZ7.xsa
TRACE::2025-09-30.11:03:59::SCWPlatform::Trying to open the hw design at D:/Projet_Vitis/PS_Alone_NoFPU/hw/PS_Only_ZyboZ7.xsa
TRACE::2025-09-30.11:03:59::SCWPlatform::DSA given D:/Projet_Vitis/PS_Alone_NoFPU/hw/PS_Only_ZyboZ7.xsa
TRACE::2025-09-30.11:03:59::SCWPlatform::DSA absoulate path D:/Projet_Vitis/PS_Alone_NoFPU/hw/PS_Only_ZyboZ7.xsa
TRACE::2025-09-30.11:03:59::SCWPlatform::DSA directory D:/Projet_Vitis/PS_Alone_NoFPU/hw
TRACE::2025-09-30.11:03:59::SCWPlatform:: Platform Path D:/Projet_Vitis/PS_Alone_NoFPU/hw/PS_Only_ZyboZ7.xsa
TRACE::2025-09-30.11:03:59::SCWPlatform:: Unique name xilinx:zybo-z7-20::0.0
TRACE::2025-09-30.11:03:59::SCWPlatform::Do not have an existing db opened. 
TRACE::2025-09-30.11:04:10::SCWPlatform::Opened new HwDB with name design_1_wrapper_8
TRACE::2025-09-30.11:04:11::SCWReader::Active system found as  PS_Alone_NoFPU
TRACE::2025-09-30.11:04:11::SCWReader::Handling sysconfig PS_Alone_NoFPU
TRACE::2025-09-30.11:04:11::SCWDomain::checking for install qemu data   : 
TRACE::2025-09-30.11:04:11::SCWDomain:: Using the QEMU Data from install at  : C:/Xilinx/Vitis/2020.2/data/emulation/platforms/zynq/sw/a9_standalone/qemu/
TRACE::2025-09-30.11:04:11::SCWDomain:: Using the QEMU args  from install at  : C:/Xilinx/Vitis/2020.2/data/emulation/platforms/zynq/sw/a9_standalone/qemu/qemu_args.txt
TRACE::2025-09-30.11:04:11::SCWPlatform::Trying to open the hw design at D:/Projet_Vitis/PS_Alone_NoFPU/hw/PS_Only_ZyboZ7.xsa
TRACE::2025-09-30.11:04:11::SCWPlatform::DSA given D:/Projet_Vitis/PS_Alone_NoFPU/hw/PS_Only_ZyboZ7.xsa
TRACE::2025-09-30.11:04:11::SCWPlatform::DSA absoulate path D:/Projet_Vitis/PS_Alone_NoFPU/hw/PS_Only_ZyboZ7.xsa
TRACE::2025-09-30.11:04:11::SCWPlatform::DSA directory D:/Projet_Vitis/PS_Alone_NoFPU/hw
TRACE::2025-09-30.11:04:11::SCWPlatform:: Platform Path D:/Projet_Vitis/PS_Alone_NoFPU/hw/PS_Only_ZyboZ7.xsa
TRACE::2025-09-30.11:04:11::SCWPlatform:: Unique name xilinx:zybo-z7-20::0.0
TRACE::2025-09-30.11:04:11::SCWPlatform::Trying to set the existing hwdb with name design_1_wrapper_8
TRACE::2025-09-30.11:04:11::SCWPlatform::Opened existing hwdb design_1_wrapper_8
TRACE::2025-09-30.11:04:11::SCWPlatform::Found the Hw Db part of the input DSA
TRACE::2025-09-30.11:04:11::SCWPlatform::Trying to open the hw design at D:/Projet_Vitis/PS_Alone_NoFPU/hw/PS_Only_ZyboZ7.xsa
TRACE::2025-09-30.11:04:11::SCWPlatform::DSA given D:/Projet_Vitis/PS_Alone_NoFPU/hw/PS_Only_ZyboZ7.xsa
TRACE::2025-09-30.11:04:11::SCWPlatform::DSA absoulate path D:/Projet_Vitis/PS_Alone_NoFPU/hw/PS_Only_ZyboZ7.xsa
TRACE::2025-09-30.11:04:11::SCWPlatform::DSA directory D:/Projet_Vitis/PS_Alone_NoFPU/hw
TRACE::2025-09-30.11:04:11::SCWPlatform:: Platform Path D:/Projet_Vitis/PS_Alone_NoFPU/hw/PS_Only_ZyboZ7.xsa
TRACE::2025-09-30.11:04:11::SCWPlatform:: Unique name xilinx:zybo-z7-20::0.0
TRACE::2025-09-30.11:04:11::SCWPlatform::Trying to set the existing hwdb with name design_1_wrapper_8
TRACE::2025-09-30.11:04:11::SCWPlatform::Opened existing hwdb design_1_wrapper_8
TRACE::2025-09-30.11:04:11::SCWPlatform::Found the Hw Db part of the input DSA
TRACE::2025-09-30.11:04:11::SCWPlatform::Trying to open the hw design at D:/Projet_Vitis/PS_Alone_NoFPU/hw/PS_Only_ZyboZ7.xsa
TRACE::2025-09-30.11:04:11::SCWPlatform::DSA given D:/Projet_Vitis/PS_Alone_NoFPU/hw/PS_Only_ZyboZ7.xsa
TRACE::2025-09-30.11:04:11::SCWPlatform::DSA absoulate path D:/Projet_Vitis/PS_Alone_NoFPU/hw/PS_Only_ZyboZ7.xsa
TRACE::2025-09-30.11:04:11::SCWPlatform::DSA directory D:/Projet_Vitis/PS_Alone_NoFPU/hw
TRACE::2025-09-30.11:04:11::SCWPlatform:: Platform Path D:/Projet_Vitis/PS_Alone_NoFPU/hw/PS_Only_ZyboZ7.xsa
TRACE::2025-09-30.11:04:11::SCWPlatform:: Unique name xilinx:zybo-z7-20::0.0
TRACE::2025-09-30.11:04:11::SCWPlatform::Trying to set the existing hwdb with name design_1_wrapper_8
TRACE::2025-09-30.11:04:11::SCWPlatform::Opened existing hwdb design_1_wrapper_8
TRACE::2025-09-30.11:04:11::SCWPlatform::Found the Hw Db part of the input DSA
TRACE::2025-09-30.11:04:11::SCWReader::Boot application domain added for zynq_fsbl
TRACE::2025-09-30.11:04:11::SCWPlatform::Trying to open the hw design at D:/Projet_Vitis/PS_Alone_NoFPU/hw/PS_Only_ZyboZ7.xsa
TRACE::2025-09-30.11:04:11::SCWPlatform::DSA given D:/Projet_Vitis/PS_Alone_NoFPU/hw/PS_Only_ZyboZ7.xsa
TRACE::2025-09-30.11:04:11::SCWPlatform::DSA absoulate path D:/Projet_Vitis/PS_Alone_NoFPU/hw/PS_Only_ZyboZ7.xsa
TRACE::2025-09-30.11:04:11::SCWPlatform::DSA directory D:/Projet_Vitis/PS_Alone_NoFPU/hw
TRACE::2025-09-30.11:04:11::SCWPlatform:: Platform Path D:/Projet_Vitis/PS_Alone_NoFPU/hw/PS_Only_ZyboZ7.xsa
TRACE::2025-09-30.11:04:11::SCWPlatform:: Unique name xilinx:zybo-z7-20::0.0
TRACE::2025-09-30.11:04:12::SCWPlatform::Trying to set the existing hwdb with name design_1_wrapper_8
TRACE::2025-09-30.11:04:12::SCWPlatform::Opened existing hwdb design_1_wrapper_8
TRACE::2025-09-30.11:04:12::SCWPlatform::Found the Hw Db part of the input DSA
TRACE::2025-09-30.11:04:12::SCWMssOS::Checking the sw design at  D:/Projet_Vitis/PS_Alone_NoFPU/zynq_fsbl/zynq_fsbl_bsp/system.mss
TRACE::2025-09-30.11:04:12::SCWMssOS::DEBUG:  swdes dump  D:/Projet_Vitis/PS_Only_ZyboZ7/zynq_fsbl/zynq_fsbl_bsp/system.mss|system||

TRACE::2025-09-30.11:04:12::SCWMssOS::No sw design opened at  D:/Projet_Vitis/PS_Alone_NoFPU/zynq_fsbl/zynq_fsbl_bsp/system.mss
TRACE::2025-09-30.11:04:12::SCWMssOS::mss exists loading the mss file  D:/Projet_Vitis/PS_Alone_NoFPU/zynq_fsbl/zynq_fsbl_bsp/system.mss
TRACE::2025-09-30.11:04:12::SCWMssOS::Opened the sw design from mss  D:/Projet_Vitis/PS_Alone_NoFPU/zynq_fsbl/zynq_fsbl_bsp/system.mss
TRACE::2025-09-30.11:04:12::SCWMssOS::Adding the swdes entry D:/Projet_Vitis/PS_Alone_NoFPU/zynq_fsbl/zynq_fsbl_bsp/system.mss with des name system_0
TRACE::2025-09-30.11:04:12::SCWMssOS::updating the scw layer about changes
TRACE::2025-09-30.11:04:12::SCWMssOS::Opened the sw design.  D:/Projet_Vitis/PS_Alone_NoFPU/zynq_fsbl/zynq_fsbl_bsp/system.mss
TRACE::2025-09-30.11:04:12::SCWPlatform::Trying to open the hw design at D:/Projet_Vitis/PS_Alone_NoFPU/hw/PS_Only_ZyboZ7.xsa
TRACE::2025-09-30.11:04:12::SCWPlatform::DSA given D:/Projet_Vitis/PS_Alone_NoFPU/hw/PS_Only_ZyboZ7.xsa
TRACE::2025-09-30.11:04:12::SCWPlatform::DSA absoulate path D:/Projet_Vitis/PS_Alone_NoFPU/hw/PS_Only_ZyboZ7.xsa
TRACE::2025-09-30.11:04:12::SCWPlatform::DSA directory D:/Projet_Vitis/PS_Alone_NoFPU/hw
TRACE::2025-09-30.11:04:12::SCWPlatform:: Platform Path D:/Projet_Vitis/PS_Alone_NoFPU/hw/PS_Only_ZyboZ7.xsa
TRACE::2025-09-30.11:04:12::SCWPlatform:: Unique name xilinx:zybo-z7-20::0.0
TRACE::2025-09-30.11:04:12::SCWPlatform::Trying to set the existing hwdb with name design_1_wrapper_8
TRACE::2025-09-30.11:04:12::SCWPlatform::Opened existing hwdb design_1_wrapper_8
TRACE::2025-09-30.11:04:12::SCWPlatform::Found the Hw Db part of the input DSA
TRACE::2025-09-30.11:04:12::SCWMssOS::Checking the sw design at  D:/Projet_Vitis/PS_Alone_NoFPU/zynq_fsbl/zynq_fsbl_bsp/system.mss
TRACE::2025-09-30.11:04:12::SCWMssOS::DEBUG:  swdes dump  D:/Projet_Vitis/PS_Alone_NoFPU/zynq_fsbl/zynq_fsbl_bsp/system.mss|system_0||
D:/Projet_Vitis/PS_Only_ZyboZ7/zynq_fsbl/zynq_fsbl_bsp/system.mss|system||

TRACE::2025-09-30.11:04:12::SCWMssOS::Sw design exists and opened at  D:/Projet_Vitis/PS_Alone_NoFPU/zynq_fsbl/zynq_fsbl_bsp/system.mss
TRACE::2025-09-30.11:04:12::SCWMssOS:: library already available in sw design:  xilffs:4.4
TRACE::2025-09-30.11:04:12::SCWPlatform::Trying to open the hw design at D:/Projet_Vitis/PS_Alone_NoFPU/hw/PS_Only_ZyboZ7.xsa
TRACE::2025-09-30.11:04:12::SCWPlatform::DSA given D:/Projet_Vitis/PS_Alone_NoFPU/hw/PS_Only_ZyboZ7.xsa
TRACE::2025-09-30.11:04:12::SCWPlatform::DSA absoulate path D:/Projet_Vitis/PS_Alone_NoFPU/hw/PS_Only_ZyboZ7.xsa
TRACE::2025-09-30.11:04:12::SCWPlatform::DSA directory D:/Projet_Vitis/PS_Alone_NoFPU/hw
TRACE::2025-09-30.11:04:12::SCWPlatform:: Platform Path D:/Projet_Vitis/PS_Alone_NoFPU/hw/PS_Only_ZyboZ7.xsa
TRACE::2025-09-30.11:04:12::SCWPlatform:: Unique name xilinx:zybo-z7-20::0.0
TRACE::2025-09-30.11:04:12::SCWPlatform::Trying to set the existing hwdb with name design_1_wrapper_8
TRACE::2025-09-30.11:04:12::SCWPlatform::Opened existing hwdb design_1_wrapper_8
TRACE::2025-09-30.11:04:12::SCWPlatform::Found the Hw Db part of the input DSA
TRACE::2025-09-30.11:04:12::SCWMssOS::Checking the sw design at  D:/Projet_Vitis/PS_Alone_NoFPU/zynq_fsbl/zynq_fsbl_bsp/system.mss
TRACE::2025-09-30.11:04:12::SCWMssOS::DEBUG:  swdes dump  D:/Projet_Vitis/PS_Alone_NoFPU/zynq_fsbl/zynq_fsbl_bsp/system.mss|system_0||
D:/Projet_Vitis/PS_Only_ZyboZ7/zynq_fsbl/zynq_fsbl_bsp/system.mss|system||

TRACE::2025-09-30.11:04:12::SCWMssOS::Sw design exists and opened at  D:/Projet_Vitis/PS_Alone_NoFPU/zynq_fsbl/zynq_fsbl_bsp/system.mss
TRACE::2025-09-30.11:04:12::SCWMssOS:: library already available in sw design:  xilrsa:1.6
TRACE::2025-09-30.11:04:12::SCWMssOS::Saving the mss changes D:/Projet_Vitis/PS_Alone_NoFPU/zynq_fsbl/zynq_fsbl_bsp/system.mss
TRACE::2025-09-30.11:04:12::SCWMssOS::Found a swdesign opened with the mssfile.
TRACE::2025-09-30.11:04:12::SCWMssOS::Completed writemss as part of save.
TRACE::2025-09-30.11:04:12::SCWMssOS::Commit changes completed.
TRACE::2025-09-30.11:04:12::SCWReader::Adding prebuilt librarypaths as   
TRACE::2025-09-30.11:04:12::SCWReader::Adding prebuilt incpaths  as   
TRACE::2025-09-30.11:04:12::SCWPlatform::Trying to open the hw design at D:/Projet_Vitis/PS_Alone_NoFPU/hw/PS_Only_ZyboZ7.xsa
TRACE::2025-09-30.11:04:12::SCWPlatform::DSA given D:/Projet_Vitis/PS_Alone_NoFPU/hw/PS_Only_ZyboZ7.xsa
TRACE::2025-09-30.11:04:12::SCWPlatform::DSA absoulate path D:/Projet_Vitis/PS_Alone_NoFPU/hw/PS_Only_ZyboZ7.xsa
TRACE::2025-09-30.11:04:12::SCWPlatform::DSA directory D:/Projet_Vitis/PS_Alone_NoFPU/hw
TRACE::2025-09-30.11:04:12::SCWPlatform:: Platform Path D:/Projet_Vitis/PS_Alone_NoFPU/hw/PS_Only_ZyboZ7.xsa
TRACE::2025-09-30.11:04:12::SCWPlatform:: Unique name xilinx:zybo-z7-20::0.0
TRACE::2025-09-30.11:04:12::SCWPlatform::Trying to set the existing hwdb with name design_1_wrapper_8
TRACE::2025-09-30.11:04:12::SCWPlatform::Opened existing hwdb design_1_wrapper_8
TRACE::2025-09-30.11:04:12::SCWPlatform::Found the Hw Db part of the input DSA
TRACE::2025-09-30.11:04:12::SCWMssOS::Checking the sw design at  D:/Projet_Vitis/PS_Alone_NoFPU/zynq_fsbl/zynq_fsbl_bsp/system.mss
TRACE::2025-09-30.11:04:12::SCWMssOS::DEBUG:  swdes dump  D:/Projet_Vitis/PS_Alone_NoFPU/zynq_fsbl/zynq_fsbl_bsp/system.mss|system_0||
D:/Projet_Vitis/PS_Only_ZyboZ7/zynq_fsbl/zynq_fsbl_bsp/system.mss|system||

TRACE::2025-09-30.11:04:12::SCWMssOS::Sw design exists and opened at  D:/Projet_Vitis/PS_Alone_NoFPU/zynq_fsbl/zynq_fsbl_bsp/system.mss
TRACE::2025-09-30.11:04:12::SCWReader::No isolation master present  
TRACE::2025-09-30.11:04:12::SCWDomain::checking for install qemu data   : 
TRACE::2025-09-30.11:04:12::SCWDomain:: Using the QEMU Data from install at  : C:/Xilinx/Vitis/2020.2/data/emulation/platforms/zynq/sw/a9_standalone/qemu/
TRACE::2025-09-30.11:04:13::SCWDomain:: Using the QEMU args  from install at  : C:/Xilinx/Vitis/2020.2/data/emulation/platforms/zynq/sw/a9_standalone/qemu/qemu_args.txt
TRACE::2025-09-30.11:04:13::SCWPlatform::Trying to open the hw design at D:/Projet_Vitis/PS_Alone_NoFPU/hw/PS_Only_ZyboZ7.xsa
TRACE::2025-09-30.11:04:13::SCWPlatform::DSA given D:/Projet_Vitis/PS_Alone_NoFPU/hw/PS_Only_ZyboZ7.xsa
TRACE::2025-09-30.11:04:13::SCWPlatform::DSA absoulate path D:/Projet_Vitis/PS_Alone_NoFPU/hw/PS_Only_ZyboZ7.xsa
TRACE::2025-09-30.11:04:13::SCWPlatform::DSA directory D:/Projet_Vitis/PS_Alone_NoFPU/hw
TRACE::2025-09-30.11:04:13::SCWPlatform:: Platform Path D:/Projet_Vitis/PS_Alone_NoFPU/hw/PS_Only_ZyboZ7.xsa
TRACE::2025-09-30.11:04:13::SCWPlatform:: Unique name xilinx:zybo-z7-20::0.0
TRACE::2025-09-30.11:04:13::SCWPlatform::Trying to set the existing hwdb with name design_1_wrapper_8
TRACE::2025-09-30.11:04:13::SCWPlatform::Opened existing hwdb design_1_wrapper_8
TRACE::2025-09-30.11:04:13::SCWPlatform::Found the Hw Db part of the input DSA
TRACE::2025-09-30.11:04:13::SCWPlatform::Trying to open the hw design at D:/Projet_Vitis/PS_Alone_NoFPU/hw/PS_Only_ZyboZ7.xsa
TRACE::2025-09-30.11:04:13::SCWPlatform::DSA given D:/Projet_Vitis/PS_Alone_NoFPU/hw/PS_Only_ZyboZ7.xsa
TRACE::2025-09-30.11:04:13::SCWPlatform::DSA absoulate path D:/Projet_Vitis/PS_Alone_NoFPU/hw/PS_Only_ZyboZ7.xsa
TRACE::2025-09-30.11:04:13::SCWPlatform::DSA directory D:/Projet_Vitis/PS_Alone_NoFPU/hw
TRACE::2025-09-30.11:04:13::SCWPlatform:: Platform Path D:/Projet_Vitis/PS_Alone_NoFPU/hw/PS_Only_ZyboZ7.xsa
TRACE::2025-09-30.11:04:13::SCWPlatform:: Unique name xilinx:zybo-z7-20::0.0
TRACE::2025-09-30.11:04:13::SCWPlatform::Trying to set the existing hwdb with name design_1_wrapper_8
TRACE::2025-09-30.11:04:13::SCWPlatform::Opened existing hwdb design_1_wrapper_8
TRACE::2025-09-30.11:04:13::SCWPlatform::Found the Hw Db part of the input DSA
TRACE::2025-09-30.11:04:13::SCWPlatform::Trying to open the hw design at D:/Projet_Vitis/PS_Alone_NoFPU/hw/PS_Only_ZyboZ7.xsa
TRACE::2025-09-30.11:04:13::SCWPlatform::DSA given D:/Projet_Vitis/PS_Alone_NoFPU/hw/PS_Only_ZyboZ7.xsa
TRACE::2025-09-30.11:04:13::SCWPlatform::DSA absoulate path D:/Projet_Vitis/PS_Alone_NoFPU/hw/PS_Only_ZyboZ7.xsa
TRACE::2025-09-30.11:04:13::SCWPlatform::DSA directory D:/Projet_Vitis/PS_Alone_NoFPU/hw
TRACE::2025-09-30.11:04:13::SCWPlatform:: Platform Path D:/Projet_Vitis/PS_Alone_NoFPU/hw/PS_Only_ZyboZ7.xsa
TRACE::2025-09-30.11:04:13::SCWPlatform:: Unique name xilinx:zybo-z7-20::0.0
TRACE::2025-09-30.11:04:13::SCWPlatform::Trying to set the existing hwdb with name design_1_wrapper_8
TRACE::2025-09-30.11:04:13::SCWPlatform::Opened existing hwdb design_1_wrapper_8
TRACE::2025-09-30.11:04:13::SCWPlatform::Found the Hw Db part of the input DSA
TRACE::2025-09-30.11:04:13::SCWMssOS::Checking the sw design at  D:/Projet_Vitis/PS_Alone_NoFPU/ps7_cortexa9_0/standalone_domain/bsp/system.mss
TRACE::2025-09-30.11:04:13::SCWMssOS::DEBUG:  swdes dump  D:/Projet_Vitis/PS_Alone_NoFPU/zynq_fsbl/zynq_fsbl_bsp/system.mss|system_0||
D:/Projet_Vitis/PS_Only_ZyboZ7/zynq_fsbl/zynq_fsbl_bsp/system.mss|system||

TRACE::2025-09-30.11:04:13::SCWMssOS::No sw design opened at  D:/Projet_Vitis/PS_Alone_NoFPU/ps7_cortexa9_0/standalone_domain/bsp/system.mss
TRACE::2025-09-30.11:04:13::SCWMssOS::mss exists loading the mss file  D:/Projet_Vitis/PS_Alone_NoFPU/ps7_cortexa9_0/standalone_domain/bsp/system.mss
TRACE::2025-09-30.11:04:13::SCWMssOS::Opened the sw design from mss  D:/Projet_Vitis/PS_Alone_NoFPU/ps7_cortexa9_0/standalone_domain/bsp/system.mss
TRACE::2025-09-30.11:04:13::SCWMssOS::Adding the swdes entry D:/Projet_Vitis/PS_Alone_NoFPU/ps7_cortexa9_0/standalone_domain/bsp/system.mss with des name system_1
TRACE::2025-09-30.11:04:13::SCWMssOS::updating the scw layer about changes
TRACE::2025-09-30.11:04:13::SCWMssOS::Opened the sw design.  D:/Projet_Vitis/PS_Alone_NoFPU/ps7_cortexa9_0/standalone_domain/bsp/system.mss
TRACE::2025-09-30.11:04:13::SCWMssOS::Saving the mss changes D:/Projet_Vitis/PS_Alone_NoFPU/ps7_cortexa9_0/standalone_domain/bsp/system.mss
TRACE::2025-09-30.11:04:13::SCWMssOS::Found a swdesign opened with the mssfile.
TRACE::2025-09-30.11:04:13::SCWMssOS::Completed writemss as part of save.
TRACE::2025-09-30.11:04:13::SCWMssOS::Commit changes completed.
TRACE::2025-09-30.11:04:13::SCWReader::Adding prebuilt librarypaths as   
TRACE::2025-09-30.11:04:13::SCWReader::Adding prebuilt incpaths  as   
TRACE::2025-09-30.11:04:13::SCWPlatform::Trying to open the hw design at D:/Projet_Vitis/PS_Alone_NoFPU/hw/PS_Only_ZyboZ7.xsa
TRACE::2025-09-30.11:04:13::SCWPlatform::DSA given D:/Projet_Vitis/PS_Alone_NoFPU/hw/PS_Only_ZyboZ7.xsa
TRACE::2025-09-30.11:04:13::SCWPlatform::DSA absoulate path D:/Projet_Vitis/PS_Alone_NoFPU/hw/PS_Only_ZyboZ7.xsa
TRACE::2025-09-30.11:04:13::SCWPlatform::DSA directory D:/Projet_Vitis/PS_Alone_NoFPU/hw
TRACE::2025-09-30.11:04:13::SCWPlatform:: Platform Path D:/Projet_Vitis/PS_Alone_NoFPU/hw/PS_Only_ZyboZ7.xsa
TRACE::2025-09-30.11:04:13::SCWPlatform:: Unique name xilinx:zybo-z7-20::0.0
TRACE::2025-09-30.11:04:13::SCWPlatform::Trying to set the existing hwdb with name design_1_wrapper_8
TRACE::2025-09-30.11:04:13::SCWPlatform::Opened existing hwdb design_1_wrapper_8
TRACE::2025-09-30.11:04:13::SCWPlatform::Found the Hw Db part of the input DSA
TRACE::2025-09-30.11:04:13::SCWMssOS::Checking the sw design at  D:/Projet_Vitis/PS_Alone_NoFPU/ps7_cortexa9_0/standalone_domain/bsp/system.mss
TRACE::2025-09-30.11:04:13::SCWMssOS::DEBUG:  swdes dump  D:/Projet_Vitis/PS_Alone_NoFPU/ps7_cortexa9_0/standalone_domain/bsp/system.mss|system_1||
D:/Projet_Vitis/PS_Alone_NoFPU/zynq_fsbl/zynq_fsbl_bsp/system.mss|system_0||
D:/Projet_Vitis/PS_Only_ZyboZ7/zynq_fsbl/zynq_fsbl_bsp/system.mss|system||

TRACE::2025-09-30.11:04:13::SCWMssOS::Sw design exists and opened at  D:/Projet_Vitis/PS_Alone_NoFPU/ps7_cortexa9_0/standalone_domain/bsp/system.mss
TRACE::2025-09-30.11:04:13::SCWReader::No isolation master present  
TRACE::2025-09-30.11:04:14::SCWPlatform::Trying to open the hw design at D:/Projet_Vitis/PS_Alone_NoFPU/hw/PS_Only_ZyboZ7.xsa
TRACE::2025-09-30.11:04:14::SCWPlatform::DSA given D:/Projet_Vitis/PS_Alone_NoFPU/hw/PS_Only_ZyboZ7.xsa
TRACE::2025-09-30.11:04:14::SCWPlatform::DSA absoulate path D:/Projet_Vitis/PS_Alone_NoFPU/hw/PS_Only_ZyboZ7.xsa
TRACE::2025-09-30.11:04:14::SCWPlatform::DSA directory D:/Projet_Vitis/PS_Alone_NoFPU/hw
TRACE::2025-09-30.11:04:14::SCWPlatform:: Platform Path D:/Projet_Vitis/PS_Alone_NoFPU/hw/PS_Only_ZyboZ7.xsa
TRACE::2025-09-30.11:04:14::SCWPlatform:: Unique name xilinx:zybo-z7-20::0.0
TRACE::2025-09-30.11:04:14::SCWPlatform::Trying to set the existing hwdb with name design_1_wrapper_8
TRACE::2025-09-30.11:04:14::SCWPlatform::Opened existing hwdb design_1_wrapper_8
TRACE::2025-09-30.11:04:14::SCWPlatform::Found the Hw Db part of the input DSA
TRACE::2025-09-30.11:04:14::SCWMssOS::Checking the sw design at  D:/Projet_Vitis/PS_Alone_NoFPU/ps7_cortexa9_0/standalone_domain/bsp/system.mss
TRACE::2025-09-30.11:04:14::SCWMssOS::DEBUG:  swdes dump  D:/Projet_Vitis/PS_Alone_NoFPU/ps7_cortexa9_0/standalone_domain/bsp/system.mss|system_1||
D:/Projet_Vitis/PS_Alone_NoFPU/zynq_fsbl/zynq_fsbl_bsp/system.mss|system_0||
D:/Projet_Vitis/PS_Only_ZyboZ7/zynq_fsbl/zynq_fsbl_bsp/system.mss|system||

TRACE::2025-09-30.11:04:14::SCWMssOS::Sw design exists and opened at  D:/Projet_Vitis/PS_Alone_NoFPU/ps7_cortexa9_0/standalone_domain/bsp/system.mss
TRACE::2025-09-30.11:04:16::SCWMssOS::In reload Mss file.
TRACE::2025-09-30.11:04:16::SCWPlatform::Trying to open the hw design at D:/Projet_Vitis/PS_Alone_NoFPU/hw/PS_Only_ZyboZ7.xsa
TRACE::2025-09-30.11:04:16::SCWPlatform::DSA given D:/Projet_Vitis/PS_Alone_NoFPU/hw/PS_Only_ZyboZ7.xsa
TRACE::2025-09-30.11:04:16::SCWPlatform::DSA absoulate path D:/Projet_Vitis/PS_Alone_NoFPU/hw/PS_Only_ZyboZ7.xsa
TRACE::2025-09-30.11:04:16::SCWPlatform::DSA directory D:/Projet_Vitis/PS_Alone_NoFPU/hw
TRACE::2025-09-30.11:04:16::SCWPlatform:: Platform Path D:/Projet_Vitis/PS_Alone_NoFPU/hw/PS_Only_ZyboZ7.xsa
TRACE::2025-09-30.11:04:16::SCWPlatform:: Unique name xilinx:zybo-z7-20::0.0
TRACE::2025-09-30.11:04:16::SCWPlatform::Trying to set the existing hwdb with name design_1_wrapper_8
TRACE::2025-09-30.11:04:16::SCWPlatform::Opened existing hwdb design_1_wrapper_8
TRACE::2025-09-30.11:04:16::SCWPlatform::Found the Hw Db part of the input DSA
TRACE::2025-09-30.11:04:16::SCWMssOS::Checking the sw design at  D:/Projet_Vitis/PS_Alone_NoFPU/ps7_cortexa9_0/standalone_domain/bsp/system.mss
TRACE::2025-09-30.11:04:16::SCWMssOS::DEBUG:  swdes dump  D:/Projet_Vitis/PS_Alone_NoFPU/ps7_cortexa9_0/standalone_domain/bsp/system.mss|system_1||
D:/Projet_Vitis/PS_Alone_NoFPU/zynq_fsbl/zynq_fsbl_bsp/system.mss|system_0||
D:/Projet_Vitis/PS_Only_ZyboZ7/zynq_fsbl/zynq_fsbl_bsp/system.mss|system||

KEYINFO::2025-09-30.11:04:16::SCWMssOS::Could not open the swdb for system_1
KEYINFO::2025-09-30.11:04:16::SCWMssOS::Could not open the sw design at  system_1
ERROR: [Hsi 55-1558] Software Design system_1 is not found

TRACE::2025-09-30.11:04:16::SCWMssOS::Cleared the swdb table entry
TRACE::2025-09-30.11:04:16::SCWMssOS::No sw design opened at  D:/Projet_Vitis/PS_Alone_NoFPU/ps7_cortexa9_0/standalone_domain/bsp/system.mss
TRACE::2025-09-30.11:04:16::SCWMssOS::mss exists loading the mss file  D:/Projet_Vitis/PS_Alone_NoFPU/ps7_cortexa9_0/standalone_domain/bsp/system.mss
TRACE::2025-09-30.11:04:16::SCWMssOS::Opened the sw design from mss  D:/Projet_Vitis/PS_Alone_NoFPU/ps7_cortexa9_0/standalone_domain/bsp/system.mss
TRACE::2025-09-30.11:04:16::SCWMssOS::Adding the swdes entry D:/Projet_Vitis/PS_Alone_NoFPU/ps7_cortexa9_0/standalone_domain/bsp/system.mss with des name system_1
TRACE::2025-09-30.11:04:16::SCWMssOS::updating the scw layer about changes
TRACE::2025-09-30.11:04:16::SCWMssOS::Opened the sw design.  D:/Projet_Vitis/PS_Alone_NoFPU/ps7_cortexa9_0/standalone_domain/bsp/system.mss
TRACE::2025-09-30.11:04:16::SCWMssOS::Saving the mss changes D:/Projet_Vitis/PS_Alone_NoFPU/ps7_cortexa9_0/standalone_domain/bsp/system.mss
TRACE::2025-09-30.11:04:16::SCWMssOS::Found a swdesign opened with the mssfile.
TRACE::2025-09-30.11:04:16::SCWMssOS::Completed writemss as part of save.
TRACE::2025-09-30.11:04:16::SCWMssOS::Commit changes completed.
TRACE::2025-09-30.11:04:16::SCWPlatform::Trying to open the hw design at D:/Projet_Vitis/PS_Alone_NoFPU/hw/PS_Only_ZyboZ7.xsa
TRACE::2025-09-30.11:04:16::SCWPlatform::DSA given D:/Projet_Vitis/PS_Alone_NoFPU/hw/PS_Only_ZyboZ7.xsa
TRACE::2025-09-30.11:04:16::SCWPlatform::DSA absoulate path D:/Projet_Vitis/PS_Alone_NoFPU/hw/PS_Only_ZyboZ7.xsa
TRACE::2025-09-30.11:04:16::SCWPlatform::DSA directory D:/Projet_Vitis/PS_Alone_NoFPU/hw
TRACE::2025-09-30.11:04:16::SCWPlatform:: Platform Path D:/Projet_Vitis/PS_Alone_NoFPU/hw/PS_Only_ZyboZ7.xsa
TRACE::2025-09-30.11:04:16::SCWPlatform:: Unique name xilinx:zybo-z7-20::0.0
TRACE::2025-09-30.11:04:16::SCWPlatform::Trying to set the existing hwdb with name design_1_wrapper_8
TRACE::2025-09-30.11:04:16::SCWPlatform::Opened existing hwdb design_1_wrapper_8
TRACE::2025-09-30.11:04:16::SCWPlatform::Found the Hw Db part of the input DSA
TRACE::2025-09-30.11:04:16::SCWMssOS::Checking the sw design at  D:/Projet_Vitis/PS_Alone_NoFPU/ps7_cortexa9_0/standalone_domain/bsp/system.mss
TRACE::2025-09-30.11:04:16::SCWMssOS::DEBUG:  swdes dump  D:/Projet_Vitis/PS_Alone_NoFPU/ps7_cortexa9_0/standalone_domain/bsp/system.mss|system_1||
D:/Projet_Vitis/PS_Alone_NoFPU/zynq_fsbl/zynq_fsbl_bsp/system.mss|system_0||
D:/Projet_Vitis/PS_Only_ZyboZ7/zynq_fsbl/zynq_fsbl_bsp/system.mss|system||

TRACE::2025-09-30.11:04:16::SCWMssOS::Sw design exists and opened at  D:/Projet_Vitis/PS_Alone_NoFPU/ps7_cortexa9_0/standalone_domain/bsp/system.mss
TRACE::2025-09-30.11:04:16::SCWMssOS::Removing the swdes entry for  D:/Projet_Vitis/PS_Alone_NoFPU/ps7_cortexa9_0/standalone_domain/bsp/system.mss
TRACE::2025-09-30.11:04:20::SCWPlatform::Trying to open the hw design at D:/Projet_Vitis/PS_Alone_NoFPU/hw/PS_Only_ZyboZ7.xsa
TRACE::2025-09-30.11:04:20::SCWPlatform::DSA given D:/Projet_Vitis/PS_Alone_NoFPU/hw/PS_Only_ZyboZ7.xsa
TRACE::2025-09-30.11:04:20::SCWPlatform::DSA absoulate path D:/Projet_Vitis/PS_Alone_NoFPU/hw/PS_Only_ZyboZ7.xsa
TRACE::2025-09-30.11:04:20::SCWPlatform::DSA directory D:/Projet_Vitis/PS_Alone_NoFPU/hw
TRACE::2025-09-30.11:04:20::SCWPlatform:: Platform Path D:/Projet_Vitis/PS_Alone_NoFPU/hw/PS_Only_ZyboZ7.xsa
TRACE::2025-09-30.11:04:20::SCWPlatform:: Unique name xilinx:zybo-z7-20::0.0
TRACE::2025-09-30.11:04:20::SCWPlatform::Trying to set the existing hwdb with name design_1_wrapper_8
TRACE::2025-09-30.11:04:20::SCWPlatform::Opened existing hwdb design_1_wrapper_8
TRACE::2025-09-30.11:04:20::SCWPlatform::Found the Hw Db part of the input DSA
TRACE::2025-09-30.11:04:20::SCWMssOS::Checking the sw design at  D:/Projet_Vitis/PS_Alone_NoFPU/zynq_fsbl/zynq_fsbl_bsp/system.mss
TRACE::2025-09-30.11:04:20::SCWMssOS::DEBUG:  swdes dump  D:/Projet_Vitis/PS_Alone_NoFPU/zynq_fsbl/zynq_fsbl_bsp/system.mss|system_0||
D:/Projet_Vitis/PS_Only_ZyboZ7/zynq_fsbl/zynq_fsbl_bsp/system.mss|system||

TRACE::2025-09-30.11:04:20::SCWMssOS::Sw design exists and opened at  D:/Projet_Vitis/PS_Alone_NoFPU/zynq_fsbl/zynq_fsbl_bsp/system.mss
TRACE::2025-09-30.11:04:22::SCWMssOS::In reload Mss file.
TRACE::2025-09-30.11:04:22::SCWPlatform::Trying to open the hw design at D:/Projet_Vitis/PS_Alone_NoFPU/hw/PS_Only_ZyboZ7.xsa
TRACE::2025-09-30.11:04:22::SCWPlatform::DSA given D:/Projet_Vitis/PS_Alone_NoFPU/hw/PS_Only_ZyboZ7.xsa
TRACE::2025-09-30.11:04:22::SCWPlatform::DSA absoulate path D:/Projet_Vitis/PS_Alone_NoFPU/hw/PS_Only_ZyboZ7.xsa
TRACE::2025-09-30.11:04:22::SCWPlatform::DSA directory D:/Projet_Vitis/PS_Alone_NoFPU/hw
TRACE::2025-09-30.11:04:22::SCWPlatform:: Platform Path D:/Projet_Vitis/PS_Alone_NoFPU/hw/PS_Only_ZyboZ7.xsa
TRACE::2025-09-30.11:04:22::SCWPlatform:: Unique name xilinx:zybo-z7-20::0.0
TRACE::2025-09-30.11:04:22::SCWPlatform::Trying to set the existing hwdb with name design_1_wrapper_8
TRACE::2025-09-30.11:04:22::SCWPlatform::Opened existing hwdb design_1_wrapper_8
TRACE::2025-09-30.11:04:22::SCWPlatform::Found the Hw Db part of the input DSA
TRACE::2025-09-30.11:04:22::SCWMssOS::Checking the sw design at  D:/Projet_Vitis/PS_Alone_NoFPU/zynq_fsbl/zynq_fsbl_bsp/system.mss
TRACE::2025-09-30.11:04:22::SCWMssOS::DEBUG:  swdes dump  D:/Projet_Vitis/PS_Alone_NoFPU/zynq_fsbl/zynq_fsbl_bsp/system.mss|system_0||
D:/Projet_Vitis/PS_Only_ZyboZ7/zynq_fsbl/zynq_fsbl_bsp/system.mss|system||

KEYINFO::2025-09-30.11:04:22::SCWMssOS::Could not open the swdb for system_0
KEYINFO::2025-09-30.11:04:22::SCWMssOS::Could not open the sw design at  system_0
ERROR: [Hsi 55-1558] Software Design system_0 is not found

TRACE::2025-09-30.11:04:22::SCWMssOS::Cleared the swdb table entry
TRACE::2025-09-30.11:04:22::SCWMssOS::No sw design opened at  D:/Projet_Vitis/PS_Alone_NoFPU/zynq_fsbl/zynq_fsbl_bsp/system.mss
TRACE::2025-09-30.11:04:22::SCWMssOS::mss exists loading the mss file  D:/Projet_Vitis/PS_Alone_NoFPU/zynq_fsbl/zynq_fsbl_bsp/system.mss
TRACE::2025-09-30.11:04:22::SCWMssOS::Opened the sw design from mss  D:/Projet_Vitis/PS_Alone_NoFPU/zynq_fsbl/zynq_fsbl_bsp/system.mss
TRACE::2025-09-30.11:04:22::SCWMssOS::Adding the swdes entry D:/Projet_Vitis/PS_Alone_NoFPU/zynq_fsbl/zynq_fsbl_bsp/system.mss with des name system_0
TRACE::2025-09-30.11:04:22::SCWMssOS::updating the scw layer about changes
TRACE::2025-09-30.11:04:22::SCWMssOS::Opened the sw design.  D:/Projet_Vitis/PS_Alone_NoFPU/zynq_fsbl/zynq_fsbl_bsp/system.mss
TRACE::2025-09-30.11:04:22::SCWPlatform::Trying to open the hw design at D:/Projet_Vitis/PS_Alone_NoFPU/hw/PS_Only_ZyboZ7.xsa
TRACE::2025-09-30.11:04:22::SCWPlatform::DSA given D:/Projet_Vitis/PS_Alone_NoFPU/hw/PS_Only_ZyboZ7.xsa
TRACE::2025-09-30.11:04:22::SCWPlatform::DSA absoulate path D:/Projet_Vitis/PS_Alone_NoFPU/hw/PS_Only_ZyboZ7.xsa
TRACE::2025-09-30.11:04:22::SCWPlatform::DSA directory D:/Projet_Vitis/PS_Alone_NoFPU/hw
TRACE::2025-09-30.11:04:22::SCWPlatform:: Platform Path D:/Projet_Vitis/PS_Alone_NoFPU/hw/PS_Only_ZyboZ7.xsa
TRACE::2025-09-30.11:04:22::SCWPlatform:: Unique name xilinx:zybo-z7-20::0.0
TRACE::2025-09-30.11:04:22::SCWPlatform::Trying to set the existing hwdb with name design_1_wrapper_8
TRACE::2025-09-30.11:04:22::SCWPlatform::Opened existing hwdb design_1_wrapper_8
TRACE::2025-09-30.11:04:22::SCWPlatform::Found the Hw Db part of the input DSA
TRACE::2025-09-30.11:04:22::SCWMssOS::Checking the sw design at  D:/Projet_Vitis/PS_Alone_NoFPU/zynq_fsbl/zynq_fsbl_bsp/system.mss
TRACE::2025-09-30.11:04:22::SCWMssOS::DEBUG:  swdes dump  D:/Projet_Vitis/PS_Alone_NoFPU/zynq_fsbl/zynq_fsbl_bsp/system.mss|system_0||
D:/Projet_Vitis/PS_Only_ZyboZ7/zynq_fsbl/zynq_fsbl_bsp/system.mss|system||

TRACE::2025-09-30.11:04:22::SCWMssOS::Sw design exists and opened at  D:/Projet_Vitis/PS_Alone_NoFPU/zynq_fsbl/zynq_fsbl_bsp/system.mss
TRACE::2025-09-30.11:04:22::SCWMssOS:: library already available in sw design:  xilffs:4.4
TRACE::2025-09-30.11:04:22::SCWPlatform::Trying to open the hw design at D:/Projet_Vitis/PS_Alone_NoFPU/hw/PS_Only_ZyboZ7.xsa
TRACE::2025-09-30.11:04:22::SCWPlatform::DSA given D:/Projet_Vitis/PS_Alone_NoFPU/hw/PS_Only_ZyboZ7.xsa
TRACE::2025-09-30.11:04:22::SCWPlatform::DSA absoulate path D:/Projet_Vitis/PS_Alone_NoFPU/hw/PS_Only_ZyboZ7.xsa
TRACE::2025-09-30.11:04:22::SCWPlatform::DSA directory D:/Projet_Vitis/PS_Alone_NoFPU/hw
TRACE::2025-09-30.11:04:22::SCWPlatform:: Platform Path D:/Projet_Vitis/PS_Alone_NoFPU/hw/PS_Only_ZyboZ7.xsa
TRACE::2025-09-30.11:04:22::SCWPlatform:: Unique name xilinx:zybo-z7-20::0.0
TRACE::2025-09-30.11:04:22::SCWPlatform::Trying to set the existing hwdb with name design_1_wrapper_8
TRACE::2025-09-30.11:04:22::SCWPlatform::Opened existing hwdb design_1_wrapper_8
TRACE::2025-09-30.11:04:22::SCWPlatform::Found the Hw Db part of the input DSA
TRACE::2025-09-30.11:04:22::SCWMssOS::Checking the sw design at  D:/Projet_Vitis/PS_Alone_NoFPU/zynq_fsbl/zynq_fsbl_bsp/system.mss
TRACE::2025-09-30.11:04:22::SCWMssOS::DEBUG:  swdes dump  D:/Projet_Vitis/PS_Alone_NoFPU/zynq_fsbl/zynq_fsbl_bsp/system.mss|system_0||
D:/Projet_Vitis/PS_Only_ZyboZ7/zynq_fsbl/zynq_fsbl_bsp/system.mss|system||

TRACE::2025-09-30.11:04:22::SCWMssOS::Sw design exists and opened at  D:/Projet_Vitis/PS_Alone_NoFPU/zynq_fsbl/zynq_fsbl_bsp/system.mss
TRACE::2025-09-30.11:04:22::SCWMssOS:: library already available in sw design:  xilrsa:1.6
TRACE::2025-09-30.11:04:22::SCWMssOS::Saving the mss changes D:/Projet_Vitis/PS_Alone_NoFPU/zynq_fsbl/zynq_fsbl_bsp/system.mss
TRACE::2025-09-30.11:04:22::SCWMssOS::Found a swdesign opened with the mssfile.
TRACE::2025-09-30.11:04:24::SCWMssOS::Completed writemss as part of save.
TRACE::2025-09-30.11:04:25::SCWMssOS::Commit changes completed.
TRACE::2025-09-30.11:04:25::SCWPlatform::Trying to open the hw design at D:/Projet_Vitis/PS_Alone_NoFPU/hw/PS_Only_ZyboZ7.xsa
TRACE::2025-09-30.11:04:25::SCWPlatform::DSA given D:/Projet_Vitis/PS_Alone_NoFPU/hw/PS_Only_ZyboZ7.xsa
TRACE::2025-09-30.11:04:25::SCWPlatform::DSA absoulate path D:/Projet_Vitis/PS_Alone_NoFPU/hw/PS_Only_ZyboZ7.xsa
TRACE::2025-09-30.11:04:25::SCWPlatform::DSA directory D:/Projet_Vitis/PS_Alone_NoFPU/hw
TRACE::2025-09-30.11:04:25::SCWPlatform:: Platform Path D:/Projet_Vitis/PS_Alone_NoFPU/hw/PS_Only_ZyboZ7.xsa
TRACE::2025-09-30.11:04:25::SCWPlatform:: Unique name xilinx:zybo-z7-20::0.0
TRACE::2025-09-30.11:04:25::SCWPlatform::Trying to set the existing hwdb with name design_1_wrapper_8
TRACE::2025-09-30.11:04:25::SCWPlatform::Opened existing hwdb design_1_wrapper_8
TRACE::2025-09-30.11:04:25::SCWPlatform::Found the Hw Db part of the input DSA
TRACE::2025-09-30.11:04:25::SCWMssOS::Checking the sw design at  D:/Projet_Vitis/PS_Alone_NoFPU/zynq_fsbl/zynq_fsbl_bsp/system.mss
TRACE::2025-09-30.11:04:25::SCWMssOS::DEBUG:  swdes dump  D:/Projet_Vitis/PS_Alone_NoFPU/zynq_fsbl/zynq_fsbl_bsp/system.mss|system_0||
D:/Projet_Vitis/PS_Only_ZyboZ7/zynq_fsbl/zynq_fsbl_bsp/system.mss|system||

TRACE::2025-09-30.11:04:25::SCWMssOS::Sw design exists and opened at  D:/Projet_Vitis/PS_Alone_NoFPU/zynq_fsbl/zynq_fsbl_bsp/system.mss
TRACE::2025-09-30.11:04:25::SCWMssOS::Removing the swdes entry for  D:/Projet_Vitis/PS_Alone_NoFPU/zynq_fsbl/zynq_fsbl_bsp/system.mss
TRACE::2025-09-30.11:04:29::SCWPlatform::Trying to open the hw design at D:/Projet_Vitis/PS_Alone_NoFPU/hw/PS_Only_ZyboZ7.xsa
TRACE::2025-09-30.11:04:29::SCWPlatform::DSA given D:/Projet_Vitis/PS_Alone_NoFPU/hw/PS_Only_ZyboZ7.xsa
TRACE::2025-09-30.11:04:29::SCWPlatform::DSA absoulate path D:/Projet_Vitis/PS_Alone_NoFPU/hw/PS_Only_ZyboZ7.xsa
TRACE::2025-09-30.11:04:29::SCWPlatform::DSA directory D:/Projet_Vitis/PS_Alone_NoFPU/hw
TRACE::2025-09-30.11:04:29::SCWPlatform:: Platform Path D:/Projet_Vitis/PS_Alone_NoFPU/hw/PS_Only_ZyboZ7.xsa
TRACE::2025-09-30.11:04:29::SCWPlatform:: Unique name xilinx:zybo-z7-20::0.0
TRACE::2025-09-30.11:04:29::SCWPlatform::Trying to set the existing hwdb with name design_1_wrapper_8
TRACE::2025-09-30.11:04:29::SCWPlatform::Opened existing hwdb design_1_wrapper_8
TRACE::2025-09-30.11:04:29::SCWPlatform::Found the Hw Db part of the input DSA
TRACE::2025-09-30.11:04:29::SCWMssOS::Checking the sw design at  D:/Projet_Vitis/PS_Alone_NoFPU/zynq_fsbl/zynq_fsbl_bsp/system.mss
TRACE::2025-09-30.11:04:29::SCWMssOS::DEBUG:  swdes dump  D:/Projet_Vitis/PS_Only_ZyboZ7/zynq_fsbl/zynq_fsbl_bsp/system.mss|system||

TRACE::2025-09-30.11:04:30::SCWMssOS::No sw design opened at  D:/Projet_Vitis/PS_Alone_NoFPU/zynq_fsbl/zynq_fsbl_bsp/system.mss
TRACE::2025-09-30.11:04:30::SCWMssOS::mss exists loading the mss file  D:/Projet_Vitis/PS_Alone_NoFPU/zynq_fsbl/zynq_fsbl_bsp/system.mss
TRACE::2025-09-30.11:04:30::SCWMssOS::Opened the sw design from mss  D:/Projet_Vitis/PS_Alone_NoFPU/zynq_fsbl/zynq_fsbl_bsp/system.mss
TRACE::2025-09-30.11:04:30::SCWMssOS::Adding the swdes entry D:/Projet_Vitis/PS_Alone_NoFPU/zynq_fsbl/zynq_fsbl_bsp/system.mss with des name system_0
TRACE::2025-09-30.11:04:30::SCWMssOS::updating the scw layer about changes
TRACE::2025-09-30.11:04:30::SCWMssOS::Opened the sw design.  D:/Projet_Vitis/PS_Alone_NoFPU/zynq_fsbl/zynq_fsbl_bsp/system.mss
TRACE::2025-09-30.11:05:26::SCWPlatform::Trying to open the hw design at D:/Projet_Vitis/PS_Alone_NoFPU/hw/PS_Only_ZyboZ7.xsa
TRACE::2025-09-30.11:05:26::SCWPlatform::DSA given D:/Projet_Vitis/PS_Alone_NoFPU/hw/PS_Only_ZyboZ7.xsa
TRACE::2025-09-30.11:05:26::SCWPlatform::DSA absoulate path D:/Projet_Vitis/PS_Alone_NoFPU/hw/PS_Only_ZyboZ7.xsa
TRACE::2025-09-30.11:05:26::SCWPlatform::DSA directory D:/Projet_Vitis/PS_Alone_NoFPU/hw
TRACE::2025-09-30.11:05:26::SCWPlatform:: Platform Path D:/Projet_Vitis/PS_Alone_NoFPU/hw/PS_Only_ZyboZ7.xsa
TRACE::2025-09-30.11:05:26::SCWPlatform:: Unique name xilinx:zybo-z7-20::0.0
TRACE::2025-09-30.11:05:26::SCWPlatform::Trying to set the existing hwdb with name design_1_wrapper_8
TRACE::2025-09-30.11:05:26::SCWPlatform::Opened existing hwdb design_1_wrapper_8
TRACE::2025-09-30.11:05:26::SCWPlatform::Found the Hw Db part of the input DSA
TRACE::2025-09-30.11:05:27::SCWMssOS::Checking the sw design at  D:/Projet_Vitis/PS_Alone_NoFPU/zynq_fsbl/zynq_fsbl_bsp/system.mss
TRACE::2025-09-30.11:05:27::SCWMssOS::DEBUG:  swdes dump  D:/Projet_Vitis/PS_Alone_NoFPU/zynq_fsbl/zynq_fsbl_bsp/system.mss|system_0||
D:/Projet_Vitis/PS_Only_ZyboZ7/zynq_fsbl/zynq_fsbl_bsp/system.mss|system||

TRACE::2025-09-30.11:05:27::SCWMssOS::Sw design exists and opened at  D:/Projet_Vitis/PS_Alone_NoFPU/zynq_fsbl/zynq_fsbl_bsp/system.mss
TRACE::2025-09-30.11:05:27::SCWPlatform::Trying to open the hw design at D:/Projet_Vitis/PS_Alone_NoFPU/hw/PS_Only_ZyboZ7.xsa
TRACE::2025-09-30.11:05:27::SCWPlatform::DSA given D:/Projet_Vitis/PS_Alone_NoFPU/hw/PS_Only_ZyboZ7.xsa
TRACE::2025-09-30.11:05:27::SCWPlatform::DSA absoulate path D:/Projet_Vitis/PS_Alone_NoFPU/hw/PS_Only_ZyboZ7.xsa
TRACE::2025-09-30.11:05:27::SCWPlatform::DSA directory D:/Projet_Vitis/PS_Alone_NoFPU/hw
TRACE::2025-09-30.11:05:27::SCWPlatform:: Platform Path D:/Projet_Vitis/PS_Alone_NoFPU/hw/PS_Only_ZyboZ7.xsa
TRACE::2025-09-30.11:05:27::SCWPlatform:: Unique name xilinx:zybo-z7-20::0.0
TRACE::2025-09-30.11:05:27::SCWPlatform::Trying to set the existing hwdb with name design_1_wrapper_8
TRACE::2025-09-30.11:05:27::SCWPlatform::Opened existing hwdb design_1_wrapper_8
TRACE::2025-09-30.11:05:27::SCWPlatform::Found the Hw Db part of the input DSA
TRACE::2025-09-30.11:05:27::SCWMssOS::Checking the sw design at  D:/Projet_Vitis/PS_Alone_NoFPU/zynq_fsbl/zynq_fsbl_bsp/system.mss
TRACE::2025-09-30.11:05:27::SCWMssOS::DEBUG:  swdes dump  D:/Projet_Vitis/PS_Alone_NoFPU/zynq_fsbl/zynq_fsbl_bsp/system.mss|system_0||
D:/Projet_Vitis/PS_Only_ZyboZ7/zynq_fsbl/zynq_fsbl_bsp/system.mss|system||

TRACE::2025-09-30.11:05:27::SCWMssOS::Sw design exists and opened at  D:/Projet_Vitis/PS_Alone_NoFPU/zynq_fsbl/zynq_fsbl_bsp/system.mss
TRACE::2025-09-30.11:05:27::SCWPlatform::Trying to open the hw design at D:/Projet_Vitis/PS_Alone_NoFPU/hw/PS_Only_ZyboZ7.xsa
TRACE::2025-09-30.11:05:27::SCWPlatform::DSA given D:/Projet_Vitis/PS_Alone_NoFPU/hw/PS_Only_ZyboZ7.xsa
TRACE::2025-09-30.11:05:27::SCWPlatform::DSA absoulate path D:/Projet_Vitis/PS_Alone_NoFPU/hw/PS_Only_ZyboZ7.xsa
TRACE::2025-09-30.11:05:27::SCWPlatform::DSA directory D:/Projet_Vitis/PS_Alone_NoFPU/hw
TRACE::2025-09-30.11:05:27::SCWPlatform:: Platform Path D:/Projet_Vitis/PS_Alone_NoFPU/hw/PS_Only_ZyboZ7.xsa
TRACE::2025-09-30.11:05:27::SCWPlatform:: Unique name xilinx:zybo-z7-20::0.0
TRACE::2025-09-30.11:05:27::SCWPlatform::Trying to set the existing hwdb with name design_1_wrapper_8
TRACE::2025-09-30.11:05:27::SCWPlatform::Opened existing hwdb design_1_wrapper_8
TRACE::2025-09-30.11:05:27::SCWPlatform::Found the Hw Db part of the input DSA
TRACE::2025-09-30.11:05:27::SCWMssOS::Checking the sw design at  D:/Projet_Vitis/PS_Alone_NoFPU/zynq_fsbl/zynq_fsbl_bsp/system.mss
TRACE::2025-09-30.11:05:27::SCWMssOS::DEBUG:  swdes dump  D:/Projet_Vitis/PS_Alone_NoFPU/zynq_fsbl/zynq_fsbl_bsp/system.mss|system_0||
D:/Projet_Vitis/PS_Only_ZyboZ7/zynq_fsbl/zynq_fsbl_bsp/system.mss|system||

TRACE::2025-09-30.11:05:27::SCWMssOS::Sw design exists and opened at  D:/Projet_Vitis/PS_Alone_NoFPU/zynq_fsbl/zynq_fsbl_bsp/system.mss
TRACE::2025-09-30.11:05:27::SCWPlatform::Trying to open the hw design at D:/Projet_Vitis/PS_Alone_NoFPU/hw/PS_Only_ZyboZ7.xsa
TRACE::2025-09-30.11:05:27::SCWPlatform::DSA given D:/Projet_Vitis/PS_Alone_NoFPU/hw/PS_Only_ZyboZ7.xsa
TRACE::2025-09-30.11:05:27::SCWPlatform::DSA absoulate path D:/Projet_Vitis/PS_Alone_NoFPU/hw/PS_Only_ZyboZ7.xsa
TRACE::2025-09-30.11:05:27::SCWPlatform::DSA directory D:/Projet_Vitis/PS_Alone_NoFPU/hw
TRACE::2025-09-30.11:05:27::SCWPlatform:: Platform Path D:/Projet_Vitis/PS_Alone_NoFPU/hw/PS_Only_ZyboZ7.xsa
TRACE::2025-09-30.11:05:27::SCWPlatform:: Unique name xilinx:zybo-z7-20::0.0
TRACE::2025-09-30.11:05:27::SCWPlatform::Trying to set the existing hwdb with name design_1_wrapper_8
TRACE::2025-09-30.11:05:27::SCWPlatform::Opened existing hwdb design_1_wrapper_8
TRACE::2025-09-30.11:05:27::SCWPlatform::Found the Hw Db part of the input DSA
TRACE::2025-09-30.11:05:27::SCWMssOS::Checking the sw design at  D:/Projet_Vitis/PS_Alone_NoFPU/zynq_fsbl/zynq_fsbl_bsp/system.mss
TRACE::2025-09-30.11:05:27::SCWMssOS::DEBUG:  swdes dump  D:/Projet_Vitis/PS_Alone_NoFPU/zynq_fsbl/zynq_fsbl_bsp/system.mss|system_0||
D:/Projet_Vitis/PS_Only_ZyboZ7/zynq_fsbl/zynq_fsbl_bsp/system.mss|system||

TRACE::2025-09-30.11:05:27::SCWMssOS::Sw design exists and opened at  D:/Projet_Vitis/PS_Alone_NoFPU/zynq_fsbl/zynq_fsbl_bsp/system.mss
TRACE::2025-09-30.11:05:28::SCWMssOS::Saving the mss changes D:/Projet_Vitis/PS_Alone_NoFPU/zynq_fsbl/zynq_fsbl_bsp/system.mss
TRACE::2025-09-30.11:05:28::SCWMssOS::Found a swdesign opened with the mssfile.
TRACE::2025-09-30.11:05:28::SCWMssOS::Completed writemss as part of save.
TRACE::2025-09-30.11:05:28::SCWMssOS::Commit changes completed.
TRACE::2025-09-30.11:05:28::SCWMssOS::Saving the mss changes D:/Projet_Vitis/PS_Alone_NoFPU/ps7_cortexa9_0/standalone_domain/bsp/system.mss
TRACE::2025-09-30.11:05:28::SCWMssOS::Adding the swdes entry, mss present, able to open swdb D:/Projet_Vitis/PS_Alone_NoFPU/ps7_cortexa9_0/standalone_domain/bsp/system.mss with des name system_1
TRACE::2025-09-30.11:05:28::SCWMssOS::Writing the mss file completed D:/Projet_Vitis/PS_Alone_NoFPU/ps7_cortexa9_0/standalone_domain/bsp/system.mss
TRACE::2025-09-30.11:05:28::SCWMssOS::Commit changes completed.
TRACE::2025-09-30.11:05:28::SCWPlatform::Trying to open the hw design at D:/Projet_Vitis/PS_Alone_NoFPU/hw/PS_Only_ZyboZ7.xsa
TRACE::2025-09-30.11:05:28::SCWPlatform::DSA given D:/Projet_Vitis/PS_Alone_NoFPU/hw/PS_Only_ZyboZ7.xsa
TRACE::2025-09-30.11:05:28::SCWPlatform::DSA absoulate path D:/Projet_Vitis/PS_Alone_NoFPU/hw/PS_Only_ZyboZ7.xsa
TRACE::2025-09-30.11:05:28::SCWPlatform::DSA directory D:/Projet_Vitis/PS_Alone_NoFPU/hw
TRACE::2025-09-30.11:05:28::SCWPlatform:: Platform Path D:/Projet_Vitis/PS_Alone_NoFPU/hw/PS_Only_ZyboZ7.xsa
TRACE::2025-09-30.11:05:28::SCWPlatform:: Unique name xilinx:zybo-z7-20::0.0
TRACE::2025-09-30.11:05:28::SCWPlatform::Trying to set the existing hwdb with name design_1_wrapper_8
TRACE::2025-09-30.11:05:28::SCWPlatform::Opened existing hwdb design_1_wrapper_8
TRACE::2025-09-30.11:05:28::SCWPlatform::Found the Hw Db part of the input DSA
TRACE::2025-09-30.11:05:28::SCWMssOS::Checking the sw design at  D:/Projet_Vitis/PS_Alone_NoFPU/zynq_fsbl/zynq_fsbl_bsp/system.mss
TRACE::2025-09-30.11:05:28::SCWMssOS::DEBUG:  swdes dump  D:/Projet_Vitis/PS_Alone_NoFPU/ps7_cortexa9_0/standalone_domain/bsp/system.mss|system_1||
D:/Projet_Vitis/PS_Alone_NoFPU/zynq_fsbl/zynq_fsbl_bsp/system.mss|system_0||
D:/Projet_Vitis/PS_Only_ZyboZ7/zynq_fsbl/zynq_fsbl_bsp/system.mss|system||

TRACE::2025-09-30.11:05:28::SCWMssOS::Sw design exists and opened at  D:/Projet_Vitis/PS_Alone_NoFPU/zynq_fsbl/zynq_fsbl_bsp/system.mss
TRACE::2025-09-30.11:05:28::SCWPlatform::Trying to open the hw design at D:/Projet_Vitis/PS_Alone_NoFPU/hw/PS_Only_ZyboZ7.xsa
TRACE::2025-09-30.11:05:28::SCWPlatform::DSA given D:/Projet_Vitis/PS_Alone_NoFPU/hw/PS_Only_ZyboZ7.xsa
TRACE::2025-09-30.11:05:28::SCWPlatform::DSA absoulate path D:/Projet_Vitis/PS_Alone_NoFPU/hw/PS_Only_ZyboZ7.xsa
TRACE::2025-09-30.11:05:28::SCWPlatform::DSA directory D:/Projet_Vitis/PS_Alone_NoFPU/hw
TRACE::2025-09-30.11:05:28::SCWPlatform:: Platform Path D:/Projet_Vitis/PS_Alone_NoFPU/hw/PS_Only_ZyboZ7.xsa
TRACE::2025-09-30.11:05:28::SCWPlatform:: Unique name xilinx:zybo-z7-20::0.0
TRACE::2025-09-30.11:05:28::SCWPlatform::Trying to set the existing hwdb with name design_1_wrapper_8
TRACE::2025-09-30.11:05:29::SCWPlatform::Opened existing hwdb design_1_wrapper_8
TRACE::2025-09-30.11:05:29::SCWPlatform::Found the Hw Db part of the input DSA
TRACE::2025-09-30.11:05:29::SCWMssOS::Checking the sw design at  D:/Projet_Vitis/PS_Alone_NoFPU/ps7_cortexa9_0/standalone_domain/bsp/system.mss
TRACE::2025-09-30.11:05:29::SCWMssOS::DEBUG:  swdes dump  D:/Projet_Vitis/PS_Alone_NoFPU/ps7_cortexa9_0/standalone_domain/bsp/system.mss|system_1||
D:/Projet_Vitis/PS_Alone_NoFPU/zynq_fsbl/zynq_fsbl_bsp/system.mss|system_0||
D:/Projet_Vitis/PS_Only_ZyboZ7/zynq_fsbl/zynq_fsbl_bsp/system.mss|system||

TRACE::2025-09-30.11:05:29::SCWMssOS::Sw design exists and opened at  D:/Projet_Vitis/PS_Alone_NoFPU/ps7_cortexa9_0/standalone_domain/bsp/system.mss
TRACE::2025-09-30.11:05:29::SCWWriter::formatted JSON is {
	"platformName":	"PS_Alone_NoFPU",
	"sprVersion":	"2.0",
	"mode":	"gui",
	"dsaType":	"Fixed",
	"platformDesc":	"PS_Alone_NoFPU",
	"platHandOff":	"D:/Projet_Vitis/PS_Only_ZyboZ7.xsa",
	"platIntHandOff":	"<platformDir>/hw/PS_Only_ZyboZ7.xsa",
	"deviceType":	"zynq",
	"platIsPrebuiltAutogen":	"false",
	"platIsNoBootBsp":	"false",
	"hasFsblMakeHasChanges":	"false",
	"hasPmufwMakeHasChanges":	"false",
	"fsblExtraCompilerFlags":	"-MMD -MP       -mcpu=cortex-a9 -mfpu=vfpv3 -mfloat-abi=hard ",
	"platPreBuiltFlag":	false,
	"platformSamplesDir":	"",
	"platActiveSys":	"PS_Alone_NoFPU",
	"systems":	[{
			"systemName":	"PS_Alone_NoFPU",
			"systemDesc":	"PS_Alone_NoFPU",
			"sysIsBootAutoGen":	"true",
			"systemDispName":	"PS_Alone_NoFPU",
			"sysActiveDom":	"zynq_fsbl",
			"sysDefaultDom":	"standalone_domain",
			"domains":	[{
					"domainName":	"zynq_fsbl",
					"domainDispName":	"zynq_fsbl",
					"domainDesc":	"FSBL Application BSP - Auto Generated.",
					"processors":	"ps7_cortexa9_0",
					"os":	"standalone",
					"sdxOs":	"standalone",
					"debugEnable":	"",
					"domRuntimes":	["cpp"],
					"swRepo":	"",
					"mssOsVer":	"7.3",
					"mssFile":	"",
					"md5Digest":	"d4dce1e3283be35b8cb204de15302e33",
					"compatibleApp":	"zynq_fsbl",
					"domType":	"bootDomain",
					"arch":	"32-bit",
					"appSettings":	{
						"appCompilerFlags":	"",
						"appLinkerFlags":	""
					},
					"addedLibs":	["xilffs:4.4", "xilrsa:1.6"],
					"libOptions":	{
						"ps7_cortexa9_0":	{
							"extra_compiler_flags":	"-mcpu=cortex-a9 -mfpu=vfpv3 -mfloat-abi=soft -nostartfiles -g -Wall -Wextra",
							"libOptionNames":	["extra_compiler_flags"]
						},
						"libsContainingOptions":	["ps7_cortexa9_0"]
					},
					"prebuiltLibs":	{
						"prebuiltIncPath":	[],
						"prebuiltLibPath":	[]
					},
					"isolation":	{
					}
				}, {
					"domainName":	"standalone_domain",
					"domainDispName":	"standalone on ps7_cortexa9_0",
					"domainDesc":	"standalone_domain",
					"processors":	"ps7_cortexa9_0",
					"os":	"standalone",
					"sdxOs":	"standalone",
					"qemuArgs":	"C:/Xilinx/Vitis/2020.2/data/emulation/platforms/zynq/sw/a9_standalone/qemu/qemu_args.txt",
					"qemuData":	"C:/Xilinx/Vitis/2020.2/data/emulation/platforms/zynq/sw/a9_standalone/qemu/",
					"debugEnable":	"False",
					"domRuntimes":	["cpp"],
					"swRepo":	"",
					"mssOsVer":	"7.3",
					"mssFile":	"",
					"md5Digest":	"ea3a8c353fcc4eb0b32c84eda9a1f60f",
					"compatibleApp":	"",
					"domType":	"mssDomain",
					"appSettings":	{
						"appCompilerFlags":	"",
						"appLinkerFlags":	""
					},
					"addedLibs":	[],
					"libOptions":	{
						"libsContainingOptions":	[]
					},
					"prebuiltLibs":	{
						"prebuiltIncPath":	[],
						"prebuiltLibPath":	[]
					},
					"isolation":	{
					}
				}]
		}]
}
TRACE::2025-09-30.11:05:29::SCWMssOS::Saving the mss changes D:/Projet_Vitis/PS_Alone_NoFPU/zynq_fsbl/zynq_fsbl_bsp/system.mss
TRACE::2025-09-30.11:05:29::SCWMssOS::Found a swdesign opened with the mssfile.
TRACE::2025-09-30.11:05:29::SCWMssOS::Completed writemss as part of save.
TRACE::2025-09-30.11:05:29::SCWMssOS::Commit changes completed.
TRACE::2025-09-30.11:05:29::SCWPlatform::Trying to open the hw design at D:/Projet_Vitis/PS_Alone_NoFPU/hw/PS_Only_ZyboZ7.xsa
TRACE::2025-09-30.11:05:29::SCWPlatform::DSA given D:/Projet_Vitis/PS_Alone_NoFPU/hw/PS_Only_ZyboZ7.xsa
TRACE::2025-09-30.11:05:29::SCWPlatform::DSA absoulate path D:/Projet_Vitis/PS_Alone_NoFPU/hw/PS_Only_ZyboZ7.xsa
TRACE::2025-09-30.11:05:29::SCWPlatform::DSA directory D:/Projet_Vitis/PS_Alone_NoFPU/hw
TRACE::2025-09-30.11:05:29::SCWPlatform:: Platform Path D:/Projet_Vitis/PS_Alone_NoFPU/hw/PS_Only_ZyboZ7.xsa
TRACE::2025-09-30.11:05:29::SCWPlatform:: Unique name xilinx:zybo-z7-20::0.0
TRACE::2025-09-30.11:05:29::SCWPlatform::Trying to set the existing hwdb with name design_1_wrapper_8
TRACE::2025-09-30.11:05:29::SCWPlatform::Opened existing hwdb design_1_wrapper_8
TRACE::2025-09-30.11:05:29::SCWPlatform::Found the Hw Db part of the input DSA
TRACE::2025-09-30.11:05:29::SCWMssOS::Checking the sw design at  D:/Projet_Vitis/PS_Alone_NoFPU/zynq_fsbl/zynq_fsbl_bsp/system.mss
TRACE::2025-09-30.11:05:29::SCWMssOS::DEBUG:  swdes dump  D:/Projet_Vitis/PS_Alone_NoFPU/ps7_cortexa9_0/standalone_domain/bsp/system.mss|system_1||
D:/Projet_Vitis/PS_Alone_NoFPU/zynq_fsbl/zynq_fsbl_bsp/system.mss|system_0||
D:/Projet_Vitis/PS_Only_ZyboZ7/zynq_fsbl/zynq_fsbl_bsp/system.mss|system||

TRACE::2025-09-30.11:05:29::SCWMssOS::Sw design exists and opened at  D:/Projet_Vitis/PS_Alone_NoFPU/zynq_fsbl/zynq_fsbl_bsp/system.mss
TRACE::2025-09-30.11:05:29::SCWMssOS::Removing the swdes entry for  D:/Projet_Vitis/PS_Alone_NoFPU/zynq_fsbl/zynq_fsbl_bsp/system.mss
TRACE::2025-09-30.11:05:31::SCWMssOS::In reload Mss file.
TRACE::2025-09-30.11:05:31::SCWPlatform::Trying to open the hw design at D:/Projet_Vitis/PS_Alone_NoFPU/hw/PS_Only_ZyboZ7.xsa
TRACE::2025-09-30.11:05:31::SCWPlatform::DSA given D:/Projet_Vitis/PS_Alone_NoFPU/hw/PS_Only_ZyboZ7.xsa
TRACE::2025-09-30.11:05:31::SCWPlatform::DSA absoulate path D:/Projet_Vitis/PS_Alone_NoFPU/hw/PS_Only_ZyboZ7.xsa
TRACE::2025-09-30.11:05:31::SCWPlatform::DSA directory D:/Projet_Vitis/PS_Alone_NoFPU/hw
TRACE::2025-09-30.11:05:31::SCWPlatform:: Platform Path D:/Projet_Vitis/PS_Alone_NoFPU/hw/PS_Only_ZyboZ7.xsa
TRACE::2025-09-30.11:05:31::SCWPlatform:: Unique name xilinx:zybo-z7-20::0.0
TRACE::2025-09-30.11:05:31::SCWPlatform::Trying to set the existing hwdb with name design_1_wrapper_8
TRACE::2025-09-30.11:05:31::SCWPlatform::Opened existing hwdb design_1_wrapper_8
TRACE::2025-09-30.11:05:31::SCWPlatform::Found the Hw Db part of the input DSA
TRACE::2025-09-30.11:05:31::SCWMssOS::Checking the sw design at  D:/Projet_Vitis/PS_Alone_NoFPU/zynq_fsbl/zynq_fsbl_bsp/system.mss
TRACE::2025-09-30.11:05:31::SCWMssOS::DEBUG:  swdes dump  D:/Projet_Vitis/PS_Alone_NoFPU/ps7_cortexa9_0/standalone_domain/bsp/system.mss|system_1||
D:/Projet_Vitis/PS_Only_ZyboZ7/zynq_fsbl/zynq_fsbl_bsp/system.mss|system||

TRACE::2025-09-30.11:05:31::SCWMssOS::No sw design opened at  D:/Projet_Vitis/PS_Alone_NoFPU/zynq_fsbl/zynq_fsbl_bsp/system.mss
TRACE::2025-09-30.11:05:31::SCWMssOS::mss exists loading the mss file  D:/Projet_Vitis/PS_Alone_NoFPU/zynq_fsbl/zynq_fsbl_bsp/system.mss
TRACE::2025-09-30.11:05:31::SCWMssOS::Opened the sw design from mss  D:/Projet_Vitis/PS_Alone_NoFPU/zynq_fsbl/zynq_fsbl_bsp/system.mss
TRACE::2025-09-30.11:05:31::SCWMssOS::Adding the swdes entry D:/Projet_Vitis/PS_Alone_NoFPU/zynq_fsbl/zynq_fsbl_bsp/system.mss with des name system_0
TRACE::2025-09-30.11:05:31::SCWMssOS::updating the scw layer about changes
TRACE::2025-09-30.11:05:31::SCWMssOS::Opened the sw design.  D:/Projet_Vitis/PS_Alone_NoFPU/zynq_fsbl/zynq_fsbl_bsp/system.mss
TRACE::2025-09-30.11:05:31::SCWPlatform::Trying to open the hw design at D:/Projet_Vitis/PS_Alone_NoFPU/hw/PS_Only_ZyboZ7.xsa
TRACE::2025-09-30.11:05:31::SCWPlatform::DSA given D:/Projet_Vitis/PS_Alone_NoFPU/hw/PS_Only_ZyboZ7.xsa
TRACE::2025-09-30.11:05:31::SCWPlatform::DSA absoulate path D:/Projet_Vitis/PS_Alone_NoFPU/hw/PS_Only_ZyboZ7.xsa
TRACE::2025-09-30.11:05:31::SCWPlatform::DSA directory D:/Projet_Vitis/PS_Alone_NoFPU/hw
TRACE::2025-09-30.11:05:31::SCWPlatform:: Platform Path D:/Projet_Vitis/PS_Alone_NoFPU/hw/PS_Only_ZyboZ7.xsa
TRACE::2025-09-30.11:05:31::SCWPlatform:: Unique name xilinx:zybo-z7-20::0.0
TRACE::2025-09-30.11:05:31::SCWPlatform::Trying to set the existing hwdb with name design_1_wrapper_8
TRACE::2025-09-30.11:05:31::SCWPlatform::Opened existing hwdb design_1_wrapper_8
TRACE::2025-09-30.11:05:31::SCWPlatform::Found the Hw Db part of the input DSA
TRACE::2025-09-30.11:05:31::SCWMssOS::Checking the sw design at  D:/Projet_Vitis/PS_Alone_NoFPU/zynq_fsbl/zynq_fsbl_bsp/system.mss
TRACE::2025-09-30.11:05:31::SCWMssOS::DEBUG:  swdes dump  D:/Projet_Vitis/PS_Alone_NoFPU/ps7_cortexa9_0/standalone_domain/bsp/system.mss|system_1||
D:/Projet_Vitis/PS_Alone_NoFPU/zynq_fsbl/zynq_fsbl_bsp/system.mss|system_0||
D:/Projet_Vitis/PS_Only_ZyboZ7/zynq_fsbl/zynq_fsbl_bsp/system.mss|system||

TRACE::2025-09-30.11:05:31::SCWMssOS::Sw design exists and opened at  D:/Projet_Vitis/PS_Alone_NoFPU/zynq_fsbl/zynq_fsbl_bsp/system.mss
TRACE::2025-09-30.11:05:31::SCWMssOS:: library already available in sw design:  xilffs:4.4
TRACE::2025-09-30.11:05:31::SCWPlatform::Trying to open the hw design at D:/Projet_Vitis/PS_Alone_NoFPU/hw/PS_Only_ZyboZ7.xsa
TRACE::2025-09-30.11:05:31::SCWPlatform::DSA given D:/Projet_Vitis/PS_Alone_NoFPU/hw/PS_Only_ZyboZ7.xsa
TRACE::2025-09-30.11:05:31::SCWPlatform::DSA absoulate path D:/Projet_Vitis/PS_Alone_NoFPU/hw/PS_Only_ZyboZ7.xsa
TRACE::2025-09-30.11:05:31::SCWPlatform::DSA directory D:/Projet_Vitis/PS_Alone_NoFPU/hw
TRACE::2025-09-30.11:05:31::SCWPlatform:: Platform Path D:/Projet_Vitis/PS_Alone_NoFPU/hw/PS_Only_ZyboZ7.xsa
TRACE::2025-09-30.11:05:31::SCWPlatform:: Unique name xilinx:zybo-z7-20::0.0
TRACE::2025-09-30.11:05:31::SCWPlatform::Trying to set the existing hwdb with name design_1_wrapper_8
TRACE::2025-09-30.11:05:31::SCWPlatform::Opened existing hwdb design_1_wrapper_8
TRACE::2025-09-30.11:05:31::SCWPlatform::Found the Hw Db part of the input DSA
TRACE::2025-09-30.11:05:31::SCWMssOS::Checking the sw design at  D:/Projet_Vitis/PS_Alone_NoFPU/zynq_fsbl/zynq_fsbl_bsp/system.mss
TRACE::2025-09-30.11:05:31::SCWMssOS::DEBUG:  swdes dump  D:/Projet_Vitis/PS_Alone_NoFPU/ps7_cortexa9_0/standalone_domain/bsp/system.mss|system_1||
D:/Projet_Vitis/PS_Alone_NoFPU/zynq_fsbl/zynq_fsbl_bsp/system.mss|system_0||
D:/Projet_Vitis/PS_Only_ZyboZ7/zynq_fsbl/zynq_fsbl_bsp/system.mss|system||

TRACE::2025-09-30.11:05:31::SCWMssOS::Sw design exists and opened at  D:/Projet_Vitis/PS_Alone_NoFPU/zynq_fsbl/zynq_fsbl_bsp/system.mss
TRACE::2025-09-30.11:05:31::SCWMssOS:: library already available in sw design:  xilrsa:1.6
TRACE::2025-09-30.11:05:31::SCWPlatform::Trying to open the hw design at D:/Projet_Vitis/PS_Alone_NoFPU/hw/PS_Only_ZyboZ7.xsa
TRACE::2025-09-30.11:05:31::SCWPlatform::DSA given D:/Projet_Vitis/PS_Alone_NoFPU/hw/PS_Only_ZyboZ7.xsa
TRACE::2025-09-30.11:05:31::SCWPlatform::DSA absoulate path D:/Projet_Vitis/PS_Alone_NoFPU/hw/PS_Only_ZyboZ7.xsa
TRACE::2025-09-30.11:05:31::SCWPlatform::DSA directory D:/Projet_Vitis/PS_Alone_NoFPU/hw
TRACE::2025-09-30.11:05:31::SCWPlatform:: Platform Path D:/Projet_Vitis/PS_Alone_NoFPU/hw/PS_Only_ZyboZ7.xsa
TRACE::2025-09-30.11:05:31::SCWPlatform:: Unique name xilinx:zybo-z7-20::0.0
TRACE::2025-09-30.11:05:31::SCWPlatform::Trying to set the existing hwdb with name design_1_wrapper_8
TRACE::2025-09-30.11:05:31::SCWPlatform::Opened existing hwdb design_1_wrapper_8
TRACE::2025-09-30.11:05:31::SCWPlatform::Found the Hw Db part of the input DSA
TRACE::2025-09-30.11:05:32::SCWMssOS::Checking the sw design at  D:/Projet_Vitis/PS_Alone_NoFPU/zynq_fsbl/zynq_fsbl_bsp/system.mss
TRACE::2025-09-30.11:05:32::SCWMssOS::DEBUG:  swdes dump  D:/Projet_Vitis/PS_Alone_NoFPU/ps7_cortexa9_0/standalone_domain/bsp/system.mss|system_1||
D:/Projet_Vitis/PS_Alone_NoFPU/zynq_fsbl/zynq_fsbl_bsp/system.mss|system_0||
D:/Projet_Vitis/PS_Only_ZyboZ7/zynq_fsbl/zynq_fsbl_bsp/system.mss|system||

TRACE::2025-09-30.11:05:32::SCWMssOS::Sw design exists and opened at  D:/Projet_Vitis/PS_Alone_NoFPU/zynq_fsbl/zynq_fsbl_bsp/system.mss
TRACE::2025-09-30.11:05:32::SCWPlatform::Trying to open the hw design at D:/Projet_Vitis/PS_Alone_NoFPU/hw/PS_Only_ZyboZ7.xsa
TRACE::2025-09-30.11:05:32::SCWPlatform::DSA given D:/Projet_Vitis/PS_Alone_NoFPU/hw/PS_Only_ZyboZ7.xsa
TRACE::2025-09-30.11:05:32::SCWPlatform::DSA absoulate path D:/Projet_Vitis/PS_Alone_NoFPU/hw/PS_Only_ZyboZ7.xsa
TRACE::2025-09-30.11:05:32::SCWPlatform::DSA directory D:/Projet_Vitis/PS_Alone_NoFPU/hw
TRACE::2025-09-30.11:05:32::SCWPlatform:: Platform Path D:/Projet_Vitis/PS_Alone_NoFPU/hw/PS_Only_ZyboZ7.xsa
TRACE::2025-09-30.11:05:32::SCWPlatform:: Unique name xilinx:zybo-z7-20::0.0
TRACE::2025-09-30.11:05:32::SCWPlatform::Trying to set the existing hwdb with name design_1_wrapper_8
TRACE::2025-09-30.11:05:32::SCWPlatform::Opened existing hwdb design_1_wrapper_8
TRACE::2025-09-30.11:05:32::SCWPlatform::Found the Hw Db part of the input DSA
TRACE::2025-09-30.11:05:32::SCWMssOS::Checking the sw design at  D:/Projet_Vitis/PS_Alone_NoFPU/zynq_fsbl/zynq_fsbl_bsp/system.mss
TRACE::2025-09-30.11:05:32::SCWMssOS::DEBUG:  swdes dump  D:/Projet_Vitis/PS_Alone_NoFPU/ps7_cortexa9_0/standalone_domain/bsp/system.mss|system_1||
D:/Projet_Vitis/PS_Alone_NoFPU/zynq_fsbl/zynq_fsbl_bsp/system.mss|system_0||
D:/Projet_Vitis/PS_Only_ZyboZ7/zynq_fsbl/zynq_fsbl_bsp/system.mss|system||

TRACE::2025-09-30.11:05:32::SCWMssOS::Sw design exists and opened at  D:/Projet_Vitis/PS_Alone_NoFPU/zynq_fsbl/zynq_fsbl_bsp/system.mss
TRACE::2025-09-30.11:05:32::SCWMssOS::Saving the mss changes D:/Projet_Vitis/PS_Alone_NoFPU/zynq_fsbl/zynq_fsbl_bsp/system.mss
TRACE::2025-09-30.11:05:32::SCWMssOS::Found a swdesign opened with the mssfile.
TRACE::2025-09-30.11:05:32::SCWMssOS::Completed writemss as part of save.
TRACE::2025-09-30.11:05:32::SCWMssOS::Commit changes completed.
TRACE::2025-09-30.11:05:32::SCWPlatform::Trying to open the hw design at D:/Projet_Vitis/PS_Alone_NoFPU/hw/PS_Only_ZyboZ7.xsa
TRACE::2025-09-30.11:05:32::SCWPlatform::DSA given D:/Projet_Vitis/PS_Alone_NoFPU/hw/PS_Only_ZyboZ7.xsa
TRACE::2025-09-30.11:05:32::SCWPlatform::DSA absoulate path D:/Projet_Vitis/PS_Alone_NoFPU/hw/PS_Only_ZyboZ7.xsa
TRACE::2025-09-30.11:05:32::SCWPlatform::DSA directory D:/Projet_Vitis/PS_Alone_NoFPU/hw
TRACE::2025-09-30.11:05:32::SCWPlatform:: Platform Path D:/Projet_Vitis/PS_Alone_NoFPU/hw/PS_Only_ZyboZ7.xsa
TRACE::2025-09-30.11:05:32::SCWPlatform:: Unique name xilinx:zybo-z7-20::0.0
TRACE::2025-09-30.11:05:32::SCWPlatform::Trying to set the existing hwdb with name design_1_wrapper_8
TRACE::2025-09-30.11:05:32::SCWPlatform::Opened existing hwdb design_1_wrapper_8
TRACE::2025-09-30.11:05:32::SCWPlatform::Found the Hw Db part of the input DSA
TRACE::2025-09-30.11:05:32::SCWMssOS::Checking the sw design at  D:/Projet_Vitis/PS_Alone_NoFPU/zynq_fsbl/zynq_fsbl_bsp/system.mss
TRACE::2025-09-30.11:05:32::SCWMssOS::DEBUG:  swdes dump  D:/Projet_Vitis/PS_Alone_NoFPU/ps7_cortexa9_0/standalone_domain/bsp/system.mss|system_1||
D:/Projet_Vitis/PS_Alone_NoFPU/zynq_fsbl/zynq_fsbl_bsp/system.mss|system_0||
D:/Projet_Vitis/PS_Only_ZyboZ7/zynq_fsbl/zynq_fsbl_bsp/system.mss|system||

TRACE::2025-09-30.11:05:32::SCWMssOS::Sw design exists and opened at  D:/Projet_Vitis/PS_Alone_NoFPU/zynq_fsbl/zynq_fsbl_bsp/system.mss
TRACE::2025-09-30.11:05:32::SCWMssOS::Removing the swdes entry for  D:/Projet_Vitis/PS_Alone_NoFPU/zynq_fsbl/zynq_fsbl_bsp/system.mss
TRACE::2025-09-30.11:05:32::SCWPlatform::Trying to open the hw design at D:/Projet_Vitis/PS_Alone_NoFPU/hw/PS_Only_ZyboZ7.xsa
TRACE::2025-09-30.11:05:32::SCWPlatform::DSA given D:/Projet_Vitis/PS_Alone_NoFPU/hw/PS_Only_ZyboZ7.xsa
TRACE::2025-09-30.11:05:32::SCWPlatform::DSA absoulate path D:/Projet_Vitis/PS_Alone_NoFPU/hw/PS_Only_ZyboZ7.xsa
TRACE::2025-09-30.11:05:32::SCWPlatform::DSA directory D:/Projet_Vitis/PS_Alone_NoFPU/hw
TRACE::2025-09-30.11:05:32::SCWPlatform:: Platform Path D:/Projet_Vitis/PS_Alone_NoFPU/hw/PS_Only_ZyboZ7.xsa
TRACE::2025-09-30.11:05:32::SCWPlatform:: Unique name xilinx:zybo-z7-20::0.0
TRACE::2025-09-30.11:05:32::SCWPlatform::Trying to set the existing hwdb with name design_1_wrapper_8
TRACE::2025-09-30.11:05:32::SCWPlatform::Opened existing hwdb design_1_wrapper_8
TRACE::2025-09-30.11:05:32::SCWPlatform::Found the Hw Db part of the input DSA
TRACE::2025-09-30.11:05:32::SCWMssOS::Checking the sw design at  D:/Projet_Vitis/PS_Alone_NoFPU/zynq_fsbl/zynq_fsbl_bsp/system.mss
TRACE::2025-09-30.11:05:32::SCWMssOS::DEBUG:  swdes dump  D:/Projet_Vitis/PS_Alone_NoFPU/ps7_cortexa9_0/standalone_domain/bsp/system.mss|system_1||
D:/Projet_Vitis/PS_Only_ZyboZ7/zynq_fsbl/zynq_fsbl_bsp/system.mss|system||

TRACE::2025-09-30.11:05:32::SCWMssOS::No sw design opened at  D:/Projet_Vitis/PS_Alone_NoFPU/zynq_fsbl/zynq_fsbl_bsp/system.mss
TRACE::2025-09-30.11:05:32::SCWMssOS::mss exists loading the mss file  D:/Projet_Vitis/PS_Alone_NoFPU/zynq_fsbl/zynq_fsbl_bsp/system.mss
TRACE::2025-09-30.11:05:32::SCWMssOS::Opened the sw design from mss  D:/Projet_Vitis/PS_Alone_NoFPU/zynq_fsbl/zynq_fsbl_bsp/system.mss
TRACE::2025-09-30.11:05:32::SCWMssOS::Adding the swdes entry D:/Projet_Vitis/PS_Alone_NoFPU/zynq_fsbl/zynq_fsbl_bsp/system.mss with des name system_0
TRACE::2025-09-30.11:05:32::SCWMssOS::updating the scw layer about changes
TRACE::2025-09-30.11:05:32::SCWMssOS::Opened the sw design.  D:/Projet_Vitis/PS_Alone_NoFPU/zynq_fsbl/zynq_fsbl_bsp/system.mss
TRACE::2025-09-30.11:05:32::SCWBDomain::Completed writing the mss file at D:/Projet_Vitis/PS_Alone_NoFPU/zynq_fsbl/zynq_fsbl_bsp
TRACE::2025-09-30.11:05:44::SCWBDomain::Forcing BSP Sources regeneration.
KEYINFO::2025-09-30.11:06:13::SCWMssOS::Removing file D:/Projet_Vitis/PS_Alone_NoFPU/zynq_fsbl/zynq_fsbl_bsp\system_0.mss
TRACE::2025-09-30.11:06:13::SCWBDomain::Updating the makefile used for building the Application zynq_fsbl
TRACE::2025-09-30.11:06:13::SCWPlatform::Trying to open the hw design at D:/Projet_Vitis/PS_Alone_NoFPU/hw/PS_Only_ZyboZ7.xsa
TRACE::2025-09-30.11:06:13::SCWPlatform::DSA given D:/Projet_Vitis/PS_Alone_NoFPU/hw/PS_Only_ZyboZ7.xsa
TRACE::2025-09-30.11:06:13::SCWPlatform::DSA absoulate path D:/Projet_Vitis/PS_Alone_NoFPU/hw/PS_Only_ZyboZ7.xsa
TRACE::2025-09-30.11:06:13::SCWPlatform::DSA directory D:/Projet_Vitis/PS_Alone_NoFPU/hw
TRACE::2025-09-30.11:06:13::SCWPlatform:: Platform Path D:/Projet_Vitis/PS_Alone_NoFPU/hw/PS_Only_ZyboZ7.xsa
TRACE::2025-09-30.11:06:13::SCWPlatform:: Unique name xilinx:zybo-z7-20::0.0
TRACE::2025-09-30.11:06:13::SCWPlatform::Trying to set the existing hwdb with name design_1_wrapper_8
TRACE::2025-09-30.11:06:13::SCWPlatform::Opened existing hwdb design_1_wrapper_8
TRACE::2025-09-30.11:06:13::SCWPlatform::Found the Hw Db part of the input DSA
TRACE::2025-09-30.11:06:13::SCWMssOS::Checking the sw design at  D:/Projet_Vitis/PS_Alone_NoFPU/zynq_fsbl/zynq_fsbl_bsp/system.mss
TRACE::2025-09-30.11:06:13::SCWMssOS::DEBUG:  swdes dump  D:/Projet_Vitis/PS_Alone_NoFPU/ps7_cortexa9_0/standalone_domain/bsp/system.mss|system_1||
D:/Projet_Vitis/PS_Alone_NoFPU/zynq_fsbl/zynq_fsbl_bsp/system.mss|system_0||
D:/Projet_Vitis/PS_Only_ZyboZ7/zynq_fsbl/zynq_fsbl_bsp/system.mss|system||

KEYINFO::2025-09-30.11:06:13::SCWMssOS::Could not open the swdb for system_0
KEYINFO::2025-09-30.11:06:13::SCWMssOS::Could not open the sw design at  system_0
ERROR: [Hsi 55-1558] Software Design system_0 is not found

TRACE::2025-09-30.11:06:13::SCWMssOS::Cleared the swdb table entry
TRACE::2025-09-30.11:06:13::SCWMssOS::No sw design opened at  D:/Projet_Vitis/PS_Alone_NoFPU/zynq_fsbl/zynq_fsbl_bsp/system.mss
TRACE::2025-09-30.11:06:13::SCWMssOS::mss exists loading the mss file  D:/Projet_Vitis/PS_Alone_NoFPU/zynq_fsbl/zynq_fsbl_bsp/system.mss
TRACE::2025-09-30.11:06:13::SCWMssOS::Opened the sw design from mss  D:/Projet_Vitis/PS_Alone_NoFPU/zynq_fsbl/zynq_fsbl_bsp/system.mss
TRACE::2025-09-30.11:06:13::SCWMssOS::Adding the swdes entry D:/Projet_Vitis/PS_Alone_NoFPU/zynq_fsbl/zynq_fsbl_bsp/system.mss with des name system_0
TRACE::2025-09-30.11:06:13::SCWMssOS::updating the scw layer about changes
TRACE::2025-09-30.11:06:13::SCWMssOS::Opened the sw design.  D:/Projet_Vitis/PS_Alone_NoFPU/zynq_fsbl/zynq_fsbl_bsp/system.mss
TRACE::2025-09-30.11:06:49::SCWBDomain::removing the temporary location in _platform.
TRACE::2025-09-30.11:07:01::SCWBDomain::Makefile is Updated.
TRACE::2025-09-30.11:07:01::SCWBDomain::doing clean.
TRACE::2025-09-30.11:07:02::SCWBDomain::System Command Ran  D:&  cd  D:/Projet_Vitis/PS_Alone_NoFPU/zynq_fsbl & make clean
TRACE::2025-09-30.11:07:02::SCWBDomain::rm -rf  sd.o  nand.o  nor.o  ps7_init.o  image_mover.o  md5.o  fsbl_hooks.o  main.o  rsa.o  qspi.o  pcap.o  fsbl_handoff.o zynq
TRACE::2025-09-30.11:07:02::SCWBDomain::_fsbl_bsp/ps7_cortexa9_0/lib/libxil.a fsbl.elf *.o

TRACE::2025-09-30.11:07:12::SCWPlatform::Trying to open the hw design at D:/Projet_Vitis/PS_Alone_NoFPU/hw/PS_Only_ZyboZ7.xsa
TRACE::2025-09-30.11:07:12::SCWPlatform::DSA given D:/Projet_Vitis/PS_Alone_NoFPU/hw/PS_Only_ZyboZ7.xsa
TRACE::2025-09-30.11:07:12::SCWPlatform::DSA absoulate path D:/Projet_Vitis/PS_Alone_NoFPU/hw/PS_Only_ZyboZ7.xsa
TRACE::2025-09-30.11:07:12::SCWPlatform::DSA directory D:/Projet_Vitis/PS_Alone_NoFPU/hw
TRACE::2025-09-30.11:07:12::SCWPlatform:: Platform Path D:/Projet_Vitis/PS_Alone_NoFPU/hw/PS_Only_ZyboZ7.xsa
TRACE::2025-09-30.11:07:12::SCWPlatform:: Unique name xilinx:zybo-z7-20::0.0
TRACE::2025-09-30.11:07:12::SCWPlatform::Trying to set the existing hwdb with name design_1_wrapper_8
TRACE::2025-09-30.11:07:12::SCWPlatform::Opened existing hwdb design_1_wrapper_8
TRACE::2025-09-30.11:07:12::SCWPlatform::Found the Hw Db part of the input DSA
TRACE::2025-09-30.11:07:12::SCWMssOS::Checking the sw design at  D:/Projet_Vitis/PS_Alone_NoFPU/ps7_cortexa9_0/standalone_domain/bsp/system.mss
TRACE::2025-09-30.11:07:12::SCWMssOS::DEBUG:  swdes dump  D:/Projet_Vitis/PS_Alone_NoFPU/ps7_cortexa9_0/standalone_domain/bsp/system.mss|system_1||
D:/Projet_Vitis/PS_Alone_NoFPU/zynq_fsbl/zynq_fsbl_bsp/system.mss|system_0||
D:/Projet_Vitis/PS_Only_ZyboZ7/zynq_fsbl/zynq_fsbl_bsp/system.mss|system||

TRACE::2025-09-30.11:07:12::SCWMssOS::Sw design exists and opened at  D:/Projet_Vitis/PS_Alone_NoFPU/ps7_cortexa9_0/standalone_domain/bsp/system.mss
TRACE::2025-09-30.11:07:37::SCWPlatform::Trying to open the hw design at D:/Projet_Vitis/PS_Alone_NoFPU/hw/PS_Only_ZyboZ7.xsa
TRACE::2025-09-30.11:07:37::SCWPlatform::DSA given D:/Projet_Vitis/PS_Alone_NoFPU/hw/PS_Only_ZyboZ7.xsa
TRACE::2025-09-30.11:07:37::SCWPlatform::DSA absoulate path D:/Projet_Vitis/PS_Alone_NoFPU/hw/PS_Only_ZyboZ7.xsa
TRACE::2025-09-30.11:07:37::SCWPlatform::DSA directory D:/Projet_Vitis/PS_Alone_NoFPU/hw
TRACE::2025-09-30.11:07:37::SCWPlatform:: Platform Path D:/Projet_Vitis/PS_Alone_NoFPU/hw/PS_Only_ZyboZ7.xsa
TRACE::2025-09-30.11:07:37::SCWPlatform:: Unique name xilinx:zybo-z7-20::0.0
TRACE::2025-09-30.11:07:37::SCWPlatform::Trying to set the existing hwdb with name design_1_wrapper_8
TRACE::2025-09-30.11:07:37::SCWPlatform::Opened existing hwdb design_1_wrapper_8
TRACE::2025-09-30.11:07:37::SCWPlatform::Found the Hw Db part of the input DSA
TRACE::2025-09-30.11:07:37::SCWMssOS::Checking the sw design at  D:/Projet_Vitis/PS_Alone_NoFPU/ps7_cortexa9_0/standalone_domain/bsp/system.mss
TRACE::2025-09-30.11:07:37::SCWMssOS::DEBUG:  swdes dump  D:/Projet_Vitis/PS_Alone_NoFPU/ps7_cortexa9_0/standalone_domain/bsp/system.mss|system_1||
D:/Projet_Vitis/PS_Alone_NoFPU/zynq_fsbl/zynq_fsbl_bsp/system.mss|system_0||
D:/Projet_Vitis/PS_Only_ZyboZ7/zynq_fsbl/zynq_fsbl_bsp/system.mss|system||

TRACE::2025-09-30.11:07:37::SCWMssOS::Sw design exists and opened at  D:/Projet_Vitis/PS_Alone_NoFPU/ps7_cortexa9_0/standalone_domain/bsp/system.mss
TRACE::2025-09-30.11:07:37::SCWPlatform::Trying to open the hw design at D:/Projet_Vitis/PS_Alone_NoFPU/hw/PS_Only_ZyboZ7.xsa
TRACE::2025-09-30.11:07:37::SCWPlatform::DSA given D:/Projet_Vitis/PS_Alone_NoFPU/hw/PS_Only_ZyboZ7.xsa
TRACE::2025-09-30.11:07:37::SCWPlatform::DSA absoulate path D:/Projet_Vitis/PS_Alone_NoFPU/hw/PS_Only_ZyboZ7.xsa
TRACE::2025-09-30.11:07:37::SCWPlatform::DSA directory D:/Projet_Vitis/PS_Alone_NoFPU/hw
TRACE::2025-09-30.11:07:37::SCWPlatform:: Platform Path D:/Projet_Vitis/PS_Alone_NoFPU/hw/PS_Only_ZyboZ7.xsa
TRACE::2025-09-30.11:07:37::SCWPlatform:: Unique name xilinx:zybo-z7-20::0.0
TRACE::2025-09-30.11:07:37::SCWPlatform::Trying to set the existing hwdb with name design_1_wrapper_8
TRACE::2025-09-30.11:07:37::SCWPlatform::Opened existing hwdb design_1_wrapper_8
TRACE::2025-09-30.11:07:37::SCWPlatform::Found the Hw Db part of the input DSA
TRACE::2025-09-30.11:07:37::SCWMssOS::Checking the sw design at  D:/Projet_Vitis/PS_Alone_NoFPU/ps7_cortexa9_0/standalone_domain/bsp/system.mss
TRACE::2025-09-30.11:07:37::SCWMssOS::DEBUG:  swdes dump  D:/Projet_Vitis/PS_Alone_NoFPU/ps7_cortexa9_0/standalone_domain/bsp/system.mss|system_1||
D:/Projet_Vitis/PS_Alone_NoFPU/zynq_fsbl/zynq_fsbl_bsp/system.mss|system_0||
D:/Projet_Vitis/PS_Only_ZyboZ7/zynq_fsbl/zynq_fsbl_bsp/system.mss|system||

TRACE::2025-09-30.11:07:37::SCWMssOS::Sw design exists and opened at  D:/Projet_Vitis/PS_Alone_NoFPU/ps7_cortexa9_0/standalone_domain/bsp/system.mss
TRACE::2025-09-30.11:07:37::SCWPlatform::Trying to open the hw design at D:/Projet_Vitis/PS_Alone_NoFPU/hw/PS_Only_ZyboZ7.xsa
TRACE::2025-09-30.11:07:37::SCWPlatform::DSA given D:/Projet_Vitis/PS_Alone_NoFPU/hw/PS_Only_ZyboZ7.xsa
TRACE::2025-09-30.11:07:37::SCWPlatform::DSA absoulate path D:/Projet_Vitis/PS_Alone_NoFPU/hw/PS_Only_ZyboZ7.xsa
TRACE::2025-09-30.11:07:37::SCWPlatform::DSA directory D:/Projet_Vitis/PS_Alone_NoFPU/hw
TRACE::2025-09-30.11:07:37::SCWPlatform:: Platform Path D:/Projet_Vitis/PS_Alone_NoFPU/hw/PS_Only_ZyboZ7.xsa
TRACE::2025-09-30.11:07:37::SCWPlatform:: Unique name xilinx:zybo-z7-20::0.0
TRACE::2025-09-30.11:07:37::SCWPlatform::Trying to set the existing hwdb with name design_1_wrapper_8
TRACE::2025-09-30.11:07:37::SCWPlatform::Opened existing hwdb design_1_wrapper_8
TRACE::2025-09-30.11:07:37::SCWPlatform::Found the Hw Db part of the input DSA
TRACE::2025-09-30.11:07:37::SCWMssOS::Checking the sw design at  D:/Projet_Vitis/PS_Alone_NoFPU/ps7_cortexa9_0/standalone_domain/bsp/system.mss
TRACE::2025-09-30.11:07:37::SCWMssOS::DEBUG:  swdes dump  D:/Projet_Vitis/PS_Alone_NoFPU/ps7_cortexa9_0/standalone_domain/bsp/system.mss|system_1||
D:/Projet_Vitis/PS_Alone_NoFPU/zynq_fsbl/zynq_fsbl_bsp/system.mss|system_0||
D:/Projet_Vitis/PS_Only_ZyboZ7/zynq_fsbl/zynq_fsbl_bsp/system.mss|system||

TRACE::2025-09-30.11:07:37::SCWMssOS::Sw design exists and opened at  D:/Projet_Vitis/PS_Alone_NoFPU/ps7_cortexa9_0/standalone_domain/bsp/system.mss
TRACE::2025-09-30.11:07:37::SCWPlatform::Trying to open the hw design at D:/Projet_Vitis/PS_Alone_NoFPU/hw/PS_Only_ZyboZ7.xsa
TRACE::2025-09-30.11:07:37::SCWPlatform::DSA given D:/Projet_Vitis/PS_Alone_NoFPU/hw/PS_Only_ZyboZ7.xsa
TRACE::2025-09-30.11:07:37::SCWPlatform::DSA absoulate path D:/Projet_Vitis/PS_Alone_NoFPU/hw/PS_Only_ZyboZ7.xsa
TRACE::2025-09-30.11:07:37::SCWPlatform::DSA directory D:/Projet_Vitis/PS_Alone_NoFPU/hw
TRACE::2025-09-30.11:07:37::SCWPlatform:: Platform Path D:/Projet_Vitis/PS_Alone_NoFPU/hw/PS_Only_ZyboZ7.xsa
TRACE::2025-09-30.11:07:37::SCWPlatform:: Unique name xilinx:zybo-z7-20::0.0
TRACE::2025-09-30.11:07:37::SCWPlatform::Trying to set the existing hwdb with name design_1_wrapper_8
TRACE::2025-09-30.11:07:37::SCWPlatform::Opened existing hwdb design_1_wrapper_8
TRACE::2025-09-30.11:07:37::SCWPlatform::Found the Hw Db part of the input DSA
TRACE::2025-09-30.11:07:37::SCWMssOS::Checking the sw design at  D:/Projet_Vitis/PS_Alone_NoFPU/ps7_cortexa9_0/standalone_domain/bsp/system.mss
TRACE::2025-09-30.11:07:37::SCWMssOS::DEBUG:  swdes dump  D:/Projet_Vitis/PS_Alone_NoFPU/ps7_cortexa9_0/standalone_domain/bsp/system.mss|system_1||
D:/Projet_Vitis/PS_Alone_NoFPU/zynq_fsbl/zynq_fsbl_bsp/system.mss|system_0||
D:/Projet_Vitis/PS_Only_ZyboZ7/zynq_fsbl/zynq_fsbl_bsp/system.mss|system||

TRACE::2025-09-30.11:07:37::SCWMssOS::Sw design exists and opened at  D:/Projet_Vitis/PS_Alone_NoFPU/ps7_cortexa9_0/standalone_domain/bsp/system.mss
TRACE::2025-09-30.11:07:37::SCWMssOS::Saving the mss changes D:/Projet_Vitis/PS_Alone_NoFPU/zynq_fsbl/zynq_fsbl_bsp/system.mss
TRACE::2025-09-30.11:07:37::SCWMssOS::Found a swdesign opened with the mssfile.
TRACE::2025-09-30.11:07:38::SCWMssOS::Running validate of swdbs.
KEYINFO::2025-09-30.11:07:38::SCWMssOS::Could not open the swdb for system_0
KEYINFO::2025-09-30.11:07:38::SCWMssOS::Could not open the sw design at  system_0
ERROR: [Hsi 55-1558] Software Design system_0 is not found

TRACE::2025-09-30.11:07:38::SCWMssOS::Cleared the swdb table entry
TRACE::2025-09-30.11:07:38::SCWMssOS::Adding the swdes entry, mss present, able to open swdb D:/Projet_Vitis/PS_Alone_NoFPU/zynq_fsbl/zynq_fsbl_bsp/system.mss with des name system_0
TRACE::2025-09-30.11:07:38::SCWMssOS::Writing the mss file completed D:/Projet_Vitis/PS_Alone_NoFPU/zynq_fsbl/zynq_fsbl_bsp/system.mss
TRACE::2025-09-30.11:07:38::SCWMssOS::Commit changes completed.
TRACE::2025-09-30.11:07:38::SCWMssOS::Saving the mss changes D:/Projet_Vitis/PS_Alone_NoFPU/ps7_cortexa9_0/standalone_domain/bsp/system.mss
TRACE::2025-09-30.11:07:38::SCWMssOS::Found a swdesign opened with the mssfile.
TRACE::2025-09-30.11:07:38::SCWMssOS::Completed writemss as part of save.
TRACE::2025-09-30.11:07:38::SCWMssOS::Commit changes completed.
TRACE::2025-09-30.11:07:38::SCWPlatform::Trying to open the hw design at D:/Projet_Vitis/PS_Alone_NoFPU/hw/PS_Only_ZyboZ7.xsa
TRACE::2025-09-30.11:07:38::SCWPlatform::DSA given D:/Projet_Vitis/PS_Alone_NoFPU/hw/PS_Only_ZyboZ7.xsa
TRACE::2025-09-30.11:07:38::SCWPlatform::DSA absoulate path D:/Projet_Vitis/PS_Alone_NoFPU/hw/PS_Only_ZyboZ7.xsa
TRACE::2025-09-30.11:07:38::SCWPlatform::DSA directory D:/Projet_Vitis/PS_Alone_NoFPU/hw
TRACE::2025-09-30.11:07:38::SCWPlatform:: Platform Path D:/Projet_Vitis/PS_Alone_NoFPU/hw/PS_Only_ZyboZ7.xsa
TRACE::2025-09-30.11:07:38::SCWPlatform:: Unique name xilinx:zybo-z7-20::0.0
TRACE::2025-09-30.11:07:38::SCWPlatform::Trying to set the existing hwdb with name design_1_wrapper_8
TRACE::2025-09-30.11:07:38::SCWPlatform::Opened existing hwdb design_1_wrapper_8
TRACE::2025-09-30.11:07:38::SCWPlatform::Found the Hw Db part of the input DSA
TRACE::2025-09-30.11:07:38::SCWMssOS::Checking the sw design at  D:/Projet_Vitis/PS_Alone_NoFPU/zynq_fsbl/zynq_fsbl_bsp/system.mss
TRACE::2025-09-30.11:07:38::SCWMssOS::DEBUG:  swdes dump  D:/Projet_Vitis/PS_Alone_NoFPU/ps7_cortexa9_0/standalone_domain/bsp/system.mss|system_1||
D:/Projet_Vitis/PS_Alone_NoFPU/zynq_fsbl/zynq_fsbl_bsp/system.mss|system_0||
D:/Projet_Vitis/PS_Only_ZyboZ7/zynq_fsbl/zynq_fsbl_bsp/system.mss|system||

TRACE::2025-09-30.11:07:38::SCWMssOS::Sw design exists and opened at  D:/Projet_Vitis/PS_Alone_NoFPU/zynq_fsbl/zynq_fsbl_bsp/system.mss
TRACE::2025-09-30.11:07:38::SCWPlatform::Trying to open the hw design at D:/Projet_Vitis/PS_Alone_NoFPU/hw/PS_Only_ZyboZ7.xsa
TRACE::2025-09-30.11:07:38::SCWPlatform::DSA given D:/Projet_Vitis/PS_Alone_NoFPU/hw/PS_Only_ZyboZ7.xsa
TRACE::2025-09-30.11:07:38::SCWPlatform::DSA absoulate path D:/Projet_Vitis/PS_Alone_NoFPU/hw/PS_Only_ZyboZ7.xsa
TRACE::2025-09-30.11:07:38::SCWPlatform::DSA directory D:/Projet_Vitis/PS_Alone_NoFPU/hw
TRACE::2025-09-30.11:07:38::SCWPlatform:: Platform Path D:/Projet_Vitis/PS_Alone_NoFPU/hw/PS_Only_ZyboZ7.xsa
TRACE::2025-09-30.11:07:38::SCWPlatform:: Unique name xilinx:zybo-z7-20::0.0
TRACE::2025-09-30.11:07:38::SCWPlatform::Trying to set the existing hwdb with name design_1_wrapper_8
TRACE::2025-09-30.11:07:38::SCWPlatform::Opened existing hwdb design_1_wrapper_8
TRACE::2025-09-30.11:07:38::SCWPlatform::Found the Hw Db part of the input DSA
TRACE::2025-09-30.11:07:38::SCWMssOS::Checking the sw design at  D:/Projet_Vitis/PS_Alone_NoFPU/ps7_cortexa9_0/standalone_domain/bsp/system.mss
TRACE::2025-09-30.11:07:38::SCWMssOS::DEBUG:  swdes dump  D:/Projet_Vitis/PS_Alone_NoFPU/ps7_cortexa9_0/standalone_domain/bsp/system.mss|system_1||
D:/Projet_Vitis/PS_Alone_NoFPU/zynq_fsbl/zynq_fsbl_bsp/system.mss|system_0||
D:/Projet_Vitis/PS_Only_ZyboZ7/zynq_fsbl/zynq_fsbl_bsp/system.mss|system||

TRACE::2025-09-30.11:07:38::SCWMssOS::Sw design exists and opened at  D:/Projet_Vitis/PS_Alone_NoFPU/ps7_cortexa9_0/standalone_domain/bsp/system.mss
TRACE::2025-09-30.11:07:38::SCWWriter::formatted JSON is {
	"platformName":	"PS_Alone_NoFPU",
	"sprVersion":	"2.0",
	"mode":	"gui",
	"dsaType":	"Fixed",
	"platformDesc":	"PS_Alone_NoFPU",
	"platHandOff":	"D:/Projet_Vitis/PS_Only_ZyboZ7.xsa",
	"platIntHandOff":	"<platformDir>/hw/PS_Only_ZyboZ7.xsa",
	"deviceType":	"zynq",
	"platIsPrebuiltAutogen":	"false",
	"platIsNoBootBsp":	"false",
	"hasFsblMakeHasChanges":	"false",
	"hasPmufwMakeHasChanges":	"false",
	"fsblExtraCompilerFlags":	"-MMD -MP       -mcpu=cortex-a9 -mfpu=vfpv3 -mfloat-abi=hard ",
	"platPreBuiltFlag":	false,
	"platformSamplesDir":	"",
	"platActiveSys":	"PS_Alone_NoFPU",
	"systems":	[{
			"systemName":	"PS_Alone_NoFPU",
			"systemDesc":	"PS_Alone_NoFPU",
			"sysIsBootAutoGen":	"true",
			"systemDispName":	"PS_Alone_NoFPU",
			"sysActiveDom":	"standalone_domain",
			"sysDefaultDom":	"standalone_domain",
			"domains":	[{
					"domainName":	"zynq_fsbl",
					"domainDispName":	"zynq_fsbl",
					"domainDesc":	"FSBL Application BSP - Auto Generated.",
					"processors":	"ps7_cortexa9_0",
					"os":	"standalone",
					"sdxOs":	"standalone",
					"debugEnable":	"",
					"domRuntimes":	["cpp"],
					"swRepo":	"",
					"mssOsVer":	"7.3",
					"mssFile":	"",
					"md5Digest":	"ecd307a65fb430472c9c112c562c9f60",
					"compatibleApp":	"zynq_fsbl",
					"domType":	"bootDomain",
					"arch":	"32-bit",
					"appSettings":	{
						"appCompilerFlags":	"",
						"appLinkerFlags":	""
					},
					"addedLibs":	["xilffs:4.4", "xilrsa:1.6"],
					"libOptions":	{
						"ps7_cortexa9_0":	{
							"extra_compiler_flags":	"-mcpu=cortex-a9 -mfpu=vfpv3 -mfloat-abi=soft -nostartfiles -g -Wall -Wextra",
							"libOptionNames":	["extra_compiler_flags"]
						},
						"libsContainingOptions":	["ps7_cortexa9_0"]
					},
					"prebuiltLibs":	{
						"prebuiltIncPath":	[],
						"prebuiltLibPath":	[]
					},
					"isolation":	{
					}
				}, {
					"domainName":	"standalone_domain",
					"domainDispName":	"standalone on ps7_cortexa9_0",
					"domainDesc":	"standalone_domain",
					"processors":	"ps7_cortexa9_0",
					"os":	"standalone",
					"sdxOs":	"standalone",
					"qemuArgs":	"C:/Xilinx/Vitis/2020.2/data/emulation/platforms/zynq/sw/a9_standalone/qemu/qemu_args.txt",
					"qemuData":	"C:/Xilinx/Vitis/2020.2/data/emulation/platforms/zynq/sw/a9_standalone/qemu/",
					"debugEnable":	"False",
					"domRuntimes":	["cpp"],
					"swRepo":	"",
					"mssOsVer":	"7.3",
					"mssFile":	"",
					"md5Digest":	"ea3a8c353fcc4eb0b32c84eda9a1f60f",
					"compatibleApp":	"",
					"domType":	"mssDomain",
					"appSettings":	{
						"appCompilerFlags":	"",
						"appLinkerFlags":	""
					},
					"addedLibs":	[],
					"libOptions":	{
						"ps7_cortexa9_0":	{
							"extra_compiler_flags":	"-mcpu=cortex-a9 -mfpu=vfpv3 -mfloat-abi=soft -nostartfiles -g -Wall -Wextra",
							"libOptionNames":	["extra_compiler_flags"]
						},
						"libsContainingOptions":	["ps7_cortexa9_0"]
					},
					"prebuiltLibs":	{
						"prebuiltIncPath":	[],
						"prebuiltLibPath":	[]
					},
					"isolation":	{
					}
				}]
		}]
}
TRACE::2025-09-30.11:07:38::SCWMssOS::Saving the mss changes D:/Projet_Vitis/PS_Alone_NoFPU/ps7_cortexa9_0/standalone_domain/bsp/system.mss
TRACE::2025-09-30.11:07:38::SCWMssOS::Found a swdesign opened with the mssfile.
TRACE::2025-09-30.11:07:38::SCWMssOS::Completed writemss as part of save.
TRACE::2025-09-30.11:07:38::SCWMssOS::Commit changes completed.
TRACE::2025-09-30.11:07:38::SCWPlatform::Trying to open the hw design at D:/Projet_Vitis/PS_Alone_NoFPU/hw/PS_Only_ZyboZ7.xsa
TRACE::2025-09-30.11:07:38::SCWPlatform::DSA given D:/Projet_Vitis/PS_Alone_NoFPU/hw/PS_Only_ZyboZ7.xsa
TRACE::2025-09-30.11:07:38::SCWPlatform::DSA absoulate path D:/Projet_Vitis/PS_Alone_NoFPU/hw/PS_Only_ZyboZ7.xsa
TRACE::2025-09-30.11:07:38::SCWPlatform::DSA directory D:/Projet_Vitis/PS_Alone_NoFPU/hw
TRACE::2025-09-30.11:07:38::SCWPlatform:: Platform Path D:/Projet_Vitis/PS_Alone_NoFPU/hw/PS_Only_ZyboZ7.xsa
TRACE::2025-09-30.11:07:38::SCWPlatform:: Unique name xilinx:zybo-z7-20::0.0
TRACE::2025-09-30.11:07:38::SCWPlatform::Trying to set the existing hwdb with name design_1_wrapper_8
TRACE::2025-09-30.11:07:38::SCWPlatform::Opened existing hwdb design_1_wrapper_8
TRACE::2025-09-30.11:07:38::SCWPlatform::Found the Hw Db part of the input DSA
TRACE::2025-09-30.11:07:38::SCWMssOS::Checking the sw design at  D:/Projet_Vitis/PS_Alone_NoFPU/ps7_cortexa9_0/standalone_domain/bsp/system.mss
TRACE::2025-09-30.11:07:38::SCWMssOS::DEBUG:  swdes dump  D:/Projet_Vitis/PS_Alone_NoFPU/ps7_cortexa9_0/standalone_domain/bsp/system.mss|system_1||
D:/Projet_Vitis/PS_Alone_NoFPU/zynq_fsbl/zynq_fsbl_bsp/system.mss|system_0||
D:/Projet_Vitis/PS_Only_ZyboZ7/zynq_fsbl/zynq_fsbl_bsp/system.mss|system||

TRACE::2025-09-30.11:07:38::SCWMssOS::Sw design exists and opened at  D:/Projet_Vitis/PS_Alone_NoFPU/ps7_cortexa9_0/standalone_domain/bsp/system.mss
TRACE::2025-09-30.11:07:38::SCWMssOS::Removing the swdes entry for  D:/Projet_Vitis/PS_Alone_NoFPU/ps7_cortexa9_0/standalone_domain/bsp/system.mss
TRACE::2025-09-30.11:07:40::SCWMssOS::In reload Mss file.
TRACE::2025-09-30.11:07:40::SCWPlatform::Trying to open the hw design at D:/Projet_Vitis/PS_Alone_NoFPU/hw/PS_Only_ZyboZ7.xsa
TRACE::2025-09-30.11:07:40::SCWPlatform::DSA given D:/Projet_Vitis/PS_Alone_NoFPU/hw/PS_Only_ZyboZ7.xsa
TRACE::2025-09-30.11:07:40::SCWPlatform::DSA absoulate path D:/Projet_Vitis/PS_Alone_NoFPU/hw/PS_Only_ZyboZ7.xsa
TRACE::2025-09-30.11:07:40::SCWPlatform::DSA directory D:/Projet_Vitis/PS_Alone_NoFPU/hw
TRACE::2025-09-30.11:07:40::SCWPlatform:: Platform Path D:/Projet_Vitis/PS_Alone_NoFPU/hw/PS_Only_ZyboZ7.xsa
TRACE::2025-09-30.11:07:40::SCWPlatform:: Unique name xilinx:zybo-z7-20::0.0
TRACE::2025-09-30.11:07:40::SCWPlatform::Trying to set the existing hwdb with name design_1_wrapper_8
TRACE::2025-09-30.11:07:40::SCWPlatform::Opened existing hwdb design_1_wrapper_8
TRACE::2025-09-30.11:07:40::SCWPlatform::Found the Hw Db part of the input DSA
TRACE::2025-09-30.11:07:40::SCWMssOS::Checking the sw design at  D:/Projet_Vitis/PS_Alone_NoFPU/ps7_cortexa9_0/standalone_domain/bsp/system.mss
TRACE::2025-09-30.11:07:40::SCWMssOS::DEBUG:  swdes dump  D:/Projet_Vitis/PS_Alone_NoFPU/zynq_fsbl/zynq_fsbl_bsp/system.mss|system_0||
D:/Projet_Vitis/PS_Only_ZyboZ7/zynq_fsbl/zynq_fsbl_bsp/system.mss|system||

TRACE::2025-09-30.11:07:40::SCWMssOS::No sw design opened at  D:/Projet_Vitis/PS_Alone_NoFPU/ps7_cortexa9_0/standalone_domain/bsp/system.mss
TRACE::2025-09-30.11:07:40::SCWMssOS::mss exists loading the mss file  D:/Projet_Vitis/PS_Alone_NoFPU/ps7_cortexa9_0/standalone_domain/bsp/system.mss
TRACE::2025-09-30.11:07:40::SCWMssOS::Opened the sw design from mss  D:/Projet_Vitis/PS_Alone_NoFPU/ps7_cortexa9_0/standalone_domain/bsp/system.mss
TRACE::2025-09-30.11:07:40::SCWMssOS::Adding the swdes entry D:/Projet_Vitis/PS_Alone_NoFPU/ps7_cortexa9_0/standalone_domain/bsp/system.mss with des name system_1
TRACE::2025-09-30.11:07:40::SCWMssOS::updating the scw layer about changes
TRACE::2025-09-30.11:07:40::SCWMssOS::Opened the sw design.  D:/Projet_Vitis/PS_Alone_NoFPU/ps7_cortexa9_0/standalone_domain/bsp/system.mss
TRACE::2025-09-30.11:07:40::SCWPlatform::Trying to open the hw design at D:/Projet_Vitis/PS_Alone_NoFPU/hw/PS_Only_ZyboZ7.xsa
TRACE::2025-09-30.11:07:40::SCWPlatform::DSA given D:/Projet_Vitis/PS_Alone_NoFPU/hw/PS_Only_ZyboZ7.xsa
TRACE::2025-09-30.11:07:40::SCWPlatform::DSA absoulate path D:/Projet_Vitis/PS_Alone_NoFPU/hw/PS_Only_ZyboZ7.xsa
TRACE::2025-09-30.11:07:40::SCWPlatform::DSA directory D:/Projet_Vitis/PS_Alone_NoFPU/hw
TRACE::2025-09-30.11:07:40::SCWPlatform:: Platform Path D:/Projet_Vitis/PS_Alone_NoFPU/hw/PS_Only_ZyboZ7.xsa
TRACE::2025-09-30.11:07:40::SCWPlatform:: Unique name xilinx:zybo-z7-20::0.0
TRACE::2025-09-30.11:07:40::SCWPlatform::Trying to set the existing hwdb with name design_1_wrapper_8
TRACE::2025-09-30.11:07:40::SCWPlatform::Opened existing hwdb design_1_wrapper_8
TRACE::2025-09-30.11:07:40::SCWPlatform::Found the Hw Db part of the input DSA
TRACE::2025-09-30.11:07:40::SCWMssOS::Checking the sw design at  D:/Projet_Vitis/PS_Alone_NoFPU/ps7_cortexa9_0/standalone_domain/bsp/system.mss
TRACE::2025-09-30.11:07:41::SCWMssOS::DEBUG:  swdes dump  D:/Projet_Vitis/PS_Alone_NoFPU/ps7_cortexa9_0/standalone_domain/bsp/system.mss|system_1||
D:/Projet_Vitis/PS_Alone_NoFPU/zynq_fsbl/zynq_fsbl_bsp/system.mss|system_0||
D:/Projet_Vitis/PS_Only_ZyboZ7/zynq_fsbl/zynq_fsbl_bsp/system.mss|system||

TRACE::2025-09-30.11:07:41::SCWMssOS::Sw design exists and opened at  D:/Projet_Vitis/PS_Alone_NoFPU/ps7_cortexa9_0/standalone_domain/bsp/system.mss
TRACE::2025-09-30.11:07:41::SCWPlatform::Trying to open the hw design at D:/Projet_Vitis/PS_Alone_NoFPU/hw/PS_Only_ZyboZ7.xsa
TRACE::2025-09-30.11:07:41::SCWPlatform::DSA given D:/Projet_Vitis/PS_Alone_NoFPU/hw/PS_Only_ZyboZ7.xsa
TRACE::2025-09-30.11:07:41::SCWPlatform::DSA absoulate path D:/Projet_Vitis/PS_Alone_NoFPU/hw/PS_Only_ZyboZ7.xsa
TRACE::2025-09-30.11:07:41::SCWPlatform::DSA directory D:/Projet_Vitis/PS_Alone_NoFPU/hw
TRACE::2025-09-30.11:07:41::SCWPlatform:: Platform Path D:/Projet_Vitis/PS_Alone_NoFPU/hw/PS_Only_ZyboZ7.xsa
TRACE::2025-09-30.11:07:41::SCWPlatform:: Unique name xilinx:zybo-z7-20::0.0
TRACE::2025-09-30.11:07:41::SCWPlatform::Trying to set the existing hwdb with name design_1_wrapper_8
TRACE::2025-09-30.11:07:41::SCWPlatform::Opened existing hwdb design_1_wrapper_8
TRACE::2025-09-30.11:07:41::SCWPlatform::Found the Hw Db part of the input DSA
TRACE::2025-09-30.11:07:41::SCWMssOS::Checking the sw design at  D:/Projet_Vitis/PS_Alone_NoFPU/ps7_cortexa9_0/standalone_domain/bsp/system.mss
TRACE::2025-09-30.11:07:41::SCWMssOS::DEBUG:  swdes dump  D:/Projet_Vitis/PS_Alone_NoFPU/ps7_cortexa9_0/standalone_domain/bsp/system.mss|system_1||
D:/Projet_Vitis/PS_Alone_NoFPU/zynq_fsbl/zynq_fsbl_bsp/system.mss|system_0||
D:/Projet_Vitis/PS_Only_ZyboZ7/zynq_fsbl/zynq_fsbl_bsp/system.mss|system||

TRACE::2025-09-30.11:07:41::SCWMssOS::Sw design exists and opened at  D:/Projet_Vitis/PS_Alone_NoFPU/ps7_cortexa9_0/standalone_domain/bsp/system.mss
TRACE::2025-09-30.11:07:41::SCWMssOS::Saving the mss changes D:/Projet_Vitis/PS_Alone_NoFPU/ps7_cortexa9_0/standalone_domain/bsp/system.mss
TRACE::2025-09-30.11:07:41::SCWMssOS::Found a swdesign opened with the mssfile.
TRACE::2025-09-30.11:07:41::SCWMssOS::Completed writemss as part of save.
TRACE::2025-09-30.11:07:41::SCWMssOS::Commit changes completed.
TRACE::2025-09-30.11:07:41::SCWPlatform::Trying to open the hw design at D:/Projet_Vitis/PS_Alone_NoFPU/hw/PS_Only_ZyboZ7.xsa
TRACE::2025-09-30.11:07:41::SCWPlatform::DSA given D:/Projet_Vitis/PS_Alone_NoFPU/hw/PS_Only_ZyboZ7.xsa
TRACE::2025-09-30.11:07:41::SCWPlatform::DSA absoulate path D:/Projet_Vitis/PS_Alone_NoFPU/hw/PS_Only_ZyboZ7.xsa
TRACE::2025-09-30.11:07:41::SCWPlatform::DSA directory D:/Projet_Vitis/PS_Alone_NoFPU/hw
TRACE::2025-09-30.11:07:41::SCWPlatform:: Platform Path D:/Projet_Vitis/PS_Alone_NoFPU/hw/PS_Only_ZyboZ7.xsa
TRACE::2025-09-30.11:07:41::SCWPlatform:: Unique name xilinx:zybo-z7-20::0.0
TRACE::2025-09-30.11:07:41::SCWPlatform::Trying to set the existing hwdb with name design_1_wrapper_8
TRACE::2025-09-30.11:07:41::SCWPlatform::Opened existing hwdb design_1_wrapper_8
TRACE::2025-09-30.11:07:41::SCWPlatform::Found the Hw Db part of the input DSA
TRACE::2025-09-30.11:07:41::SCWMssOS::Checking the sw design at  D:/Projet_Vitis/PS_Alone_NoFPU/ps7_cortexa9_0/standalone_domain/bsp/system.mss
TRACE::2025-09-30.11:07:41::SCWMssOS::DEBUG:  swdes dump  D:/Projet_Vitis/PS_Alone_NoFPU/ps7_cortexa9_0/standalone_domain/bsp/system.mss|system_1||
D:/Projet_Vitis/PS_Alone_NoFPU/zynq_fsbl/zynq_fsbl_bsp/system.mss|system_0||
D:/Projet_Vitis/PS_Only_ZyboZ7/zynq_fsbl/zynq_fsbl_bsp/system.mss|system||

TRACE::2025-09-30.11:07:41::SCWMssOS::Sw design exists and opened at  D:/Projet_Vitis/PS_Alone_NoFPU/ps7_cortexa9_0/standalone_domain/bsp/system.mss
TRACE::2025-09-30.11:07:41::SCWMssOS::Removing the swdes entry for  D:/Projet_Vitis/PS_Alone_NoFPU/ps7_cortexa9_0/standalone_domain/bsp/system.mss
TRACE::2025-09-30.11:07:41::SCWPlatform::Trying to open the hw design at D:/Projet_Vitis/PS_Alone_NoFPU/hw/PS_Only_ZyboZ7.xsa
TRACE::2025-09-30.11:07:41::SCWPlatform::DSA given D:/Projet_Vitis/PS_Alone_NoFPU/hw/PS_Only_ZyboZ7.xsa
TRACE::2025-09-30.11:07:41::SCWPlatform::DSA absoulate path D:/Projet_Vitis/PS_Alone_NoFPU/hw/PS_Only_ZyboZ7.xsa
TRACE::2025-09-30.11:07:41::SCWPlatform::DSA directory D:/Projet_Vitis/PS_Alone_NoFPU/hw
TRACE::2025-09-30.11:07:41::SCWPlatform:: Platform Path D:/Projet_Vitis/PS_Alone_NoFPU/hw/PS_Only_ZyboZ7.xsa
TRACE::2025-09-30.11:07:41::SCWPlatform:: Unique name xilinx:zybo-z7-20::0.0
TRACE::2025-09-30.11:07:41::SCWPlatform::Trying to set the existing hwdb with name design_1_wrapper_8
TRACE::2025-09-30.11:07:41::SCWPlatform::Opened existing hwdb design_1_wrapper_8
TRACE::2025-09-30.11:07:41::SCWPlatform::Found the Hw Db part of the input DSA
TRACE::2025-09-30.11:07:41::SCWMssOS::Checking the sw design at  D:/Projet_Vitis/PS_Alone_NoFPU/ps7_cortexa9_0/standalone_domain/bsp/system.mss
TRACE::2025-09-30.11:07:41::SCWMssOS::DEBUG:  swdes dump  D:/Projet_Vitis/PS_Alone_NoFPU/zynq_fsbl/zynq_fsbl_bsp/system.mss|system_0||
D:/Projet_Vitis/PS_Only_ZyboZ7/zynq_fsbl/zynq_fsbl_bsp/system.mss|system||

TRACE::2025-09-30.11:07:41::SCWMssOS::No sw design opened at  D:/Projet_Vitis/PS_Alone_NoFPU/ps7_cortexa9_0/standalone_domain/bsp/system.mss
TRACE::2025-09-30.11:07:41::SCWMssOS::mss exists loading the mss file  D:/Projet_Vitis/PS_Alone_NoFPU/ps7_cortexa9_0/standalone_domain/bsp/system.mss
TRACE::2025-09-30.11:07:42::SCWMssOS::Opened the sw design from mss  D:/Projet_Vitis/PS_Alone_NoFPU/ps7_cortexa9_0/standalone_domain/bsp/system.mss
TRACE::2025-09-30.11:07:42::SCWMssOS::Adding the swdes entry D:/Projet_Vitis/PS_Alone_NoFPU/ps7_cortexa9_0/standalone_domain/bsp/system.mss with des name system_1
TRACE::2025-09-30.11:07:42::SCWMssOS::updating the scw layer about changes
TRACE::2025-09-30.11:07:42::SCWMssOS::Opened the sw design.  D:/Projet_Vitis/PS_Alone_NoFPU/ps7_cortexa9_0/standalone_domain/bsp/system.mss
TRACE::2025-09-30.11:07:42::SCWMssOS::Completed writing the mss file at D:/Projet_Vitis/PS_Alone_NoFPU/ps7_cortexa9_0/standalone_domain/bsp
TRACE::2025-09-30.11:08:01::SCWMssOS::Forcing BSP Sources regeneration.
KEYINFO::2025-09-30.11:08:20::SCWMssOS::Removing file D:/Projet_Vitis/PS_Alone_NoFPU/ps7_cortexa9_0/standalone_domain/bsp\system_1.mss
TRACE::2025-09-30.11:12:54::SCWBDomain::System Command Ran  D:&  cd  D:/Projet_Vitis/PS_Alone_NoFPU/zynq_fsbl & make clean
TRACE::2025-09-30.11:12:54::SCWBDomain::rm -rf  sd.o  nand.o  nor.o  ps7_init.o  image_mover.o  md5.o  fsbl_hooks.o  main.o  rsa.o  qspi.o  pcap.o  fsbl_handoff.o zynq
TRACE::2025-09-30.11:12:54::SCWBDomain::_fsbl_bsp/ps7_cortexa9_0/lib/libxil.a fsbl.elf *.o

ERROR::2025-09-30.11:12:54::SCWSystem::Error in Processing the domain zynq_fsbl
LOG::2025-09-30.11:13:13::SCWPlatform::Started generating the artifacts platform PS_Alone_NoFPU
TRACE::2025-09-30.11:13:13::SCWPlatform::Sanity checking of platform is completed
LOG::2025-09-30.11:13:13::SCWPlatform::Started generating the artifacts for system configuration PS_Alone_NoFPU
LOG::2025-09-30.11:13:13::SCWSystem::Checking the domain zynq_fsbl
LOG::2025-09-30.11:13:13::SCWSystem::Doing application build for :  zynq_fsbl
TRACE::2025-09-30.11:13:13::SCWBDomain::Not a forced makefile updation, No changes are present. 
TRACE::2025-09-30.11:13:14::SCWDomain::Building the domain as part of full build :  zynq_fsbl
TRACE::2025-09-30.11:13:14::SCWPlatform::Trying to open the hw design at D:/Projet_Vitis/PS_Alone_NoFPU/hw/PS_Only_ZyboZ7.xsa
TRACE::2025-09-30.11:13:14::SCWPlatform::DSA given D:/Projet_Vitis/PS_Alone_NoFPU/hw/PS_Only_ZyboZ7.xsa
TRACE::2025-09-30.11:13:14::SCWPlatform::DSA absoulate path D:/Projet_Vitis/PS_Alone_NoFPU/hw/PS_Only_ZyboZ7.xsa
TRACE::2025-09-30.11:13:14::SCWPlatform::DSA directory D:/Projet_Vitis/PS_Alone_NoFPU/hw
TRACE::2025-09-30.11:13:14::SCWPlatform:: Platform Path D:/Projet_Vitis/PS_Alone_NoFPU/hw/PS_Only_ZyboZ7.xsa
TRACE::2025-09-30.11:13:14::SCWPlatform:: Unique name xilinx:zybo-z7-20::0.0
TRACE::2025-09-30.11:13:14::SCWPlatform::Trying to set the existing hwdb with name design_1_wrapper_8
TRACE::2025-09-30.11:13:14::SCWPlatform::Opened existing hwdb design_1_wrapper_8
TRACE::2025-09-30.11:13:14::SCWPlatform::Found the Hw Db part of the input DSA
TRACE::2025-09-30.11:13:14::SCWMssOS::Checking the sw design at  D:/Projet_Vitis/PS_Alone_NoFPU/zynq_fsbl/zynq_fsbl_bsp/system.mss
TRACE::2025-09-30.11:13:14::SCWMssOS::DEBUG:  swdes dump  D:/Projet_Vitis/PS_Alone_NoFPU/ps7_cortexa9_0/standalone_domain/bsp/system.mss|system_1||
D:/Projet_Vitis/PS_Alone_NoFPU/zynq_fsbl/zynq_fsbl_bsp/system.mss|system_0||
D:/Projet_Vitis/PS_Only_ZyboZ7/zynq_fsbl/zynq_fsbl_bsp/system.mss|system||

TRACE::2025-09-30.11:13:14::SCWMssOS::Sw design exists and opened at  D:/Projet_Vitis/PS_Alone_NoFPU/zynq_fsbl/zynq_fsbl_bsp/system.mss
TRACE::2025-09-30.11:13:14::SCWBDomain::Completed writing the mss file at D:/Projet_Vitis/PS_Alone_NoFPU/zynq_fsbl/zynq_fsbl_bsp
TRACE::2025-09-30.11:13:14::SCWBDomain::bsp generated is upto date with the mss file. Skipping bsp generation.
TRACE::2025-09-30.11:13:14::SCWBDomain::Not a forced makefile updation, No changes are present. 
TRACE::2025-09-30.11:13:14::SCWBDomain::System Command Ran  D:&  cd  D:/Projet_Vitis/PS_Alone_NoFPU/zynq_fsbl& make -C  zynq_fsbl_bsp & make 
TRACE::2025-09-30.11:13:14::SCWBDomain::make: Entering directory 'D:/Projet_Vitis/PS_Alone_NoFPU/zynq_fsbl/zynq_fsbl_bsp'

TRACE::2025-09-30.11:13:14::SCWBDomain::make --no-print-directory seq_libs

TRACE::2025-09-30.11:13:14::SCWBDomain::"Running Make include in ps7_cortexa9_0/libsrc/cpu_cortexa9_v2_10/src"

TRACE::2025-09-30.11:13:14::SCWBDomain::make -C ps7_cortexa9_0/libsrc/cpu_cortexa9_v2_10/src -s include  "SHELL=CMD" "COMPILER=arm-none-eabi-gcc" "ASSEMBLER=arm-none-e
TRACE::2025-09-30.11:13:14::SCWBDomain::abi-as" "ARCHIVER=arm-none-eabi-ar" "COMPILER_FLAGS=  -O2 -c" "EXTRA_COMPILER_FLAGS=-mcpu=cortex-a9 -mfpu=vfpv3 -mfloat-abi=sof
TRACE::2025-09-30.11:13:14::SCWBDomain::t -nostartfiles -g -Wall -Wextra"

TRACE::2025-09-30.11:13:14::SCWBDomain::"Running Make include in ps7_cortexa9_0/libsrc/standalone_v7_3/src"

TRACE::2025-09-30.11:13:14::SCWBDomain::make -C ps7_cortexa9_0/libsrc/standalone_v7_3/src -s include  "SHELL=CMD" "COMPILER=arm-none-eabi-gcc" "ASSEMBLER=arm-none-eabi
TRACE::2025-09-30.11:13:14::SCWBDomain::-as" "ARCHIVER=arm-none-eabi-ar" "COMPILER_FLAGS=  -O2 -c" "EXTRA_COMPILER_FLAGS=-mcpu=cortex-a9 -mfpu=vfpv3 -mfloat-abi=soft -
TRACE::2025-09-30.11:13:14::SCWBDomain::nostartfiles -g -Wall -Wextra"

TRACE::2025-09-30.11:13:17::SCWBDomain::"Running Make include in ps7_cortexa9_0/libsrc/xilffs_v4_4/src"

TRACE::2025-09-30.11:13:17::SCWBDomain::make -C ps7_cortexa9_0/libsrc/xilffs_v4_4/src -s include  "SHELL=CMD" "COMPILER=arm-none-eabi-gcc" "ASSEMBLER=arm-none-eabi-as"
TRACE::2025-09-30.11:13:17::SCWBDomain:: "ARCHIVER=arm-none-eabi-ar" "COMPILER_FLAGS=  -O2 -c" "EXTRA_COMPILER_FLAGS=-mcpu=cortex-a9 -mfpu=vfpv3 -mfloat-abi=soft -nost
TRACE::2025-09-30.11:13:17::SCWBDomain::artfiles -g -Wall -Wextra"

TRACE::2025-09-30.11:13:17::SCWBDomain::"Running Make include in ps7_cortexa9_0/libsrc/xilrsa_v1_6/src"

TRACE::2025-09-30.11:13:17::SCWBDomain::make -C ps7_cortexa9_0/libsrc/xilrsa_v1_6/src -s include  "SHELL=CMD" "COMPILER=arm-none-eabi-gcc" "ASSEMBLER=arm-none-eabi-as"
TRACE::2025-09-30.11:13:17::SCWBDomain:: "ARCHIVER=arm-none-eabi-ar" "COMPILER_FLAGS=  -O2 -c" "EXTRA_COMPILER_FLAGS=-mcpu=cortex-a9 -mfpu=vfpv3 -mfloat-abi=soft -nost
TRACE::2025-09-30.11:13:17::SCWBDomain::artfiles -g -Wall -Wextra"

TRACE::2025-09-30.11:13:17::SCWBDomain::"Running Make include in ps7_cortexa9_0/libsrc/coresightps_dcc_v1_8/src"

TRACE::2025-09-30.11:13:17::SCWBDomain::make -C ps7_cortexa9_0/libsrc/coresightps_dcc_v1_8/src -s include  "SHELL=CMD" "COMPILER=arm-none-eabi-gcc" "ASSEMBLER=arm-none
TRACE::2025-09-30.11:13:17::SCWBDomain::-eabi-as" "ARCHIVER=arm-none-eabi-ar" "COMPILER_FLAGS=  -O2 -c" "EXTRA_COMPILER_FLAGS=-mcpu=cortex-a9 -mfpu=vfpv3 -mfloat-abi=s
TRACE::2025-09-30.11:13:17::SCWBDomain::oft -nostartfiles -g -Wall -Wextra"

TRACE::2025-09-30.11:13:17::SCWBDomain::"Running Make include in ps7_cortexa9_0/libsrc/ddrps_v1_2/src"

TRACE::2025-09-30.11:13:17::SCWBDomain::make -C ps7_cortexa9_0/libsrc/ddrps_v1_2/src -s include  "SHELL=CMD" "COMPILER=arm-none-eabi-gcc" "ASSEMBLER=arm-none-eabi-as" 
TRACE::2025-09-30.11:13:17::SCWBDomain::"ARCHIVER=arm-none-eabi-ar" "COMPILER_FLAGS=  -O2 -c" "EXTRA_COMPILER_FLAGS=-mcpu=cortex-a9 -mfpu=vfpv3 -mfloat-abi=soft -nosta
TRACE::2025-09-30.11:13:17::SCWBDomain::rtfiles -g -Wall -Wextra"

TRACE::2025-09-30.11:13:17::SCWBDomain::"Running Make include in ps7_cortexa9_0/libsrc/devcfg_v3_7/src"

TRACE::2025-09-30.11:13:17::SCWBDomain::make -C ps7_cortexa9_0/libsrc/devcfg_v3_7/src -s include  "SHELL=CMD" "COMPILER=arm-none-eabi-gcc" "ASSEMBLER=arm-none-eabi-as"
TRACE::2025-09-30.11:13:17::SCWBDomain:: "ARCHIVER=arm-none-eabi-ar" "COMPILER_FLAGS=  -O2 -c" "EXTRA_COMPILER_FLAGS=-mcpu=cortex-a9 -mfpu=vfpv3 -mfloat-abi=soft -nost
TRACE::2025-09-30.11:13:17::SCWBDomain::artfiles -g -Wall -Wextra"

TRACE::2025-09-30.11:13:18::SCWBDomain::"Running Make include in ps7_cortexa9_0/libsrc/dmaps_v2_7/src"

TRACE::2025-09-30.11:13:18::SCWBDomain::make -C ps7_cortexa9_0/libsrc/dmaps_v2_7/src -s include  "SHELL=CMD" "COMPILER=arm-none-eabi-gcc" "ASSEMBLER=arm-none-eabi-as" 
TRACE::2025-09-30.11:13:18::SCWBDomain::"ARCHIVER=arm-none-eabi-ar" "COMPILER_FLAGS=  -O2 -c" "EXTRA_COMPILER_FLAGS=-mcpu=cortex-a9 -mfpu=vfpv3 -mfloat-abi=soft -nosta
TRACE::2025-09-30.11:13:18::SCWBDomain::rtfiles -g -Wall -Wextra"

TRACE::2025-09-30.11:13:18::SCWBDomain::"Running Make include in ps7_cortexa9_0/libsrc/emacps_v3_12/src"

TRACE::2025-09-30.11:13:18::SCWBDomain::make -C ps7_cortexa9_0/libsrc/emacps_v3_12/src -s include  "SHELL=CMD" "COMPILER=arm-none-eabi-gcc" "ASSEMBLER=arm-none-eabi-as
TRACE::2025-09-30.11:13:18::SCWBDomain::" "ARCHIVER=arm-none-eabi-ar" "COMPILER_FLAGS=  -O2 -c" "EXTRA_COMPILER_FLAGS=-mcpu=cortex-a9 -mfpu=vfpv3 -mfloat-abi=soft -nos
TRACE::2025-09-30.11:13:18::SCWBDomain::tartfiles -g -Wall -Wextra"

TRACE::2025-09-30.11:13:18::SCWBDomain::"Running Make include in ps7_cortexa9_0/libsrc/gpiops_v3_8/src"

TRACE::2025-09-30.11:13:18::SCWBDomain::make -C ps7_cortexa9_0/libsrc/gpiops_v3_8/src -s include  "SHELL=CMD" "COMPILER=arm-none-eabi-gcc" "ASSEMBLER=arm-none-eabi-as"
TRACE::2025-09-30.11:13:18::SCWBDomain:: "ARCHIVER=arm-none-eabi-ar" "COMPILER_FLAGS=  -O2 -c" "EXTRA_COMPILER_FLAGS=-mcpu=cortex-a9 -mfpu=vfpv3 -mfloat-abi=soft -nost
TRACE::2025-09-30.11:13:18::SCWBDomain::artfiles -g -Wall -Wextra"

TRACE::2025-09-30.11:13:18::SCWBDomain::"Running Make include in ps7_cortexa9_0/libsrc/qspips_v3_8/src"

TRACE::2025-09-30.11:13:18::SCWBDomain::make -C ps7_cortexa9_0/libsrc/qspips_v3_8/src -s include  "SHELL=CMD" "COMPILER=arm-none-eabi-gcc" "ASSEMBLER=arm-none-eabi-as"
TRACE::2025-09-30.11:13:18::SCWBDomain:: "ARCHIVER=arm-none-eabi-ar" "COMPILER_FLAGS=  -O2 -c" "EXTRA_COMPILER_FLAGS=-mcpu=cortex-a9 -mfpu=vfpv3 -mfloat-abi=soft -nost
TRACE::2025-09-30.11:13:18::SCWBDomain::artfiles -g -Wall -Wextra"

TRACE::2025-09-30.11:13:19::SCWBDomain::"Running Make include in ps7_cortexa9_0/libsrc/scugic_v4_3/src"

TRACE::2025-09-30.11:13:19::SCWBDomain::make -C ps7_cortexa9_0/libsrc/scugic_v4_3/src -s include  "SHELL=CMD" "COMPILER=arm-none-eabi-gcc" "ASSEMBLER=arm-none-eabi-as"
TRACE::2025-09-30.11:13:19::SCWBDomain:: "ARCHIVER=arm-none-eabi-ar" "COMPILER_FLAGS=  -O2 -c" "EXTRA_COMPILER_FLAGS=-mcpu=cortex-a9 -mfpu=vfpv3 -mfloat-abi=soft -nost
TRACE::2025-09-30.11:13:19::SCWBDomain::artfiles -g -Wall -Wextra"

TRACE::2025-09-30.11:13:19::SCWBDomain::"Running Make include in ps7_cortexa9_0/libsrc/scutimer_v2_3/src"

TRACE::2025-09-30.11:13:19::SCWBDomain::make -C ps7_cortexa9_0/libsrc/scutimer_v2_3/src -s include  "SHELL=CMD" "COMPILER=arm-none-eabi-gcc" "ASSEMBLER=arm-none-eabi-a
TRACE::2025-09-30.11:13:19::SCWBDomain::s" "ARCHIVER=arm-none-eabi-ar" "COMPILER_FLAGS=  -O2 -c" "EXTRA_COMPILER_FLAGS=-mcpu=cortex-a9 -mfpu=vfpv3 -mfloat-abi=soft -no
TRACE::2025-09-30.11:13:19::SCWBDomain::startfiles -g -Wall -Wextra"

TRACE::2025-09-30.11:13:19::SCWBDomain::"Running Make include in ps7_cortexa9_0/libsrc/scuwdt_v2_3/src"

TRACE::2025-09-30.11:13:19::SCWBDomain::make -C ps7_cortexa9_0/libsrc/scuwdt_v2_3/src -s include  "SHELL=CMD" "COMPILER=arm-none-eabi-gcc" "ASSEMBLER=arm-none-eabi-as"
TRACE::2025-09-30.11:13:19::SCWBDomain:: "ARCHIVER=arm-none-eabi-ar" "COMPILER_FLAGS=  -O2 -c" "EXTRA_COMPILER_FLAGS=-mcpu=cortex-a9 -mfpu=vfpv3 -mfloat-abi=soft -nost
TRACE::2025-09-30.11:13:19::SCWBDomain::artfiles -g -Wall -Wextra"

TRACE::2025-09-30.11:13:19::SCWBDomain::"Running Make include in ps7_cortexa9_0/libsrc/sdps_v3_10/src"

TRACE::2025-09-30.11:13:19::SCWBDomain::make -C ps7_cortexa9_0/libsrc/sdps_v3_10/src -s include  "SHELL=CMD" "COMPILER=arm-none-eabi-gcc" "ASSEMBLER=arm-none-eabi-as" 
TRACE::2025-09-30.11:13:19::SCWBDomain::"ARCHIVER=arm-none-eabi-ar" "COMPILER_FLAGS=  -O2 -c" "EXTRA_COMPILER_FLAGS=-mcpu=cortex-a9 -mfpu=vfpv3 -mfloat-abi=soft -nosta
TRACE::2025-09-30.11:13:19::SCWBDomain::rtfiles -g -Wall -Wextra"

TRACE::2025-09-30.11:13:20::SCWBDomain::"Running Make include in ps7_cortexa9_0/libsrc/uartps_v3_10/src"

TRACE::2025-09-30.11:13:20::SCWBDomain::make -C ps7_cortexa9_0/libsrc/uartps_v3_10/src -s include  "SHELL=CMD" "COMPILER=arm-none-eabi-gcc" "ASSEMBLER=arm-none-eabi-as
TRACE::2025-09-30.11:13:20::SCWBDomain::" "ARCHIVER=arm-none-eabi-ar" "COMPILER_FLAGS=  -O2 -c" "EXTRA_COMPILER_FLAGS=-mcpu=cortex-a9 -mfpu=vfpv3 -mfloat-abi=soft -nos
TRACE::2025-09-30.11:13:20::SCWBDomain::tartfiles -g -Wall -Wextra"

TRACE::2025-09-30.11:13:20::SCWBDomain::"Running Make include in ps7_cortexa9_0/libsrc/usbps_v2_6/src"

TRACE::2025-09-30.11:13:20::SCWBDomain::make -C ps7_cortexa9_0/libsrc/usbps_v2_6/src -s include  "SHELL=CMD" "COMPILER=arm-none-eabi-gcc" "ASSEMBLER=arm-none-eabi-as" 
TRACE::2025-09-30.11:13:20::SCWBDomain::"ARCHIVER=arm-none-eabi-ar" "COMPILER_FLAGS=  -O2 -c" "EXTRA_COMPILER_FLAGS=-mcpu=cortex-a9 -mfpu=vfpv3 -mfloat-abi=soft -nosta
TRACE::2025-09-30.11:13:20::SCWBDomain::rtfiles -g -Wall -Wextra"

TRACE::2025-09-30.11:13:20::SCWBDomain::"Running Make include in ps7_cortexa9_0/libsrc/xadcps_v2_5/src"

TRACE::2025-09-30.11:13:20::SCWBDomain::make -C ps7_cortexa9_0/libsrc/xadcps_v2_5/src -s include  "SHELL=CMD" "COMPILER=arm-none-eabi-gcc" "ASSEMBLER=arm-none-eabi-as"
TRACE::2025-09-30.11:13:20::SCWBDomain:: "ARCHIVER=arm-none-eabi-ar" "COMPILER_FLAGS=  -O2 -c" "EXTRA_COMPILER_FLAGS=-mcpu=cortex-a9 -mfpu=vfpv3 -mfloat-abi=soft -nost
TRACE::2025-09-30.11:13:20::SCWBDomain::artfiles -g -Wall -Wextra"

TRACE::2025-09-30.11:13:20::SCWBDomain::"Running Make libs in ps7_cortexa9_0/libsrc/xilrsa_v1_6/src"

TRACE::2025-09-30.11:13:20::SCWBDomain::make -C ps7_cortexa9_0/libsrc/xilrsa_v1_6/src -s libs  "SHELL=CMD" "COMPILER=arm-none-eabi-gcc" "ASSEMBLER=arm-none-eabi-as" "A
TRACE::2025-09-30.11:13:20::SCWBDomain::RCHIVER=arm-none-eabi-ar" "COMPILER_FLAGS=  -O2 -c" "EXTRA_COMPILER_FLAGS=-mcpu=cortex-a9 -mfpu=vfpv3 -mfloat-abi=soft -nostart
TRACE::2025-09-30.11:13:20::SCWBDomain::files -g -Wall -Wextra"

TRACE::2025-09-30.11:13:21::SCWBDomain::'Finished building libraries sequentially.'

TRACE::2025-09-30.11:13:21::SCWBDomain::make -j --no-print-directory par_libs

TRACE::2025-09-30.11:13:21::SCWBDomain::"Running Make include in ps7_cortexa9_0/libsrc/cpu_cortexa9_v2_10/src"

TRACE::2025-09-30.11:13:21::SCWBDomain::make -C ps7_cortexa9_0/libsrc/cpu_cortexa9_v2_10/src -s include  "SHELL=CMD" "COMPILER=arm-none-eabi-gcc" "ASSEMBLER=arm-none-e
TRACE::2025-09-30.11:13:21::SCWBDomain::abi-as" "ARCHIVER=arm-none-eabi-ar" "COMPILER_FLAGS=  -O2 -c" "EXTRA_COMPILER_FLAGS=-mcpu=cortex-a9 -mfpu=vfpv3 -mfloat-abi=sof
TRACE::2025-09-30.11:13:21::SCWBDomain::t -nostartfiles -g -Wall -Wextra"

TRACE::2025-09-30.11:13:21::SCWBDomain::"Running Make include in ps7_cortexa9_0/libsrc/standalone_v7_3/src"

TRACE::2025-09-30.11:13:21::SCWBDomain::make -C ps7_cortexa9_0/libsrc/standalone_v7_3/src -s include  "SHELL=CMD" "COMPILER=arm-none-eabi-gcc" "ASSEMBLER=arm-none-eabi
TRACE::2025-09-30.11:13:21::SCWBDomain::-as" "ARCHIVER=arm-none-eabi-ar" "COMPILER_FLAGS=  -O2 -c" "EXTRA_COMPILER_FLAGS=-mcpu=cortex-a9 -mfpu=vfpv3 -mfloat-abi=soft -
TRACE::2025-09-30.11:13:21::SCWBDomain::nostartfiles -g -Wall -Wextra"

TRACE::2025-09-30.11:13:21::SCWBDomain::"Running Make include in ps7_cortexa9_0/libsrc/xilffs_v4_4/src"

TRACE::2025-09-30.11:13:21::SCWBDomain::make -C ps7_cortexa9_0/libsrc/xilffs_v4_4/src -s include  "SHELL=CMD" "COMPILER=arm-none-eabi-gcc" "ASSEMBLER=arm-none-eabi-as"
TRACE::2025-09-30.11:13:21::SCWBDomain:: "ARCHIVER=arm-none-eabi-ar" "COMPILER_FLAGS=  -O2 -c" "EXTRA_COMPILER_FLAGS=-mcpu=cortex-a9 -mfpu=vfpv3 -mfloat-abi=soft -nost
TRACE::2025-09-30.11:13:21::SCWBDomain::artfiles -g -Wall -Wextra"

TRACE::2025-09-30.11:13:21::SCWBDomain::"Running Make include in ps7_cortexa9_0/libsrc/xilrsa_v1_6/src"

TRACE::2025-09-30.11:13:21::SCWBDomain::make -C ps7_cortexa9_0/libsrc/xilrsa_v1_6/src -s include  "SHELL=CMD" "COMPILER=arm-none-eabi-gcc" "ASSEMBLER=arm-none-eabi-as"
TRACE::2025-09-30.11:13:21::SCWBDomain:: "ARCHIVER=arm-none-eabi-ar" "COMPILER_FLAGS=  -O2 -c" "EXTRA_COMPILER_FLAGS=-mcpu=cortex-a9 -mfpu=vfpv3 -mfloat-abi=soft -nost
TRACE::2025-09-30.11:13:21::SCWBDomain::artfiles -g -Wall -Wextra"

TRACE::2025-09-30.11:13:21::SCWBDomain::"Running Make include in ps7_cortexa9_0/libsrc/coresightps_dcc_v1_8/src"

TRACE::2025-09-30.11:13:21::SCWBDomain::make -C ps7_cortexa9_0/libsrc/coresightps_dcc_v1_8/src -s include  "SHELL=CMD" "COMPILER=arm-none-eabi-gcc" "ASSEMBLER=arm-none
TRACE::2025-09-30.11:13:21::SCWBDomain::-eabi-as" "ARCHIVER=arm-none-eabi-ar" "COMPILER_FLAGS=  -O2 -c" "EXTRA_COMPILER_FLAGS=-mcpu=cortex-a9 -mfpu=vfpv3 -mfloat-abi=s
TRACE::2025-09-30.11:13:21::SCWBDomain::oft -nostartfiles -g -Wall -Wextra"

TRACE::2025-09-30.11:13:21::SCWBDomain::"Running Make include in ps7_cortexa9_0/libsrc/ddrps_v1_2/src"

TRACE::2025-09-30.11:13:21::SCWBDomain::make -C ps7_cortexa9_0/libsrc/ddrps_v1_2/src -s include  "SHELL=CMD" "COMPILER=arm-none-eabi-gcc" "ASSEMBLER=arm-none-eabi-as" 
TRACE::2025-09-30.11:13:21::SCWBDomain::"ARCHIVER=arm-none-eabi-ar" "COMPILER_FLAGS=  -O2 -c" "EXTRA_COMPILER_FLAGS=-mcpu=cortex-a9 -mfpu=vfpv3 -mfloat-abi=soft -nosta
TRACE::2025-09-30.11:13:21::SCWBDomain::rtfiles -g -Wall -Wextra"

TRACE::2025-09-30.11:13:21::SCWBDomain::"Running Make include in ps7_cortexa9_0/libsrc/devcfg_v3_7/src"

TRACE::2025-09-30.11:13:21::SCWBDomain::make -C ps7_cortexa9_0/libsrc/devcfg_v3_7/src -s include  "SHELL=CMD" "COMPILER=arm-none-eabi-gcc" "ASSEMBLER=arm-none-eabi-as"
TRACE::2025-09-30.11:13:21::SCWBDomain:: "ARCHIVER=arm-none-eabi-ar" "COMPILER_FLAGS=  -O2 -c" "EXTRA_COMPILER_FLAGS=-mcpu=cortex-a9 -mfpu=vfpv3 -mfloat-abi=soft -nost
TRACE::2025-09-30.11:13:21::SCWBDomain::artfiles -g -Wall -Wextra"

TRACE::2025-09-30.11:13:21::SCWBDomain::"Running Make include in ps7_cortexa9_0/libsrc/dmaps_v2_7/src"

TRACE::2025-09-30.11:13:21::SCWBDomain::make -C ps7_cortexa9_0/libsrc/dmaps_v2_7/src -s include  "SHELL=CMD" "COMPILER=arm-none-eabi-gcc" "ASSEMBLER=arm-none-eabi-as" 
TRACE::2025-09-30.11:13:21::SCWBDomain::"ARCHIVER=arm-none-eabi-ar" "COMPILER_FLAGS=  -O2 -c" "EXTRA_COMPILER_FLAGS=-mcpu=cortex-a9 -mfpu=vfpv3 -mfloat-abi=soft -nosta
TRACE::2025-09-30.11:13:21::SCWBDomain::rtfiles -g -Wall -Wextra"

TRACE::2025-09-30.11:13:21::SCWBDomain::"Running Make include in ps7_cortexa9_0/libsrc/emacps_v3_12/src"

TRACE::2025-09-30.11:13:21::SCWBDomain::make -C ps7_cortexa9_0/libsrc/emacps_v3_12/src -s include  "SHELL=CMD" "COMPILER=arm-none-eabi-gcc" "ASSEMBLER=arm-none-eabi-as
TRACE::2025-09-30.11:13:21::SCWBDomain::" "ARCHIVER=arm-none-eabi-ar" "COMPILER_FLAGS=  -O2 -c" "EXTRA_COMPILER_FLAGS=-mcpu=cortex-a9 -mfpu=vfpv3 -mfloat-abi=soft -nos
TRACE::2025-09-30.11:13:21::SCWBDomain::tartfiles -g -Wall -Wextra"

TRACE::2025-09-30.11:13:21::SCWBDomain::"Running Make include in ps7_cortexa9_0/libsrc/gpiops_v3_8/src"

TRACE::2025-09-30.11:13:21::SCWBDomain::make -C ps7_cortexa9_0/libsrc/gpiops_v3_8/src -s include  "SHELL=CMD" "COMPILER=arm-none-eabi-gcc" "ASSEMBLER=arm-none-eabi-as"
TRACE::2025-09-30.11:13:22::SCWBDomain:: "ARCHIVER=arm-none-eabi-ar" "COMPILER_FLAGS=  -O2 -c" "EXTRA_COMPILER_FLAGS=-mcpu=cortex-a9 -mfpu=vfpv3 -mfloat-abi=soft -nost
TRACE::2025-09-30.11:13:22::SCWBDomain::artfiles -g -Wall -Wextra"

TRACE::2025-09-30.11:13:22::SCWBDomain::"Running Make include in ps7_cortexa9_0/libsrc/qspips_v3_8/src"

TRACE::2025-09-30.11:13:22::SCWBDomain::make -C ps7_cortexa9_0/libsrc/qspips_v3_8/src -s include  "SHELL=CMD" "COMPILER=arm-none-eabi-gcc" "ASSEMBLER=arm-none-eabi-as"
TRACE::2025-09-30.11:13:22::SCWBDomain:: "ARCHIVER=arm-none-eabi-ar" "COMPILER_FLAGS=  -O2 -c" "EXTRA_COMPILER_FLAGS=-mcpu=cortex-a9 -mfpu=vfpv3 -mfloat-abi=soft -nost
TRACE::2025-09-30.11:13:22::SCWBDomain::artfiles -g -Wall -Wextra"

TRACE::2025-09-30.11:13:22::SCWBDomain::"Running Make include in ps7_cortexa9_0/libsrc/scugic_v4_3/src"

TRACE::2025-09-30.11:13:22::SCWBDomain::"Running Make include in ps7_cortexa9_0/libsrc/scutimer_v2_3/src"

TRACE::2025-09-30.11:13:22::SCWBDomain::make -C ps7_cortexa9_0/libsrc/scugic_v4_3/src -s include  "SHELL=CMD" "COMPILER=arm-none-eabi-gcc" "ASSEMBLER=arm-none-eabi-as"
TRACE::2025-09-30.11:13:22::SCWBDomain:: "ARCHIVER=arm-none-eabi-ar" "COMPILER_FLAGS=  -O2 -c" "EXTRA_COMPILER_FLAGS=-mcpu=cortex-a9 -mfpu=vfpv3 -mfloat-abi=soft -nost
TRACE::2025-09-30.11:13:22::SCWBDomain::artfiles -g -Wall -Wextra"

TRACE::2025-09-30.11:13:22::SCWBDomain::"Running Make include in ps7_cortexa9_0/libsrc/scuwdt_v2_3/src"

TRACE::2025-09-30.11:13:22::SCWBDomain::make -C ps7_cortexa9_0/libsrc/scutimer_v2_3/src -s include  "SHELL=CMD" "COMPILER=arm-none-eabi-gcc" "ASSEMBLER=arm-none-eabi-a
TRACE::2025-09-30.11:13:22::SCWBDomain::s" "ARCHIVER=arm-none-eabi-ar" "COMPILER_FLAGS=  -O2 -c" "EXTRA_COMPILER_FLAGS=-mcpu=cortex-a9 -mfpu=vfpv3 -mfloat-abi=soft -no
TRACE::2025-09-30.11:13:22::SCWBDomain::startfiles -g -Wall -Wextra"

TRACE::2025-09-30.11:13:22::SCWBDomain::make -C ps7_cortexa9_0/libsrc/scuwdt_v2_3/src -s include  "SHELL=CMD" "COMPILER=arm-none-eabi-gcc" "ASSEMBLER=arm-none-eabi-as"
TRACE::2025-09-30.11:13:22::SCWBDomain:: "ARCHIVER=arm-none-eabi-ar" "COMPILER_FLAGS=  -O2 -c" "EXTRA_COMPILER_FLAGS=-mcpu=cortex-a9 -mfpu=vfpv3 -mfloat-abi=soft -nost
TRACE::2025-09-30.11:13:22::SCWBDomain::artfiles -g -Wall -Wextra"

TRACE::2025-09-30.11:13:22::SCWBDomain::"Running Make include in ps7_cortexa9_0/libsrc/sdps_v3_10/src"

TRACE::2025-09-30.11:13:22::SCWBDomain::make -C ps7_cortexa9_0/libsrc/sdps_v3_10/src -s include  "SHELL=CMD" "COMPILER=arm-none-eabi-gcc" "ASSEMBLER=arm-none-eabi-as" 
TRACE::2025-09-30.11:13:22::SCWBDomain::"ARCHIVER=arm-none-eabi-ar" "COMPILER_FLAGS=  -O2 -c" "EXTRA_COMPILER_FLAGS=-mcpu=cortex-a9 -mfpu=vfpv3 -mfloat-abi=soft -nosta
TRACE::2025-09-30.11:13:22::SCWBDomain::rtfiles -g -Wall -Wextra"

TRACE::2025-09-30.11:13:22::SCWBDomain::"Running Make include in ps7_cortexa9_0/libsrc/uartps_v3_10/src"

TRACE::2025-09-30.11:13:22::SCWBDomain::"Running Make include in ps7_cortexa9_0/libsrc/usbps_v2_6/src"

TRACE::2025-09-30.11:13:22::SCWBDomain::"Running Make include in ps7_cortexa9_0/libsrc/xadcps_v2_5/src"

TRACE::2025-09-30.11:13:22::SCWBDomain::make -C ps7_cortexa9_0/libsrc/xadcps_v2_5/src -s include  "SHELL=CMD" "COMPILER=arm-none-eabi-gcc" "ASSEMBLER=arm-none-eabi-as"
TRACE::2025-09-30.11:13:22::SCWBDomain:: "ARCHIVER=arm-none-eabi-ar" "COMPILER_FLAGS=  -O2 -c" "EXTRA_COMPILER_FLAGS=-mcpu=cortex-a9 -mfpu=vfpv3 -mfloat-abi=soft -nost
TRACE::2025-09-30.11:13:22::SCWBDomain::artfiles -g -Wall -Wextra"

TRACE::2025-09-30.11:13:22::SCWBDomain::make -C ps7_cortexa9_0/libsrc/uartps_v3_10/src -s include  "SHELL=CMD" "COMPILER=arm-none-eabi-gcc" "ASSEMBLER=arm-none-eabi-as
TRACE::2025-09-30.11:13:22::SCWBDomain::" "ARCHIVER=arm-none-eabi-ar" "COMPILER_FLAGS=  -O2 -c" "EXTRA_COMPILER_FLAGS=-mcpu=cortex-a9 -mfpu=vfpv3 -mfloat-abi=soft -nos
TRACE::2025-09-30.11:13:22::SCWBDomain::tartfiles -g -Wall -Wextra"

TRACE::2025-09-30.11:13:22::SCWBDomain::make -C ps7_cortexa9_0/libsrc/usbps_v2_6/src -s include  "SHELL=CMD" "COMPILER=arm-none-eabi-gcc" "ASSEMBLER=arm-none-eabi-as" 
TRACE::2025-09-30.11:13:22::SCWBDomain::"ARCHIVER=arm-none-eabi-ar" "COMPILER_FLAGS=  -O2 -c" "EXTRA_COMPILER_FLAGS=-mcpu=cortex-a9 -mfpu=vfpv3 -mfloat-abi=soft -nosta
TRACE::2025-09-30.11:13:22::SCWBDomain::rtfiles -g -Wall -Wextra"

TRACE::2025-09-30.11:13:23::SCWBDomain::"Running Make libs in ps7_cortexa9_0/libsrc/cpu_cortexa9_v2_10/src"

TRACE::2025-09-30.11:13:23::SCWBDomain::make -C ps7_cortexa9_0/libsrc/cpu_cortexa9_v2_10/src -s libs  "SHELL=CMD" "COMPILER=arm-none-eabi-gcc" "ASSEMBLER=arm-none-eabi
TRACE::2025-09-30.11:13:23::SCWBDomain::-as" "ARCHIVER=arm-none-eabi-ar" "COMPILER_FLAGS=  -O2 -c" "EXTRA_COMPILER_FLAGS=-mcpu=cortex-a9 -mfpu=vfpv3 -mfloat-abi=soft -
TRACE::2025-09-30.11:13:23::SCWBDomain::nostartfiles -g -Wall -Wextra"

TRACE::2025-09-30.11:13:23::SCWBDomain::"Running Make libs in ps7_cortexa9_0/libsrc/standalone_v7_3/src"

TRACE::2025-09-30.11:13:23::SCWBDomain::make -C ps7_cortexa9_0/libsrc/standalone_v7_3/src -s libs  "SHELL=CMD" "COMPILER=arm-none-eabi-gcc" "ASSEMBLER=arm-none-eabi-as
TRACE::2025-09-30.11:13:23::SCWBDomain::" "ARCHIVER=arm-none-eabi-ar" "COMPILER_FLAGS=  -O2 -c" "EXTRA_COMPILER_FLAGS=-mcpu=cortex-a9 -mfpu=vfpv3 -mfloat-abi=soft -nos
TRACE::2025-09-30.11:13:23::SCWBDomain::tartfiles -g -Wall -Wextra"

TRACE::2025-09-30.11:13:23::SCWBDomain::"Running Make libs in ps7_cortexa9_0/libsrc/xilffs_v4_4/src"

TRACE::2025-09-30.11:13:23::SCWBDomain::make -C ps7_cortexa9_0/libsrc/xilffs_v4_4/src -s libs  "SHELL=CMD" "COMPILER=arm-none-eabi-gcc" "ASSEMBLER=arm-none-eabi-as" "A
TRACE::2025-09-30.11:13:23::SCWBDomain::RCHIVER=arm-none-eabi-ar" "COMPILER_FLAGS=  -O2 -c" "EXTRA_COMPILER_FLAGS=-mcpu=cortex-a9 -mfpu=vfpv3 -mfloat-abi=soft -nostart
TRACE::2025-09-30.11:13:23::SCWBDomain::files -g -Wall -Wextra"

TRACE::2025-09-30.11:13:23::SCWBDomain::"Running Make libs in ps7_cortexa9_0/libsrc/coresightps_dcc_v1_8/src"

TRACE::2025-09-30.11:13:23::SCWBDomain::make -C ps7_cortexa9_0/libsrc/coresightps_dcc_v1_8/src -s libs  "SHELL=CMD" "COMPILER=arm-none-eabi-gcc" "ASSEMBLER=arm-none-ea
TRACE::2025-09-30.11:13:23::SCWBDomain::bi-as" "ARCHIVER=arm-none-eabi-ar" "COMPILER_FLAGS=  -O2 -c" "EXTRA_COMPILER_FLAGS=-mcpu=cortex-a9 -mfpu=vfpv3 -mfloat-abi=soft
TRACE::2025-09-30.11:13:23::SCWBDomain:: -nostartfiles -g -Wall -Wextra"

TRACE::2025-09-30.11:13:23::SCWBDomain::"Running Make libs in ps7_cortexa9_0/libsrc/ddrps_v1_2/src"

TRACE::2025-09-30.11:13:23::SCWBDomain::"Running Make libs in ps7_cortexa9_0/libsrc/devcfg_v3_7/src"

TRACE::2025-09-30.11:13:23::SCWBDomain::make -C ps7_cortexa9_0/libsrc/ddrps_v1_2/src -s libs  "SHELL=CMD" "COMPILER=arm-none-eabi-gcc" "ASSEMBLER=arm-none-eabi-as" "AR
TRACE::2025-09-30.11:13:23::SCWBDomain::CHIVER=arm-none-eabi-ar" "COMPILER_FLAGS=  -O2 -c" "EXTRA_COMPILER_FLAGS=-mcpu=cortex-a9 -mfpu=vfpv3 -mfloat-abi=soft -nostartf
TRACE::2025-09-30.11:13:23::SCWBDomain::iles -g -Wall -Wextra"

TRACE::2025-09-30.11:13:23::SCWBDomain::make -C ps7_cortexa9_0/libsrc/devcfg_v3_7/src -s libs  "SHELL=CMD" "COMPILER=arm-none-eabi-gcc" "ASSEMBLER=arm-none-eabi-as" "A
TRACE::2025-09-30.11:13:23::SCWBDomain::RCHIVER=arm-none-eabi-ar" "COMPILER_FLAGS=  -O2 -c" "EXTRA_COMPILER_FLAGS=-mcpu=cortex-a9 -mfpu=vfpv3 -mfloat-abi=soft -nostart
TRACE::2025-09-30.11:13:23::SCWBDomain::files -g -Wall -Wextra"

TRACE::2025-09-30.11:13:23::SCWBDomain::"Running Make libs in ps7_cortexa9_0/libsrc/dmaps_v2_7/src"

TRACE::2025-09-30.11:13:23::SCWBDomain::"Running Make libs in ps7_cortexa9_0/libsrc/emacps_v3_12/src"

TRACE::2025-09-30.11:13:23::SCWBDomain::make -C ps7_cortexa9_0/libsrc/dmaps_v2_7/src -s libs  "SHELL=CMD" "COMPILER=arm-none-eabi-gcc" "ASSEMBLER=arm-none-eabi-as" "AR
TRACE::2025-09-30.11:13:24::SCWBDomain::CHIVER=arm-none-eabi-ar" "COMPILER_FLAGS=  -O2 -c" "EXTRA_COMPILER_FLAGS=-mcpu=cortex-a9 -mfpu=vfpv3 -mfloat-abi=soft -nostartf
TRACE::2025-09-30.11:13:24::SCWBDomain::iles -g -Wall -Wextra"

TRACE::2025-09-30.11:13:24::SCWBDomain::"Running Make libs in ps7_cortexa9_0/libsrc/gpiops_v3_8/src"

TRACE::2025-09-30.11:13:24::SCWBDomain::make -C ps7_cortexa9_0/libsrc/emacps_v3_12/src -s libs  "SHELL=CMD" "COMPILER=arm-none-eabi-gcc" "ASSEMBLER=arm-none-eabi-as" "
TRACE::2025-09-30.11:13:24::SCWBDomain::ARCHIVER=arm-none-eabi-ar" "COMPILER_FLAGS=  -O2 -c" "EXTRA_COMPILER_FLAGS=-mcpu=cortex-a9 -mfpu=vfpv3 -mfloat-abi=soft -nostar
TRACE::2025-09-30.11:13:24::SCWBDomain::tfiles -g -Wall -Wextra"

TRACE::2025-09-30.11:13:24::SCWBDomain::make -C ps7_cortexa9_0/libsrc/gpiops_v3_8/src -s libs  "SHELL=CMD" "COMPILER=arm-none-eabi-gcc" "ASSEMBLER=arm-none-eabi-as" "A
TRACE::2025-09-30.11:13:24::SCWBDomain::RCHIVER=arm-none-eabi-ar" "COMPILER_FLAGS=  -O2 -c" "EXTRA_COMPILER_FLAGS=-mcpu=cortex-a9 -mfpu=vfpv3 -mfloat-abi=soft -nostart
TRACE::2025-09-30.11:13:24::SCWBDomain::files -g -Wall -Wextra"

TRACE::2025-09-30.11:13:24::SCWBDomain::"Running Make libs in ps7_cortexa9_0/libsrc/qspips_v3_8/src"

TRACE::2025-09-30.11:13:24::SCWBDomain::make -C ps7_cortexa9_0/libsrc/qspips_v3_8/src -s libs  "SHELL=CMD" "COMPILER=arm-none-eabi-gcc" "ASSEMBLER=arm-none-eabi-as" "A
TRACE::2025-09-30.11:13:24::SCWBDomain::RCHIVER=arm-none-eabi-ar" "COMPILER_FLAGS=  -O2 -c" "EXTRA_COMPILER_FLAGS=-mcpu=cortex-a9 -mfpu=vfpv3 -mfloat-abi=soft -nostart
TRACE::2025-09-30.11:13:24::SCWBDomain::files -g -Wall -Wextra"

TRACE::2025-09-30.11:13:24::SCWBDomain::"Running Make libs in ps7_cortexa9_0/libsrc/scugic_v4_3/src"

TRACE::2025-09-30.11:13:24::SCWBDomain::make -C ps7_cortexa9_0/libsrc/scugic_v4_3/src -s libs  "SHELL=CMD" "COMPILER=arm-none-eabi-gcc" "ASSEMBLER=arm-none-eabi-as" "A
TRACE::2025-09-30.11:13:24::SCWBDomain::RCHIVER=arm-none-eabi-ar" "COMPILER_FLAGS=  -O2 -c" "EXTRA_COMPILER_FLAGS=-mcpu=cortex-a9 -mfpu=vfpv3 -mfloat-abi=soft -nostart
TRACE::2025-09-30.11:13:24::SCWBDomain::files -g -Wall -Wextra"

TRACE::2025-09-30.11:13:24::SCWBDomain::"Running Make libs in ps7_cortexa9_0/libsrc/scutimer_v2_3/src"

TRACE::2025-09-30.11:13:24::SCWBDomain::make -C ps7_cortexa9_0/libsrc/scutimer_v2_3/src -s libs  "SHELL=CMD" "COMPILER=arm-none-eabi-gcc" "ASSEMBLER=arm-none-eabi-as" 
TRACE::2025-09-30.11:13:24::SCWBDomain::"ARCHIVER=arm-none-eabi-ar" "COMPILER_FLAGS=  -O2 -c" "EXTRA_COMPILER_FLAGS=-mcpu=cortex-a9 -mfpu=vfpv3 -mfloat-abi=soft -nosta
TRACE::2025-09-30.11:13:24::SCWBDomain::rtfiles -g -Wall -Wextra"

TRACE::2025-09-30.11:13:24::SCWBDomain::"Running Make libs in ps7_cortexa9_0/libsrc/scuwdt_v2_3/src"

TRACE::2025-09-30.11:13:24::SCWBDomain::make -C ps7_cortexa9_0/libsrc/scuwdt_v2_3/src -s libs  "SHELL=CMD" "COMPILER=arm-none-eabi-gcc" "ASSEMBLER=arm-none-eabi-as" "A
TRACE::2025-09-30.11:13:24::SCWBDomain::RCHIVER=arm-none-eabi-ar" "COMPILER_FLAGS=  -O2 -c" "EXTRA_COMPILER_FLAGS=-mcpu=cortex-a9 -mfpu=vfpv3 -mfloat-abi=soft -nostart
TRACE::2025-09-30.11:13:24::SCWBDomain::files -g -Wall -Wextra"

TRACE::2025-09-30.11:13:24::SCWBDomain::"Running Make libs in ps7_cortexa9_0/libsrc/sdps_v3_10/src"

TRACE::2025-09-30.11:13:24::SCWBDomain::"Running Make libs in ps7_cortexa9_0/libsrc/uartps_v3_10/src"

TRACE::2025-09-30.11:13:24::SCWBDomain::make -C ps7_cortexa9_0/libsrc/sdps_v3_10/src -s libs  "SHELL=CMD" "COMPILER=arm-none-eabi-gcc" "ASSEMBLER=arm-none-eabi-as" "AR
TRACE::2025-09-30.11:13:24::SCWBDomain::CHIVER=arm-none-eabi-ar" "COMPILER_FLAGS=  -O2 -c" "EXTRA_COMPILER_FLAGS=-mcpu=cortex-a9 -mfpu=vfpv3 -mfloat-abi=soft -nostartf
TRACE::2025-09-30.11:13:24::SCWBDomain::iles -g -Wall -Wextra"

TRACE::2025-09-30.11:13:24::SCWBDomain::make -C ps7_cortexa9_0/libsrc/uartps_v3_10/src -s libs  "SHELL=CMD" "COMPILER=arm-none-eabi-gcc" "ASSEMBLER=arm-none-eabi-as" "
TRACE::2025-09-30.11:13:24::SCWBDomain::ARCHIVER=arm-none-eabi-ar" "COMPILER_FLAGS=  -O2 -c" "EXTRA_COMPILER_FLAGS=-mcpu=cortex-a9 -mfpu=vfpv3 -mfloat-abi=soft -nostar
TRACE::2025-09-30.11:13:24::SCWBDomain::tfiles -g -Wall -Wextra"

TRACE::2025-09-30.11:13:24::SCWBDomain::"Running Make libs in ps7_cortexa9_0/libsrc/usbps_v2_6/src"

TRACE::2025-09-30.11:13:24::SCWBDomain::make -C ps7_cortexa9_0/libsrc/usbps_v2_6/src -s libs  "SHELL=CMD" "COMPILER=arm-none-eabi-gcc" "ASSEMBLER=arm-none-eabi-as" "AR
TRACE::2025-09-30.11:13:24::SCWBDomain::CHIVER=arm-none-eabi-ar" "COMPILER_FLAGS=  -O2 -c" "EXTRA_COMPILER_FLAGS=-mcpu=cortex-a9 -mfpu=vfpv3 -mfloat-abi=soft -nostartf
TRACE::2025-09-30.11:13:24::SCWBDomain::iles -g -Wall -Wextra"

TRACE::2025-09-30.11:13:24::SCWBDomain::"Running Make libs in ps7_cortexa9_0/libsrc/xadcps_v2_5/src"

TRACE::2025-09-30.11:13:24::SCWBDomain::make -C ps7_cortexa9_0/libsrc/xadcps_v2_5/src -s libs  "SHELL=CMD" "COMPILER=arm-none-eabi-gcc" "ASSEMBLER=arm-none-eabi-as" "A
TRACE::2025-09-30.11:13:24::SCWBDomain::RCHIVER=arm-none-eabi-ar" "COMPILER_FLAGS=  -O2 -c" "EXTRA_COMPILER_FLAGS=-mcpu=cortex-a9 -mfpu=vfpv3 -mfloat-abi=soft -nostart
TRACE::2025-09-30.11:13:24::SCWBDomain::files -g -Wall -Wextra"

TRACE::2025-09-30.11:13:40::SCWBDomain::'Finished building libraries parallelly.'

TRACE::2025-09-30.11:13:40::SCWBDomain::make --no-print-directory archive

TRACE::2025-09-30.11:13:40::SCWBDomain::arm-none-eabi-ar -r  ps7_cortexa9_0/lib/libxil.a ps7_cortexa9_0/lib/xil_printf.o ps7_cortexa9_0/lib/xadcps_selftest.o ps7_corte
TRACE::2025-09-30.11:13:40::SCWBDomain::xa9_0/lib/kill.o ps7_cortexa9_0/lib/xplatform_info.o ps7_cortexa9_0/lib/errno.o ps7_cortexa9_0/lib/xil_sleepcommon.o ps7_cortex
TRACE::2025-09-30.11:13:40::SCWBDomain::a9_0/lib/read.o ps7_cortexa9_0/lib/isatty.o ps7_cortexa9_0/lib/_open.o ps7_cortexa9_0/lib/cpu_init.o ps7_cortexa9_0/lib/sleep.o
TRACE::2025-09-30.11:13:40::SCWBDomain:: ps7_cortexa9_0/lib/fstat.o ps7_cortexa9_0/lib/xusbps_sinit.o ps7_cortexa9_0/lib/unlink.o ps7_cortexa9_0/lib/xscutimer_g.o ps7_
TRACE::2025-09-30.11:13:40::SCWBDomain::cortexa9_0/lib/xdevcfg.o ps7_cortexa9_0/lib/xqspips_options.o ps7_cortexa9_0/lib/xqspips.o ps7_cortexa9_0/lib/xdmaps_g.o ps7_co
TRACE::2025-09-30.11:13:40::SCWBDomain::rtexa9_0/lib/xsdps_options.o ps7_cortexa9_0/lib/xil_misc_psreset_api.o ps7_cortexa9_0/lib/xdmaps_sinit.o ps7_cortexa9_0/lib/xem
TRACE::2025-09-30.11:13:40::SCWBDomain::acps.o ps7_cortexa9_0/lib/xil_cache.o ps7_cortexa9_0/lib/xil_util.o ps7_cortexa9_0/lib/xil_testio.o ps7_cortexa9_0/lib/xdmaps_s
TRACE::2025-09-30.11:13:40::SCWBDomain::elftest.o ps7_cortexa9_0/lib/xscutimer_selftest.o ps7_cortexa9_0/lib/putnum.o ps7_cortexa9_0/lib/xil_assert.o ps7_cortexa9_0/li
TRACE::2025-09-30.11:13:40::SCWBDomain::b/xqspips_hw.o ps7_cortexa9_0/lib/xgpiops_g.o ps7_cortexa9_0/lib/xsdps.o ps7_cortexa9_0/lib/xgpiops_sinit.o ps7_cortexa9_0/lib/
TRACE::2025-09-30.11:13:40::SCWBDomain::xusbps_g.o ps7_cortexa9_0/lib/_exit.o ps7_cortexa9_0/lib/xgpiops_selftest.o ps7_cortexa9_0/lib/xscuwdt.o ps7_cortexa9_0/lib/xl2
TRACE::2025-09-30.11:13:40::SCWBDomain::cc_counter.o ps7_cortexa9_0/lib/xusbps_hw.o ps7_cortexa9_0/lib/xusbps_intr.o ps7_cortexa9_0/lib/xil_clocking.o ps7_cortexa9_0/l
TRACE::2025-09-30.11:13:40::SCWBDomain::ib/xusbps.o ps7_cortexa9_0/lib/xemacps_bdring.o ps7_cortexa9_0/lib/xadcps_intr.o ps7_cortexa9_0/lib/xsdps_sinit.o ps7_cortexa9_
TRACE::2025-09-30.11:13:40::SCWBDomain::0/lib/vectors.o ps7_cortexa9_0/lib/usleep.o ps7_cortexa9_0/lib/xscugic.o ps7_cortexa9_0/lib/abort.o ps7_cortexa9_0/lib/xscugic_
TRACE::2025-09-30.11:13:40::SCWBDomain::g.o ps7_cortexa9_0/lib/xscutimer_sinit.o ps7_cortexa9_0/lib/xdmaps_hw.o ps7_cortexa9_0/lib/xgpiops_intr.o ps7_cortexa9_0/lib/xs
TRACE::2025-09-30.11:13:40::SCWBDomain::cugic_sinit.o ps7_cortexa9_0/lib/xuartps_sinit.o ps7_cortexa9_0/lib/fcntl.o ps7_cortexa9_0/lib/xdevcfg_g.o ps7_cortexa9_0/lib/x
TRACE::2025-09-30.11:13:40::SCWBDomain::uartps_selftest.o ps7_cortexa9_0/lib/xuartps_hw.o ps7_cortexa9_0/lib/lseek.o ps7_cortexa9_0/lib/asm_vectors.o ps7_cortexa9_0/li
TRACE::2025-09-30.11:13:40::SCWBDomain::b/outbyte.o ps7_cortexa9_0/lib/xemacps_hw.o ps7_cortexa9_0/lib/xil_testmem.o ps7_cortexa9_0/lib/xgpiops.o ps7_cortexa9_0/lib/xi
TRACE::2025-09-30.11:13:41::SCWBDomain::l_exception.o ps7_cortexa9_0/lib/xuartps_g.o ps7_cortexa9_0/lib/xscugic_selftest.o ps7_cortexa9_0/lib/xtime_l.o ps7_cortexa9_0/
TRACE::2025-09-30.11:13:41::SCWBDomain::lib/xscugic_intr.o ps7_cortexa9_0/lib/xuartps_intr.o ps7_cortexa9_0/lib/xuartps.o ps7_cortexa9_0/lib/getpid.o ps7_cortexa9_0/li
TRACE::2025-09-30.11:13:41::SCWBDomain::b/xil_testcache.o ps7_cortexa9_0/lib/xqspips_g.o ps7_cortexa9_0/lib/xdevcfg_sinit.o ps7_cortexa9_0/lib/xdmaps.o ps7_cortexa9_0/
TRACE::2025-09-30.11:13:41::SCWBDomain::lib/xscutimer.o ps7_cortexa9_0/lib/xil_mem.o ps7_cortexa9_0/lib/xdevcfg_selftest.o ps7_cortexa9_0/lib/inbyte.o ps7_cortexa9_0/l
TRACE::2025-09-30.11:13:41::SCWBDomain::ib/xpm_counter.o ps7_cortexa9_0/lib/xemacps_g.o ps7_cortexa9_0/lib/boot.o ps7_cortexa9_0/lib/_sbrk.o ps7_cortexa9_0/lib/xemacps
TRACE::2025-09-30.11:13:41::SCWBDomain::_sinit.o ps7_cortexa9_0/lib/xusbps_endpoint.o ps7_cortexa9_0/lib/xsdps_g.o ps7_cortexa9_0/lib/xgpiops_hw.o ps7_cortexa9_0/lib/x
TRACE::2025-09-30.11:13:41::SCWBDomain::sdps_card.o ps7_cortexa9_0/lib/xqspips_sinit.o ps7_cortexa9_0/lib/xdevcfg_intr.o ps7_cortexa9_0/lib/xuartps_options.o ps7_corte
TRACE::2025-09-30.11:13:41::SCWBDomain::xa9_0/lib/xil_sleeptimer.o ps7_cortexa9_0/lib/xqspips_selftest.o ps7_cortexa9_0/lib/xscuwdt_g.o ps7_cortexa9_0/lib/xadcps.o ps7
TRACE::2025-09-30.11:13:41::SCWBDomain::_cortexa9_0/lib/write.o ps7_cortexa9_0/lib/print.o ps7_cortexa9_0/lib/xemacps_control.o ps7_cortexa9_0/lib/xdevcfg_hw.o ps7_cor
TRACE::2025-09-30.11:13:41::SCWBDomain::texa9_0/lib/xscuwdt_sinit.o ps7_cortexa9_0/lib/translation_table.o ps7_cortexa9_0/lib/xemacps_intr.o ps7_cortexa9_0/lib/xil-crt
TRACE::2025-09-30.11:13:41::SCWBDomain::0.o ps7_cortexa9_0/lib/xscuwdt_selftest.o ps7_cortexa9_0/lib/xadcps_sinit.o ps7_cortexa9_0/lib/sbrk.o ps7_cortexa9_0/lib/xsdps_
TRACE::2025-09-30.11:13:41::SCWBDomain::host.o ps7_cortexa9_0/lib/xcoresightpsdcc.o ps7_cortexa9_0/lib/xscugic_hw.o ps7_cortexa9_0/lib/xadcps_g.o ps7_cortexa9_0/lib/op
TRACE::2025-09-30.11:13:41::SCWBDomain::en.o ps7_cortexa9_0/lib/cpputest_time.o ps7_cortexa9_0/lib/xil_mmu.o ps7_cortexa9_0/lib/close.o

TRACE::2025-09-30.11:13:41::SCWBDomain::'Finished building libraries'

TRACE::2025-09-30.11:13:41::SCWBDomain::make: Leaving directory 'D:/Projet_Vitis/PS_Alone_NoFPU/zynq_fsbl/zynq_fsbl_bsp'

TRACE::2025-09-30.11:13:41::SCWBDomain::arm-none-eabi-gcc -MMD -MP       -mcpu=cortex-a9 -mfpu=vfpv3 -mfloat-abi=soft   -O2 -c -c sd.c -o sd.o -Izynq_fsbl_bsp/ps7_cort
TRACE::2025-09-30.11:13:41::SCWBDomain::exa9_0/include -I.

TRACE::2025-09-30.11:13:41::SCWBDomain::arm-none-eabi-gcc -MMD -MP       -mcpu=cortex-a9 -mfpu=vfpv3 -mfloat-abi=soft   -O2 -c -c nand.c -o nand.o -Izynq_fsbl_bsp/ps7_
TRACE::2025-09-30.11:13:41::SCWBDomain::cortexa9_0/include -I.

TRACE::2025-09-30.11:13:42::SCWBDomain::arm-none-eabi-gcc -MMD -MP       -mcpu=cortex-a9 -mfpu=vfpv3 -mfloat-abi=soft   -O2 -c -c nor.c -o nor.o -Izynq_fsbl_bsp/ps7_co
TRACE::2025-09-30.11:13:42::SCWBDomain::rtexa9_0/include -I.

TRACE::2025-09-30.11:13:42::SCWBDomain::arm-none-eabi-gcc -MMD -MP       -mcpu=cortex-a9 -mfpu=vfpv3 -mfloat-abi=soft   -O2 -c -c ps7_init.c -o ps7_init.o -Izynq_fsbl_
TRACE::2025-09-30.11:13:42::SCWBDomain::bsp/ps7_cortexa9_0/include -I.

TRACE::2025-09-30.11:13:42::SCWBDomain::arm-none-eabi-gcc -MMD -MP       -mcpu=cortex-a9 -mfpu=vfpv3 -mfloat-abi=soft   -O2 -c -c image_mover.c -o image_mover.o -Izynq
TRACE::2025-09-30.11:13:42::SCWBDomain::_fsbl_bsp/ps7_cortexa9_0/include -I.

TRACE::2025-09-30.11:13:42::SCWBDomain::arm-none-eabi-gcc -MMD -MP       -mcpu=cortex-a9 -mfpu=vfpv3 -mfloat-abi=soft   -O2 -c -c md5.c -o md5.o -Izynq_fsbl_bsp/ps7_co
TRACE::2025-09-30.11:13:42::SCWBDomain::rtexa9_0/include -I.

TRACE::2025-09-30.11:13:42::SCWBDomain::arm-none-eabi-gcc -MMD -MP       -mcpu=cortex-a9 -mfpu=vfpv3 -mfloat-abi=soft   -O2 -c -c fsbl_hooks.c -o fsbl_hooks.o -Izynq_f
TRACE::2025-09-30.11:13:42::SCWBDomain::sbl_bsp/ps7_cortexa9_0/include -I.

TRACE::2025-09-30.11:13:43::SCWBDomain::arm-none-eabi-gcc -MMD -MP       -mcpu=cortex-a9 -mfpu=vfpv3 -mfloat-abi=soft   -O2 -c -c main.c -o main.o -Izynq_fsbl_bsp/ps7_
TRACE::2025-09-30.11:13:43::SCWBDomain::cortexa9_0/include -I.

TRACE::2025-09-30.11:13:43::SCWBDomain::arm-none-eabi-gcc -MMD -MP       -mcpu=cortex-a9 -mfpu=vfpv3 -mfloat-abi=soft   -O2 -c -c rsa.c -o rsa.o -Izynq_fsbl_bsp/ps7_co
TRACE::2025-09-30.11:13:43::SCWBDomain::rtexa9_0/include -I.

TRACE::2025-09-30.11:13:43::SCWBDomain::arm-none-eabi-gcc -MMD -MP       -mcpu=cortex-a9 -mfpu=vfpv3 -mfloat-abi=soft   -O2 -c -c qspi.c -o qspi.o -Izynq_fsbl_bsp/ps7_
TRACE::2025-09-30.11:13:43::SCWBDomain::cortexa9_0/include -I.

TRACE::2025-09-30.11:13:43::SCWBDomain::arm-none-eabi-gcc -MMD -MP       -mcpu=cortex-a9 -mfpu=vfpv3 -mfloat-abi=soft   -O2 -c -c pcap.c -o pcap.o -Izynq_fsbl_bsp/ps7_
TRACE::2025-09-30.11:13:43::SCWBDomain::cortexa9_0/include -I.

TRACE::2025-09-30.11:13:43::SCWBDomain::arm-none-eabi-gcc -MMD -MP       -mcpu=cortex-a9 -mfpu=vfpv3 -mfloat-abi=soft   -O2 -c -c fsbl_handoff.S -o fsbl_handoff.o -Izy
TRACE::2025-09-30.11:13:43::SCWBDomain::nq_fsbl_bsp/ps7_cortexa9_0/include -I.

TRACE::2025-09-30.11:13:43::SCWBDomain::arm-none-eabi-gcc -o fsbl.elf  sd.o  nand.o  nor.o  ps7_init.o  image_mover.o  md5.o  fsbl_hooks.o  main.o  rsa.o  qspi.o  pcap
TRACE::2025-09-30.11:13:43::SCWBDomain::.o  fsbl_handoff.o -MMD -MP       -mcpu=cortex-a9 -mfpu=vfpv3 -mfloat-abi=soft   -mcpu=cortex-a9 -mfpu=vfpv3 -mfloat-abi=soft -
TRACE::2025-09-30.11:13:43::SCWBDomain::Wl,-build-id=none -specs=Xilinx.spec  -lrsa -Wl,--start-group,-lxil,-lgcc,-lc,--end-group -Wl,--start-group,-lxilffs,-lxil,-lgc
TRACE::2025-09-30.11:13:44::SCWBDomain::c,-lc,--end-group -Wl,--start-group,-lrsa,-lxil,-lgcc,-lc,--end-group                                   -Wl,--gc-sections -Lzyn
TRACE::2025-09-30.11:13:44::SCWBDomain::q_fsbl_bsp/ps7_cortexa9_0/lib -L./ -Tlscript.ld

LOG::2025-09-30.11:13:44::SCWSystem::Checking the domain standalone_domain
LOG::2025-09-30.11:13:44::SCWSystem::Not a boot domain 
LOG::2025-09-30.11:13:44::SCWSystem::Started Processing the domain standalone_domain
TRACE::2025-09-30.11:13:44::SCWDomain::Generating domain artifcats
TRACE::2025-09-30.11:13:44::SCWMssOS::Generating standalone artifcats
TRACE::2025-09-30.11:13:44::SCWMssOS::Copying the qemu file from  C:/Xilinx/Vitis/2020.2/data/emulation/platforms/zynq/sw/a9_standalone/qemu/qemu_args.txt To D:/Projet_Vitis/PS_Alone_NoFPU/export/PS_Alone_NoFPU/sw/PS_Alone_NoFPU/qemu/
TRACE::2025-09-30.11:13:44::SCWMssOS::Copying the qemu file from  C:/Xilinx/Vitis/2020.2/data/emulation/platforms/zynq/sw/a9_standalone/qemu/qemu_args.txt To D:/Projet_Vitis/PS_Alone_NoFPU/export/PS_Alone_NoFPU/sw/PS_Alone_NoFPU/standalone_domain/qemu/
TRACE::2025-09-30.11:13:44::SCWMssOS:: Copying the user libraries. 
TRACE::2025-09-30.11:13:44::SCWPlatform::Trying to open the hw design at D:/Projet_Vitis/PS_Alone_NoFPU/hw/PS_Only_ZyboZ7.xsa
TRACE::2025-09-30.11:13:44::SCWPlatform::DSA given D:/Projet_Vitis/PS_Alone_NoFPU/hw/PS_Only_ZyboZ7.xsa
TRACE::2025-09-30.11:13:44::SCWPlatform::DSA absoulate path D:/Projet_Vitis/PS_Alone_NoFPU/hw/PS_Only_ZyboZ7.xsa
TRACE::2025-09-30.11:13:44::SCWPlatform::DSA directory D:/Projet_Vitis/PS_Alone_NoFPU/hw
TRACE::2025-09-30.11:13:44::SCWPlatform:: Platform Path D:/Projet_Vitis/PS_Alone_NoFPU/hw/PS_Only_ZyboZ7.xsa
TRACE::2025-09-30.11:13:44::SCWPlatform:: Unique name xilinx:zybo-z7-20::0.0
TRACE::2025-09-30.11:13:44::SCWPlatform::Trying to set the existing hwdb with name design_1_wrapper_8
TRACE::2025-09-30.11:13:44::SCWPlatform::Opened existing hwdb design_1_wrapper_8
TRACE::2025-09-30.11:13:44::SCWPlatform::Found the Hw Db part of the input DSA
TRACE::2025-09-30.11:13:44::SCWMssOS::Checking the sw design at  D:/Projet_Vitis/PS_Alone_NoFPU/ps7_cortexa9_0/standalone_domain/bsp/system.mss
TRACE::2025-09-30.11:13:44::SCWMssOS::DEBUG:  swdes dump  D:/Projet_Vitis/PS_Alone_NoFPU/ps7_cortexa9_0/standalone_domain/bsp/system.mss|system_1||
D:/Projet_Vitis/PS_Alone_NoFPU/zynq_fsbl/zynq_fsbl_bsp/system.mss|system_0||
D:/Projet_Vitis/PS_Only_ZyboZ7/zynq_fsbl/zynq_fsbl_bsp/system.mss|system||

KEYINFO::2025-09-30.11:13:44::SCWMssOS::Could not open the swdb for system_1
KEYINFO::2025-09-30.11:13:44::SCWMssOS::Could not open the sw design at  system_1
ERROR: [Hsi 55-1558] Software Design system_1 is not found

TRACE::2025-09-30.11:13:44::SCWMssOS::Cleared the swdb table entry
TRACE::2025-09-30.11:13:44::SCWMssOS::No sw design opened at  D:/Projet_Vitis/PS_Alone_NoFPU/ps7_cortexa9_0/standalone_domain/bsp/system.mss
TRACE::2025-09-30.11:13:44::SCWMssOS::mss exists loading the mss file  D:/Projet_Vitis/PS_Alone_NoFPU/ps7_cortexa9_0/standalone_domain/bsp/system.mss
TRACE::2025-09-30.11:13:44::SCWMssOS::Opened the sw design from mss  D:/Projet_Vitis/PS_Alone_NoFPU/ps7_cortexa9_0/standalone_domain/bsp/system.mss
TRACE::2025-09-30.11:13:44::SCWMssOS::Adding the swdes entry D:/Projet_Vitis/PS_Alone_NoFPU/ps7_cortexa9_0/standalone_domain/bsp/system.mss with des name system_1
TRACE::2025-09-30.11:13:45::SCWMssOS::updating the scw layer about changes
TRACE::2025-09-30.11:13:45::SCWMssOS::Opened the sw design.  D:/Projet_Vitis/PS_Alone_NoFPU/ps7_cortexa9_0/standalone_domain/bsp/system.mss
TRACE::2025-09-30.11:13:45::SCWMssOS::Completed writing the mss file at D:/Projet_Vitis/PS_Alone_NoFPU/ps7_cortexa9_0/standalone_domain/bsp
TRACE::2025-09-30.11:13:45::SCWMssOS::Mss edits present, copying mssfile into export location D:/Projet_Vitis/PS_Alone_NoFPU/ps7_cortexa9_0/standalone_domain/bsp/system.mss
TRACE::2025-09-30.11:13:45::SCWMssOS::bsp generated is upto date with the mss file. Skipping bsp generation.
TRACE::2025-09-30.11:13:45::SCWMssOS::BSP is already built. skipping the bsp build ... 
TRACE::2025-09-30.11:13:45::SCWDomain::Building the domain as part of full build :  standalone_domain
TRACE::2025-09-30.11:13:45::SCWMssOS::doing bsp build ... 
TRACE::2025-09-30.11:13:45::SCWMssOS::System Command Ran  D: & cd  D:/Projet_Vitis/PS_Alone_NoFPU/ps7_cortexa9_0/standalone_domain/bsp & make 
TRACE::2025-09-30.11:13:45::SCWMssOS::make --no-print-directory seq_libs

TRACE::2025-09-30.11:13:45::SCWMssOS::'Finished building libraries sequentially.'

TRACE::2025-09-30.11:13:45::SCWMssOS::make -j --no-print-directory par_libs

TRACE::2025-09-30.11:13:45::SCWMssOS::"Running Make include in ps7_cortexa9_0/libsrc/cpu_cortexa9_v2_10/src"

TRACE::2025-09-30.11:13:45::SCWMssOS::make -C ps7_cortexa9_0/libsrc/cpu_cortexa9_v2_10/src -s include  "SHELL=CMD" "COMPILER=arm-none-eabi-gcc" "ASSEMBLER=arm-none-e
TRACE::2025-09-30.11:13:45::SCWMssOS::abi-as" "ARCHIVER=arm-none-eabi-ar" "COMPILER_FLAGS=  -O2 -c" "EXTRA_COMPILER_FLAGS=-mcpu=cortex-a9 -mfpu=vfpv3 -mfloat-abi=sof
TRACE::2025-09-30.11:13:45::SCWMssOS::t -nostartfiles -g -Wall -Wextra"

TRACE::2025-09-30.11:13:45::SCWMssOS::"Running Make include in ps7_cortexa9_0/libsrc/standalone_v7_3/src"

TRACE::2025-09-30.11:13:45::SCWMssOS::make -C ps7_cortexa9_0/libsrc/standalone_v7_3/src -s include  "SHELL=CMD" "COMPILER=arm-none-eabi-gcc" "ASSEMBLER=arm-none-eabi
TRACE::2025-09-30.11:13:45::SCWMssOS::-as" "ARCHIVER=arm-none-eabi-ar" "COMPILER_FLAGS=  -O2 -c" "EXTRA_COMPILER_FLAGS=-mcpu=cortex-a9 -mfpu=vfpv3 -mfloat-abi=soft -
TRACE::2025-09-30.11:13:45::SCWMssOS::nostartfiles -g -Wall -Wextra"

TRACE::2025-09-30.11:13:45::SCWMssOS::"Running Make include in ps7_cortexa9_0/libsrc/coresightps_dcc_v1_8/src"

TRACE::2025-09-30.11:13:45::SCWMssOS::make -C ps7_cortexa9_0/libsrc/coresightps_dcc_v1_8/src -s include  "SHELL=CMD" "COMPILER=arm-none-eabi-gcc" "ASSEMBLER=arm-none
TRACE::2025-09-30.11:13:45::SCWMssOS::-eabi-as" "ARCHIVER=arm-none-eabi-ar" "COMPILER_FLAGS=  -O2 -c" "EXTRA_COMPILER_FLAGS=-mcpu=cortex-a9 -mfpu=vfpv3 -mfloat-abi=s
TRACE::2025-09-30.11:13:45::SCWMssOS::oft -nostartfiles -g -Wall -Wextra"

TRACE::2025-09-30.11:13:45::SCWMssOS::"Running Make include in ps7_cortexa9_0/libsrc/ddrps_v1_2/src"

TRACE::2025-09-30.11:13:45::SCWMssOS::make -C ps7_cortexa9_0/libsrc/ddrps_v1_2/src -s include  "SHELL=CMD" "COMPILER=arm-none-eabi-gcc" "ASSEMBLER=arm-none-eabi-as" 
TRACE::2025-09-30.11:13:45::SCWMssOS::"ARCHIVER=arm-none-eabi-ar" "COMPILER_FLAGS=  -O2 -c" "EXTRA_COMPILER_FLAGS=-mcpu=cortex-a9 -mfpu=vfpv3 -mfloat-abi=soft -nosta
TRACE::2025-09-30.11:13:45::SCWMssOS::rtfiles -g -Wall -Wextra"

TRACE::2025-09-30.11:13:45::SCWMssOS::"Running Make include in ps7_cortexa9_0/libsrc/devcfg_v3_7/src"

TRACE::2025-09-30.11:13:45::SCWMssOS::make -C ps7_cortexa9_0/libsrc/devcfg_v3_7/src -s include  "SHELL=CMD" "COMPILER=arm-none-eabi-gcc" "ASSEMBLER=arm-none-eabi-as"
TRACE::2025-09-30.11:13:45::SCWMssOS:: "ARCHIVER=arm-none-eabi-ar" "COMPILER_FLAGS=  -O2 -c" "EXTRA_COMPILER_FLAGS=-mcpu=cortex-a9 -mfpu=vfpv3 -mfloat-abi=soft -nost
TRACE::2025-09-30.11:13:45::SCWMssOS::artfiles -g -Wall -Wextra"

TRACE::2025-09-30.11:13:45::SCWMssOS::"Running Make include in ps7_cortexa9_0/libsrc/dmaps_v2_7/src"

TRACE::2025-09-30.11:13:45::SCWMssOS::"Running Make include in ps7_cortexa9_0/libsrc/emacps_v3_12/src"

TRACE::2025-09-30.11:13:45::SCWMssOS::make -C ps7_cortexa9_0/libsrc/dmaps_v2_7/src -s include  "SHELL=CMD" "COMPILER=arm-none-eabi-gcc" "ASSEMBLER=arm-none-eabi-as" 
TRACE::2025-09-30.11:13:46::SCWMssOS::"ARCHIVER=arm-none-eabi-ar" "COMPILER_FLAGS=  -O2 -c" "EXTRA_COMPILER_FLAGS=-mcpu=cortex-a9 -mfpu=vfpv3 -mfloat-abi=soft -nosta
TRACE::2025-09-30.11:13:46::SCWMssOS::rtfiles -g -Wall -Wextra"

TRACE::2025-09-30.11:13:46::SCWMssOS::"Running Make include in ps7_cortexa9_0/libsrc/gpiops_v3_8/src"

TRACE::2025-09-30.11:13:46::SCWMssOS::make -C ps7_cortexa9_0/libsrc/emacps_v3_12/src -s include  "SHELL=CMD" "COMPILER=arm-none-eabi-gcc" "ASSEMBLER=arm-none-eabi-as
TRACE::2025-09-30.11:13:46::SCWMssOS::" "ARCHIVER=arm-none-eabi-ar" "COMPILER_FLAGS=  -O2 -c" "EXTRA_COMPILER_FLAGS=-mcpu=cortex-a9 -mfpu=vfpv3 -mfloat-abi=soft -nos
TRACE::2025-09-30.11:13:46::SCWMssOS::tartfiles -g -Wall -Wextra"

TRACE::2025-09-30.11:13:46::SCWMssOS::make -C ps7_cortexa9_0/libsrc/gpiops_v3_8/src -s include  "SHELL=CMD" "COMPILER=arm-none-eabi-gcc" "ASSEMBLER=arm-none-eabi-as"
TRACE::2025-09-30.11:13:46::SCWMssOS:: "ARCHIVER=arm-none-eabi-ar" "COMPILER_FLAGS=  -O2 -c" "EXTRA_COMPILER_FLAGS=-mcpu=cortex-a9 -mfpu=vfpv3 -mfloat-abi=soft -nost
TRACE::2025-09-30.11:13:46::SCWMssOS::artfiles -g -Wall -Wextra"

TRACE::2025-09-30.11:13:46::SCWMssOS::"Running Make include in ps7_cortexa9_0/libsrc/qspips_v3_8/src"

TRACE::2025-09-30.11:13:46::SCWMssOS::make -C ps7_cortexa9_0/libsrc/qspips_v3_8/src -s include  "SHELL=CMD" "COMPILER=arm-none-eabi-gcc" "ASSEMBLER=arm-none-eabi-as"
TRACE::2025-09-30.11:13:46::SCWMssOS:: "ARCHIVER=arm-none-eabi-ar" "COMPILER_FLAGS=  -O2 -c" "EXTRA_COMPILER_FLAGS=-mcpu=cortex-a9 -mfpu=vfpv3 -mfloat-abi=soft -nost
TRACE::2025-09-30.11:13:46::SCWMssOS::artfiles -g -Wall -Wextra"

TRACE::2025-09-30.11:13:46::SCWMssOS::"Running Make include in ps7_cortexa9_0/libsrc/scugic_v4_3/src"

TRACE::2025-09-30.11:13:46::SCWMssOS::"Running Make include in ps7_cortexa9_0/libsrc/scutimer_v2_3/src"

TRACE::2025-09-30.11:13:46::SCWMssOS::"Running Make include in ps7_cortexa9_0/libsrc/scuwdt_v2_3/src"

TRACE::2025-09-30.11:13:46::SCWMssOS::"Running Make include in ps7_cortexa9_0/libsrc/sdps_v3_10/src"

TRACE::2025-09-30.11:13:46::SCWMssOS::"Running Make include in ps7_cortexa9_0/libsrc/uartps_v3_10/src"

TRACE::2025-09-30.11:13:46::SCWMssOS::"Running Make include in ps7_cortexa9_0/libsrc/usbps_v2_6/src"

TRACE::2025-09-30.11:13:46::SCWMssOS::"Running Make include in ps7_cortexa9_0/libsrc/xadcps_v2_5/src"

TRACE::2025-09-30.11:13:46::SCWMssOS::make -C ps7_cortexa9_0/libsrc/scutimer_v2_3/src -s include  "SHELL=CMD" "COMPILER=arm-none-eabi-gcc" "ASSEMBLER=arm-none-eabi-a
TRACE::2025-09-30.11:13:46::SCWMssOS::s" "ARCHIVER=arm-none-eabi-ar" "COMPILER_FLAGS=  -O2 -c" "EXTRA_COMPILER_FLAGS=-mcpu=cortex-a9 -mfpu=vfpv3 -mfloat-abi=soft -no
TRACE::2025-09-30.11:13:46::SCWMssOS::startfiles -g -Wall -Wextra"

TRACE::2025-09-30.11:13:46::SCWMssOS::make -C ps7_cortexa9_0/libsrc/scugic_v4_3/src -s include  "SHELL=CMD" "COMPILER=arm-none-eabi-gcc" "ASSEMBLER=arm-none-eabi-as"
TRACE::2025-09-30.11:13:46::SCWMssOS:: "ARCHIVER=arm-none-eabi-ar" "COMPILER_FLAGS=  -O2 -c" "EXTRA_COMPILER_FLAGS=-mcpu=cortex-a9 -mfpu=vfpv3 -mfloat-abi=soft -nost
TRACE::2025-09-30.11:13:46::SCWMssOS::artfiles -g -Wall -Wextra"

TRACE::2025-09-30.11:13:46::SCWMssOS::make -C ps7_cortexa9_0/libsrc/scuwdt_v2_3/src -s include  "SHELL=CMD" "COMPILER=arm-none-eabi-gcc" "ASSEMBLER=arm-none-eabi-as"
TRACE::2025-09-30.11:13:46::SCWMssOS:: "ARCHIVER=arm-none-eabi-ar" "COMPILER_FLAGS=  -O2 -c" "EXTRA_COMPILER_FLAGS=-mcpu=cortex-a9 -mfpu=vfpv3 -mfloat-abi=soft -nost
TRACE::2025-09-30.11:13:46::SCWMssOS::artfiles -g -Wall -Wextra"

TRACE::2025-09-30.11:13:46::SCWMssOS::make -C ps7_cortexa9_0/libsrc/sdps_v3_10/src -s include  "SHELL=CMD" "COMPILER=arm-none-eabi-gcc" "ASSEMBLER=arm-none-eabi-as" 
TRACE::2025-09-30.11:13:46::SCWMssOS::"ARCHIVER=arm-none-eabi-ar" "COMPILER_FLAGS=  -O2 -c" "EXTRA_COMPILER_FLAGS=-mcpu=cortex-a9 -mfpu=vfpv3 -mfloat-abi=soft -nosta
TRACE::2025-09-30.11:13:46::SCWMssOS::rtfiles -g -Wall -Wextra"

TRACE::2025-09-30.11:13:46::SCWMssOS::make -C ps7_cortexa9_0/libsrc/uartps_v3_10/src -s include  "SHELL=CMD" "COMPILER=arm-none-eabi-gcc" "ASSEMBLER=arm-none-eabi-as
TRACE::2025-09-30.11:13:46::SCWMssOS::" "ARCHIVER=arm-none-eabi-ar" "COMPILER_FLAGS=  -O2 -c" "EXTRA_COMPILER_FLAGS=-mcpu=cortex-a9 -mfpu=vfpv3 -mfloat-abi=soft -nos
TRACE::2025-09-30.11:13:46::SCWMssOS::tartfiles -g -Wall -Wextra"

TRACE::2025-09-30.11:13:46::SCWMssOS::make -C ps7_cortexa9_0/libsrc/usbps_v2_6/src -s include  "SHELL=CMD" "COMPILER=arm-none-eabi-gcc" "ASSEMBLER=arm-none-eabi-as" 
TRACE::2025-09-30.11:13:46::SCWMssOS::"ARCHIVER=arm-none-eabi-ar" "COMPILER_FLAGS=  -O2 -c" "EXTRA_COMPILER_FLAGS=-mcpu=cortex-a9 -mfpu=vfpv3 -mfloat-abi=soft -nosta
TRACE::2025-09-30.11:13:46::SCWMssOS::rtfiles -g -Wall -Wextra"

TRACE::2025-09-30.11:13:46::SCWMssOS::make -C ps7_cortexa9_0/libsrc/xadcps_v2_5/src -s include  "SHELL=CMD" "COMPILER=arm-none-eabi-gcc" "ASSEMBLER=arm-none-eabi-as"
TRACE::2025-09-30.11:13:46::SCWMssOS:: "ARCHIVER=arm-none-eabi-ar" "COMPILER_FLAGS=  -O2 -c" "EXTRA_COMPILER_FLAGS=-mcpu=cortex-a9 -mfpu=vfpv3 -mfloat-abi=soft -nost
TRACE::2025-09-30.11:13:46::SCWMssOS::artfiles -g -Wall -Wextra"

TRACE::2025-09-30.11:13:49::SCWMssOS::"Running Make libs in ps7_cortexa9_0/libsrc/cpu_cortexa9_v2_10/src"

TRACE::2025-09-30.11:13:49::SCWMssOS::make -C ps7_cortexa9_0/libsrc/cpu_cortexa9_v2_10/src -s libs  "SHELL=CMD" "COMPILER=arm-none-eabi-gcc" "ASSEMBLER=arm-none-eabi
TRACE::2025-09-30.11:13:49::SCWMssOS::-as" "ARCHIVER=arm-none-eabi-ar" "COMPILER_FLAGS=  -O2 -c" "EXTRA_COMPILER_FLAGS=-mcpu=cortex-a9 -mfpu=vfpv3 -mfloat-abi=soft -
TRACE::2025-09-30.11:13:49::SCWMssOS::nostartfiles -g -Wall -Wextra"

TRACE::2025-09-30.11:13:49::SCWMssOS::"Running Make libs in ps7_cortexa9_0/libsrc/standalone_v7_3/src"

TRACE::2025-09-30.11:13:49::SCWMssOS::make -C ps7_cortexa9_0/libsrc/standalone_v7_3/src -s libs  "SHELL=CMD" "COMPILER=arm-none-eabi-gcc" "ASSEMBLER=arm-none-eabi-as
TRACE::2025-09-30.11:13:49::SCWMssOS::" "ARCHIVER=arm-none-eabi-ar" "COMPILER_FLAGS=  -O2 -c" "EXTRA_COMPILER_FLAGS=-mcpu=cortex-a9 -mfpu=vfpv3 -mfloat-abi=soft -nos
TRACE::2025-09-30.11:13:49::SCWMssOS::tartfiles -g -Wall -Wextra"

TRACE::2025-09-30.11:13:49::SCWMssOS::"Running Make libs in ps7_cortexa9_0/libsrc/coresightps_dcc_v1_8/src"

TRACE::2025-09-30.11:13:49::SCWMssOS::make -C ps7_cortexa9_0/libsrc/coresightps_dcc_v1_8/src -s libs  "SHELL=CMD" "COMPILER=arm-none-eabi-gcc" "ASSEMBLER=arm-none-ea
TRACE::2025-09-30.11:13:49::SCWMssOS::bi-as" "ARCHIVER=arm-none-eabi-ar" "COMPILER_FLAGS=  -O2 -c" "EXTRA_COMPILER_FLAGS=-mcpu=cortex-a9 -mfpu=vfpv3 -mfloat-abi=soft
TRACE::2025-09-30.11:13:49::SCWMssOS:: -nostartfiles -g -Wall -Wextra"

TRACE::2025-09-30.11:13:49::SCWMssOS::"Running Make libs in ps7_cortexa9_0/libsrc/ddrps_v1_2/src"

TRACE::2025-09-30.11:13:49::SCWMssOS::make -C ps7_cortexa9_0/libsrc/ddrps_v1_2/src -s libs  "SHELL=CMD" "COMPILER=arm-none-eabi-gcc" "ASSEMBLER=arm-none-eabi-as" "AR
TRACE::2025-09-30.11:13:49::SCWMssOS::CHIVER=arm-none-eabi-ar" "COMPILER_FLAGS=  -O2 -c" "EXTRA_COMPILER_FLAGS=-mcpu=cortex-a9 -mfpu=vfpv3 -mfloat-abi=soft -nostartf
TRACE::2025-09-30.11:13:49::SCWMssOS::iles -g -Wall -Wextra"

TRACE::2025-09-30.11:13:49::SCWMssOS::"Running Make libs in ps7_cortexa9_0/libsrc/devcfg_v3_7/src"

TRACE::2025-09-30.11:13:49::SCWMssOS::make -C ps7_cortexa9_0/libsrc/devcfg_v3_7/src -s libs  "SHELL=CMD" "COMPILER=arm-none-eabi-gcc" "ASSEMBLER=arm-none-eabi-as" "A
TRACE::2025-09-30.11:13:49::SCWMssOS::RCHIVER=arm-none-eabi-ar" "COMPILER_FLAGS=  -O2 -c" "EXTRA_COMPILER_FLAGS=-mcpu=cortex-a9 -mfpu=vfpv3 -mfloat-abi=soft -nostart
TRACE::2025-09-30.11:13:49::SCWMssOS::files -g -Wall -Wextra"

TRACE::2025-09-30.11:13:49::SCWMssOS::"Running Make libs in ps7_cortexa9_0/libsrc/dmaps_v2_7/src"

TRACE::2025-09-30.11:13:49::SCWMssOS::"Running Make libs in ps7_cortexa9_0/libsrc/emacps_v3_12/src"

TRACE::2025-09-30.11:13:49::SCWMssOS::make -C ps7_cortexa9_0/libsrc/dmaps_v2_7/src -s libs  "SHELL=CMD" "COMPILER=arm-none-eabi-gcc" "ASSEMBLER=arm-none-eabi-as" "AR
TRACE::2025-09-30.11:13:49::SCWMssOS::CHIVER=arm-none-eabi-ar" "COMPILER_FLAGS=  -O2 -c" "EXTRA_COMPILER_FLAGS=-mcpu=cortex-a9 -mfpu=vfpv3 -mfloat-abi=soft -nostartf
TRACE::2025-09-30.11:13:49::SCWMssOS::iles -g -Wall -Wextra"

TRACE::2025-09-30.11:13:49::SCWMssOS::"Running Make libs in ps7_cortexa9_0/libsrc/gpiops_v3_8/src"

TRACE::2025-09-30.11:13:49::SCWMssOS::make -C ps7_cortexa9_0/libsrc/emacps_v3_12/src -s libs  "SHELL=CMD" "COMPILER=arm-none-eabi-gcc" "ASSEMBLER=arm-none-eabi-as" "
TRACE::2025-09-30.11:13:49::SCWMssOS::ARCHIVER=arm-none-eabi-ar" "COMPILER_FLAGS=  -O2 -c" "EXTRA_COMPILER_FLAGS=-mcpu=cortex-a9 -mfpu=vfpv3 -mfloat-abi=soft -nostar
TRACE::2025-09-30.11:13:49::SCWMssOS::tfiles -g -Wall -Wextra"

TRACE::2025-09-30.11:13:49::SCWMssOS::make -C ps7_cortexa9_0/libsrc/gpiops_v3_8/src -s libs  "SHELL=CMD" "COMPILER=arm-none-eabi-gcc" "ASSEMBLER=arm-none-eabi-as" "A
TRACE::2025-09-30.11:13:49::SCWMssOS::RCHIVER=arm-none-eabi-ar" "COMPILER_FLAGS=  -O2 -c" "EXTRA_COMPILER_FLAGS=-mcpu=cortex-a9 -mfpu=vfpv3 -mfloat-abi=soft -nostart
TRACE::2025-09-30.11:13:50::SCWMssOS::files -g -Wall -Wextra"

TRACE::2025-09-30.11:13:50::SCWMssOS::"Running Make libs in ps7_cortexa9_0/libsrc/qspips_v3_8/src"

TRACE::2025-09-30.11:13:50::SCWMssOS::make -C ps7_cortexa9_0/libsrc/qspips_v3_8/src -s libs  "SHELL=CMD" "COMPILER=arm-none-eabi-gcc" "ASSEMBLER=arm-none-eabi-as" "A
TRACE::2025-09-30.11:13:50::SCWMssOS::RCHIVER=arm-none-eabi-ar" "COMPILER_FLAGS=  -O2 -c" "EXTRA_COMPILER_FLAGS=-mcpu=cortex-a9 -mfpu=vfpv3 -mfloat-abi=soft -nostart
TRACE::2025-09-30.11:13:50::SCWMssOS::files -g -Wall -Wextra"

TRACE::2025-09-30.11:13:50::SCWMssOS::"Running Make libs in ps7_cortexa9_0/libsrc/scugic_v4_3/src"

TRACE::2025-09-30.11:13:50::SCWMssOS::"Running Make libs in ps7_cortexa9_0/libsrc/scutimer_v2_3/src"

TRACE::2025-09-30.11:13:50::SCWMssOS::make -C ps7_cortexa9_0/libsrc/scutimer_v2_3/src -s libs  "SHELL=CMD" "COMPILER=arm-none-eabi-gcc" "ASSEMBLER=arm-none-eabi-as" 
TRACE::2025-09-30.11:13:50::SCWMssOS::"ARCHIVER=arm-none-eabi-ar" "COMPILER_FLAGS=  -O2 -c" "EXTRA_COMPILER_FLAGS=-mcpu=cortex-a9 -mfpu=vfpv3 -mfloat-abi=soft -nosta
TRACE::2025-09-30.11:13:50::SCWMssOS::rtfiles -g -Wall -Wextra"

TRACE::2025-09-30.11:13:50::SCWMssOS::make -C ps7_cortexa9_0/libsrc/scugic_v4_3/src -s libs  "SHELL=CMD" "COMPILER=arm-none-eabi-gcc" "ASSEMBLER=arm-none-eabi-as" "A
TRACE::2025-09-30.11:13:50::SCWMssOS::RCHIVER=arm-none-eabi-ar" "COMPILER_FLAGS=  -O2 -c" "EXTRA_COMPILER_FLAGS=-mcpu=cortex-a9 -mfpu=vfpv3 -mfloat-abi=soft -nostart
TRACE::2025-09-30.11:13:50::SCWMssOS::files -g -Wall -Wextra"

TRACE::2025-09-30.11:13:50::SCWMssOS::"Running Make libs in ps7_cortexa9_0/libsrc/scuwdt_v2_3/src"

TRACE::2025-09-30.11:13:50::SCWMssOS::make -C ps7_cortexa9_0/libsrc/scuwdt_v2_3/src -s libs  "SHELL=CMD" "COMPILER=arm-none-eabi-gcc" "ASSEMBLER=arm-none-eabi-as" "A
TRACE::2025-09-30.11:13:50::SCWMssOS::RCHIVER=arm-none-eabi-ar" "COMPILER_FLAGS=  -O2 -c" "EXTRA_COMPILER_FLAGS=-mcpu=cortex-a9 -mfpu=vfpv3 -mfloat-abi=soft -nostart
TRACE::2025-09-30.11:13:50::SCWMssOS::files -g -Wall -Wextra"

TRACE::2025-09-30.11:13:50::SCWMssOS::"Running Make libs in ps7_cortexa9_0/libsrc/sdps_v3_10/src"

TRACE::2025-09-30.11:13:50::SCWMssOS::"Running Make libs in ps7_cortexa9_0/libsrc/uartps_v3_10/src"

TRACE::2025-09-30.11:13:50::SCWMssOS::"Running Make libs in ps7_cortexa9_0/libsrc/usbps_v2_6/src"

TRACE::2025-09-30.11:13:50::SCWMssOS::make -C ps7_cortexa9_0/libsrc/sdps_v3_10/src -s libs  "SHELL=CMD" "COMPILER=arm-none-eabi-gcc" "ASSEMBLER=arm-none-eabi-as" "AR
TRACE::2025-09-30.11:13:50::SCWMssOS::CHIVER=arm-none-eabi-ar" "COMPILER_FLAGS=  -O2 -c" "EXTRA_COMPILER_FLAGS=-mcpu=cortex-a9 -mfpu=vfpv3 -mfloat-abi=soft -nostartf
TRACE::2025-09-30.11:13:50::SCWMssOS::iles -g -Wall -Wextra"

TRACE::2025-09-30.11:13:50::SCWMssOS::make -C ps7_cortexa9_0/libsrc/uartps_v3_10/src -s libs  "SHELL=CMD" "COMPILER=arm-none-eabi-gcc" "ASSEMBLER=arm-none-eabi-as" "
TRACE::2025-09-30.11:13:50::SCWMssOS::ARCHIVER=arm-none-eabi-ar" "COMPILER_FLAGS=  -O2 -c" "EXTRA_COMPILER_FLAGS=-mcpu=cortex-a9 -mfpu=vfpv3 -mfloat-abi=soft -nostar
TRACE::2025-09-30.11:13:50::SCWMssOS::tfiles -g -Wall -Wextra"

TRACE::2025-09-30.11:13:50::SCWMssOS::make -C ps7_cortexa9_0/libsrc/usbps_v2_6/src -s libs  "SHELL=CMD" "COMPILER=arm-none-eabi-gcc" "ASSEMBLER=arm-none-eabi-as" "AR
TRACE::2025-09-30.11:13:50::SCWMssOS::CHIVER=arm-none-eabi-ar" "COMPILER_FLAGS=  -O2 -c" "EXTRA_COMPILER_FLAGS=-mcpu=cortex-a9 -mfpu=vfpv3 -mfloat-abi=soft -nostartf
TRACE::2025-09-30.11:13:50::SCWMssOS::iles -g -Wall -Wextra"

TRACE::2025-09-30.11:13:50::SCWMssOS::"Running Make libs in ps7_cortexa9_0/libsrc/xadcps_v2_5/src"

TRACE::2025-09-30.11:13:50::SCWMssOS::make -C ps7_cortexa9_0/libsrc/xadcps_v2_5/src -s libs  "SHELL=CMD" "COMPILER=arm-none-eabi-gcc" "ASSEMBLER=arm-none-eabi-as" "A
TRACE::2025-09-30.11:13:50::SCWMssOS::RCHIVER=arm-none-eabi-ar" "COMPILER_FLAGS=  -O2 -c" "EXTRA_COMPILER_FLAGS=-mcpu=cortex-a9 -mfpu=vfpv3 -mfloat-abi=soft -nostart
TRACE::2025-09-30.11:13:50::SCWMssOS::files -g -Wall -Wextra"

TRACE::2025-09-30.11:14:00::SCWMssOS::'Finished building libraries parallelly.'

TRACE::2025-09-30.11:14:00::SCWMssOS::make --no-print-directory archive

TRACE::2025-09-30.11:14:00::SCWMssOS::arm-none-eabi-ar -r  ps7_cortexa9_0/lib/libxil.a ps7_cortexa9_0/lib/xil_printf.o ps7_cortexa9_0/lib/xadcps_selftest.o ps7_corte
TRACE::2025-09-30.11:14:00::SCWMssOS::xa9_0/lib/kill.o ps7_cortexa9_0/lib/xplatform_info.o ps7_cortexa9_0/lib/xqspips_options.o ps7_cortexa9_0/lib/read.o ps7_cortexa
TRACE::2025-09-30.11:14:00::SCWMssOS::9_0/lib/isatty.o ps7_cortexa9_0/lib/xsdps_card.o ps7_cortexa9_0/lib/xdmaps_g.o ps7_cortexa9_0/lib/xusbps_endpoint.o ps7_cortexa
TRACE::2025-09-30.11:14:00::SCWMssOS::9_0/lib/sleep.o ps7_cortexa9_0/lib/xusbps_sinit.o ps7_cortexa9_0/lib/unlink.o ps7_cortexa9_0/lib/xdevcfg.o ps7_cortexa9_0/lib/x
TRACE::2025-09-30.11:14:00::SCWMssOS::qspips.o ps7_cortexa9_0/lib/xscutimer_g.o ps7_cortexa9_0/lib/xsdps_options.o ps7_cortexa9_0/lib/open.o ps7_cortexa9_0/lib/xil_m
TRACE::2025-09-30.11:14:00::SCWMssOS::isc_psreset_api.o ps7_cortexa9_0/lib/xdmaps_sinit.o ps7_cortexa9_0/lib/xemacps_hw.o ps7_cortexa9_0/lib/xil_cache.o ps7_cortexa9
TRACE::2025-09-30.11:14:00::SCWMssOS::_0/lib/xil_util.o ps7_cortexa9_0/lib/xil_testio.o ps7_cortexa9_0/lib/fstat.o ps7_cortexa9_0/lib/xdmaps_selftest.o ps7_cortexa9_
TRACE::2025-09-30.11:14:00::SCWMssOS::0/lib/xscutimer_selftest.o ps7_cortexa9_0/lib/putnum.o ps7_cortexa9_0/lib/xil_sleeptimer.o ps7_cortexa9_0/lib/xil_assert.o ps7_
TRACE::2025-09-30.11:14:00::SCWMssOS::cortexa9_0/lib/xqspips_hw.o ps7_cortexa9_0/lib/xgpiops_g.o ps7_cortexa9_0/lib/close.o ps7_cortexa9_0/lib/xgpiops_intr.o ps7_cor
TRACE::2025-09-30.11:14:00::SCWMssOS::texa9_0/lib/xil_mmu.o ps7_cortexa9_0/lib/xscugic_hw.o ps7_cortexa9_0/lib/xgpiops_sinit.o ps7_cortexa9_0/lib/xsdps.o ps7_cortexa
TRACE::2025-09-30.11:14:00::SCWMssOS::9_0/lib/xscuwdt.o ps7_cortexa9_0/lib/xusbps_hw.o ps7_cortexa9_0/lib/write.o ps7_cortexa9_0/lib/xusbps.o ps7_cortexa9_0/lib/xema
TRACE::2025-09-30.11:14:00::SCWMssOS::cps_bdring.o ps7_cortexa9_0/lib/xadcps_intr.o ps7_cortexa9_0/lib/xsdps_sinit.o ps7_cortexa9_0/lib/vectors.o ps7_cortexa9_0/lib/
TRACE::2025-09-30.11:14:00::SCWMssOS::xil_sleepcommon.o ps7_cortexa9_0/lib/abort.o ps7_cortexa9_0/lib/xscugic_g.o ps7_cortexa9_0/lib/xscutimer_sinit.o ps7_cortexa9_0
TRACE::2025-09-30.11:14:00::SCWMssOS::/lib/xdmaps_hw.o ps7_cortexa9_0/lib/xscugic_sinit.o ps7_cortexa9_0/lib/xuartps_sinit.o ps7_cortexa9_0/lib/fcntl.o ps7_cortexa9_
TRACE::2025-09-30.11:14:00::SCWMssOS::0/lib/xdevcfg_g.o ps7_cortexa9_0/lib/errno.o ps7_cortexa9_0/lib/lseek.o ps7_cortexa9_0/lib/_exit.o ps7_cortexa9_0/lib/outbyte.o
TRACE::2025-09-30.11:14:00::SCWMssOS:: ps7_cortexa9_0/lib/cpu_init.o ps7_cortexa9_0/lib/xil_testmem.o ps7_cortexa9_0/lib/xgpiops.o ps7_cortexa9_0/lib/xil_exception.o
TRACE::2025-09-30.11:14:00::SCWMssOS:: ps7_cortexa9_0/lib/asm_vectors.o ps7_cortexa9_0/lib/usleep.o ps7_cortexa9_0/lib/xtime_l.o ps7_cortexa9_0/lib/xscugic_intr.o ps
TRACE::2025-09-30.11:14:00::SCWMssOS::7_cortexa9_0/lib/xuartps_intr.o ps7_cortexa9_0/lib/xuartps.o ps7_cortexa9_0/lib/getpid.o ps7_cortexa9_0/lib/xil_testcache.o ps7
TRACE::2025-09-30.11:14:00::SCWMssOS::_cortexa9_0/lib/xdevcfg_sinit.o ps7_cortexa9_0/lib/xdmaps.o ps7_cortexa9_0/lib/xscutimer.o ps7_cortexa9_0/lib/xil_mem.o ps7_cor
TRACE::2025-09-30.11:14:00::SCWMssOS::texa9_0/lib/xdevcfg_selftest.o ps7_cortexa9_0/lib/xl2cc_counter.o ps7_cortexa9_0/lib/xpm_counter.o ps7_cortexa9_0/lib/xemacps_g
TRACE::2025-09-30.11:14:00::SCWMssOS::.o ps7_cortexa9_0/lib/boot.o ps7_cortexa9_0/lib/_sbrk.o ps7_cortexa9_0/lib/xemacps_sinit.o ps7_cortexa9_0/lib/xil_clocking.o ps
TRACE::2025-09-30.11:14:00::SCWMssOS::7_cortexa9_0/lib/xqspips_g.o ps7_cortexa9_0/lib/xgpiops_hw.o ps7_cortexa9_0/lib/xemacps.o ps7_cortexa9_0/lib/xusbps_g.o ps7_cor
TRACE::2025-09-30.11:14:00::SCWMssOS::texa9_0/lib/xqspips_sinit.o ps7_cortexa9_0/lib/xsdps_g.o ps7_cortexa9_0/lib/xdevcfg_intr.o ps7_cortexa9_0/lib/xuartps_options.o
TRACE::2025-09-30.11:14:00::SCWMssOS:: ps7_cortexa9_0/lib/xuartps_selftest.o ps7_cortexa9_0/lib/xqspips_selftest.o ps7_cortexa9_0/lib/xscugic_selftest.o ps7_cortexa9
TRACE::2025-09-30.11:14:00::SCWMssOS::_0/lib/xscuwdt_g.o ps7_cortexa9_0/lib/xadcps.o ps7_cortexa9_0/lib/xgpiops_selftest.o ps7_cortexa9_0/lib/print.o ps7_cortexa9_0/
TRACE::2025-09-30.11:14:00::SCWMssOS::lib/xemacps_control.o ps7_cortexa9_0/lib/xdevcfg_hw.o ps7_cortexa9_0/lib/xscuwdt_sinit.o ps7_cortexa9_0/lib/translation_table.o
TRACE::2025-09-30.11:14:00::SCWMssOS:: ps7_cortexa9_0/lib/xemacps_intr.o ps7_cortexa9_0/lib/xil-crt0.o ps7_cortexa9_0/lib/xscuwdt_selftest.o ps7_cortexa9_0/lib/xusbp
TRACE::2025-09-30.11:14:00::SCWMssOS::s_intr.o ps7_cortexa9_0/lib/xsdps_host.o ps7_cortexa9_0/lib/xcoresightpsdcc.o ps7_cortexa9_0/lib/xadcps_sinit.o ps7_cortexa9_0/
TRACE::2025-09-30.11:14:01::SCWMssOS::lib/xscugic.o ps7_cortexa9_0/lib/xuartps_hw.o ps7_cortexa9_0/lib/xadcps_g.o ps7_cortexa9_0/lib/xuartps_g.o ps7_cortexa9_0/lib/c
TRACE::2025-09-30.11:14:01::SCWMssOS::pputest_time.o ps7_cortexa9_0/lib/inbyte.o ps7_cortexa9_0/lib/sbrk.o ps7_cortexa9_0/lib/_open.o

TRACE::2025-09-30.11:14:01::SCWMssOS::'Finished building libraries'

TRACE::2025-09-30.11:14:09::SCWMssOS::Copying to export directory.
TRACE::2025-09-30.11:14:24::SCWMssOS:: Checking if to create the Supporting Applications
TRACE::2025-09-30.11:14:24::SCWMssOS:: No Linux domain exists, trying to generate FSBL 
LOG::2025-09-30.11:14:24::SCWSystem::Completed Processing the domain standalone_domain
LOG::2025-09-30.11:14:24::SCWSystem::Completed Processing the sysconfig PS_Alone_NoFPU
LOG::2025-09-30.11:14:24::SCWPlatform::Completed generating the artifacts for system configuration PS_Alone_NoFPU
TRACE::2025-09-30.11:14:24::SCWPlatform::Started preparing the platform 
TRACE::2025-09-30.11:14:24::SCWSystem::Writing the bif file for system config PS_Alone_NoFPU
TRACE::2025-09-30.11:14:24::SCWSystem::dir created 
TRACE::2025-09-30.11:14:24::SCWSystem::Writing the bif 
TRACE::2025-09-30.11:14:24::SCWPlatform::Started writing the spfm file 
TRACE::2025-09-30.11:14:24::SCWPlatform::Started writing the xpfm file 
TRACE::2025-09-30.11:14:24::SCWPlatform::Completed generating the platform
TRACE::2025-09-30.11:14:24::SCWMssOS::Saving the mss changes D:/Projet_Vitis/PS_Alone_NoFPU/zynq_fsbl/zynq_fsbl_bsp/system.mss
TRACE::2025-09-30.11:14:24::SCWMssOS::Found a swdesign opened with the mssfile.
TRACE::2025-09-30.11:14:24::SCWMssOS::Completed writemss as part of save.
TRACE::2025-09-30.11:14:24::SCWMssOS::Commit changes completed.
TRACE::2025-09-30.11:14:24::SCWMssOS::Saving the mss changes D:/Projet_Vitis/PS_Alone_NoFPU/ps7_cortexa9_0/standalone_domain/bsp/system.mss
TRACE::2025-09-30.11:14:24::SCWMssOS::Found a swdesign opened with the mssfile.
TRACE::2025-09-30.11:14:25::SCWMssOS::Completed writemss as part of save.
TRACE::2025-09-30.11:14:25::SCWMssOS::Commit changes completed.
TRACE::2025-09-30.11:14:25::SCWPlatform::Trying to open the hw design at D:/Projet_Vitis/PS_Alone_NoFPU/hw/PS_Only_ZyboZ7.xsa
TRACE::2025-09-30.11:14:25::SCWPlatform::DSA given D:/Projet_Vitis/PS_Alone_NoFPU/hw/PS_Only_ZyboZ7.xsa
TRACE::2025-09-30.11:14:25::SCWPlatform::DSA absoulate path D:/Projet_Vitis/PS_Alone_NoFPU/hw/PS_Only_ZyboZ7.xsa
TRACE::2025-09-30.11:14:25::SCWPlatform::DSA directory D:/Projet_Vitis/PS_Alone_NoFPU/hw
TRACE::2025-09-30.11:14:25::SCWPlatform:: Platform Path D:/Projet_Vitis/PS_Alone_NoFPU/hw/PS_Only_ZyboZ7.xsa
TRACE::2025-09-30.11:14:25::SCWPlatform:: Unique name xilinx:zybo-z7-20::0.0
TRACE::2025-09-30.11:14:25::SCWPlatform::Trying to set the existing hwdb with name design_1_wrapper_8
TRACE::2025-09-30.11:14:25::SCWPlatform::Opened existing hwdb design_1_wrapper_8
TRACE::2025-09-30.11:14:25::SCWPlatform::Found the Hw Db part of the input DSA
TRACE::2025-09-30.11:14:25::SCWMssOS::Checking the sw design at  D:/Projet_Vitis/PS_Alone_NoFPU/zynq_fsbl/zynq_fsbl_bsp/system.mss
TRACE::2025-09-30.11:14:25::SCWMssOS::DEBUG:  swdes dump  D:/Projet_Vitis/PS_Alone_NoFPU/ps7_cortexa9_0/standalone_domain/bsp/system.mss|system_1||
D:/Projet_Vitis/PS_Alone_NoFPU/zynq_fsbl/zynq_fsbl_bsp/system.mss|system_0||
D:/Projet_Vitis/PS_Only_ZyboZ7/zynq_fsbl/zynq_fsbl_bsp/system.mss|system||

TRACE::2025-09-30.11:14:25::SCWMssOS::Sw design exists and opened at  D:/Projet_Vitis/PS_Alone_NoFPU/zynq_fsbl/zynq_fsbl_bsp/system.mss
TRACE::2025-09-30.11:14:25::SCWPlatform::Trying to open the hw design at D:/Projet_Vitis/PS_Alone_NoFPU/hw/PS_Only_ZyboZ7.xsa
TRACE::2025-09-30.11:14:25::SCWPlatform::DSA given D:/Projet_Vitis/PS_Alone_NoFPU/hw/PS_Only_ZyboZ7.xsa
TRACE::2025-09-30.11:14:25::SCWPlatform::DSA absoulate path D:/Projet_Vitis/PS_Alone_NoFPU/hw/PS_Only_ZyboZ7.xsa
TRACE::2025-09-30.11:14:25::SCWPlatform::DSA directory D:/Projet_Vitis/PS_Alone_NoFPU/hw
TRACE::2025-09-30.11:14:25::SCWPlatform:: Platform Path D:/Projet_Vitis/PS_Alone_NoFPU/hw/PS_Only_ZyboZ7.xsa
TRACE::2025-09-30.11:14:25::SCWPlatform:: Unique name xilinx:zybo-z7-20::0.0
TRACE::2025-09-30.11:14:25::SCWPlatform::Trying to set the existing hwdb with name design_1_wrapper_8
TRACE::2025-09-30.11:14:25::SCWPlatform::Opened existing hwdb design_1_wrapper_8
TRACE::2025-09-30.11:14:25::SCWPlatform::Found the Hw Db part of the input DSA
TRACE::2025-09-30.11:14:25::SCWMssOS::Checking the sw design at  D:/Projet_Vitis/PS_Alone_NoFPU/ps7_cortexa9_0/standalone_domain/bsp/system.mss
TRACE::2025-09-30.11:14:25::SCWMssOS::DEBUG:  swdes dump  D:/Projet_Vitis/PS_Alone_NoFPU/ps7_cortexa9_0/standalone_domain/bsp/system.mss|system_1||
D:/Projet_Vitis/PS_Alone_NoFPU/zynq_fsbl/zynq_fsbl_bsp/system.mss|system_0||
D:/Projet_Vitis/PS_Only_ZyboZ7/zynq_fsbl/zynq_fsbl_bsp/system.mss|system||

TRACE::2025-09-30.11:14:25::SCWMssOS::Sw design exists and opened at  D:/Projet_Vitis/PS_Alone_NoFPU/ps7_cortexa9_0/standalone_domain/bsp/system.mss
TRACE::2025-09-30.11:14:25::SCWWriter::formatted JSON is {
	"platformName":	"PS_Alone_NoFPU",
	"sprVersion":	"2.0",
	"mode":	"gui",
	"dsaType":	"Fixed",
	"platformDesc":	"PS_Alone_NoFPU",
	"platHandOff":	"D:/Projet_Vitis/PS_Only_ZyboZ7.xsa",
	"platIntHandOff":	"<platformDir>/hw/PS_Only_ZyboZ7.xsa",
	"deviceType":	"zynq",
	"platIsPrebuiltAutogen":	"false",
	"platIsNoBootBsp":	"false",
	"hasFsblMakeHasChanges":	"false",
	"hasPmufwMakeHasChanges":	"false",
	"fsblExtraCompilerFlags":	"-MMD -MP       -mcpu=cortex-a9 -mfpu=vfpv3 -mfloat-abi=hard ",
	"platPreBuiltFlag":	false,
	"platformSamplesDir":	"",
	"platActiveSys":	"PS_Alone_NoFPU",
	"systems":	[{
			"systemName":	"PS_Alone_NoFPU",
			"systemDesc":	"PS_Alone_NoFPU",
			"sysIsBootAutoGen":	"true",
			"systemDispName":	"PS_Alone_NoFPU",
			"sysActiveDom":	"standalone_domain",
			"sysDefaultDom":	"standalone_domain",
			"domains":	[{
					"domainName":	"zynq_fsbl",
					"domainDispName":	"zynq_fsbl",
					"domainDesc":	"FSBL Application BSP - Auto Generated.",
					"processors":	"ps7_cortexa9_0",
					"os":	"standalone",
					"sdxOs":	"standalone",
					"debugEnable":	"",
					"domRuntimes":	["cpp"],
					"swRepo":	"",
					"mssOsVer":	"7.3",
					"mssFile":	"",
					"md5Digest":	"ecd307a65fb430472c9c112c562c9f60",
					"compatibleApp":	"zynq_fsbl",
					"domType":	"bootDomain",
					"arch":	"32-bit",
					"appSettings":	{
						"appCompilerFlags":	"",
						"appLinkerFlags":	""
					},
					"addedLibs":	["xilffs:4.4", "xilrsa:1.6"],
					"libOptions":	{
						"ps7_cortexa9_0":	{
							"extra_compiler_flags":	"-mcpu=cortex-a9 -mfpu=vfpv3 -mfloat-abi=soft -nostartfiles -g -Wall -Wextra",
							"libOptionNames":	["extra_compiler_flags"]
						},
						"libsContainingOptions":	["ps7_cortexa9_0"]
					},
					"prebuiltLibs":	{
						"prebuiltIncPath":	[],
						"prebuiltLibPath":	[]
					},
					"isolation":	{
					}
				}, {
					"domainName":	"standalone_domain",
					"domainDispName":	"standalone on ps7_cortexa9_0",
					"domainDesc":	"standalone_domain",
					"processors":	"ps7_cortexa9_0",
					"os":	"standalone",
					"sdxOs":	"standalone",
					"qemuArgs":	"C:/Xilinx/Vitis/2020.2/data/emulation/platforms/zynq/sw/a9_standalone/qemu/qemu_args.txt",
					"qemuData":	"C:/Xilinx/Vitis/2020.2/data/emulation/platforms/zynq/sw/a9_standalone/qemu/",
					"debugEnable":	"False",
					"domRuntimes":	["cpp"],
					"swRepo":	"",
					"mssOsVer":	"7.3",
					"mssFile":	"",
					"md5Digest":	"88becbc5ed6cc9445bc17201c55de1b3",
					"compatibleApp":	"",
					"domType":	"mssDomain",
					"appSettings":	{
						"appCompilerFlags":	"",
						"appLinkerFlags":	""
					},
					"addedLibs":	[],
					"libOptions":	{
						"ps7_cortexa9_0":	{
							"extra_compiler_flags":	"-mcpu=cortex-a9 -mfpu=vfpv3 -mfloat-abi=soft -nostartfiles -g -Wall -Wextra",
							"libOptionNames":	["extra_compiler_flags"]
						},
						"libsContainingOptions":	["ps7_cortexa9_0"]
					},
					"prebuiltLibs":	{
						"prebuiltIncPath":	[],
						"prebuiltLibPath":	[]
					},
					"isolation":	{
					}
				}]
		}]
}
KEYINFO::2025-09-30.11:14:25::SCWPlatform::updated the xpfm file.
TRACE::2025-09-30.11:14:26::SCWPlatform::Trying to open the hw design at D:/Projet_Vitis/PS_Alone_NoFPU/hw/PS_Only_ZyboZ7.xsa
TRACE::2025-09-30.11:14:26::SCWPlatform::DSA given D:/Projet_Vitis/PS_Alone_NoFPU/hw/PS_Only_ZyboZ7.xsa
TRACE::2025-09-30.11:14:26::SCWPlatform::DSA absoulate path D:/Projet_Vitis/PS_Alone_NoFPU/hw/PS_Only_ZyboZ7.xsa
TRACE::2025-09-30.11:14:26::SCWPlatform::DSA directory D:/Projet_Vitis/PS_Alone_NoFPU/hw
TRACE::2025-09-30.11:14:26::SCWPlatform:: Platform Path D:/Projet_Vitis/PS_Alone_NoFPU/hw/PS_Only_ZyboZ7.xsa
TRACE::2025-09-30.11:14:26::SCWPlatform:: Unique name xilinx:zybo-z7-20::0.0
TRACE::2025-09-30.11:14:26::SCWPlatform::Trying to set the existing hwdb with name design_1_wrapper_8
TRACE::2025-09-30.11:14:26::SCWPlatform::Opened existing hwdb design_1_wrapper_8
TRACE::2025-09-30.11:14:26::SCWPlatform::Found the Hw Db part of the input DSA
TRACE::2025-09-30.11:14:26::SCWMssOS::Checking the sw design at  D:/Projet_Vitis/PS_Alone_NoFPU/ps7_cortexa9_0/standalone_domain/bsp/system.mss
TRACE::2025-09-30.11:14:26::SCWMssOS::DEBUG:  swdes dump  D:/Projet_Vitis/PS_Alone_NoFPU/ps7_cortexa9_0/standalone_domain/bsp/system.mss|system_1||
D:/Projet_Vitis/PS_Alone_NoFPU/zynq_fsbl/zynq_fsbl_bsp/system.mss|system_0||
D:/Projet_Vitis/PS_Only_ZyboZ7/zynq_fsbl/zynq_fsbl_bsp/system.mss|system||

TRACE::2025-09-30.11:14:26::SCWMssOS::Sw design exists and opened at  D:/Projet_Vitis/PS_Alone_NoFPU/ps7_cortexa9_0/standalone_domain/bsp/system.mss
TRACE::2025-09-30.11:45:45::SCWPlatform::Trying to open the hw design at H:/Projets_Vitis/PS_Alone_NoFPU/hw/PS_Only_ZyboZ7.xsa
TRACE::2025-09-30.11:45:45::SCWPlatform::DSA given H:/Projets_Vitis/PS_Alone_NoFPU/hw/PS_Only_ZyboZ7.xsa
TRACE::2025-09-30.11:45:45::SCWPlatform::DSA absoulate path H:/Projets_Vitis/PS_Alone_NoFPU/hw/PS_Only_ZyboZ7.xsa
TRACE::2025-09-30.11:45:48::SCWPlatform::DSA directory H:/Projets_Vitis/PS_Alone_NoFPU/hw
TRACE::2025-09-30.11:45:48::SCWPlatform:: Platform Path H:/Projets_Vitis/PS_Alone_NoFPU/hw/PS_Only_ZyboZ7.xsa
TRACE::2025-09-30.11:45:48::SCWPlatform:: Unique name xilinx:zybo-z7-20::0.0
TRACE::2025-09-30.11:45:48::SCWPlatform::Do not have an existing db opened. 
TRACE::2025-09-30.11:45:52::SCWPlatform::Opened new HwDB with name design_1_wrapper
TRACE::2025-09-30.11:45:52::SCWReader::Active system found as  PS_Alone_NoFPU
TRACE::2025-09-30.11:45:52::SCWReader::Handling sysconfig PS_Alone_NoFPU
TRACE::2025-09-30.11:45:52::SCWDomain::checking for install qemu data   : 
TRACE::2025-09-30.11:45:52::SCWDomain:: Using the QEMU Data from install at  : C:/Xilinx/Vitis/2020.2/data/emulation/platforms/zynq/sw/a9_standalone/qemu/
TRACE::2025-09-30.11:45:52::SCWDomain:: Using the QEMU args  from install at  : C:/Xilinx/Vitis/2020.2/data/emulation/platforms/zynq/sw/a9_standalone/qemu/qemu_args.txt
TRACE::2025-09-30.11:45:52::SCWPlatform::Trying to open the hw design at H:/Projets_Vitis/PS_Alone_NoFPU/hw/PS_Only_ZyboZ7.xsa
TRACE::2025-09-30.11:45:52::SCWPlatform::DSA given H:/Projets_Vitis/PS_Alone_NoFPU/hw/PS_Only_ZyboZ7.xsa
TRACE::2025-09-30.11:45:52::SCWPlatform::DSA absoulate path H:/Projets_Vitis/PS_Alone_NoFPU/hw/PS_Only_ZyboZ7.xsa
TRACE::2025-09-30.11:45:52::SCWPlatform::DSA directory H:/Projets_Vitis/PS_Alone_NoFPU/hw
TRACE::2025-09-30.11:45:52::SCWPlatform:: Platform Path H:/Projets_Vitis/PS_Alone_NoFPU/hw/PS_Only_ZyboZ7.xsa
TRACE::2025-09-30.11:45:52::SCWPlatform:: Unique name xilinx:zybo-z7-20::0.0
TRACE::2025-09-30.11:45:52::SCWPlatform::Trying to set the existing hwdb with name design_1_wrapper
TRACE::2025-09-30.11:45:52::SCWPlatform::Opened existing hwdb design_1_wrapper
TRACE::2025-09-30.11:45:52::SCWPlatform::Found the Hw Db part of the input DSA
TRACE::2025-09-30.11:45:52::SCWPlatform::Trying to open the hw design at H:/Projets_Vitis/PS_Alone_NoFPU/hw/PS_Only_ZyboZ7.xsa
TRACE::2025-09-30.11:45:52::SCWPlatform::DSA given H:/Projets_Vitis/PS_Alone_NoFPU/hw/PS_Only_ZyboZ7.xsa
TRACE::2025-09-30.11:45:52::SCWPlatform::DSA absoulate path H:/Projets_Vitis/PS_Alone_NoFPU/hw/PS_Only_ZyboZ7.xsa
TRACE::2025-09-30.11:45:52::SCWPlatform::DSA directory H:/Projets_Vitis/PS_Alone_NoFPU/hw
TRACE::2025-09-30.11:45:52::SCWPlatform:: Platform Path H:/Projets_Vitis/PS_Alone_NoFPU/hw/PS_Only_ZyboZ7.xsa
TRACE::2025-09-30.11:45:52::SCWPlatform:: Unique name xilinx:zybo-z7-20::0.0
TRACE::2025-09-30.11:45:52::SCWPlatform::Trying to set the existing hwdb with name design_1_wrapper
TRACE::2025-09-30.11:45:52::SCWPlatform::Opened existing hwdb design_1_wrapper
TRACE::2025-09-30.11:45:52::SCWPlatform::Found the Hw Db part of the input DSA
TRACE::2025-09-30.11:45:52::SCWPlatform::Trying to open the hw design at H:/Projets_Vitis/PS_Alone_NoFPU/hw/PS_Only_ZyboZ7.xsa
TRACE::2025-09-30.11:45:52::SCWPlatform::DSA given H:/Projets_Vitis/PS_Alone_NoFPU/hw/PS_Only_ZyboZ7.xsa
TRACE::2025-09-30.11:45:52::SCWPlatform::DSA absoulate path H:/Projets_Vitis/PS_Alone_NoFPU/hw/PS_Only_ZyboZ7.xsa
TRACE::2025-09-30.11:45:52::SCWPlatform::DSA directory H:/Projets_Vitis/PS_Alone_NoFPU/hw
TRACE::2025-09-30.11:45:52::SCWPlatform:: Platform Path H:/Projets_Vitis/PS_Alone_NoFPU/hw/PS_Only_ZyboZ7.xsa
TRACE::2025-09-30.11:45:52::SCWPlatform:: Unique name xilinx:zybo-z7-20::0.0
TRACE::2025-09-30.11:45:52::SCWPlatform::Trying to set the existing hwdb with name design_1_wrapper
TRACE::2025-09-30.11:45:52::SCWPlatform::Opened existing hwdb design_1_wrapper
TRACE::2025-09-30.11:45:52::SCWPlatform::Found the Hw Db part of the input DSA
TRACE::2025-09-30.11:45:52::SCWReader::Boot application domain added for zynq_fsbl
TRACE::2025-09-30.11:45:52::SCWPlatform::Trying to open the hw design at H:/Projets_Vitis/PS_Alone_NoFPU/hw/PS_Only_ZyboZ7.xsa
TRACE::2025-09-30.11:45:52::SCWPlatform::DSA given H:/Projets_Vitis/PS_Alone_NoFPU/hw/PS_Only_ZyboZ7.xsa
TRACE::2025-09-30.11:45:52::SCWPlatform::DSA absoulate path H:/Projets_Vitis/PS_Alone_NoFPU/hw/PS_Only_ZyboZ7.xsa
TRACE::2025-09-30.11:45:52::SCWPlatform::DSA directory H:/Projets_Vitis/PS_Alone_NoFPU/hw
TRACE::2025-09-30.11:45:52::SCWPlatform:: Platform Path H:/Projets_Vitis/PS_Alone_NoFPU/hw/PS_Only_ZyboZ7.xsa
TRACE::2025-09-30.11:45:52::SCWPlatform:: Unique name xilinx:zybo-z7-20::0.0
TRACE::2025-09-30.11:45:52::SCWPlatform::Trying to set the existing hwdb with name design_1_wrapper
TRACE::2025-09-30.11:45:52::SCWPlatform::Opened existing hwdb design_1_wrapper
TRACE::2025-09-30.11:45:52::SCWPlatform::Found the Hw Db part of the input DSA
TRACE::2025-09-30.11:45:52::SCWMssOS::Checking the sw design at  H:/Projets_Vitis/PS_Alone_NoFPU/zynq_fsbl/zynq_fsbl_bsp/system.mss
TRACE::2025-09-30.11:45:52::SCWMssOS::DEBUG:  swdes dump  
TRACE::2025-09-30.11:45:52::SCWMssOS::No sw design opened at  H:/Projets_Vitis/PS_Alone_NoFPU/zynq_fsbl/zynq_fsbl_bsp/system.mss
TRACE::2025-09-30.11:45:52::SCWMssOS::mss exists loading the mss file  H:/Projets_Vitis/PS_Alone_NoFPU/zynq_fsbl/zynq_fsbl_bsp/system.mss
TRACE::2025-09-30.11:45:52::SCWMssOS::Opened the sw design from mss  H:/Projets_Vitis/PS_Alone_NoFPU/zynq_fsbl/zynq_fsbl_bsp/system.mss
TRACE::2025-09-30.11:45:52::SCWMssOS::Adding the swdes entry H:/Projets_Vitis/PS_Alone_NoFPU/zynq_fsbl/zynq_fsbl_bsp/system.mss with des name system
TRACE::2025-09-30.11:45:52::SCWMssOS::updating the scw layer about changes
TRACE::2025-09-30.11:45:52::SCWMssOS::Opened the sw design.  H:/Projets_Vitis/PS_Alone_NoFPU/zynq_fsbl/zynq_fsbl_bsp/system.mss
TRACE::2025-09-30.11:45:52::SCWPlatform::Trying to open the hw design at H:/Projets_Vitis/PS_Alone_NoFPU/hw/PS_Only_ZyboZ7.xsa
TRACE::2025-09-30.11:45:52::SCWPlatform::DSA given H:/Projets_Vitis/PS_Alone_NoFPU/hw/PS_Only_ZyboZ7.xsa
TRACE::2025-09-30.11:45:52::SCWPlatform::DSA absoulate path H:/Projets_Vitis/PS_Alone_NoFPU/hw/PS_Only_ZyboZ7.xsa
TRACE::2025-09-30.11:45:52::SCWPlatform::DSA directory H:/Projets_Vitis/PS_Alone_NoFPU/hw
TRACE::2025-09-30.11:45:52::SCWPlatform:: Platform Path H:/Projets_Vitis/PS_Alone_NoFPU/hw/PS_Only_ZyboZ7.xsa
TRACE::2025-09-30.11:45:52::SCWPlatform:: Unique name xilinx:zybo-z7-20::0.0
TRACE::2025-09-30.11:45:52::SCWPlatform::Trying to set the existing hwdb with name design_1_wrapper
TRACE::2025-09-30.11:45:52::SCWPlatform::Opened existing hwdb design_1_wrapper
TRACE::2025-09-30.11:45:52::SCWPlatform::Found the Hw Db part of the input DSA
TRACE::2025-09-30.11:45:52::SCWMssOS::Checking the sw design at  H:/Projets_Vitis/PS_Alone_NoFPU/zynq_fsbl/zynq_fsbl_bsp/system.mss
TRACE::2025-09-30.11:45:52::SCWMssOS::DEBUG:  swdes dump  H:/Projets_Vitis/PS_Alone_NoFPU/zynq_fsbl/zynq_fsbl_bsp/system.mss|system||

TRACE::2025-09-30.11:45:52::SCWMssOS::Sw design exists and opened at  H:/Projets_Vitis/PS_Alone_NoFPU/zynq_fsbl/zynq_fsbl_bsp/system.mss
TRACE::2025-09-30.11:45:52::SCWMssOS:: library already available in sw design:  xilffs:4.4
TRACE::2025-09-30.11:45:52::SCWPlatform::Trying to open the hw design at H:/Projets_Vitis/PS_Alone_NoFPU/hw/PS_Only_ZyboZ7.xsa
TRACE::2025-09-30.11:45:52::SCWPlatform::DSA given H:/Projets_Vitis/PS_Alone_NoFPU/hw/PS_Only_ZyboZ7.xsa
TRACE::2025-09-30.11:45:52::SCWPlatform::DSA absoulate path H:/Projets_Vitis/PS_Alone_NoFPU/hw/PS_Only_ZyboZ7.xsa
TRACE::2025-09-30.11:45:52::SCWPlatform::DSA directory H:/Projets_Vitis/PS_Alone_NoFPU/hw
TRACE::2025-09-30.11:45:52::SCWPlatform:: Platform Path H:/Projets_Vitis/PS_Alone_NoFPU/hw/PS_Only_ZyboZ7.xsa
TRACE::2025-09-30.11:45:52::SCWPlatform:: Unique name xilinx:zybo-z7-20::0.0
TRACE::2025-09-30.11:45:52::SCWPlatform::Trying to set the existing hwdb with name design_1_wrapper
TRACE::2025-09-30.11:45:52::SCWPlatform::Opened existing hwdb design_1_wrapper
TRACE::2025-09-30.11:45:52::SCWPlatform::Found the Hw Db part of the input DSA
TRACE::2025-09-30.11:45:52::SCWMssOS::Checking the sw design at  H:/Projets_Vitis/PS_Alone_NoFPU/zynq_fsbl/zynq_fsbl_bsp/system.mss
TRACE::2025-09-30.11:45:52::SCWMssOS::DEBUG:  swdes dump  H:/Projets_Vitis/PS_Alone_NoFPU/zynq_fsbl/zynq_fsbl_bsp/system.mss|system||

TRACE::2025-09-30.11:45:52::SCWMssOS::Sw design exists and opened at  H:/Projets_Vitis/PS_Alone_NoFPU/zynq_fsbl/zynq_fsbl_bsp/system.mss
TRACE::2025-09-30.11:45:53::SCWMssOS:: library already available in sw design:  xilrsa:1.6
TRACE::2025-09-30.11:45:53::SCWPlatform::Trying to open the hw design at H:/Projets_Vitis/PS_Alone_NoFPU/hw/PS_Only_ZyboZ7.xsa
TRACE::2025-09-30.11:45:53::SCWPlatform::DSA given H:/Projets_Vitis/PS_Alone_NoFPU/hw/PS_Only_ZyboZ7.xsa
TRACE::2025-09-30.11:45:53::SCWPlatform::DSA absoulate path H:/Projets_Vitis/PS_Alone_NoFPU/hw/PS_Only_ZyboZ7.xsa
TRACE::2025-09-30.11:45:53::SCWPlatform::DSA directory H:/Projets_Vitis/PS_Alone_NoFPU/hw
TRACE::2025-09-30.11:45:53::SCWPlatform:: Platform Path H:/Projets_Vitis/PS_Alone_NoFPU/hw/PS_Only_ZyboZ7.xsa
TRACE::2025-09-30.11:45:53::SCWPlatform:: Unique name xilinx:zybo-z7-20::0.0
TRACE::2025-09-30.11:45:53::SCWPlatform::Trying to set the existing hwdb with name design_1_wrapper
TRACE::2025-09-30.11:45:53::SCWPlatform::Opened existing hwdb design_1_wrapper
TRACE::2025-09-30.11:45:53::SCWPlatform::Found the Hw Db part of the input DSA
TRACE::2025-09-30.11:45:53::SCWMssOS::Checking the sw design at  H:/Projets_Vitis/PS_Alone_NoFPU/zynq_fsbl/zynq_fsbl_bsp/system.mss
TRACE::2025-09-30.11:45:53::SCWMssOS::DEBUG:  swdes dump  H:/Projets_Vitis/PS_Alone_NoFPU/zynq_fsbl/zynq_fsbl_bsp/system.mss|system||

TRACE::2025-09-30.11:45:53::SCWMssOS::Sw design exists and opened at  H:/Projets_Vitis/PS_Alone_NoFPU/zynq_fsbl/zynq_fsbl_bsp/system.mss
TRACE::2025-09-30.11:45:53::SCWPlatform::Trying to open the hw design at H:/Projets_Vitis/PS_Alone_NoFPU/hw/PS_Only_ZyboZ7.xsa
TRACE::2025-09-30.11:45:53::SCWPlatform::DSA given H:/Projets_Vitis/PS_Alone_NoFPU/hw/PS_Only_ZyboZ7.xsa
TRACE::2025-09-30.11:45:53::SCWPlatform::DSA absoulate path H:/Projets_Vitis/PS_Alone_NoFPU/hw/PS_Only_ZyboZ7.xsa
TRACE::2025-09-30.11:45:53::SCWPlatform::DSA directory H:/Projets_Vitis/PS_Alone_NoFPU/hw
TRACE::2025-09-30.11:45:53::SCWPlatform:: Platform Path H:/Projets_Vitis/PS_Alone_NoFPU/hw/PS_Only_ZyboZ7.xsa
TRACE::2025-09-30.11:45:53::SCWPlatform:: Unique name xilinx:zybo-z7-20::0.0
TRACE::2025-09-30.11:45:53::SCWPlatform::Trying to set the existing hwdb with name design_1_wrapper
TRACE::2025-09-30.11:45:53::SCWPlatform::Opened existing hwdb design_1_wrapper
TRACE::2025-09-30.11:45:53::SCWPlatform::Found the Hw Db part of the input DSA
TRACE::2025-09-30.11:45:53::SCWMssOS::Checking the sw design at  H:/Projets_Vitis/PS_Alone_NoFPU/zynq_fsbl/zynq_fsbl_bsp/system.mss
TRACE::2025-09-30.11:45:53::SCWMssOS::DEBUG:  swdes dump  H:/Projets_Vitis/PS_Alone_NoFPU/zynq_fsbl/zynq_fsbl_bsp/system.mss|system||

TRACE::2025-09-30.11:45:53::SCWMssOS::Sw design exists and opened at  H:/Projets_Vitis/PS_Alone_NoFPU/zynq_fsbl/zynq_fsbl_bsp/system.mss
TRACE::2025-09-30.11:45:53::SCWMssOS::Saving the mss changes H:/Projets_Vitis/PS_Alone_NoFPU/zynq_fsbl/zynq_fsbl_bsp/system.mss
TRACE::2025-09-30.11:45:53::SCWMssOS::Found a swdesign opened with the mssfile.
TRACE::2025-09-30.11:45:53::SCWMssOS::Completed writemss as part of save.
TRACE::2025-09-30.11:45:53::SCWMssOS::Commit changes completed.
TRACE::2025-09-30.11:45:53::SCWReader::Adding prebuilt librarypaths as   
TRACE::2025-09-30.11:45:53::SCWReader::Adding prebuilt incpaths  as   
TRACE::2025-09-30.11:45:53::SCWPlatform::Trying to open the hw design at H:/Projets_Vitis/PS_Alone_NoFPU/hw/PS_Only_ZyboZ7.xsa
TRACE::2025-09-30.11:45:53::SCWPlatform::DSA given H:/Projets_Vitis/PS_Alone_NoFPU/hw/PS_Only_ZyboZ7.xsa
TRACE::2025-09-30.11:45:53::SCWPlatform::DSA absoulate path H:/Projets_Vitis/PS_Alone_NoFPU/hw/PS_Only_ZyboZ7.xsa
TRACE::2025-09-30.11:45:53::SCWPlatform::DSA directory H:/Projets_Vitis/PS_Alone_NoFPU/hw
TRACE::2025-09-30.11:45:53::SCWPlatform:: Platform Path H:/Projets_Vitis/PS_Alone_NoFPU/hw/PS_Only_ZyboZ7.xsa
TRACE::2025-09-30.11:45:53::SCWPlatform:: Unique name xilinx:zybo-z7-20::0.0
TRACE::2025-09-30.11:45:53::SCWPlatform::Trying to set the existing hwdb with name design_1_wrapper
TRACE::2025-09-30.11:45:53::SCWPlatform::Opened existing hwdb design_1_wrapper
TRACE::2025-09-30.11:45:53::SCWPlatform::Found the Hw Db part of the input DSA
TRACE::2025-09-30.11:45:53::SCWMssOS::Checking the sw design at  H:/Projets_Vitis/PS_Alone_NoFPU/zynq_fsbl/zynq_fsbl_bsp/system.mss
TRACE::2025-09-30.11:45:53::SCWMssOS::DEBUG:  swdes dump  H:/Projets_Vitis/PS_Alone_NoFPU/zynq_fsbl/zynq_fsbl_bsp/system.mss|system||

TRACE::2025-09-30.11:45:53::SCWMssOS::Sw design exists and opened at  H:/Projets_Vitis/PS_Alone_NoFPU/zynq_fsbl/zynq_fsbl_bsp/system.mss
TRACE::2025-09-30.11:45:53::SCWReader::No isolation master present  
TRACE::2025-09-30.11:45:53::SCWDomain::checking for install qemu data   : 
TRACE::2025-09-30.11:45:53::SCWDomain:: Using the QEMU Data from install at  : C:/Xilinx/Vitis/2020.2/data/emulation/platforms/zynq/sw/a9_standalone/qemu/
TRACE::2025-09-30.11:45:53::SCWDomain:: Using the QEMU args  from install at  : C:/Xilinx/Vitis/2020.2/data/emulation/platforms/zynq/sw/a9_standalone/qemu/qemu_args.txt
TRACE::2025-09-30.11:45:53::SCWPlatform::Trying to open the hw design at H:/Projets_Vitis/PS_Alone_NoFPU/hw/PS_Only_ZyboZ7.xsa
TRACE::2025-09-30.11:45:53::SCWPlatform::DSA given H:/Projets_Vitis/PS_Alone_NoFPU/hw/PS_Only_ZyboZ7.xsa
TRACE::2025-09-30.11:45:53::SCWPlatform::DSA absoulate path H:/Projets_Vitis/PS_Alone_NoFPU/hw/PS_Only_ZyboZ7.xsa
TRACE::2025-09-30.11:45:53::SCWPlatform::DSA directory H:/Projets_Vitis/PS_Alone_NoFPU/hw
TRACE::2025-09-30.11:45:53::SCWPlatform:: Platform Path H:/Projets_Vitis/PS_Alone_NoFPU/hw/PS_Only_ZyboZ7.xsa
TRACE::2025-09-30.11:45:53::SCWPlatform:: Unique name xilinx:zybo-z7-20::0.0
TRACE::2025-09-30.11:45:53::SCWPlatform::Trying to set the existing hwdb with name design_1_wrapper
TRACE::2025-09-30.11:45:53::SCWPlatform::Opened existing hwdb design_1_wrapper
TRACE::2025-09-30.11:45:53::SCWPlatform::Found the Hw Db part of the input DSA
TRACE::2025-09-30.11:45:53::SCWPlatform::Trying to open the hw design at H:/Projets_Vitis/PS_Alone_NoFPU/hw/PS_Only_ZyboZ7.xsa
TRACE::2025-09-30.11:45:53::SCWPlatform::DSA given H:/Projets_Vitis/PS_Alone_NoFPU/hw/PS_Only_ZyboZ7.xsa
TRACE::2025-09-30.11:45:53::SCWPlatform::DSA absoulate path H:/Projets_Vitis/PS_Alone_NoFPU/hw/PS_Only_ZyboZ7.xsa
TRACE::2025-09-30.11:45:53::SCWPlatform::DSA directory H:/Projets_Vitis/PS_Alone_NoFPU/hw
TRACE::2025-09-30.11:45:53::SCWPlatform:: Platform Path H:/Projets_Vitis/PS_Alone_NoFPU/hw/PS_Only_ZyboZ7.xsa
TRACE::2025-09-30.11:45:53::SCWPlatform:: Unique name xilinx:zybo-z7-20::0.0
TRACE::2025-09-30.11:45:53::SCWPlatform::Trying to set the existing hwdb with name design_1_wrapper
TRACE::2025-09-30.11:45:53::SCWPlatform::Opened existing hwdb design_1_wrapper
TRACE::2025-09-30.11:45:53::SCWPlatform::Found the Hw Db part of the input DSA
TRACE::2025-09-30.11:45:53::SCWPlatform::Trying to open the hw design at H:/Projets_Vitis/PS_Alone_NoFPU/hw/PS_Only_ZyboZ7.xsa
TRACE::2025-09-30.11:45:53::SCWPlatform::DSA given H:/Projets_Vitis/PS_Alone_NoFPU/hw/PS_Only_ZyboZ7.xsa
TRACE::2025-09-30.11:45:53::SCWPlatform::DSA absoulate path H:/Projets_Vitis/PS_Alone_NoFPU/hw/PS_Only_ZyboZ7.xsa
TRACE::2025-09-30.11:45:53::SCWPlatform::DSA directory H:/Projets_Vitis/PS_Alone_NoFPU/hw
TRACE::2025-09-30.11:45:53::SCWPlatform:: Platform Path H:/Projets_Vitis/PS_Alone_NoFPU/hw/PS_Only_ZyboZ7.xsa
TRACE::2025-09-30.11:45:53::SCWPlatform:: Unique name xilinx:zybo-z7-20::0.0
TRACE::2025-09-30.11:45:53::SCWPlatform::Trying to set the existing hwdb with name design_1_wrapper
TRACE::2025-09-30.11:45:53::SCWPlatform::Opened existing hwdb design_1_wrapper
TRACE::2025-09-30.11:45:53::SCWPlatform::Found the Hw Db part of the input DSA
TRACE::2025-09-30.11:45:53::SCWMssOS::Checking the sw design at  H:/Projets_Vitis/PS_Alone_NoFPU/ps7_cortexa9_0/standalone_domain/bsp/system.mss
TRACE::2025-09-30.11:45:53::SCWMssOS::DEBUG:  swdes dump  H:/Projets_Vitis/PS_Alone_NoFPU/zynq_fsbl/zynq_fsbl_bsp/system.mss|system||

TRACE::2025-09-30.11:45:53::SCWMssOS::No sw design opened at  H:/Projets_Vitis/PS_Alone_NoFPU/ps7_cortexa9_0/standalone_domain/bsp/system.mss
TRACE::2025-09-30.11:45:53::SCWMssOS::mss exists loading the mss file  H:/Projets_Vitis/PS_Alone_NoFPU/ps7_cortexa9_0/standalone_domain/bsp/system.mss
TRACE::2025-09-30.11:45:53::SCWMssOS::Opened the sw design from mss  H:/Projets_Vitis/PS_Alone_NoFPU/ps7_cortexa9_0/standalone_domain/bsp/system.mss
TRACE::2025-09-30.11:45:53::SCWMssOS::Adding the swdes entry H:/Projets_Vitis/PS_Alone_NoFPU/ps7_cortexa9_0/standalone_domain/bsp/system.mss with des name system_0
TRACE::2025-09-30.11:45:53::SCWMssOS::updating the scw layer about changes
TRACE::2025-09-30.11:45:53::SCWMssOS::Opened the sw design.  H:/Projets_Vitis/PS_Alone_NoFPU/ps7_cortexa9_0/standalone_domain/bsp/system.mss
TRACE::2025-09-30.11:45:53::SCWPlatform::Trying to open the hw design at H:/Projets_Vitis/PS_Alone_NoFPU/hw/PS_Only_ZyboZ7.xsa
TRACE::2025-09-30.11:45:53::SCWPlatform::DSA given H:/Projets_Vitis/PS_Alone_NoFPU/hw/PS_Only_ZyboZ7.xsa
TRACE::2025-09-30.11:45:53::SCWPlatform::DSA absoulate path H:/Projets_Vitis/PS_Alone_NoFPU/hw/PS_Only_ZyboZ7.xsa
TRACE::2025-09-30.11:45:53::SCWPlatform::DSA directory H:/Projets_Vitis/PS_Alone_NoFPU/hw
TRACE::2025-09-30.11:45:53::SCWPlatform:: Platform Path H:/Projets_Vitis/PS_Alone_NoFPU/hw/PS_Only_ZyboZ7.xsa
TRACE::2025-09-30.11:45:53::SCWPlatform:: Unique name xilinx:zybo-z7-20::0.0
TRACE::2025-09-30.11:45:53::SCWPlatform::Trying to set the existing hwdb with name design_1_wrapper
TRACE::2025-09-30.11:45:53::SCWPlatform::Opened existing hwdb design_1_wrapper
TRACE::2025-09-30.11:45:53::SCWPlatform::Found the Hw Db part of the input DSA
TRACE::2025-09-30.11:45:53::SCWMssOS::Checking the sw design at  H:/Projets_Vitis/PS_Alone_NoFPU/ps7_cortexa9_0/standalone_domain/bsp/system.mss
TRACE::2025-09-30.11:45:53::SCWMssOS::DEBUG:  swdes dump  H:/Projets_Vitis/PS_Alone_NoFPU/ps7_cortexa9_0/standalone_domain/bsp/system.mss|system_0||
H:/Projets_Vitis/PS_Alone_NoFPU/zynq_fsbl/zynq_fsbl_bsp/system.mss|system||

TRACE::2025-09-30.11:45:53::SCWMssOS::Sw design exists and opened at  H:/Projets_Vitis/PS_Alone_NoFPU/ps7_cortexa9_0/standalone_domain/bsp/system.mss
TRACE::2025-09-30.11:45:53::SCWPlatform::Trying to open the hw design at H:/Projets_Vitis/PS_Alone_NoFPU/hw/PS_Only_ZyboZ7.xsa
TRACE::2025-09-30.11:45:53::SCWPlatform::DSA given H:/Projets_Vitis/PS_Alone_NoFPU/hw/PS_Only_ZyboZ7.xsa
TRACE::2025-09-30.11:45:53::SCWPlatform::DSA absoulate path H:/Projets_Vitis/PS_Alone_NoFPU/hw/PS_Only_ZyboZ7.xsa
TRACE::2025-09-30.11:45:53::SCWPlatform::DSA directory H:/Projets_Vitis/PS_Alone_NoFPU/hw
TRACE::2025-09-30.11:45:53::SCWPlatform:: Platform Path H:/Projets_Vitis/PS_Alone_NoFPU/hw/PS_Only_ZyboZ7.xsa
TRACE::2025-09-30.11:45:53::SCWPlatform:: Unique name xilinx:zybo-z7-20::0.0
TRACE::2025-09-30.11:45:53::SCWPlatform::Trying to set the existing hwdb with name design_1_wrapper
TRACE::2025-09-30.11:45:53::SCWPlatform::Opened existing hwdb design_1_wrapper
TRACE::2025-09-30.11:45:53::SCWPlatform::Found the Hw Db part of the input DSA
TRACE::2025-09-30.11:45:53::SCWMssOS::Checking the sw design at  H:/Projets_Vitis/PS_Alone_NoFPU/ps7_cortexa9_0/standalone_domain/bsp/system.mss
TRACE::2025-09-30.11:45:53::SCWMssOS::DEBUG:  swdes dump  H:/Projets_Vitis/PS_Alone_NoFPU/ps7_cortexa9_0/standalone_domain/bsp/system.mss|system_0||
H:/Projets_Vitis/PS_Alone_NoFPU/zynq_fsbl/zynq_fsbl_bsp/system.mss|system||

TRACE::2025-09-30.11:45:53::SCWMssOS::Sw design exists and opened at  H:/Projets_Vitis/PS_Alone_NoFPU/ps7_cortexa9_0/standalone_domain/bsp/system.mss
TRACE::2025-09-30.11:45:53::SCWMssOS::Saving the mss changes H:/Projets_Vitis/PS_Alone_NoFPU/ps7_cortexa9_0/standalone_domain/bsp/system.mss
TRACE::2025-09-30.11:45:53::SCWMssOS::Found a swdesign opened with the mssfile.
TRACE::2025-09-30.11:45:53::SCWMssOS::Completed writemss as part of save.
TRACE::2025-09-30.11:45:53::SCWMssOS::Commit changes completed.
TRACE::2025-09-30.11:45:53::SCWReader::Adding prebuilt librarypaths as   
TRACE::2025-09-30.11:45:53::SCWReader::Adding prebuilt incpaths  as   
TRACE::2025-09-30.11:45:53::SCWPlatform::Trying to open the hw design at H:/Projets_Vitis/PS_Alone_NoFPU/hw/PS_Only_ZyboZ7.xsa
TRACE::2025-09-30.11:45:53::SCWPlatform::DSA given H:/Projets_Vitis/PS_Alone_NoFPU/hw/PS_Only_ZyboZ7.xsa
TRACE::2025-09-30.11:45:53::SCWPlatform::DSA absoulate path H:/Projets_Vitis/PS_Alone_NoFPU/hw/PS_Only_ZyboZ7.xsa
TRACE::2025-09-30.11:45:53::SCWPlatform::DSA directory H:/Projets_Vitis/PS_Alone_NoFPU/hw
TRACE::2025-09-30.11:45:53::SCWPlatform:: Platform Path H:/Projets_Vitis/PS_Alone_NoFPU/hw/PS_Only_ZyboZ7.xsa
TRACE::2025-09-30.11:45:53::SCWPlatform:: Unique name xilinx:zybo-z7-20::0.0
TRACE::2025-09-30.11:45:53::SCWPlatform::Trying to set the existing hwdb with name design_1_wrapper
TRACE::2025-09-30.11:45:53::SCWPlatform::Opened existing hwdb design_1_wrapper
TRACE::2025-09-30.11:45:53::SCWPlatform::Found the Hw Db part of the input DSA
TRACE::2025-09-30.11:45:53::SCWMssOS::Checking the sw design at  H:/Projets_Vitis/PS_Alone_NoFPU/ps7_cortexa9_0/standalone_domain/bsp/system.mss
TRACE::2025-09-30.11:45:53::SCWMssOS::DEBUG:  swdes dump  H:/Projets_Vitis/PS_Alone_NoFPU/ps7_cortexa9_0/standalone_domain/bsp/system.mss|system_0||
H:/Projets_Vitis/PS_Alone_NoFPU/zynq_fsbl/zynq_fsbl_bsp/system.mss|system||

TRACE::2025-09-30.11:45:53::SCWMssOS::Sw design exists and opened at  H:/Projets_Vitis/PS_Alone_NoFPU/ps7_cortexa9_0/standalone_domain/bsp/system.mss
TRACE::2025-09-30.11:45:53::SCWReader::No isolation master present  
LOG::2025-09-30.11:45:53::SCWPlatform::Started generating the artifacts platform PS_Alone_NoFPU
TRACE::2025-09-30.11:45:53::SCWPlatform::Sanity checking of platform is completed
LOG::2025-09-30.11:45:56::SCWPlatform::Started generating the artifacts for system configuration PS_Alone_NoFPU
LOG::2025-09-30.11:45:56::SCWSystem::Checking the domain zynq_fsbl
LOG::2025-09-30.11:45:56::SCWSystem::Doing application build for :  zynq_fsbl
TRACE::2025-09-30.11:45:56::SCWBDomain::Not a forced makefile updation, No changes are present. 
TRACE::2025-09-30.11:45:56::SCWDomain::Building the domain as part of full build :  zynq_fsbl
TRACE::2025-09-30.11:45:56::SCWPlatform::Trying to open the hw design at H:/Projets_Vitis/PS_Alone_NoFPU/hw/PS_Only_ZyboZ7.xsa
TRACE::2025-09-30.11:45:56::SCWPlatform::DSA given H:/Projets_Vitis/PS_Alone_NoFPU/hw/PS_Only_ZyboZ7.xsa
TRACE::2025-09-30.11:45:56::SCWPlatform::DSA absoulate path H:/Projets_Vitis/PS_Alone_NoFPU/hw/PS_Only_ZyboZ7.xsa
TRACE::2025-09-30.11:45:56::SCWPlatform::DSA directory H:/Projets_Vitis/PS_Alone_NoFPU/hw
TRACE::2025-09-30.11:45:56::SCWPlatform:: Platform Path H:/Projets_Vitis/PS_Alone_NoFPU/hw/PS_Only_ZyboZ7.xsa
TRACE::2025-09-30.11:45:56::SCWPlatform:: Unique name xilinx:zybo-z7-20::0.0
TRACE::2025-09-30.11:45:56::SCWPlatform::Trying to set the existing hwdb with name design_1_wrapper
TRACE::2025-09-30.11:45:56::SCWPlatform::Opened existing hwdb design_1_wrapper
TRACE::2025-09-30.11:45:56::SCWPlatform::Found the Hw Db part of the input DSA
TRACE::2025-09-30.11:45:56::SCWMssOS::Checking the sw design at  H:/Projets_Vitis/PS_Alone_NoFPU/zynq_fsbl/zynq_fsbl_bsp/system.mss
TRACE::2025-09-30.11:45:56::SCWMssOS::DEBUG:  swdes dump  H:/Projets_Vitis/PS_Alone_NoFPU/ps7_cortexa9_0/standalone_domain/bsp/system.mss|system_0||
H:/Projets_Vitis/PS_Alone_NoFPU/zynq_fsbl/zynq_fsbl_bsp/system.mss|system||

TRACE::2025-09-30.11:45:56::SCWMssOS::Sw design exists and opened at  H:/Projets_Vitis/PS_Alone_NoFPU/zynq_fsbl/zynq_fsbl_bsp/system.mss
TRACE::2025-09-30.11:45:56::SCWBDomain::Completed writing the mss file at H:/Projets_Vitis/PS_Alone_NoFPU/zynq_fsbl/zynq_fsbl_bsp
TRACE::2025-09-30.11:45:56::SCWBDomain::bsp generated is upto date with the mss file. Skipping bsp generation.
TRACE::2025-09-30.11:45:56::SCWBDomain::Not a forced makefile updation, No changes are present. 
TRACE::2025-09-30.11:45:56::SCWBDomain::System Command Ran  H:&  cd  H:/Projets_Vitis/PS_Alone_NoFPU/zynq_fsbl& make -C  zynq_fsbl_bsp & make 
TRACE::2025-09-30.11:45:56::SCWBDomain::make: Entering directory 'H:/Projets_Vitis/PS_Alone_NoFPU/zynq_fsbl/zynq_fsbl_bsp'

TRACE::2025-09-30.11:45:56::SCWBDomain::make --no-print-directory seq_libs

TRACE::2025-09-30.11:45:56::SCWBDomain::"Running Make include in ps7_cortexa9_0/libsrc/coresightps_dcc_v1_8/src"

TRACE::2025-09-30.11:45:56::SCWBDomain::make -C ps7_cortexa9_0/libsrc/coresightps_dcc_v1_8/src -s include  "SHELL=CMD" "COMPILER=arm-none-eabi-gcc" "ASSEMBLER=arm-none
TRACE::2025-09-30.11:45:56::SCWBDomain::-eabi-as" "ARCHIVER=arm-none-eabi-ar" "COMPILER_FLAGS=  -O2 -c" "EXTRA_COMPILER_FLAGS=-mcpu=cortex-a9 -mfpu=vfpv3 -mfloat-abi=s
TRACE::2025-09-30.11:45:56::SCWBDomain::oft -nostartfiles -g -Wall -Wextra"

TRACE::2025-09-30.11:45:56::SCWBDomain::"Running Make include in ps7_cortexa9_0/libsrc/cpu_cortexa9_v2_10/src"

TRACE::2025-09-30.11:45:56::SCWBDomain::make -C ps7_cortexa9_0/libsrc/cpu_cortexa9_v2_10/src -s include  "SHELL=CMD" "COMPILER=arm-none-eabi-gcc" "ASSEMBLER=arm-none-e
TRACE::2025-09-30.11:45:56::SCWBDomain::abi-as" "ARCHIVER=arm-none-eabi-ar" "COMPILER_FLAGS=  -O2 -c" "EXTRA_COMPILER_FLAGS=-mcpu=cortex-a9 -mfpu=vfpv3 -mfloat-abi=sof
TRACE::2025-09-30.11:45:56::SCWBDomain::t -nostartfiles -g -Wall -Wextra"

TRACE::2025-09-30.11:45:57::SCWBDomain::"Running Make include in ps7_cortexa9_0/libsrc/ddrps_v1_2/src"

TRACE::2025-09-30.11:45:57::SCWBDomain::make -C ps7_cortexa9_0/libsrc/ddrps_v1_2/src -s include  "SHELL=CMD" "COMPILER=arm-none-eabi-gcc" "ASSEMBLER=arm-none-eabi-as" 
TRACE::2025-09-30.11:45:57::SCWBDomain::"ARCHIVER=arm-none-eabi-ar" "COMPILER_FLAGS=  -O2 -c" "EXTRA_COMPILER_FLAGS=-mcpu=cortex-a9 -mfpu=vfpv3 -mfloat-abi=soft -nosta
TRACE::2025-09-30.11:45:57::SCWBDomain::rtfiles -g -Wall -Wextra"

TRACE::2025-09-30.11:45:57::SCWBDomain::"Running Make include in ps7_cortexa9_0/libsrc/devcfg_v3_7/src"

TRACE::2025-09-30.11:45:57::SCWBDomain::make -C ps7_cortexa9_0/libsrc/devcfg_v3_7/src -s include  "SHELL=CMD" "COMPILER=arm-none-eabi-gcc" "ASSEMBLER=arm-none-eabi-as"
TRACE::2025-09-30.11:45:57::SCWBDomain:: "ARCHIVER=arm-none-eabi-ar" "COMPILER_FLAGS=  -O2 -c" "EXTRA_COMPILER_FLAGS=-mcpu=cortex-a9 -mfpu=vfpv3 -mfloat-abi=soft -nost
TRACE::2025-09-30.11:45:57::SCWBDomain::artfiles -g -Wall -Wextra"

TRACE::2025-09-30.11:45:57::SCWBDomain::"Running Make include in ps7_cortexa9_0/libsrc/dmaps_v2_7/src"

TRACE::2025-09-30.11:45:57::SCWBDomain::make -C ps7_cortexa9_0/libsrc/dmaps_v2_7/src -s include  "SHELL=CMD" "COMPILER=arm-none-eabi-gcc" "ASSEMBLER=arm-none-eabi-as" 
TRACE::2025-09-30.11:45:57::SCWBDomain::"ARCHIVER=arm-none-eabi-ar" "COMPILER_FLAGS=  -O2 -c" "EXTRA_COMPILER_FLAGS=-mcpu=cortex-a9 -mfpu=vfpv3 -mfloat-abi=soft -nosta
TRACE::2025-09-30.11:45:57::SCWBDomain::rtfiles -g -Wall -Wextra"

TRACE::2025-09-30.11:45:57::SCWBDomain::"Running Make include in ps7_cortexa9_0/libsrc/emacps_v3_12/src"

TRACE::2025-09-30.11:45:57::SCWBDomain::make -C ps7_cortexa9_0/libsrc/emacps_v3_12/src -s include  "SHELL=CMD" "COMPILER=arm-none-eabi-gcc" "ASSEMBLER=arm-none-eabi-as
TRACE::2025-09-30.11:45:57::SCWBDomain::" "ARCHIVER=arm-none-eabi-ar" "COMPILER_FLAGS=  -O2 -c" "EXTRA_COMPILER_FLAGS=-mcpu=cortex-a9 -mfpu=vfpv3 -mfloat-abi=soft -nos
TRACE::2025-09-30.11:45:57::SCWBDomain::tartfiles -g -Wall -Wextra"

TRACE::2025-09-30.11:45:57::SCWBDomain::"Running Make include in ps7_cortexa9_0/libsrc/gpiops_v3_8/src"

TRACE::2025-09-30.11:45:57::SCWBDomain::make -C ps7_cortexa9_0/libsrc/gpiops_v3_8/src -s include  "SHELL=CMD" "COMPILER=arm-none-eabi-gcc" "ASSEMBLER=arm-none-eabi-as"
TRACE::2025-09-30.11:45:57::SCWBDomain:: "ARCHIVER=arm-none-eabi-ar" "COMPILER_FLAGS=  -O2 -c" "EXTRA_COMPILER_FLAGS=-mcpu=cortex-a9 -mfpu=vfpv3 -mfloat-abi=soft -nost
TRACE::2025-09-30.11:45:57::SCWBDomain::artfiles -g -Wall -Wextra"

TRACE::2025-09-30.11:45:57::SCWBDomain::"Running Make include in ps7_cortexa9_0/libsrc/qspips_v3_8/src"

TRACE::2025-09-30.11:45:57::SCWBDomain::make -C ps7_cortexa9_0/libsrc/qspips_v3_8/src -s include  "SHELL=CMD" "COMPILER=arm-none-eabi-gcc" "ASSEMBLER=arm-none-eabi-as"
TRACE::2025-09-30.11:45:57::SCWBDomain:: "ARCHIVER=arm-none-eabi-ar" "COMPILER_FLAGS=  -O2 -c" "EXTRA_COMPILER_FLAGS=-mcpu=cortex-a9 -mfpu=vfpv3 -mfloat-abi=soft -nost
TRACE::2025-09-30.11:45:57::SCWBDomain::artfiles -g -Wall -Wextra"

TRACE::2025-09-30.11:45:57::SCWBDomain::"Running Make include in ps7_cortexa9_0/libsrc/scugic_v4_3/src"

TRACE::2025-09-30.11:45:57::SCWBDomain::make -C ps7_cortexa9_0/libsrc/scugic_v4_3/src -s include  "SHELL=CMD" "COMPILER=arm-none-eabi-gcc" "ASSEMBLER=arm-none-eabi-as"
TRACE::2025-09-30.11:45:57::SCWBDomain:: "ARCHIVER=arm-none-eabi-ar" "COMPILER_FLAGS=  -O2 -c" "EXTRA_COMPILER_FLAGS=-mcpu=cortex-a9 -mfpu=vfpv3 -mfloat-abi=soft -nost
TRACE::2025-09-30.11:45:57::SCWBDomain::artfiles -g -Wall -Wextra"

TRACE::2025-09-30.11:45:57::SCWBDomain::"Running Make include in ps7_cortexa9_0/libsrc/scutimer_v2_3/src"

TRACE::2025-09-30.11:45:57::SCWBDomain::make -C ps7_cortexa9_0/libsrc/scutimer_v2_3/src -s include  "SHELL=CMD" "COMPILER=arm-none-eabi-gcc" "ASSEMBLER=arm-none-eabi-a
TRACE::2025-09-30.11:45:57::SCWBDomain::s" "ARCHIVER=arm-none-eabi-ar" "COMPILER_FLAGS=  -O2 -c" "EXTRA_COMPILER_FLAGS=-mcpu=cortex-a9 -mfpu=vfpv3 -mfloat-abi=soft -no
TRACE::2025-09-30.11:45:57::SCWBDomain::startfiles -g -Wall -Wextra"

TRACE::2025-09-30.11:45:57::SCWBDomain::"Running Make include in ps7_cortexa9_0/libsrc/scuwdt_v2_3/src"

TRACE::2025-09-30.11:45:57::SCWBDomain::make -C ps7_cortexa9_0/libsrc/scuwdt_v2_3/src -s include  "SHELL=CMD" "COMPILER=arm-none-eabi-gcc" "ASSEMBLER=arm-none-eabi-as"
TRACE::2025-09-30.11:45:57::SCWBDomain:: "ARCHIVER=arm-none-eabi-ar" "COMPILER_FLAGS=  -O2 -c" "EXTRA_COMPILER_FLAGS=-mcpu=cortex-a9 -mfpu=vfpv3 -mfloat-abi=soft -nost
TRACE::2025-09-30.11:45:57::SCWBDomain::artfiles -g -Wall -Wextra"

TRACE::2025-09-30.11:45:57::SCWBDomain::"Running Make include in ps7_cortexa9_0/libsrc/sdps_v3_10/src"

TRACE::2025-09-30.11:45:57::SCWBDomain::make -C ps7_cortexa9_0/libsrc/sdps_v3_10/src -s include  "SHELL=CMD" "COMPILER=arm-none-eabi-gcc" "ASSEMBLER=arm-none-eabi-as" 
TRACE::2025-09-30.11:45:57::SCWBDomain::"ARCHIVER=arm-none-eabi-ar" "COMPILER_FLAGS=  -O2 -c" "EXTRA_COMPILER_FLAGS=-mcpu=cortex-a9 -mfpu=vfpv3 -mfloat-abi=soft -nosta
TRACE::2025-09-30.11:45:57::SCWBDomain::rtfiles -g -Wall -Wextra"

TRACE::2025-09-30.11:45:57::SCWBDomain::"Running Make include in ps7_cortexa9_0/libsrc/standalone_v7_3/src"

TRACE::2025-09-30.11:45:57::SCWBDomain::make -C ps7_cortexa9_0/libsrc/standalone_v7_3/src -s include  "SHELL=CMD" "COMPILER=arm-none-eabi-gcc" "ASSEMBLER=arm-none-eabi
TRACE::2025-09-30.11:45:57::SCWBDomain::-as" "ARCHIVER=arm-none-eabi-ar" "COMPILER_FLAGS=  -O2 -c" "EXTRA_COMPILER_FLAGS=-mcpu=cortex-a9 -mfpu=vfpv3 -mfloat-abi=soft -
TRACE::2025-09-30.11:45:57::SCWBDomain::nostartfiles -g -Wall -Wextra"

TRACE::2025-09-30.11:45:58::SCWBDomain::"Running Make include in ps7_cortexa9_0/libsrc/uartps_v3_10/src"

TRACE::2025-09-30.11:45:58::SCWBDomain::make -C ps7_cortexa9_0/libsrc/uartps_v3_10/src -s include  "SHELL=CMD" "COMPILER=arm-none-eabi-gcc" "ASSEMBLER=arm-none-eabi-as
TRACE::2025-09-30.11:45:58::SCWBDomain::" "ARCHIVER=arm-none-eabi-ar" "COMPILER_FLAGS=  -O2 -c" "EXTRA_COMPILER_FLAGS=-mcpu=cortex-a9 -mfpu=vfpv3 -mfloat-abi=soft -nos
TRACE::2025-09-30.11:45:58::SCWBDomain::tartfiles -g -Wall -Wextra"

TRACE::2025-09-30.11:45:58::SCWBDomain::"Running Make include in ps7_cortexa9_0/libsrc/usbps_v2_6/src"

TRACE::2025-09-30.11:45:58::SCWBDomain::make -C ps7_cortexa9_0/libsrc/usbps_v2_6/src -s include  "SHELL=CMD" "COMPILER=arm-none-eabi-gcc" "ASSEMBLER=arm-none-eabi-as" 
TRACE::2025-09-30.11:45:58::SCWBDomain::"ARCHIVER=arm-none-eabi-ar" "COMPILER_FLAGS=  -O2 -c" "EXTRA_COMPILER_FLAGS=-mcpu=cortex-a9 -mfpu=vfpv3 -mfloat-abi=soft -nosta
TRACE::2025-09-30.11:45:58::SCWBDomain::rtfiles -g -Wall -Wextra"

TRACE::2025-09-30.11:45:58::SCWBDomain::"Running Make include in ps7_cortexa9_0/libsrc/xadcps_v2_5/src"

TRACE::2025-09-30.11:45:58::SCWBDomain::make -C ps7_cortexa9_0/libsrc/xadcps_v2_5/src -s include  "SHELL=CMD" "COMPILER=arm-none-eabi-gcc" "ASSEMBLER=arm-none-eabi-as"
TRACE::2025-09-30.11:45:58::SCWBDomain:: "ARCHIVER=arm-none-eabi-ar" "COMPILER_FLAGS=  -O2 -c" "EXTRA_COMPILER_FLAGS=-mcpu=cortex-a9 -mfpu=vfpv3 -mfloat-abi=soft -nost
TRACE::2025-09-30.11:45:58::SCWBDomain::artfiles -g -Wall -Wextra"

TRACE::2025-09-30.11:45:58::SCWBDomain::"Running Make include in ps7_cortexa9_0/libsrc/xilffs_v4_4/src"

TRACE::2025-09-30.11:45:58::SCWBDomain::make -C ps7_cortexa9_0/libsrc/xilffs_v4_4/src -s include  "SHELL=CMD" "COMPILER=arm-none-eabi-gcc" "ASSEMBLER=arm-none-eabi-as"
TRACE::2025-09-30.11:45:58::SCWBDomain:: "ARCHIVER=arm-none-eabi-ar" "COMPILER_FLAGS=  -O2 -c" "EXTRA_COMPILER_FLAGS=-mcpu=cortex-a9 -mfpu=vfpv3 -mfloat-abi=soft -nost
TRACE::2025-09-30.11:45:58::SCWBDomain::artfiles -g -Wall -Wextra"

TRACE::2025-09-30.11:45:58::SCWBDomain::"Running Make include in ps7_cortexa9_0/libsrc/xilrsa_v1_6/src"

TRACE::2025-09-30.11:45:58::SCWBDomain::make -C ps7_cortexa9_0/libsrc/xilrsa_v1_6/src -s include  "SHELL=CMD" "COMPILER=arm-none-eabi-gcc" "ASSEMBLER=arm-none-eabi-as"
TRACE::2025-09-30.11:45:58::SCWBDomain:: "ARCHIVER=arm-none-eabi-ar" "COMPILER_FLAGS=  -O2 -c" "EXTRA_COMPILER_FLAGS=-mcpu=cortex-a9 -mfpu=vfpv3 -mfloat-abi=soft -nost
TRACE::2025-09-30.11:45:58::SCWBDomain::artfiles -g -Wall -Wextra"

TRACE::2025-09-30.11:45:58::SCWBDomain::"Running Make libs in ps7_cortexa9_0/libsrc/xilrsa_v1_6/src"

TRACE::2025-09-30.11:45:58::SCWBDomain::make -C ps7_cortexa9_0/libsrc/xilrsa_v1_6/src -s libs  "SHELL=CMD" "COMPILER=arm-none-eabi-gcc" "ASSEMBLER=arm-none-eabi-as" "A
TRACE::2025-09-30.11:45:58::SCWBDomain::RCHIVER=arm-none-eabi-ar" "COMPILER_FLAGS=  -O2 -c" "EXTRA_COMPILER_FLAGS=-mcpu=cortex-a9 -mfpu=vfpv3 -mfloat-abi=soft -nostart
TRACE::2025-09-30.11:45:58::SCWBDomain::files -g -Wall -Wextra"

TRACE::2025-09-30.11:45:58::SCWBDomain::'Finished building libraries sequentially.'

TRACE::2025-09-30.11:45:58::SCWBDomain::make -j --no-print-directory par_libs

TRACE::2025-09-30.11:45:59::SCWBDomain::"Running Make include in ps7_cortexa9_0/libsrc/coresightps_dcc_v1_8/src"

TRACE::2025-09-30.11:45:59::SCWBDomain::make -C ps7_cortexa9_0/libsrc/coresightps_dcc_v1_8/src -s include  "SHELL=CMD" "COMPILER=arm-none-eabi-gcc" "ASSEMBLER=arm-none
TRACE::2025-09-30.11:45:59::SCWBDomain::-eabi-as" "ARCHIVER=arm-none-eabi-ar" "COMPILER_FLAGS=  -O2 -c" "EXTRA_COMPILER_FLAGS=-mcpu=cortex-a9 -mfpu=vfpv3 -mfloat-abi=s
TRACE::2025-09-30.11:45:59::SCWBDomain::oft -nostartfiles -g -Wall -Wextra"

TRACE::2025-09-30.11:45:59::SCWBDomain::"Running Make include in ps7_cortexa9_0/libsrc/cpu_cortexa9_v2_10/src"

TRACE::2025-09-30.11:45:59::SCWBDomain::make -C ps7_cortexa9_0/libsrc/cpu_cortexa9_v2_10/src -s include  "SHELL=CMD" "COMPILER=arm-none-eabi-gcc" "ASSEMBLER=arm-none-e
TRACE::2025-09-30.11:45:59::SCWBDomain::abi-as" "ARCHIVER=arm-none-eabi-ar" "COMPILER_FLAGS=  -O2 -c" "EXTRA_COMPILER_FLAGS=-mcpu=cortex-a9 -mfpu=vfpv3 -mfloat-abi=sof
TRACE::2025-09-30.11:45:59::SCWBDomain::t -nostartfiles -g -Wall -Wextra"

TRACE::2025-09-30.11:45:59::SCWBDomain::"Running Make include in ps7_cortexa9_0/libsrc/ddrps_v1_2/src"

TRACE::2025-09-30.11:45:59::SCWBDomain::make -C ps7_cortexa9_0/libsrc/ddrps_v1_2/src -s include  "SHELL=CMD" "COMPILER=arm-none-eabi-gcc" "ASSEMBLER=arm-none-eabi-as" 
TRACE::2025-09-30.11:45:59::SCWBDomain::"ARCHIVER=arm-none-eabi-ar" "COMPILER_FLAGS=  -O2 -c" "EXTRA_COMPILER_FLAGS=-mcpu=cortex-a9 -mfpu=vfpv3 -mfloat-abi=soft -nosta
TRACE::2025-09-30.11:45:59::SCWBDomain::rtfiles -g -Wall -Wextra"

TRACE::2025-09-30.11:45:59::SCWBDomain::"Running Make include in ps7_cortexa9_0/libsrc/devcfg_v3_7/src"

TRACE::2025-09-30.11:45:59::SCWBDomain::make -C ps7_cortexa9_0/libsrc/devcfg_v3_7/src -s include  "SHELL=CMD" "COMPILER=arm-none-eabi-gcc" "ASSEMBLER=arm-none-eabi-as"
TRACE::2025-09-30.11:45:59::SCWBDomain:: "ARCHIVER=arm-none-eabi-ar" "COMPILER_FLAGS=  -O2 -c" "EXTRA_COMPILER_FLAGS=-mcpu=cortex-a9 -mfpu=vfpv3 -mfloat-abi=soft -nost
TRACE::2025-09-30.11:45:59::SCWBDomain::artfiles -g -Wall -Wextra"

TRACE::2025-09-30.11:45:59::SCWBDomain::"Running Make include in ps7_cortexa9_0/libsrc/dmaps_v2_7/src"

TRACE::2025-09-30.11:45:59::SCWBDomain::make -C ps7_cortexa9_0/libsrc/dmaps_v2_7/src -s include  "SHELL=CMD" "COMPILER=arm-none-eabi-gcc" "ASSEMBLER=arm-none-eabi-as" 
TRACE::2025-09-30.11:45:59::SCWBDomain::"ARCHIVER=arm-none-eabi-ar" "COMPILER_FLAGS=  -O2 -c" "EXTRA_COMPILER_FLAGS=-mcpu=cortex-a9 -mfpu=vfpv3 -mfloat-abi=soft -nosta
TRACE::2025-09-30.11:45:59::SCWBDomain::rtfiles -g -Wall -Wextra"

TRACE::2025-09-30.11:45:59::SCWBDomain::"Running Make include in ps7_cortexa9_0/libsrc/emacps_v3_12/src"

TRACE::2025-09-30.11:45:59::SCWBDomain::make -C ps7_cortexa9_0/libsrc/emacps_v3_12/src -s include  "SHELL=CMD" "COMPILER=arm-none-eabi-gcc" "ASSEMBLER=arm-none-eabi-as
TRACE::2025-09-30.11:45:59::SCWBDomain::" "ARCHIVER=arm-none-eabi-ar" "COMPILER_FLAGS=  -O2 -c" "EXTRA_COMPILER_FLAGS=-mcpu=cortex-a9 -mfpu=vfpv3 -mfloat-abi=soft -nos
TRACE::2025-09-30.11:45:59::SCWBDomain::tartfiles -g -Wall -Wextra"

TRACE::2025-09-30.11:45:59::SCWBDomain::"Running Make include in ps7_cortexa9_0/libsrc/gpiops_v3_8/src"

TRACE::2025-09-30.11:45:59::SCWBDomain::make -C ps7_cortexa9_0/libsrc/gpiops_v3_8/src -s include  "SHELL=CMD" "COMPILER=arm-none-eabi-gcc" "ASSEMBLER=arm-none-eabi-as"
TRACE::2025-09-30.11:45:59::SCWBDomain:: "ARCHIVER=arm-none-eabi-ar" "COMPILER_FLAGS=  -O2 -c" "EXTRA_COMPILER_FLAGS=-mcpu=cortex-a9 -mfpu=vfpv3 -mfloat-abi=soft -nost
TRACE::2025-09-30.11:45:59::SCWBDomain::artfiles -g -Wall -Wextra"

TRACE::2025-09-30.11:45:59::SCWBDomain::"Running Make include in ps7_cortexa9_0/libsrc/qspips_v3_8/src"

TRACE::2025-09-30.11:45:59::SCWBDomain::make -C ps7_cortexa9_0/libsrc/qspips_v3_8/src -s include  "SHELL=CMD" "COMPILER=arm-none-eabi-gcc" "ASSEMBLER=arm-none-eabi-as"
TRACE::2025-09-30.11:45:59::SCWBDomain:: "ARCHIVER=arm-none-eabi-ar" "COMPILER_FLAGS=  -O2 -c" "EXTRA_COMPILER_FLAGS=-mcpu=cortex-a9 -mfpu=vfpv3 -mfloat-abi=soft -nost
TRACE::2025-09-30.11:45:59::SCWBDomain::artfiles -g -Wall -Wextra"

TRACE::2025-09-30.11:45:59::SCWBDomain::"Running Make include in ps7_cortexa9_0/libsrc/scugic_v4_3/src"

TRACE::2025-09-30.11:45:59::SCWBDomain::make -C ps7_cortexa9_0/libsrc/scugic_v4_3/src -s include  "SHELL=CMD" "COMPILER=arm-none-eabi-gcc" "ASSEMBLER=arm-none-eabi-as"
TRACE::2025-09-30.11:45:59::SCWBDomain:: "ARCHIVER=arm-none-eabi-ar" "COMPILER_FLAGS=  -O2 -c" "EXTRA_COMPILER_FLAGS=-mcpu=cortex-a9 -mfpu=vfpv3 -mfloat-abi=soft -nost
TRACE::2025-09-30.11:45:59::SCWBDomain::artfiles -g -Wall -Wextra"

TRACE::2025-09-30.11:45:59::SCWBDomain::"Running Make include in ps7_cortexa9_0/libsrc/scutimer_v2_3/src"

TRACE::2025-09-30.11:45:59::SCWBDomain::make -C ps7_cortexa9_0/libsrc/scutimer_v2_3/src -s include  "SHELL=CMD" "COMPILER=arm-none-eabi-gcc" "ASSEMBLER=arm-none-eabi-a
TRACE::2025-09-30.11:45:59::SCWBDomain::s" "ARCHIVER=arm-none-eabi-ar" "COMPILER_FLAGS=  -O2 -c" "EXTRA_COMPILER_FLAGS=-mcpu=cortex-a9 -mfpu=vfpv3 -mfloat-abi=soft -no
TRACE::2025-09-30.11:45:59::SCWBDomain::startfiles -g -Wall -Wextra"

TRACE::2025-09-30.11:45:59::SCWBDomain::"Running Make include in ps7_cortexa9_0/libsrc/scuwdt_v2_3/src"

TRACE::2025-09-30.11:45:59::SCWBDomain::make -C ps7_cortexa9_0/libsrc/scuwdt_v2_3/src -s include  "SHELL=CMD" "COMPILER=arm-none-eabi-gcc" "ASSEMBLER=arm-none-eabi-as"
TRACE::2025-09-30.11:45:59::SCWBDomain:: "ARCHIVER=arm-none-eabi-ar" "COMPILER_FLAGS=  -O2 -c" "EXTRA_COMPILER_FLAGS=-mcpu=cortex-a9 -mfpu=vfpv3 -mfloat-abi=soft -nost
TRACE::2025-09-30.11:45:59::SCWBDomain::artfiles -g -Wall -Wextra"

TRACE::2025-09-30.11:45:59::SCWBDomain::"Running Make include in ps7_cortexa9_0/libsrc/sdps_v3_10/src"

TRACE::2025-09-30.11:45:59::SCWBDomain::make -C ps7_cortexa9_0/libsrc/sdps_v3_10/src -s include  "SHELL=CMD" "COMPILER=arm-none-eabi-gcc" "ASSEMBLER=arm-none-eabi-as" 
TRACE::2025-09-30.11:45:59::SCWBDomain::"ARCHIVER=arm-none-eabi-ar" "COMPILER_FLAGS=  -O2 -c" "EXTRA_COMPILER_FLAGS=-mcpu=cortex-a9 -mfpu=vfpv3 -mfloat-abi=soft -nosta
TRACE::2025-09-30.11:45:59::SCWBDomain::rtfiles -g -Wall -Wextra"

TRACE::2025-09-30.11:45:59::SCWBDomain::"Running Make include in ps7_cortexa9_0/libsrc/standalone_v7_3/src"

TRACE::2025-09-30.11:45:59::SCWBDomain::make -C ps7_cortexa9_0/libsrc/standalone_v7_3/src -s include  "SHELL=CMD" "COMPILER=arm-none-eabi-gcc" "ASSEMBLER=arm-none-eabi
TRACE::2025-09-30.11:45:59::SCWBDomain::-as" "ARCHIVER=arm-none-eabi-ar" "COMPILER_FLAGS=  -O2 -c" "EXTRA_COMPILER_FLAGS=-mcpu=cortex-a9 -mfpu=vfpv3 -mfloat-abi=soft -
TRACE::2025-09-30.11:45:59::SCWBDomain::nostartfiles -g -Wall -Wextra"

TRACE::2025-09-30.11:45:59::SCWBDomain::"Running Make include in ps7_cortexa9_0/libsrc/uartps_v3_10/src"

TRACE::2025-09-30.11:45:59::SCWBDomain::make -C ps7_cortexa9_0/libsrc/uartps_v3_10/src -s include  "SHELL=CMD" "COMPILER=arm-none-eabi-gcc" "ASSEMBLER=arm-none-eabi-as
TRACE::2025-09-30.11:45:59::SCWBDomain::" "ARCHIVER=arm-none-eabi-ar" "COMPILER_FLAGS=  -O2 -c" "EXTRA_COMPILER_FLAGS=-mcpu=cortex-a9 -mfpu=vfpv3 -mfloat-abi=soft -nos
TRACE::2025-09-30.11:45:59::SCWBDomain::tartfiles -g -Wall -Wextra"

TRACE::2025-09-30.11:45:59::SCWBDomain::"Running Make include in ps7_cortexa9_0/libsrc/usbps_v2_6/src"

TRACE::2025-09-30.11:45:59::SCWBDomain::make -C ps7_cortexa9_0/libsrc/usbps_v2_6/src -s include  "SHELL=CMD" "COMPILER=arm-none-eabi-gcc" "ASSEMBLER=arm-none-eabi-as" 
TRACE::2025-09-30.11:45:59::SCWBDomain::"ARCHIVER=arm-none-eabi-ar" "COMPILER_FLAGS=  -O2 -c" "EXTRA_COMPILER_FLAGS=-mcpu=cortex-a9 -mfpu=vfpv3 -mfloat-abi=soft -nosta
TRACE::2025-09-30.11:45:59::SCWBDomain::rtfiles -g -Wall -Wextra"

TRACE::2025-09-30.11:45:59::SCWBDomain::"Running Make include in ps7_cortexa9_0/libsrc/xadcps_v2_5/src"

TRACE::2025-09-30.11:45:59::SCWBDomain::make -C ps7_cortexa9_0/libsrc/xadcps_v2_5/src -s include  "SHELL=CMD" "COMPILER=arm-none-eabi-gcc" "ASSEMBLER=arm-none-eabi-as"
TRACE::2025-09-30.11:45:59::SCWBDomain:: "ARCHIVER=arm-none-eabi-ar" "COMPILER_FLAGS=  -O2 -c" "EXTRA_COMPILER_FLAGS=-mcpu=cortex-a9 -mfpu=vfpv3 -mfloat-abi=soft -nost
TRACE::2025-09-30.11:45:59::SCWBDomain::artfiles -g -Wall -Wextra"

TRACE::2025-09-30.11:45:59::SCWBDomain::"Running Make include in ps7_cortexa9_0/libsrc/xilffs_v4_4/src"

TRACE::2025-09-30.11:45:59::SCWBDomain::make -C ps7_cortexa9_0/libsrc/xilffs_v4_4/src -s include  "SHELL=CMD" "COMPILER=arm-none-eabi-gcc" "ASSEMBLER=arm-none-eabi-as"
TRACE::2025-09-30.11:45:59::SCWBDomain:: "ARCHIVER=arm-none-eabi-ar" "COMPILER_FLAGS=  -O2 -c" "EXTRA_COMPILER_FLAGS=-mcpu=cortex-a9 -mfpu=vfpv3 -mfloat-abi=soft -nost
TRACE::2025-09-30.11:45:59::SCWBDomain::artfiles -g -Wall -Wextra"

TRACE::2025-09-30.11:45:59::SCWBDomain::"Running Make include in ps7_cortexa9_0/libsrc/xilrsa_v1_6/src"

TRACE::2025-09-30.11:45:59::SCWBDomain::make -C ps7_cortexa9_0/libsrc/xilrsa_v1_6/src -s include  "SHELL=CMD" "COMPILER=arm-none-eabi-gcc" "ASSEMBLER=arm-none-eabi-as"
TRACE::2025-09-30.11:45:59::SCWBDomain:: "ARCHIVER=arm-none-eabi-ar" "COMPILER_FLAGS=  -O2 -c" "EXTRA_COMPILER_FLAGS=-mcpu=cortex-a9 -mfpu=vfpv3 -mfloat-abi=soft -nost
TRACE::2025-09-30.11:45:59::SCWBDomain::artfiles -g -Wall -Wextra"

TRACE::2025-09-30.11:45:59::SCWBDomain::"Running Make libs in ps7_cortexa9_0/libsrc/coresightps_dcc_v1_8/src"

TRACE::2025-09-30.11:45:59::SCWBDomain::make -C ps7_cortexa9_0/libsrc/coresightps_dcc_v1_8/src -s libs  "SHELL=CMD" "COMPILER=arm-none-eabi-gcc" "ASSEMBLER=arm-none-ea
TRACE::2025-09-30.11:45:59::SCWBDomain::bi-as" "ARCHIVER=arm-none-eabi-ar" "COMPILER_FLAGS=  -O2 -c" "EXTRA_COMPILER_FLAGS=-mcpu=cortex-a9 -mfpu=vfpv3 -mfloat-abi=soft
TRACE::2025-09-30.11:45:59::SCWBDomain:: -nostartfiles -g -Wall -Wextra"

TRACE::2025-09-30.11:45:59::SCWBDomain::"Running Make libs in ps7_cortexa9_0/libsrc/cpu_cortexa9_v2_10/src"

TRACE::2025-09-30.11:45:59::SCWBDomain::make -C ps7_cortexa9_0/libsrc/cpu_cortexa9_v2_10/src -s libs  "SHELL=CMD" "COMPILER=arm-none-eabi-gcc" "ASSEMBLER=arm-none-eabi
TRACE::2025-09-30.11:45:59::SCWBDomain::-as" "ARCHIVER=arm-none-eabi-ar" "COMPILER_FLAGS=  -O2 -c" "EXTRA_COMPILER_FLAGS=-mcpu=cortex-a9 -mfpu=vfpv3 -mfloat-abi=soft -
TRACE::2025-09-30.11:45:59::SCWBDomain::nostartfiles -g -Wall -Wextra"

TRACE::2025-09-30.11:45:59::SCWBDomain::"Running Make libs in ps7_cortexa9_0/libsrc/ddrps_v1_2/src"

TRACE::2025-09-30.11:45:59::SCWBDomain::make -C ps7_cortexa9_0/libsrc/ddrps_v1_2/src -s libs  "SHELL=CMD" "COMPILER=arm-none-eabi-gcc" "ASSEMBLER=arm-none-eabi-as" "AR
TRACE::2025-09-30.11:45:59::SCWBDomain::CHIVER=arm-none-eabi-ar" "COMPILER_FLAGS=  -O2 -c" "EXTRA_COMPILER_FLAGS=-mcpu=cortex-a9 -mfpu=vfpv3 -mfloat-abi=soft -nostartf
TRACE::2025-09-30.11:45:59::SCWBDomain::iles -g -Wall -Wextra"

TRACE::2025-09-30.11:45:59::SCWBDomain::"Running Make libs in ps7_cortexa9_0/libsrc/devcfg_v3_7/src"

TRACE::2025-09-30.11:45:59::SCWBDomain::make -C ps7_cortexa9_0/libsrc/devcfg_v3_7/src -s libs  "SHELL=CMD" "COMPILER=arm-none-eabi-gcc" "ASSEMBLER=arm-none-eabi-as" "A
TRACE::2025-09-30.11:45:59::SCWBDomain::RCHIVER=arm-none-eabi-ar" "COMPILER_FLAGS=  -O2 -c" "EXTRA_COMPILER_FLAGS=-mcpu=cortex-a9 -mfpu=vfpv3 -mfloat-abi=soft -nostart
TRACE::2025-09-30.11:45:59::SCWBDomain::files -g -Wall -Wextra"

TRACE::2025-09-30.11:45:59::SCWBDomain::"Running Make libs in ps7_cortexa9_0/libsrc/dmaps_v2_7/src"

TRACE::2025-09-30.11:45:59::SCWBDomain::make -C ps7_cortexa9_0/libsrc/dmaps_v2_7/src -s libs  "SHELL=CMD" "COMPILER=arm-none-eabi-gcc" "ASSEMBLER=arm-none-eabi-as" "AR
TRACE::2025-09-30.11:45:59::SCWBDomain::CHIVER=arm-none-eabi-ar" "COMPILER_FLAGS=  -O2 -c" "EXTRA_COMPILER_FLAGS=-mcpu=cortex-a9 -mfpu=vfpv3 -mfloat-abi=soft -nostartf
TRACE::2025-09-30.11:45:59::SCWBDomain::iles -g -Wall -Wextra"

TRACE::2025-09-30.11:45:59::SCWBDomain::"Running Make libs in ps7_cortexa9_0/libsrc/emacps_v3_12/src"

TRACE::2025-09-30.11:45:59::SCWBDomain::make -C ps7_cortexa9_0/libsrc/emacps_v3_12/src -s libs  "SHELL=CMD" "COMPILER=arm-none-eabi-gcc" "ASSEMBLER=arm-none-eabi-as" "
TRACE::2025-09-30.11:45:59::SCWBDomain::ARCHIVER=arm-none-eabi-ar" "COMPILER_FLAGS=  -O2 -c" "EXTRA_COMPILER_FLAGS=-mcpu=cortex-a9 -mfpu=vfpv3 -mfloat-abi=soft -nostar
TRACE::2025-09-30.11:45:59::SCWBDomain::tfiles -g -Wall -Wextra"

TRACE::2025-09-30.11:45:59::SCWBDomain::"Running Make libs in ps7_cortexa9_0/libsrc/gpiops_v3_8/src"

TRACE::2025-09-30.11:45:59::SCWBDomain::"Running Make libs in ps7_cortexa9_0/libsrc/qspips_v3_8/src"

TRACE::2025-09-30.11:45:59::SCWBDomain::make -C ps7_cortexa9_0/libsrc/gpiops_v3_8/src -s libs  "SHELL=CMD" "COMPILER=arm-none-eabi-gcc" "ASSEMBLER=arm-none-eabi-as" "A
TRACE::2025-09-30.11:45:59::SCWBDomain::RCHIVER=arm-none-eabi-ar" "COMPILER_FLAGS=  -O2 -c" "EXTRA_COMPILER_FLAGS=-mcpu=cortex-a9 -mfpu=vfpv3 -mfloat-abi=soft -nostart
TRACE::2025-09-30.11:45:59::SCWBDomain::files -g -Wall -Wextra"

TRACE::2025-09-30.11:46:00::SCWBDomain::"Running Make libs in ps7_cortexa9_0/libsrc/scugic_v4_3/src"

TRACE::2025-09-30.11:46:00::SCWBDomain::make -C ps7_cortexa9_0/libsrc/qspips_v3_8/src -s libs  "SHELL=CMD" "COMPILER=arm-none-eabi-gcc" "ASSEMBLER=arm-none-eabi-as" "A
TRACE::2025-09-30.11:46:00::SCWBDomain::RCHIVER=arm-none-eabi-ar" "COMPILER_FLAGS=  -O2 -c" "EXTRA_COMPILER_FLAGS=-mcpu=cortex-a9 -mfpu=vfpv3 -mfloat-abi=soft -nostart
TRACE::2025-09-30.11:46:00::SCWBDomain::files -g -Wall -Wextra"

TRACE::2025-09-30.11:46:00::SCWBDomain::make -C ps7_cortexa9_0/libsrc/scugic_v4_3/src -s libs  "SHELL=CMD" "COMPILER=arm-none-eabi-gcc" "ASSEMBLER=arm-none-eabi-as" "A
TRACE::2025-09-30.11:46:00::SCWBDomain::RCHIVER=arm-none-eabi-ar" "COMPILER_FLAGS=  -O2 -c" "EXTRA_COMPILER_FLAGS=-mcpu=cortex-a9 -mfpu=vfpv3 -mfloat-abi=soft -nostart
TRACE::2025-09-30.11:46:00::SCWBDomain::files -g -Wall -Wextra"

TRACE::2025-09-30.11:46:00::SCWBDomain::"Running Make libs in ps7_cortexa9_0/libsrc/scuwdt_v2_3/src"

TRACE::2025-09-30.11:46:00::SCWBDomain::"Running Make libs in ps7_cortexa9_0/libsrc/scutimer_v2_3/src"

TRACE::2025-09-30.11:46:00::SCWBDomain::make -C ps7_cortexa9_0/libsrc/scuwdt_v2_3/src -s libs  "SHELL=CMD" "COMPILER=arm-none-eabi-gcc" "ASSEMBLER=arm-none-eabi-as" "A
TRACE::2025-09-30.11:46:00::SCWBDomain::RCHIVER=arm-none-eabi-ar" "COMPILER_FLAGS=  -O2 -c" "EXTRA_COMPILER_FLAGS=-mcpu=cortex-a9 -mfpu=vfpv3 -mfloat-abi=soft -nostart
TRACE::2025-09-30.11:46:00::SCWBDomain::files -g -Wall -Wextra"

TRACE::2025-09-30.11:46:00::SCWBDomain::"Running Make libs in ps7_cortexa9_0/libsrc/sdps_v3_10/src"

TRACE::2025-09-30.11:46:00::SCWBDomain::make -C ps7_cortexa9_0/libsrc/scutimer_v2_3/src -s libs  "SHELL=CMD" "COMPILER=arm-none-eabi-gcc" "ASSEMBLER=arm-none-eabi-as" 
TRACE::2025-09-30.11:46:00::SCWBDomain::"ARCHIVER=arm-none-eabi-ar" "COMPILER_FLAGS=  -O2 -c" "EXTRA_COMPILER_FLAGS=-mcpu=cortex-a9 -mfpu=vfpv3 -mfloat-abi=soft -nosta
TRACE::2025-09-30.11:46:00::SCWBDomain::rtfiles -g -Wall -Wextra"

TRACE::2025-09-30.11:46:00::SCWBDomain::make -C ps7_cortexa9_0/libsrc/sdps_v3_10/src -s libs  "SHELL=CMD" "COMPILER=arm-none-eabi-gcc" "ASSEMBLER=arm-none-eabi-as" "AR
TRACE::2025-09-30.11:46:00::SCWBDomain::CHIVER=arm-none-eabi-ar" "COMPILER_FLAGS=  -O2 -c" "EXTRA_COMPILER_FLAGS=-mcpu=cortex-a9 -mfpu=vfpv3 -mfloat-abi=soft -nostartf
TRACE::2025-09-30.11:46:00::SCWBDomain::iles -g -Wall -Wextra"

TRACE::2025-09-30.11:46:00::SCWBDomain::"Running Make libs in ps7_cortexa9_0/libsrc/uartps_v3_10/src"

TRACE::2025-09-30.11:46:00::SCWBDomain::"Running Make libs in ps7_cortexa9_0/libsrc/standalone_v7_3/src"

TRACE::2025-09-30.11:46:00::SCWBDomain::"Running Make libs in ps7_cortexa9_0/libsrc/xilffs_v4_4/src"

TRACE::2025-09-30.11:46:00::SCWBDomain::make -C ps7_cortexa9_0/libsrc/uartps_v3_10/src -s libs  "SHELL=CMD" "COMPILER=arm-none-eabi-gcc" "ASSEMBLER=arm-none-eabi-as" "
TRACE::2025-09-30.11:46:00::SCWBDomain::ARCHIVER=arm-none-eabi-ar" "COMPILER_FLAGS=  -O2 -c" "EXTRA_COMPILER_FLAGS=-mcpu=cortex-a9 -mfpu=vfpv3 -mfloat-abi=soft -nostar
TRACE::2025-09-30.11:46:01::SCWBDomain::tfiles -g -Wall -Wextra"

TRACE::2025-09-30.11:46:01::SCWBDomain::make -C ps7_cortexa9_0/libsrc/xilffs_v4_4/src -s libs  "SHELL=CMD" "COMPILER=arm-none-eabi-gcc" "ASSEMBLER=arm-none-eabi-as" "A
TRACE::2025-09-30.11:46:01::SCWBDomain::RCHIVER=arm-none-eabi-ar" "COMPILER_FLAGS=  -O2 -c" "EXTRA_COMPILER_FLAGS=-mcpu=cortex-a9 -mfpu=vfpv3 -mfloat-abi=soft -nostart
TRACE::2025-09-30.11:46:01::SCWBDomain::files -g -Wall -Wextra"

TRACE::2025-09-30.11:46:01::SCWBDomain::make -C ps7_cortexa9_0/libsrc/standalone_v7_3/src -s libs  "SHELL=CMD" "COMPILER=arm-none-eabi-gcc" "ASSEMBLER=arm-none-eabi-as
TRACE::2025-09-30.11:46:01::SCWBDomain::" "ARCHIVER=arm-none-eabi-ar" "COMPILER_FLAGS=  -O2 -c" "EXTRA_COMPILER_FLAGS=-mcpu=cortex-a9 -mfpu=vfpv3 -mfloat-abi=soft -nos
TRACE::2025-09-30.11:46:01::SCWBDomain::tartfiles -g -Wall -Wextra"

TRACE::2025-09-30.11:46:01::SCWBDomain::"Running Make libs in ps7_cortexa9_0/libsrc/xadcps_v2_5/src"

TRACE::2025-09-30.11:46:01::SCWBDomain::make -C ps7_cortexa9_0/libsrc/xadcps_v2_5/src -s libs  "SHELL=CMD" "COMPILER=arm-none-eabi-gcc" "ASSEMBLER=arm-none-eabi-as" "A
TRACE::2025-09-30.11:46:01::SCWBDomain::RCHIVER=arm-none-eabi-ar" "COMPILER_FLAGS=  -O2 -c" "EXTRA_COMPILER_FLAGS=-mcpu=cortex-a9 -mfpu=vfpv3 -mfloat-abi=soft -nostart
TRACE::2025-09-30.11:46:01::SCWBDomain::files -g -Wall -Wextra"

TRACE::2025-09-30.11:46:01::SCWBDomain::"Running Make libs in ps7_cortexa9_0/libsrc/usbps_v2_6/src"

TRACE::2025-09-30.11:46:01::SCWBDomain::make -C ps7_cortexa9_0/libsrc/usbps_v2_6/src -s libs  "SHELL=CMD" "COMPILER=arm-none-eabi-gcc" "ASSEMBLER=arm-none-eabi-as" "AR
TRACE::2025-09-30.11:46:01::SCWBDomain::CHIVER=arm-none-eabi-ar" "COMPILER_FLAGS=  -O2 -c" "EXTRA_COMPILER_FLAGS=-mcpu=cortex-a9 -mfpu=vfpv3 -mfloat-abi=soft -nostartf
TRACE::2025-09-30.11:46:01::SCWBDomain::iles -g -Wall -Wextra"

TRACE::2025-09-30.11:46:05::SCWBDomain::'Finished building libraries parallelly.'

TRACE::2025-09-30.11:46:05::SCWBDomain::make --no-print-directory archive

TRACE::2025-09-30.11:46:06::SCWBDomain::arm-none-eabi-ar -r  ps7_cortexa9_0/lib/libxil.a ps7_cortexa9_0/lib/xil_printf.o ps7_cortexa9_0/lib/xadcps_selftest.o ps7_corte
TRACE::2025-09-30.11:46:06::SCWBDomain::xa9_0/lib/kill.o ps7_cortexa9_0/lib/xscuwdt_g.o ps7_cortexa9_0/lib/xplatform_info.o ps7_cortexa9_0/lib/xqspips_options.o ps7_co
TRACE::2025-09-30.11:46:06::SCWBDomain::rtexa9_0/lib/print.o ps7_cortexa9_0/lib/xscugic_selftest.o ps7_cortexa9_0/lib/xsdps_card.o ps7_cortexa9_0/lib/xdmaps_g.o ps7_co
TRACE::2025-09-30.11:46:06::SCWBDomain::rtexa9_0/lib/xil_testio.o ps7_cortexa9_0/lib/sleep.o ps7_cortexa9_0/lib/boot.o ps7_cortexa9_0/lib/xdevcfg_hw.o ps7_cortexa9_0/l
TRACE::2025-09-30.11:46:06::SCWBDomain::ib/xscugic_intr.o ps7_cortexa9_0/lib/xadcps_intr.o ps7_cortexa9_0/lib/xpm_counter.o ps7_cortexa9_0/lib/xuartps_sinit.o ps7_cort
TRACE::2025-09-30.11:46:06::SCWBDomain::exa9_0/lib/xscutimer_g.o ps7_cortexa9_0/lib/xdmaps_sinit.o ps7_cortexa9_0/lib/xemacps.o ps7_cortexa9_0/lib/xil_util.o ps7_corte
TRACE::2025-09-30.11:46:06::SCWBDomain::xa9_0/lib/inbyte.o ps7_cortexa9_0/lib/xil_mmu.o ps7_cortexa9_0/lib/xdmaps_selftest.o ps7_cortexa9_0/lib/xscutimer_selftest.o ps
TRACE::2025-09-30.11:46:06::SCWBDomain::7_cortexa9_0/lib/xil_misc_psreset_api.o ps7_cortexa9_0/lib/cpputest_time.o ps7_cortexa9_0/lib/xuartps_options.o ps7_cortexa9_0/
TRACE::2025-09-30.11:46:06::SCWBDomain::lib/xgpiops_g.o ps7_cortexa9_0/lib/close.o ps7_cortexa9_0/lib/xuartps_g.o ps7_cortexa9_0/lib/xsdps.o ps7_cortexa9_0/lib/xil_mem
TRACE::2025-09-30.11:46:06::SCWBDomain::.o ps7_cortexa9_0/lib/xscugic_hw.o ps7_cortexa9_0/lib/xgpiops_sinit.o ps7_cortexa9_0/lib/xgpiops_selftest.o ps7_cortexa9_0/lib/
TRACE::2025-09-30.11:46:06::SCWBDomain::xqspips_selftest.o ps7_cortexa9_0/lib/translation_table.o ps7_cortexa9_0/lib/write.o ps7_cortexa9_0/lib/xemacps_bdring.o ps7_co
TRACE::2025-09-30.11:46:06::SCWBDomain::rtexa9_0/lib/cpu_init.o ps7_cortexa9_0/lib/xscugic_g.o ps7_cortexa9_0/lib/xscutimer_sinit.o ps7_cortexa9_0/lib/xemacps_intr.o p
TRACE::2025-09-30.11:46:06::SCWBDomain::s7_cortexa9_0/lib/usleep.o ps7_cortexa9_0/lib/xil_testmem.o ps7_cortexa9_0/lib/xil_sleepcommon.o ps7_cortexa9_0/lib/unlink.o ps
TRACE::2025-09-30.11:46:06::SCWBDomain::7_cortexa9_0/lib/xadcps.o ps7_cortexa9_0/lib/xdmaps_hw.o ps7_cortexa9_0/lib/xgpiops_intr.o ps7_cortexa9_0/lib/xscugic_sinit.o p
TRACE::2025-09-30.11:46:06::SCWBDomain::s7_cortexa9_0/lib/xil_sleeptimer.o ps7_cortexa9_0/lib/xscuwdt_selftest.o ps7_cortexa9_0/lib/open.o ps7_cortexa9_0/lib/outbyte.o
TRACE::2025-09-30.11:46:06::SCWBDomain:: ps7_cortexa9_0/lib/xuartps_selftest.o ps7_cortexa9_0/lib/xuartps_hw.o ps7_cortexa9_0/lib/xsdps_options.o ps7_cortexa9_0/lib/_e
TRACE::2025-09-30.11:46:06::SCWBDomain::xit.o ps7_cortexa9_0/lib/read.o ps7_cortexa9_0/lib/xgpiops_hw.o ps7_cortexa9_0/lib/xusbps_intr.o ps7_cortexa9_0/lib/xqspips_hw.
TRACE::2025-09-30.11:46:06::SCWBDomain::o ps7_cortexa9_0/lib/xil_cache.o ps7_cortexa9_0/lib/xtime_l.o ps7_cortexa9_0/lib/xl2cc_counter.o ps7_cortexa9_0/lib/xsdps_sinit
TRACE::2025-09-30.11:46:06::SCWBDomain::.o ps7_cortexa9_0/lib/asm_vectors.o ps7_cortexa9_0/lib/xdevcfg_intr.o ps7_cortexa9_0/lib/abort.o ps7_cortexa9_0/lib/xdevcfg_g.o
TRACE::2025-09-30.11:46:06::SCWBDomain:: ps7_cortexa9_0/lib/xuartps_intr.o ps7_cortexa9_0/lib/xuartps.o ps7_cortexa9_0/lib/getpid.o ps7_cortexa9_0/lib/xil_testcache.o 
TRACE::2025-09-30.11:46:06::SCWBDomain::ps7_cortexa9_0/lib/xqspips_g.o ps7_cortexa9_0/lib/xemacps_hw.o ps7_cortexa9_0/lib/xdmaps.o ps7_cortexa9_0/lib/xscutimer.o ps7_c
TRACE::2025-09-30.11:46:06::SCWBDomain::ortexa9_0/lib/xscuwdt.o ps7_cortexa9_0/lib/xdevcfg_selftest.o ps7_cortexa9_0/lib/xusbps_hw.o ps7_cortexa9_0/lib/xqspips.o ps7_c
TRACE::2025-09-30.11:46:06::SCWBDomain::ortexa9_0/lib/xemacps_g.o ps7_cortexa9_0/lib/xusbps.o ps7_cortexa9_0/lib/xusbps_sinit.o ps7_cortexa9_0/lib/xemacps_sinit.o ps7_
TRACE::2025-09-30.11:46:06::SCWBDomain::cortexa9_0/lib/xusbps_endpoint.o ps7_cortexa9_0/lib/xscuwdt_sinit.o ps7_cortexa9_0/lib/sbrk.o ps7_cortexa9_0/lib/xgpiops.o ps7_
TRACE::2025-09-30.11:46:06::SCWBDomain::cortexa9_0/lib/xsdps_g.o ps7_cortexa9_0/lib/fstat.o ps7_cortexa9_0/lib/errno.o ps7_cortexa9_0/lib/lseek.o ps7_cortexa9_0/lib/xd
TRACE::2025-09-30.11:46:06::SCWBDomain::evcfg_sinit.o ps7_cortexa9_0/lib/_sbrk.o ps7_cortexa9_0/lib/vectors.o ps7_cortexa9_0/lib/xil_exception.o ps7_cortexa9_0/lib/xem
TRACE::2025-09-30.11:46:06::SCWBDomain::acps_control.o ps7_cortexa9_0/lib/putnum.o ps7_cortexa9_0/lib/xil_clocking.o ps7_cortexa9_0/lib/xil_assert.o ps7_cortexa9_0/lib
TRACE::2025-09-30.11:46:06::SCWBDomain::/xusbps_g.o ps7_cortexa9_0/lib/xsdps_host.o ps7_cortexa9_0/lib/xcoresightpsdcc.o ps7_cortexa9_0/lib/isatty.o ps7_cortexa9_0/lib
TRACE::2025-09-30.11:46:06::SCWBDomain::/xscugic.o ps7_cortexa9_0/lib/xadcps_g.o ps7_cortexa9_0/lib/xil-crt0.o ps7_cortexa9_0/lib/xqspips_sinit.o ps7_cortexa9_0/lib/xa
TRACE::2025-09-30.11:46:06::SCWBDomain::dcps_sinit.o ps7_cortexa9_0/lib/fcntl.o ps7_cortexa9_0/lib/_open.o ps7_cortexa9_0/lib/xdevcfg.o

TRACE::2025-09-30.11:46:09::SCWBDomain::'Finished building libraries'

TRACE::2025-09-30.11:46:09::SCWBDomain::make: Leaving directory 'H:/Projets_Vitis/PS_Alone_NoFPU/zynq_fsbl/zynq_fsbl_bsp'

TRACE::2025-09-30.11:46:09::SCWBDomain::arm-none-eabi-gcc -MMD -MP       -mcpu=cortex-a9 -mfpu=vfpv3 -mfloat-abi=soft   -O2 -c -c sd.c -o sd.o -Izynq_fsbl_bsp/ps7_cort
TRACE::2025-09-30.11:46:09::SCWBDomain::exa9_0/include -I.

TRACE::2025-09-30.11:46:09::SCWBDomain::arm-none-eabi-gcc -MMD -MP       -mcpu=cortex-a9 -mfpu=vfpv3 -mfloat-abi=soft   -O2 -c -c nand.c -o nand.o -Izynq_fsbl_bsp/ps7_
TRACE::2025-09-30.11:46:09::SCWBDomain::cortexa9_0/include -I.

TRACE::2025-09-30.11:46:10::SCWBDomain::arm-none-eabi-gcc -MMD -MP       -mcpu=cortex-a9 -mfpu=vfpv3 -mfloat-abi=soft   -O2 -c -c nor.c -o nor.o -Izynq_fsbl_bsp/ps7_co
TRACE::2025-09-30.11:46:10::SCWBDomain::rtexa9_0/include -I.

TRACE::2025-09-30.11:46:10::SCWBDomain::arm-none-eabi-gcc -MMD -MP       -mcpu=cortex-a9 -mfpu=vfpv3 -mfloat-abi=soft   -O2 -c -c image_mover.c -o image_mover.o -Izynq
TRACE::2025-09-30.11:46:10::SCWBDomain::_fsbl_bsp/ps7_cortexa9_0/include -I.

TRACE::2025-09-30.11:46:10::SCWBDomain::arm-none-eabi-gcc -MMD -MP       -mcpu=cortex-a9 -mfpu=vfpv3 -mfloat-abi=soft   -O2 -c -c md5.c -o md5.o -Izynq_fsbl_bsp/ps7_co
TRACE::2025-09-30.11:46:10::SCWBDomain::rtexa9_0/include -I.

TRACE::2025-09-30.11:46:10::SCWBDomain::arm-none-eabi-gcc -MMD -MP       -mcpu=cortex-a9 -mfpu=vfpv3 -mfloat-abi=soft   -O2 -c -c fsbl_hooks.c -o fsbl_hooks.o -Izynq_f
TRACE::2025-09-30.11:46:10::SCWBDomain::sbl_bsp/ps7_cortexa9_0/include -I.

TRACE::2025-09-30.11:46:10::SCWBDomain::arm-none-eabi-gcc -MMD -MP       -mcpu=cortex-a9 -mfpu=vfpv3 -mfloat-abi=soft   -O2 -c -c main.c -o main.o -Izynq_fsbl_bsp/ps7_
TRACE::2025-09-30.11:46:10::SCWBDomain::cortexa9_0/include -I.

TRACE::2025-09-30.11:46:11::SCWBDomain::arm-none-eabi-gcc -MMD -MP       -mcpu=cortex-a9 -mfpu=vfpv3 -mfloat-abi=soft   -O2 -c -c rsa.c -o rsa.o -Izynq_fsbl_bsp/ps7_co
TRACE::2025-09-30.11:46:11::SCWBDomain::rtexa9_0/include -I.

TRACE::2025-09-30.11:46:11::SCWBDomain::arm-none-eabi-gcc -MMD -MP       -mcpu=cortex-a9 -mfpu=vfpv3 -mfloat-abi=soft   -O2 -c -c qspi.c -o qspi.o -Izynq_fsbl_bsp/ps7_
TRACE::2025-09-30.11:46:11::SCWBDomain::cortexa9_0/include -I.

TRACE::2025-09-30.11:46:11::SCWBDomain::arm-none-eabi-gcc -MMD -MP       -mcpu=cortex-a9 -mfpu=vfpv3 -mfloat-abi=soft   -O2 -c -c ps7_init.c -o ps7_init.o -Izynq_fsbl_
TRACE::2025-09-30.11:46:11::SCWBDomain::bsp/ps7_cortexa9_0/include -I.

TRACE::2025-09-30.11:46:11::SCWBDomain::arm-none-eabi-gcc -MMD -MP       -mcpu=cortex-a9 -mfpu=vfpv3 -mfloat-abi=soft   -O2 -c -c pcap.c -o pcap.o -Izynq_fsbl_bsp/ps7_
TRACE::2025-09-30.11:46:11::SCWBDomain::cortexa9_0/include -I.

TRACE::2025-09-30.11:46:11::SCWBDomain::arm-none-eabi-gcc -MMD -MP       -mcpu=cortex-a9 -mfpu=vfpv3 -mfloat-abi=soft   -O2 -c -c fsbl_handoff.S -o fsbl_handoff.o -Izy
TRACE::2025-09-30.11:46:11::SCWBDomain::nq_fsbl_bsp/ps7_cortexa9_0/include -I.

TRACE::2025-09-30.11:46:11::SCWBDomain::arm-none-eabi-gcc -o fsbl.elf  sd.o  nand.o  nor.o  image_mover.o  md5.o  fsbl_hooks.o  main.o  rsa.o  qspi.o  ps7_init.o  pcap
TRACE::2025-09-30.11:46:11::SCWBDomain::.o  fsbl_handoff.o -MMD -MP       -mcpu=cortex-a9 -mfpu=vfpv3 -mfloat-abi=soft   -mcpu=cortex-a9 -mfpu=vfpv3 -mfloat-abi=soft -
TRACE::2025-09-30.11:46:11::SCWBDomain::Wl,-build-id=none -specs=Xilinx.spec  -lrsa -Wl,--start-group,-lxil,-lgcc,-lc,--end-group -Wl,--start-group,-lxilffs,-lxil,-lgc
TRACE::2025-09-30.11:46:11::SCWBDomain::c,-lc,--end-group -Wl,--start-group,-lrsa,-lxil,-lgcc,-lc,--end-group                                   -Wl,--gc-sections -Lzyn
TRACE::2025-09-30.11:46:11::SCWBDomain::q_fsbl_bsp/ps7_cortexa9_0/lib -L./ -Tlscript.ld

LOG::2025-09-30.11:46:13::SCWSystem::Checking the domain standalone_domain
LOG::2025-09-30.11:46:13::SCWSystem::Not a boot domain 
LOG::2025-09-30.11:46:13::SCWSystem::Started Processing the domain standalone_domain
TRACE::2025-09-30.11:46:13::SCWDomain::Generating domain artifcats
TRACE::2025-09-30.11:46:13::SCWMssOS::Generating standalone artifcats
TRACE::2025-09-30.11:46:13::SCWMssOS::Copying the qemu file from  C:/Xilinx/Vitis/2020.2/data/emulation/platforms/zynq/sw/a9_standalone/qemu/qemu_args.txt To H:/Projets_Vitis/PS_Alone_NoFPU/export/PS_Alone_NoFPU/sw/PS_Alone_NoFPU/qemu/
TRACE::2025-09-30.11:46:13::SCWMssOS::Copying the qemu file from  C:/Xilinx/Vitis/2020.2/data/emulation/platforms/zynq/sw/a9_standalone/qemu/qemu_args.txt To H:/Projets_Vitis/PS_Alone_NoFPU/export/PS_Alone_NoFPU/sw/PS_Alone_NoFPU/standalone_domain/qemu/
TRACE::2025-09-30.11:46:13::SCWMssOS:: Copying the user libraries. 
TRACE::2025-09-30.11:46:13::SCWPlatform::Trying to open the hw design at H:/Projets_Vitis/PS_Alone_NoFPU/hw/PS_Only_ZyboZ7.xsa
TRACE::2025-09-30.11:46:13::SCWPlatform::DSA given H:/Projets_Vitis/PS_Alone_NoFPU/hw/PS_Only_ZyboZ7.xsa
TRACE::2025-09-30.11:46:13::SCWPlatform::DSA absoulate path H:/Projets_Vitis/PS_Alone_NoFPU/hw/PS_Only_ZyboZ7.xsa
TRACE::2025-09-30.11:46:13::SCWPlatform::DSA directory H:/Projets_Vitis/PS_Alone_NoFPU/hw
TRACE::2025-09-30.11:46:13::SCWPlatform:: Platform Path H:/Projets_Vitis/PS_Alone_NoFPU/hw/PS_Only_ZyboZ7.xsa
TRACE::2025-09-30.11:46:13::SCWPlatform:: Unique name xilinx:zybo-z7-20::0.0
TRACE::2025-09-30.11:46:13::SCWPlatform::Trying to set the existing hwdb with name design_1_wrapper
TRACE::2025-09-30.11:46:13::SCWPlatform::Opened existing hwdb design_1_wrapper
TRACE::2025-09-30.11:46:13::SCWPlatform::Found the Hw Db part of the input DSA
TRACE::2025-09-30.11:46:13::SCWMssOS::Checking the sw design at  H:/Projets_Vitis/PS_Alone_NoFPU/ps7_cortexa9_0/standalone_domain/bsp/system.mss
TRACE::2025-09-30.11:46:13::SCWMssOS::DEBUG:  swdes dump  H:/Projets_Vitis/PS_Alone_NoFPU/ps7_cortexa9_0/standalone_domain/bsp/system.mss|system_0||
H:/Projets_Vitis/PS_Alone_NoFPU/zynq_fsbl/zynq_fsbl_bsp/system.mss|system||

TRACE::2025-09-30.11:46:13::SCWMssOS::Sw design exists and opened at  H:/Projets_Vitis/PS_Alone_NoFPU/ps7_cortexa9_0/standalone_domain/bsp/system.mss
TRACE::2025-09-30.11:46:13::SCWMssOS::Completed writing the mss file at H:/Projets_Vitis/PS_Alone_NoFPU/ps7_cortexa9_0/standalone_domain/bsp
TRACE::2025-09-30.11:46:13::SCWMssOS::Mss edits present, copying mssfile into export location H:/Projets_Vitis/PS_Alone_NoFPU/ps7_cortexa9_0/standalone_domain/bsp/system.mss
TRACE::2025-09-30.11:46:13::SCWMssOS::bsp generated is upto date with the mss file. Skipping bsp generation.
TRACE::2025-09-30.11:46:13::SCWMssOS::BSP is already built. skipping the bsp build ... 
TRACE::2025-09-30.11:46:13::SCWDomain::Building the domain as part of full build :  standalone_domain
TRACE::2025-09-30.11:46:13::SCWMssOS::doing bsp build ... 
TRACE::2025-09-30.11:46:13::SCWMssOS::System Command Ran  H: & cd  H:/Projets_Vitis/PS_Alone_NoFPU/ps7_cortexa9_0/standalone_domain/bsp & make 
TRACE::2025-09-30.11:46:13::SCWMssOS::make --no-print-directory seq_libs

TRACE::2025-09-30.11:46:13::SCWMssOS::'Finished building libraries sequentially.'

TRACE::2025-09-30.11:46:13::SCWMssOS::make -j --no-print-directory par_libs

TRACE::2025-09-30.11:46:13::SCWMssOS::"Running Make include in ps7_cortexa9_0/libsrc/coresightps_dcc_v1_8/src"

TRACE::2025-09-30.11:46:13::SCWMssOS::make -C ps7_cortexa9_0/libsrc/coresightps_dcc_v1_8/src -s include  "SHELL=CMD" "COMPILER=arm-none-eabi-gcc" "ASSEMBLER=arm-none
TRACE::2025-09-30.11:46:13::SCWMssOS::-eabi-as" "ARCHIVER=arm-none-eabi-ar" "COMPILER_FLAGS=  -O2 -c" "EXTRA_COMPILER_FLAGS=-mcpu=cortex-a9 -mfpu=vfpv3 -mfloat-abi=s
TRACE::2025-09-30.11:46:13::SCWMssOS::oft -nostartfiles -g -Wall -Wextra"

TRACE::2025-09-30.11:46:13::SCWMssOS::"Running Make include in ps7_cortexa9_0/libsrc/cpu_cortexa9_v2_10/src"

TRACE::2025-09-30.11:46:13::SCWMssOS::make -C ps7_cortexa9_0/libsrc/cpu_cortexa9_v2_10/src -s include  "SHELL=CMD" "COMPILER=arm-none-eabi-gcc" "ASSEMBLER=arm-none-e
TRACE::2025-09-30.11:46:13::SCWMssOS::abi-as" "ARCHIVER=arm-none-eabi-ar" "COMPILER_FLAGS=  -O2 -c" "EXTRA_COMPILER_FLAGS=-mcpu=cortex-a9 -mfpu=vfpv3 -mfloat-abi=sof
TRACE::2025-09-30.11:46:13::SCWMssOS::t -nostartfiles -g -Wall -Wextra"

TRACE::2025-09-30.11:46:13::SCWMssOS::"Running Make include in ps7_cortexa9_0/libsrc/ddrps_v1_2/src"

TRACE::2025-09-30.11:46:13::SCWMssOS::make -C ps7_cortexa9_0/libsrc/ddrps_v1_2/src -s include  "SHELL=CMD" "COMPILER=arm-none-eabi-gcc" "ASSEMBLER=arm-none-eabi-as" 
TRACE::2025-09-30.11:46:13::SCWMssOS::"ARCHIVER=arm-none-eabi-ar" "COMPILER_FLAGS=  -O2 -c" "EXTRA_COMPILER_FLAGS=-mcpu=cortex-a9 -mfpu=vfpv3 -mfloat-abi=soft -nosta
TRACE::2025-09-30.11:46:13::SCWMssOS::rtfiles -g -Wall -Wextra"

TRACE::2025-09-30.11:46:13::SCWMssOS::"Running Make include in ps7_cortexa9_0/libsrc/devcfg_v3_7/src"

TRACE::2025-09-30.11:46:14::SCWMssOS::make -C ps7_cortexa9_0/libsrc/devcfg_v3_7/src -s include  "SHELL=CMD" "COMPILER=arm-none-eabi-gcc" "ASSEMBLER=arm-none-eabi-as"
TRACE::2025-09-30.11:46:14::SCWMssOS:: "ARCHIVER=arm-none-eabi-ar" "COMPILER_FLAGS=  -O2 -c" "EXTRA_COMPILER_FLAGS=-mcpu=cortex-a9 -mfpu=vfpv3 -mfloat-abi=soft -nost
TRACE::2025-09-30.11:46:14::SCWMssOS::artfiles -g -Wall -Wextra"

TRACE::2025-09-30.11:46:14::SCWMssOS::"Running Make include in ps7_cortexa9_0/libsrc/dmaps_v2_7/src"

TRACE::2025-09-30.11:46:14::SCWMssOS::make -C ps7_cortexa9_0/libsrc/dmaps_v2_7/src -s include  "SHELL=CMD" "COMPILER=arm-none-eabi-gcc" "ASSEMBLER=arm-none-eabi-as" 
TRACE::2025-09-30.11:46:14::SCWMssOS::"ARCHIVER=arm-none-eabi-ar" "COMPILER_FLAGS=  -O2 -c" "EXTRA_COMPILER_FLAGS=-mcpu=cortex-a9 -mfpu=vfpv3 -mfloat-abi=soft -nosta
TRACE::2025-09-30.11:46:14::SCWMssOS::rtfiles -g -Wall -Wextra"

TRACE::2025-09-30.11:46:14::SCWMssOS::"Running Make include in ps7_cortexa9_0/libsrc/emacps_v3_12/src"

TRACE::2025-09-30.11:46:14::SCWMssOS::make -C ps7_cortexa9_0/libsrc/emacps_v3_12/src -s include  "SHELL=CMD" "COMPILER=arm-none-eabi-gcc" "ASSEMBLER=arm-none-eabi-as
TRACE::2025-09-30.11:46:14::SCWMssOS::" "ARCHIVER=arm-none-eabi-ar" "COMPILER_FLAGS=  -O2 -c" "EXTRA_COMPILER_FLAGS=-mcpu=cortex-a9 -mfpu=vfpv3 -mfloat-abi=soft -nos
TRACE::2025-09-30.11:46:14::SCWMssOS::tartfiles -g -Wall -Wextra"

TRACE::2025-09-30.11:46:14::SCWMssOS::"Running Make include in ps7_cortexa9_0/libsrc/gpiops_v3_8/src"

TRACE::2025-09-30.11:46:14::SCWMssOS::make -C ps7_cortexa9_0/libsrc/gpiops_v3_8/src -s include  "SHELL=CMD" "COMPILER=arm-none-eabi-gcc" "ASSEMBLER=arm-none-eabi-as"
TRACE::2025-09-30.11:46:14::SCWMssOS:: "ARCHIVER=arm-none-eabi-ar" "COMPILER_FLAGS=  -O2 -c" "EXTRA_COMPILER_FLAGS=-mcpu=cortex-a9 -mfpu=vfpv3 -mfloat-abi=soft -nost
TRACE::2025-09-30.11:46:14::SCWMssOS::artfiles -g -Wall -Wextra"

TRACE::2025-09-30.11:46:14::SCWMssOS::"Running Make include in ps7_cortexa9_0/libsrc/qspips_v3_8/src"

TRACE::2025-09-30.11:46:14::SCWMssOS::make -C ps7_cortexa9_0/libsrc/qspips_v3_8/src -s include  "SHELL=CMD" "COMPILER=arm-none-eabi-gcc" "ASSEMBLER=arm-none-eabi-as"
TRACE::2025-09-30.11:46:14::SCWMssOS:: "ARCHIVER=arm-none-eabi-ar" "COMPILER_FLAGS=  -O2 -c" "EXTRA_COMPILER_FLAGS=-mcpu=cortex-a9 -mfpu=vfpv3 -mfloat-abi=soft -nost
TRACE::2025-09-30.11:46:14::SCWMssOS::artfiles -g -Wall -Wextra"

TRACE::2025-09-30.11:46:14::SCWMssOS::"Running Make include in ps7_cortexa9_0/libsrc/scugic_v4_3/src"

TRACE::2025-09-30.11:46:14::SCWMssOS::make -C ps7_cortexa9_0/libsrc/scugic_v4_3/src -s include  "SHELL=CMD" "COMPILER=arm-none-eabi-gcc" "ASSEMBLER=arm-none-eabi-as"
TRACE::2025-09-30.11:46:14::SCWMssOS:: "ARCHIVER=arm-none-eabi-ar" "COMPILER_FLAGS=  -O2 -c" "EXTRA_COMPILER_FLAGS=-mcpu=cortex-a9 -mfpu=vfpv3 -mfloat-abi=soft -nost
TRACE::2025-09-30.11:46:14::SCWMssOS::artfiles -g -Wall -Wextra"

TRACE::2025-09-30.11:46:14::SCWMssOS::"Running Make include in ps7_cortexa9_0/libsrc/scutimer_v2_3/src"

TRACE::2025-09-30.11:46:14::SCWMssOS::make -C ps7_cortexa9_0/libsrc/scutimer_v2_3/src -s include  "SHELL=CMD" "COMPILER=arm-none-eabi-gcc" "ASSEMBLER=arm-none-eabi-a
TRACE::2025-09-30.11:46:14::SCWMssOS::s" "ARCHIVER=arm-none-eabi-ar" "COMPILER_FLAGS=  -O2 -c" "EXTRA_COMPILER_FLAGS=-mcpu=cortex-a9 -mfpu=vfpv3 -mfloat-abi=soft -no
TRACE::2025-09-30.11:46:14::SCWMssOS::startfiles -g -Wall -Wextra"

TRACE::2025-09-30.11:46:14::SCWMssOS::"Running Make include in ps7_cortexa9_0/libsrc/scuwdt_v2_3/src"

TRACE::2025-09-30.11:46:14::SCWMssOS::make -C ps7_cortexa9_0/libsrc/scuwdt_v2_3/src -s include  "SHELL=CMD" "COMPILER=arm-none-eabi-gcc" "ASSEMBLER=arm-none-eabi-as"
TRACE::2025-09-30.11:46:14::SCWMssOS:: "ARCHIVER=arm-none-eabi-ar" "COMPILER_FLAGS=  -O2 -c" "EXTRA_COMPILER_FLAGS=-mcpu=cortex-a9 -mfpu=vfpv3 -mfloat-abi=soft -nost
TRACE::2025-09-30.11:46:14::SCWMssOS::artfiles -g -Wall -Wextra"

TRACE::2025-09-30.11:46:14::SCWMssOS::"Running Make include in ps7_cortexa9_0/libsrc/sdps_v3_10/src"

TRACE::2025-09-30.11:46:14::SCWMssOS::make -C ps7_cortexa9_0/libsrc/sdps_v3_10/src -s include  "SHELL=CMD" "COMPILER=arm-none-eabi-gcc" "ASSEMBLER=arm-none-eabi-as" 
TRACE::2025-09-30.11:46:14::SCWMssOS::"ARCHIVER=arm-none-eabi-ar" "COMPILER_FLAGS=  -O2 -c" "EXTRA_COMPILER_FLAGS=-mcpu=cortex-a9 -mfpu=vfpv3 -mfloat-abi=soft -nosta
TRACE::2025-09-30.11:46:14::SCWMssOS::rtfiles -g -Wall -Wextra"

TRACE::2025-09-30.11:46:14::SCWMssOS::"Running Make include in ps7_cortexa9_0/libsrc/standalone_v7_3/src"

TRACE::2025-09-30.11:46:14::SCWMssOS::make -C ps7_cortexa9_0/libsrc/standalone_v7_3/src -s include  "SHELL=CMD" "COMPILER=arm-none-eabi-gcc" "ASSEMBLER=arm-none-eabi
TRACE::2025-09-30.11:46:14::SCWMssOS::-as" "ARCHIVER=arm-none-eabi-ar" "COMPILER_FLAGS=  -O2 -c" "EXTRA_COMPILER_FLAGS=-mcpu=cortex-a9 -mfpu=vfpv3 -mfloat-abi=soft -
TRACE::2025-09-30.11:46:14::SCWMssOS::nostartfiles -g -Wall -Wextra"

TRACE::2025-09-30.11:46:14::SCWMssOS::"Running Make include in ps7_cortexa9_0/libsrc/uartps_v3_10/src"

TRACE::2025-09-30.11:46:14::SCWMssOS::make -C ps7_cortexa9_0/libsrc/uartps_v3_10/src -s include  "SHELL=CMD" "COMPILER=arm-none-eabi-gcc" "ASSEMBLER=arm-none-eabi-as
TRACE::2025-09-30.11:46:14::SCWMssOS::" "ARCHIVER=arm-none-eabi-ar" "COMPILER_FLAGS=  -O2 -c" "EXTRA_COMPILER_FLAGS=-mcpu=cortex-a9 -mfpu=vfpv3 -mfloat-abi=soft -nos
TRACE::2025-09-30.11:46:14::SCWMssOS::tartfiles -g -Wall -Wextra"

TRACE::2025-09-30.11:46:14::SCWMssOS::"Running Make include in ps7_cortexa9_0/libsrc/usbps_v2_6/src"

TRACE::2025-09-30.11:46:14::SCWMssOS::make -C ps7_cortexa9_0/libsrc/usbps_v2_6/src -s include  "SHELL=CMD" "COMPILER=arm-none-eabi-gcc" "ASSEMBLER=arm-none-eabi-as" 
TRACE::2025-09-30.11:46:14::SCWMssOS::"ARCHIVER=arm-none-eabi-ar" "COMPILER_FLAGS=  -O2 -c" "EXTRA_COMPILER_FLAGS=-mcpu=cortex-a9 -mfpu=vfpv3 -mfloat-abi=soft -nosta
TRACE::2025-09-30.11:46:14::SCWMssOS::rtfiles -g -Wall -Wextra"

TRACE::2025-09-30.11:46:14::SCWMssOS::"Running Make include in ps7_cortexa9_0/libsrc/xadcps_v2_5/src"

TRACE::2025-09-30.11:46:14::SCWMssOS::make -C ps7_cortexa9_0/libsrc/xadcps_v2_5/src -s include  "SHELL=CMD" "COMPILER=arm-none-eabi-gcc" "ASSEMBLER=arm-none-eabi-as"
TRACE::2025-09-30.11:46:14::SCWMssOS:: "ARCHIVER=arm-none-eabi-ar" "COMPILER_FLAGS=  -O2 -c" "EXTRA_COMPILER_FLAGS=-mcpu=cortex-a9 -mfpu=vfpv3 -mfloat-abi=soft -nost
TRACE::2025-09-30.11:46:14::SCWMssOS::artfiles -g -Wall -Wextra"

TRACE::2025-09-30.11:46:14::SCWMssOS::"Running Make libs in ps7_cortexa9_0/libsrc/coresightps_dcc_v1_8/src"

TRACE::2025-09-30.11:46:14::SCWMssOS::make -C ps7_cortexa9_0/libsrc/coresightps_dcc_v1_8/src -s libs  "SHELL=CMD" "COMPILER=arm-none-eabi-gcc" "ASSEMBLER=arm-none-ea
TRACE::2025-09-30.11:46:14::SCWMssOS::bi-as" "ARCHIVER=arm-none-eabi-ar" "COMPILER_FLAGS=  -O2 -c" "EXTRA_COMPILER_FLAGS=-mcpu=cortex-a9 -mfpu=vfpv3 -mfloat-abi=soft
TRACE::2025-09-30.11:46:14::SCWMssOS:: -nostartfiles -g -Wall -Wextra"

TRACE::2025-09-30.11:46:14::SCWMssOS::"Running Make libs in ps7_cortexa9_0/libsrc/cpu_cortexa9_v2_10/src"

TRACE::2025-09-30.11:46:14::SCWMssOS::make -C ps7_cortexa9_0/libsrc/cpu_cortexa9_v2_10/src -s libs  "SHELL=CMD" "COMPILER=arm-none-eabi-gcc" "ASSEMBLER=arm-none-eabi
TRACE::2025-09-30.11:46:14::SCWMssOS::-as" "ARCHIVER=arm-none-eabi-ar" "COMPILER_FLAGS=  -O2 -c" "EXTRA_COMPILER_FLAGS=-mcpu=cortex-a9 -mfpu=vfpv3 -mfloat-abi=soft -
TRACE::2025-09-30.11:46:14::SCWMssOS::nostartfiles -g -Wall -Wextra"

TRACE::2025-09-30.11:46:14::SCWMssOS::"Running Make libs in ps7_cortexa9_0/libsrc/ddrps_v1_2/src"

TRACE::2025-09-30.11:46:14::SCWMssOS::make -C ps7_cortexa9_0/libsrc/ddrps_v1_2/src -s libs  "SHELL=CMD" "COMPILER=arm-none-eabi-gcc" "ASSEMBLER=arm-none-eabi-as" "AR
TRACE::2025-09-30.11:46:14::SCWMssOS::CHIVER=arm-none-eabi-ar" "COMPILER_FLAGS=  -O2 -c" "EXTRA_COMPILER_FLAGS=-mcpu=cortex-a9 -mfpu=vfpv3 -mfloat-abi=soft -nostartf
TRACE::2025-09-30.11:46:14::SCWMssOS::iles -g -Wall -Wextra"

TRACE::2025-09-30.11:46:14::SCWMssOS::"Running Make libs in ps7_cortexa9_0/libsrc/devcfg_v3_7/src"

TRACE::2025-09-30.11:46:14::SCWMssOS::make -C ps7_cortexa9_0/libsrc/devcfg_v3_7/src -s libs  "SHELL=CMD" "COMPILER=arm-none-eabi-gcc" "ASSEMBLER=arm-none-eabi-as" "A
TRACE::2025-09-30.11:46:14::SCWMssOS::RCHIVER=arm-none-eabi-ar" "COMPILER_FLAGS=  -O2 -c" "EXTRA_COMPILER_FLAGS=-mcpu=cortex-a9 -mfpu=vfpv3 -mfloat-abi=soft -nostart
TRACE::2025-09-30.11:46:14::SCWMssOS::files -g -Wall -Wextra"

TRACE::2025-09-30.11:46:14::SCWMssOS::"Running Make libs in ps7_cortexa9_0/libsrc/dmaps_v2_7/src"

TRACE::2025-09-30.11:46:14::SCWMssOS::make -C ps7_cortexa9_0/libsrc/dmaps_v2_7/src -s libs  "SHELL=CMD" "COMPILER=arm-none-eabi-gcc" "ASSEMBLER=arm-none-eabi-as" "AR
TRACE::2025-09-30.11:46:14::SCWMssOS::CHIVER=arm-none-eabi-ar" "COMPILER_FLAGS=  -O2 -c" "EXTRA_COMPILER_FLAGS=-mcpu=cortex-a9 -mfpu=vfpv3 -mfloat-abi=soft -nostartf
TRACE::2025-09-30.11:46:14::SCWMssOS::iles -g -Wall -Wextra"

TRACE::2025-09-30.11:46:14::SCWMssOS::"Running Make libs in ps7_cortexa9_0/libsrc/emacps_v3_12/src"

TRACE::2025-09-30.11:46:14::SCWMssOS::make -C ps7_cortexa9_0/libsrc/emacps_v3_12/src -s libs  "SHELL=CMD" "COMPILER=arm-none-eabi-gcc" "ASSEMBLER=arm-none-eabi-as" "
TRACE::2025-09-30.11:46:14::SCWMssOS::ARCHIVER=arm-none-eabi-ar" "COMPILER_FLAGS=  -O2 -c" "EXTRA_COMPILER_FLAGS=-mcpu=cortex-a9 -mfpu=vfpv3 -mfloat-abi=soft -nostar
TRACE::2025-09-30.11:46:14::SCWMssOS::tfiles -g -Wall -Wextra"

TRACE::2025-09-30.11:46:14::SCWMssOS::"Running Make libs in ps7_cortexa9_0/libsrc/gpiops_v3_8/src"

TRACE::2025-09-30.11:46:14::SCWMssOS::make -C ps7_cortexa9_0/libsrc/gpiops_v3_8/src -s libs  "SHELL=CMD" "COMPILER=arm-none-eabi-gcc" "ASSEMBLER=arm-none-eabi-as" "A
TRACE::2025-09-30.11:46:14::SCWMssOS::RCHIVER=arm-none-eabi-ar" "COMPILER_FLAGS=  -O2 -c" "EXTRA_COMPILER_FLAGS=-mcpu=cortex-a9 -mfpu=vfpv3 -mfloat-abi=soft -nostart
TRACE::2025-09-30.11:46:14::SCWMssOS::files -g -Wall -Wextra"

TRACE::2025-09-30.11:46:14::SCWMssOS::"Running Make libs in ps7_cortexa9_0/libsrc/qspips_v3_8/src"

TRACE::2025-09-30.11:46:14::SCWMssOS::make -C ps7_cortexa9_0/libsrc/qspips_v3_8/src -s libs  "SHELL=CMD" "COMPILER=arm-none-eabi-gcc" "ASSEMBLER=arm-none-eabi-as" "A
TRACE::2025-09-30.11:46:14::SCWMssOS::RCHIVER=arm-none-eabi-ar" "COMPILER_FLAGS=  -O2 -c" "EXTRA_COMPILER_FLAGS=-mcpu=cortex-a9 -mfpu=vfpv3 -mfloat-abi=soft -nostart
TRACE::2025-09-30.11:46:14::SCWMssOS::files -g -Wall -Wextra"

TRACE::2025-09-30.11:46:15::SCWMssOS::"Running Make libs in ps7_cortexa9_0/libsrc/scugic_v4_3/src"

TRACE::2025-09-30.11:46:15::SCWMssOS::"Running Make libs in ps7_cortexa9_0/libsrc/scutimer_v2_3/src"

TRACE::2025-09-30.11:46:15::SCWMssOS::"Running Make libs in ps7_cortexa9_0/libsrc/sdps_v3_10/src"

TRACE::2025-09-30.11:46:15::SCWMssOS::"Running Make libs in ps7_cortexa9_0/libsrc/standalone_v7_3/src"

TRACE::2025-09-30.11:46:15::SCWMssOS::"Running Make libs in ps7_cortexa9_0/libsrc/uartps_v3_10/src"

TRACE::2025-09-30.11:46:15::SCWMssOS::"Running Make libs in ps7_cortexa9_0/libsrc/usbps_v2_6/src"

TRACE::2025-09-30.11:46:15::SCWMssOS::make -C ps7_cortexa9_0/libsrc/scutimer_v2_3/src -s libs  "SHELL=CMD" "COMPILER=arm-none-eabi-gcc" "ASSEMBLER=arm-none-eabi-as" 
TRACE::2025-09-30.11:46:15::SCWMssOS::"ARCHIVER=arm-none-eabi-ar" "COMPILER_FLAGS=  -O2 -c" "EXTRA_COMPILER_FLAGS=-mcpu=cortex-a9 -mfpu=vfpv3 -mfloat-abi=soft -nosta
TRACE::2025-09-30.11:46:15::SCWMssOS::rtfiles -g -Wall -Wextra"

TRACE::2025-09-30.11:46:15::SCWMssOS::"Running Make libs in ps7_cortexa9_0/libsrc/scuwdt_v2_3/src"

TRACE::2025-09-30.11:46:15::SCWMssOS::"Running Make libs in ps7_cortexa9_0/libsrc/xadcps_v2_5/src"

TRACE::2025-09-30.11:46:15::SCWMssOS::make -C ps7_cortexa9_0/libsrc/scugic_v4_3/src -s libs  "SHELL=CMD" "COMPILER=arm-none-eabi-gcc" "ASSEMBLER=arm-none-eabi-as" "A
TRACE::2025-09-30.11:46:15::SCWMssOS::RCHIVER=arm-none-eabi-ar" "COMPILER_FLAGS=  -O2 -c" "EXTRA_COMPILER_FLAGS=-mcpu=cortex-a9 -mfpu=vfpv3 -mfloat-abi=soft -nostart
TRACE::2025-09-30.11:46:15::SCWMssOS::files -g -Wall -Wextra"

TRACE::2025-09-30.11:46:15::SCWMssOS::make -C ps7_cortexa9_0/libsrc/sdps_v3_10/src -s libs  "SHELL=CMD" "COMPILER=arm-none-eabi-gcc" "ASSEMBLER=arm-none-eabi-as" "AR
TRACE::2025-09-30.11:46:15::SCWMssOS::CHIVER=arm-none-eabi-ar" "COMPILER_FLAGS=  -O2 -c" "EXTRA_COMPILER_FLAGS=-mcpu=cortex-a9 -mfpu=vfpv3 -mfloat-abi=soft -nostartf
TRACE::2025-09-30.11:46:15::SCWMssOS::iles -g -Wall -Wextra"

TRACE::2025-09-30.11:46:15::SCWMssOS::make -C ps7_cortexa9_0/libsrc/standalone_v7_3/src -s libs  "SHELL=CMD" "COMPILER=arm-none-eabi-gcc" "ASSEMBLER=arm-none-eabi-as
TRACE::2025-09-30.11:46:15::SCWMssOS::" "ARCHIVER=arm-none-eabi-ar" "COMPILER_FLAGS=  -O2 -c" "EXTRA_COMPILER_FLAGS=-mcpu=cortex-a9 -mfpu=vfpv3 -mfloat-abi=soft -nos
TRACE::2025-09-30.11:46:15::SCWMssOS::tartfiles -g -Wall -Wextra"

TRACE::2025-09-30.11:46:15::SCWMssOS::make -C ps7_cortexa9_0/libsrc/uartps_v3_10/src -s libs  "SHELL=CMD" "COMPILER=arm-none-eabi-gcc" "ASSEMBLER=arm-none-eabi-as" "
TRACE::2025-09-30.11:46:15::SCWMssOS::ARCHIVER=arm-none-eabi-ar" "COMPILER_FLAGS=  -O2 -c" "EXTRA_COMPILER_FLAGS=-mcpu=cortex-a9 -mfpu=vfpv3 -mfloat-abi=soft -nostar
TRACE::2025-09-30.11:46:15::SCWMssOS::tfiles -g -Wall -Wextra"

TRACE::2025-09-30.11:46:15::SCWMssOS::make -C ps7_cortexa9_0/libsrc/usbps_v2_6/src -s libs  "SHELL=CMD" "COMPILER=arm-none-eabi-gcc" "ASSEMBLER=arm-none-eabi-as" "AR
TRACE::2025-09-30.11:46:15::SCWMssOS::CHIVER=arm-none-eabi-ar" "COMPILER_FLAGS=  -O2 -c" "EXTRA_COMPILER_FLAGS=-mcpu=cortex-a9 -mfpu=vfpv3 -mfloat-abi=soft -nostartf
TRACE::2025-09-30.11:46:15::SCWMssOS::iles -g -Wall -Wextra"

TRACE::2025-09-30.11:46:15::SCWMssOS::make -C ps7_cortexa9_0/libsrc/xadcps_v2_5/src -s libs  "SHELL=CMD" "COMPILER=arm-none-eabi-gcc" "ASSEMBLER=arm-none-eabi-as" "A
TRACE::2025-09-30.11:46:15::SCWMssOS::RCHIVER=arm-none-eabi-ar" "COMPILER_FLAGS=  -O2 -c" "EXTRA_COMPILER_FLAGS=-mcpu=cortex-a9 -mfpu=vfpv3 -mfloat-abi=soft -nostart
TRACE::2025-09-30.11:46:15::SCWMssOS::files -g -Wall -Wextra"

TRACE::2025-09-30.11:46:15::SCWMssOS::make -C ps7_cortexa9_0/libsrc/scuwdt_v2_3/src -s libs  "SHELL=CMD" "COMPILER=arm-none-eabi-gcc" "ASSEMBLER=arm-none-eabi-as" "A
TRACE::2025-09-30.11:46:15::SCWMssOS::RCHIVER=arm-none-eabi-ar" "COMPILER_FLAGS=  -O2 -c" "EXTRA_COMPILER_FLAGS=-mcpu=cortex-a9 -mfpu=vfpv3 -mfloat-abi=soft -nostart
TRACE::2025-09-30.11:46:15::SCWMssOS::files -g -Wall -Wextra"

TRACE::2025-09-30.11:46:19::SCWMssOS::'Finished building libraries parallelly.'

TRACE::2025-09-30.11:46:19::SCWMssOS::make --no-print-directory archive

TRACE::2025-09-30.11:46:19::SCWMssOS::arm-none-eabi-ar -r  ps7_cortexa9_0/lib/libxil.a ps7_cortexa9_0/lib/xil_printf.o ps7_cortexa9_0/lib/xadcps_selftest.o ps7_corte
TRACE::2025-09-30.11:46:19::SCWMssOS::xa9_0/lib/kill.o ps7_cortexa9_0/lib/xscuwdt_g.o ps7_cortexa9_0/lib/xplatform_info.o ps7_cortexa9_0/lib/xqspips_options.o ps7_co
TRACE::2025-09-30.11:46:19::SCWMssOS::rtexa9_0/lib/print.o ps7_cortexa9_0/lib/xscugic_selftest.o ps7_cortexa9_0/lib/xsdps_card.o ps7_cortexa9_0/lib/xdmaps_g.o ps7_co
TRACE::2025-09-30.11:46:19::SCWMssOS::rtexa9_0/lib/xil_testio.o ps7_cortexa9_0/lib/sleep.o ps7_cortexa9_0/lib/_exit.o ps7_cortexa9_0/lib/xdevcfg_hw.o ps7_cortexa9_0/
TRACE::2025-09-30.11:46:19::SCWMssOS::lib/xscugic_intr.o ps7_cortexa9_0/lib/xadcps_intr.o ps7_cortexa9_0/lib/xpm_counter.o ps7_cortexa9_0/lib/xuartps_sinit.o ps7_cor
TRACE::2025-09-30.11:46:19::SCWMssOS::texa9_0/lib/xscutimer_g.o ps7_cortexa9_0/lib/xdmaps_sinit.o ps7_cortexa9_0/lib/xemacps.o ps7_cortexa9_0/lib/xil_util.o ps7_cort
TRACE::2025-09-30.11:46:19::SCWMssOS::exa9_0/lib/inbyte.o ps7_cortexa9_0/lib/xil_mmu.o ps7_cortexa9_0/lib/xdmaps_selftest.o ps7_cortexa9_0/lib/xscutimer_selftest.o p
TRACE::2025-09-30.11:46:20::SCWMssOS::s7_cortexa9_0/lib/xil_misc_psreset_api.o ps7_cortexa9_0/lib/cpputest_time.o ps7_cortexa9_0/lib/xuartps_options.o ps7_cortexa9_0
TRACE::2025-09-30.11:46:20::SCWMssOS::/lib/xgpiops_g.o ps7_cortexa9_0/lib/close.o ps7_cortexa9_0/lib/xuartps_g.o ps7_cortexa9_0/lib/xsdps.o ps7_cortexa9_0/lib/xil_me
TRACE::2025-09-30.11:46:20::SCWMssOS::m.o ps7_cortexa9_0/lib/xscugic_hw.o ps7_cortexa9_0/lib/xgpiops_sinit.o ps7_cortexa9_0/lib/xgpiops_selftest.o ps7_cortexa9_0/lib
TRACE::2025-09-30.11:46:20::SCWMssOS::/xqspips_selftest.o ps7_cortexa9_0/lib/translation_table.o ps7_cortexa9_0/lib/write.o ps7_cortexa9_0/lib/boot.o ps7_cortexa9_0/
TRACE::2025-09-30.11:46:20::SCWMssOS::lib/xemacps_bdring.o ps7_cortexa9_0/lib/cpu_init.o ps7_cortexa9_0/lib/xscugic_g.o ps7_cortexa9_0/lib/xscutimer_sinit.o ps7_cort
TRACE::2025-09-30.11:46:20::SCWMssOS::exa9_0/lib/xemacps_intr.o ps7_cortexa9_0/lib/usleep.o ps7_cortexa9_0/lib/xil_testmem.o ps7_cortexa9_0/lib/xil_sleepcommon.o ps7
TRACE::2025-09-30.11:46:20::SCWMssOS::_cortexa9_0/lib/unlink.o ps7_cortexa9_0/lib/xadcps.o ps7_cortexa9_0/lib/xdmaps_hw.o ps7_cortexa9_0/lib/xgpiops_intr.o ps7_corte
TRACE::2025-09-30.11:46:20::SCWMssOS::xa9_0/lib/xscugic_sinit.o ps7_cortexa9_0/lib/xil_sleeptimer.o ps7_cortexa9_0/lib/xscuwdt_selftest.o ps7_cortexa9_0/lib/open.o p
TRACE::2025-09-30.11:46:20::SCWMssOS::s7_cortexa9_0/lib/outbyte.o ps7_cortexa9_0/lib/xuartps_selftest.o ps7_cortexa9_0/lib/xuartps_hw.o ps7_cortexa9_0/lib/xsdps_opti
TRACE::2025-09-30.11:46:20::SCWMssOS::ons.o ps7_cortexa9_0/lib/read.o ps7_cortexa9_0/lib/xgpiops_hw.o ps7_cortexa9_0/lib/xusbps_intr.o ps7_cortexa9_0/lib/xqspips_hw.
TRACE::2025-09-30.11:46:20::SCWMssOS::o ps7_cortexa9_0/lib/xil_cache.o ps7_cortexa9_0/lib/xtime_l.o ps7_cortexa9_0/lib/xl2cc_counter.o ps7_cortexa9_0/lib/xsdps_sinit
TRACE::2025-09-30.11:46:20::SCWMssOS::.o ps7_cortexa9_0/lib/asm_vectors.o ps7_cortexa9_0/lib/xdevcfg_intr.o ps7_cortexa9_0/lib/abort.o ps7_cortexa9_0/lib/xdevcfg_g.o
TRACE::2025-09-30.11:46:20::SCWMssOS:: ps7_cortexa9_0/lib/xuartps_intr.o ps7_cortexa9_0/lib/xuartps.o ps7_cortexa9_0/lib/getpid.o ps7_cortexa9_0/lib/xil_testcache.o 
TRACE::2025-09-30.11:46:20::SCWMssOS::ps7_cortexa9_0/lib/xqspips_g.o ps7_cortexa9_0/lib/xemacps_hw.o ps7_cortexa9_0/lib/xdmaps.o ps7_cortexa9_0/lib/xscutimer.o ps7_c
TRACE::2025-09-30.11:46:20::SCWMssOS::ortexa9_0/lib/xscuwdt.o ps7_cortexa9_0/lib/xdevcfg_selftest.o ps7_cortexa9_0/lib/xusbps_hw.o ps7_cortexa9_0/lib/xqspips.o ps7_c
TRACE::2025-09-30.11:46:20::SCWMssOS::ortexa9_0/lib/xemacps_g.o ps7_cortexa9_0/lib/xusbps.o ps7_cortexa9_0/lib/xusbps_sinit.o ps7_cortexa9_0/lib/xemacps_sinit.o ps7_
TRACE::2025-09-30.11:46:20::SCWMssOS::cortexa9_0/lib/xusbps_endpoint.o ps7_cortexa9_0/lib/xscuwdt_sinit.o ps7_cortexa9_0/lib/sbrk.o ps7_cortexa9_0/lib/xgpiops.o ps7_
TRACE::2025-09-30.11:46:20::SCWMssOS::cortexa9_0/lib/xsdps_g.o ps7_cortexa9_0/lib/fstat.o ps7_cortexa9_0/lib/errno.o ps7_cortexa9_0/lib/lseek.o ps7_cortexa9_0/lib/xd
TRACE::2025-09-30.11:46:20::SCWMssOS::evcfg_sinit.o ps7_cortexa9_0/lib/_sbrk.o ps7_cortexa9_0/lib/vectors.o ps7_cortexa9_0/lib/xil_exception.o ps7_cortexa9_0/lib/xem
TRACE::2025-09-30.11:46:20::SCWMssOS::acps_control.o ps7_cortexa9_0/lib/putnum.o ps7_cortexa9_0/lib/xil_clocking.o ps7_cortexa9_0/lib/xil_assert.o ps7_cortexa9_0/lib
TRACE::2025-09-30.11:46:20::SCWMssOS::/xusbps_g.o ps7_cortexa9_0/lib/xsdps_host.o ps7_cortexa9_0/lib/xcoresightpsdcc.o ps7_cortexa9_0/lib/isatty.o ps7_cortexa9_0/lib
TRACE::2025-09-30.11:46:20::SCWMssOS::/xscugic.o ps7_cortexa9_0/lib/xadcps_g.o ps7_cortexa9_0/lib/xil-crt0.o ps7_cortexa9_0/lib/xqspips_sinit.o ps7_cortexa9_0/lib/xa
TRACE::2025-09-30.11:46:20::SCWMssOS::dcps_sinit.o ps7_cortexa9_0/lib/fcntl.o ps7_cortexa9_0/lib/_open.o ps7_cortexa9_0/lib/xdevcfg.o

TRACE::2025-09-30.11:46:23::SCWMssOS::'Finished building libraries'

TRACE::2025-09-30.11:46:42::SCWMssOS::Copying to export directory.
TRACE::2025-09-30.11:47:08::SCWMssOS:: Checking if to create the Supporting Applications
TRACE::2025-09-30.11:47:08::SCWMssOS:: No Linux domain exists, trying to generate FSBL 
LOG::2025-09-30.11:47:08::SCWSystem::Completed Processing the domain standalone_domain
LOG::2025-09-30.11:47:08::SCWSystem::Completed Processing the sysconfig PS_Alone_NoFPU
LOG::2025-09-30.11:47:08::SCWPlatform::Completed generating the artifacts for system configuration PS_Alone_NoFPU
TRACE::2025-09-30.11:47:08::SCWPlatform::Started preparing the platform 
TRACE::2025-09-30.11:47:08::SCWSystem::Writing the bif file for system config PS_Alone_NoFPU
TRACE::2025-09-30.11:47:08::SCWSystem::dir created 
TRACE::2025-09-30.11:47:08::SCWSystem::Writing the bif 
TRACE::2025-09-30.11:47:08::SCWPlatform::Started writing the spfm file 
TRACE::2025-09-30.11:47:08::SCWPlatform::Started writing the xpfm file 
TRACE::2025-09-30.11:47:08::SCWPlatform::Completed generating the platform
TRACE::2025-09-30.11:47:08::SCWMssOS::Saving the mss changes H:/Projets_Vitis/PS_Alone_NoFPU/zynq_fsbl/zynq_fsbl_bsp/system.mss
TRACE::2025-09-30.11:47:08::SCWMssOS::Found a swdesign opened with the mssfile.
TRACE::2025-09-30.11:47:08::SCWMssOS::Completed writemss as part of save.
TRACE::2025-09-30.11:47:08::SCWMssOS::Commit changes completed.
TRACE::2025-09-30.11:47:08::SCWMssOS::Saving the mss changes H:/Projets_Vitis/PS_Alone_NoFPU/ps7_cortexa9_0/standalone_domain/bsp/system.mss
TRACE::2025-09-30.11:47:08::SCWMssOS::Found a swdesign opened with the mssfile.
TRACE::2025-09-30.11:47:08::SCWMssOS::Completed writemss as part of save.
TRACE::2025-09-30.11:47:08::SCWMssOS::Commit changes completed.
TRACE::2025-09-30.11:47:08::SCWPlatform::Trying to open the hw design at H:/Projets_Vitis/PS_Alone_NoFPU/hw/PS_Only_ZyboZ7.xsa
TRACE::2025-09-30.11:47:08::SCWPlatform::DSA given H:/Projets_Vitis/PS_Alone_NoFPU/hw/PS_Only_ZyboZ7.xsa
TRACE::2025-09-30.11:47:08::SCWPlatform::DSA absoulate path H:/Projets_Vitis/PS_Alone_NoFPU/hw/PS_Only_ZyboZ7.xsa
TRACE::2025-09-30.11:47:08::SCWPlatform::DSA directory H:/Projets_Vitis/PS_Alone_NoFPU/hw
TRACE::2025-09-30.11:47:09::SCWPlatform:: Platform Path H:/Projets_Vitis/PS_Alone_NoFPU/hw/PS_Only_ZyboZ7.xsa
TRACE::2025-09-30.11:47:09::SCWPlatform:: Unique name xilinx:zybo-z7-20::0.0
TRACE::2025-09-30.11:47:09::SCWPlatform::Trying to set the existing hwdb with name design_1_wrapper
TRACE::2025-09-30.11:47:09::SCWPlatform::Opened existing hwdb design_1_wrapper
TRACE::2025-09-30.11:47:09::SCWPlatform::Found the Hw Db part of the input DSA
TRACE::2025-09-30.11:47:09::SCWMssOS::Checking the sw design at  H:/Projets_Vitis/PS_Alone_NoFPU/zynq_fsbl/zynq_fsbl_bsp/system.mss
TRACE::2025-09-30.11:47:09::SCWMssOS::DEBUG:  swdes dump  H:/Projets_Vitis/PS_Alone_NoFPU/ps7_cortexa9_0/standalone_domain/bsp/system.mss|system_0||
H:/Projets_Vitis/PS_Alone_NoFPU/zynq_fsbl/zynq_fsbl_bsp/system.mss|system||

TRACE::2025-09-30.11:47:09::SCWMssOS::Sw design exists and opened at  H:/Projets_Vitis/PS_Alone_NoFPU/zynq_fsbl/zynq_fsbl_bsp/system.mss
TRACE::2025-09-30.11:47:09::SCWPlatform::Trying to open the hw design at H:/Projets_Vitis/PS_Alone_NoFPU/hw/PS_Only_ZyboZ7.xsa
TRACE::2025-09-30.11:47:09::SCWPlatform::DSA given H:/Projets_Vitis/PS_Alone_NoFPU/hw/PS_Only_ZyboZ7.xsa
TRACE::2025-09-30.11:47:09::SCWPlatform::DSA absoulate path H:/Projets_Vitis/PS_Alone_NoFPU/hw/PS_Only_ZyboZ7.xsa
TRACE::2025-09-30.11:47:09::SCWPlatform::DSA directory H:/Projets_Vitis/PS_Alone_NoFPU/hw
TRACE::2025-09-30.11:47:09::SCWPlatform:: Platform Path H:/Projets_Vitis/PS_Alone_NoFPU/hw/PS_Only_ZyboZ7.xsa
TRACE::2025-09-30.11:47:09::SCWPlatform:: Unique name xilinx:zybo-z7-20::0.0
TRACE::2025-09-30.11:47:09::SCWPlatform::Trying to set the existing hwdb with name design_1_wrapper
TRACE::2025-09-30.11:47:09::SCWPlatform::Opened existing hwdb design_1_wrapper
TRACE::2025-09-30.11:47:09::SCWPlatform::Found the Hw Db part of the input DSA
TRACE::2025-09-30.11:47:09::SCWMssOS::Checking the sw design at  H:/Projets_Vitis/PS_Alone_NoFPU/ps7_cortexa9_0/standalone_domain/bsp/system.mss
TRACE::2025-09-30.11:47:09::SCWMssOS::DEBUG:  swdes dump  H:/Projets_Vitis/PS_Alone_NoFPU/ps7_cortexa9_0/standalone_domain/bsp/system.mss|system_0||
H:/Projets_Vitis/PS_Alone_NoFPU/zynq_fsbl/zynq_fsbl_bsp/system.mss|system||

TRACE::2025-09-30.11:47:09::SCWMssOS::Sw design exists and opened at  H:/Projets_Vitis/PS_Alone_NoFPU/ps7_cortexa9_0/standalone_domain/bsp/system.mss
TRACE::2025-09-30.11:47:09::SCWWriter::formatted JSON is {
	"platformName":	"PS_Alone_NoFPU",
	"sprVersion":	"2.0",
	"mode":	"gui",
	"dsaType":	"Fixed",
	"platformDesc":	"PS_Alone_NoFPU",
	"platHandOff":	"D:/Projet_Vitis/PS_Only_ZyboZ7.xsa",
	"platIntHandOff":	"<platformDir>/hw/PS_Only_ZyboZ7.xsa",
	"deviceType":	"zynq",
	"platIsPrebuiltAutogen":	"false",
	"platIsNoBootBsp":	"false",
	"hasFsblMakeHasChanges":	"false",
	"hasPmufwMakeHasChanges":	"false",
	"fsblExtraCompilerFlags":	"-MMD -MP       -mcpu=cortex-a9 -mfpu=vfpv3 -mfloat-abi=hard ",
	"platPreBuiltFlag":	false,
	"platformSamplesDir":	"",
	"platActiveSys":	"PS_Alone_NoFPU",
	"systems":	[{
			"systemName":	"PS_Alone_NoFPU",
			"systemDesc":	"PS_Alone_NoFPU",
			"sysIsBootAutoGen":	"true",
			"systemDispName":	"PS_Alone_NoFPU",
			"sysActiveDom":	"standalone_domain",
			"sysDefaultDom":	"standalone_domain",
			"domains":	[{
					"domainName":	"zynq_fsbl",
					"domainDispName":	"zynq_fsbl",
					"domainDesc":	"FSBL Application BSP - Auto Generated.",
					"processors":	"ps7_cortexa9_0",
					"os":	"standalone",
					"sdxOs":	"standalone",
					"debugEnable":	"",
					"domRuntimes":	["cpp"],
					"swRepo":	"",
					"mssOsVer":	"7.3",
					"mssFile":	"",
					"md5Digest":	"ecd307a65fb430472c9c112c562c9f60",
					"compatibleApp":	"zynq_fsbl",
					"domType":	"bootDomain",
					"arch":	"32-bit",
					"appSettings":	{
						"appCompilerFlags":	"",
						"appLinkerFlags":	""
					},
					"addedLibs":	["xilffs:4.4", "xilrsa:1.6"],
					"libOptions":	{
						"ps7_cortexa9_0":	{
							"extra_compiler_flags":	"-mcpu=cortex-a9 -mfpu=vfpv3 -mfloat-abi=soft -nostartfiles -g -Wall -Wextra",
							"libOptionNames":	["extra_compiler_flags"]
						},
						"libsContainingOptions":	["ps7_cortexa9_0"]
					},
					"prebuiltLibs":	{
						"prebuiltIncPath":	[],
						"prebuiltLibPath":	[]
					},
					"isolation":	{
					}
				}, {
					"domainName":	"standalone_domain",
					"domainDispName":	"standalone on ps7_cortexa9_0",
					"domainDesc":	"standalone_domain",
					"processors":	"ps7_cortexa9_0",
					"os":	"standalone",
					"sdxOs":	"standalone",
					"qemuArgs":	"C:/Xilinx/Vitis/2020.2/data/emulation/platforms/zynq/sw/a9_standalone/qemu/qemu_args.txt",
					"qemuData":	"C:/Xilinx/Vitis/2020.2/data/emulation/platforms/zynq/sw/a9_standalone/qemu/",
					"debugEnable":	"False",
					"domRuntimes":	["cpp"],
					"swRepo":	"",
					"mssOsVer":	"7.3",
					"mssFile":	"",
					"md5Digest":	"88becbc5ed6cc9445bc17201c55de1b3",
					"compatibleApp":	"",
					"domType":	"mssDomain",
					"appSettings":	{
						"appCompilerFlags":	"",
						"appLinkerFlags":	""
					},
					"addedLibs":	[],
					"libOptions":	{
						"ps7_cortexa9_0":	{
							"extra_compiler_flags":	"-mcpu=cortex-a9 -mfpu=vfpv3 -mfloat-abi=soft -nostartfiles -g -Wall -Wextra",
							"libOptionNames":	["extra_compiler_flags"]
						},
						"libsContainingOptions":	["ps7_cortexa9_0"]
					},
					"prebuiltLibs":	{
						"prebuiltIncPath":	[],
						"prebuiltLibPath":	[]
					},
					"isolation":	{
					}
				}]
		}]
}
KEYINFO::2025-09-30.11:47:09::SCWPlatform::updated the xpfm file.
TRACE::2025-09-30.11:47:09::SCWPlatform::Trying to open the hw design at H:/Projets_Vitis/PS_Alone_NoFPU/hw/PS_Only_ZyboZ7.xsa
TRACE::2025-09-30.11:47:09::SCWPlatform::DSA given H:/Projets_Vitis/PS_Alone_NoFPU/hw/PS_Only_ZyboZ7.xsa
TRACE::2025-09-30.11:47:09::SCWPlatform::DSA absoulate path H:/Projets_Vitis/PS_Alone_NoFPU/hw/PS_Only_ZyboZ7.xsa
TRACE::2025-09-30.11:47:09::SCWPlatform::DSA directory H:/Projets_Vitis/PS_Alone_NoFPU/hw
TRACE::2025-09-30.11:47:09::SCWPlatform:: Platform Path H:/Projets_Vitis/PS_Alone_NoFPU/hw/PS_Only_ZyboZ7.xsa
TRACE::2025-09-30.11:47:09::SCWPlatform:: Unique name xilinx:zybo-z7-20::0.0
TRACE::2025-09-30.11:47:09::SCWPlatform::Trying to set the existing hwdb with name design_1_wrapper
TRACE::2025-09-30.11:47:09::SCWPlatform::Opened existing hwdb design_1_wrapper
TRACE::2025-09-30.11:47:09::SCWPlatform::Found the Hw Db part of the input DSA
TRACE::2025-09-30.11:47:09::SCWMssOS::Checking the sw design at  H:/Projets_Vitis/PS_Alone_NoFPU/ps7_cortexa9_0/standalone_domain/bsp/system.mss
TRACE::2025-09-30.11:47:09::SCWMssOS::DEBUG:  swdes dump  H:/Projets_Vitis/PS_Alone_NoFPU/ps7_cortexa9_0/standalone_domain/bsp/system.mss|system_0||
H:/Projets_Vitis/PS_Alone_NoFPU/zynq_fsbl/zynq_fsbl_bsp/system.mss|system||

TRACE::2025-09-30.11:47:09::SCWMssOS::Sw design exists and opened at  H:/Projets_Vitis/PS_Alone_NoFPU/ps7_cortexa9_0/standalone_domain/bsp/system.mss
TRACE::2025-09-30.12:00:53::SCWBDomain::System Command Ran  H:&  cd  H:/Projets_Vitis/PS_Alone_NoFPU/zynq_fsbl & make clean
TRACE::2025-09-30.12:00:53::SCWBDomain::rm -rf  sd.o  nand.o  image_mover.o  md5.o  fsbl_hooks.o  main.o  nor.o  qspi.o  rsa.o  ps7_init.o  pcap.o  fsbl_handoff.o zynq
TRACE::2025-09-30.12:00:53::SCWBDomain::_fsbl_bsp/ps7_cortexa9_0/lib/libxil.a fsbl.elf *.o

TRACE::2025-09-30.12:00:53::SCWBDomain::System Command Ran  H:&  cd  H:/Projets_Vitis/PS_Alone_NoFPU/zynq_fsbl/zynq_fsbl_bsp & make clean
TRACE::2025-09-30.12:00:54::SCWBDomain::make -C ps7_cortexa9_0/libsrc/coresightps_dcc_v1_8/src -s clean 

TRACE::2025-09-30.12:00:54::SCWBDomain::make -C ps7_cortexa9_0/libsrc/cpu_cortexa9_v2_10/src -s clean 

TRACE::2025-09-30.12:00:54::SCWBDomain::make -C ps7_cortexa9_0/libsrc/ddrps_v1_2/src -s clean 

TRACE::2025-09-30.12:00:54::SCWBDomain::make -C ps7_cortexa9_0/libsrc/devcfg_v3_7/src -s clean 

TRACE::2025-09-30.12:00:54::SCWBDomain::make -C ps7_cortexa9_0/libsrc/dmaps_v2_7/src -s clean 

TRACE::2025-09-30.12:00:55::SCWBDomain::make -C ps7_cortexa9_0/libsrc/emacps_v3_12/src -s clean 

TRACE::2025-09-30.12:00:56::SCWBDomain::make -C ps7_cortexa9_0/libsrc/gpiops_v3_8/src -s clean 

TRACE::2025-09-30.12:00:56::SCWBDomain::make -C ps7_cortexa9_0/libsrc/qspips_v3_8/src -s clean 

TRACE::2025-09-30.12:00:57::SCWBDomain::make -C ps7_cortexa9_0/libsrc/scugic_v4_3/src -s clean 

TRACE::2025-09-30.12:00:57::SCWBDomain::make -C ps7_cortexa9_0/libsrc/scutimer_v2_3/src -s clean 

TRACE::2025-09-30.12:00:58::SCWBDomain::make -C ps7_cortexa9_0/libsrc/scuwdt_v2_3/src -s clean 

TRACE::2025-09-30.12:00:58::SCWBDomain::make -C ps7_cortexa9_0/libsrc/sdps_v3_10/src -s clean 

TRACE::2025-09-30.12:00:59::SCWBDomain::make -C ps7_cortexa9_0/libsrc/standalone_v7_3/src -s clean 

TRACE::2025-09-30.12:01:03::SCWBDomain::make -C ps7_cortexa9_0/libsrc/uartps_v3_10/src -s clean 

TRACE::2025-09-30.12:01:03::SCWBDomain::make -C ps7_cortexa9_0/libsrc/usbps_v2_6/src -s clean 

TRACE::2025-09-30.12:01:04::SCWBDomain::make -C ps7_cortexa9_0/libsrc/xadcps_v2_5/src -s clean 

TRACE::2025-09-30.12:01:04::SCWBDomain::make -C ps7_cortexa9_0/libsrc/xilffs_v4_4/src -s clean 

TRACE::2025-09-30.12:01:05::SCWBDomain::make -C ps7_cortexa9_0/libsrc/xilrsa_v1_6/src -s clean 

TRACE::2025-09-30.12:01:05::SCWBDomain::rm -f ps7_cortexa9_0/lib/libxil.a

TRACE::2025-09-30.12:01:05::SCWMssOS::cleaning the bsp 
TRACE::2025-09-30.12:01:05::SCWMssOS::System Command Ran  H: & cd  H:/Projets_Vitis/PS_Alone_NoFPU/ps7_cortexa9_0/standalone_domain/bsp & make clean 
TRACE::2025-09-30.12:01:05::SCWMssOS::make -C ps7_cortexa9_0/libsrc/coresightps_dcc_v1_8/src -s clean 

TRACE::2025-09-30.12:01:06::SCWMssOS::make -C ps7_cortexa9_0/libsrc/cpu_cortexa9_v2_10/src -s clean 

TRACE::2025-09-30.12:01:06::SCWMssOS::make -C ps7_cortexa9_0/libsrc/ddrps_v1_2/src -s clean 

TRACE::2025-09-30.12:01:06::SCWMssOS::make -C ps7_cortexa9_0/libsrc/devcfg_v3_7/src -s clean 

TRACE::2025-09-30.12:01:06::SCWMssOS::make -C ps7_cortexa9_0/libsrc/dmaps_v2_7/src -s clean 

TRACE::2025-09-30.12:01:07::SCWMssOS::make -C ps7_cortexa9_0/libsrc/emacps_v3_12/src -s clean 

TRACE::2025-09-30.12:01:07::SCWMssOS::make -C ps7_cortexa9_0/libsrc/gpiops_v3_8/src -s clean 

TRACE::2025-09-30.12:01:08::SCWMssOS::make -C ps7_cortexa9_0/libsrc/qspips_v3_8/src -s clean 

TRACE::2025-09-30.12:01:08::SCWMssOS::make -C ps7_cortexa9_0/libsrc/scugic_v4_3/src -s clean 

TRACE::2025-09-30.12:01:09::SCWMssOS::make -C ps7_cortexa9_0/libsrc/scutimer_v2_3/src -s clean 

TRACE::2025-09-30.12:01:09::SCWMssOS::make -C ps7_cortexa9_0/libsrc/scuwdt_v2_3/src -s clean 

TRACE::2025-09-30.12:01:10::SCWMssOS::make -C ps7_cortexa9_0/libsrc/sdps_v3_10/src -s clean 

TRACE::2025-09-30.12:01:10::SCWMssOS::make -C ps7_cortexa9_0/libsrc/standalone_v7_3/src -s clean 

TRACE::2025-09-30.12:01:14::SCWMssOS::make -C ps7_cortexa9_0/libsrc/uartps_v3_10/src -s clean 

TRACE::2025-09-30.12:01:15::SCWMssOS::make -C ps7_cortexa9_0/libsrc/usbps_v2_6/src -s clean 

TRACE::2025-09-30.12:01:15::SCWMssOS::make -C ps7_cortexa9_0/libsrc/xadcps_v2_5/src -s clean 

TRACE::2025-09-30.12:01:16::SCWMssOS::rm -f ps7_cortexa9_0/lib/libxil.a

