TRACE::2026-08-06.09:28:45::SCWPlatform::Trying to open the hw design at C:/Users/Thomas/Desktop/TP_MISTRE/TP_PROCESSEUR/Projet_Vitis/XADC_SingleCh14/hw/XADC_SingleCh14.xsa
TRACE::2026-08-06.09:28:45::SCWPlatform::DSA given C:/Users/Thomas/Desktop/TP_MISTRE/TP_PROCESSEUR/Projet_Vitis/XADC_SingleCh14/hw/XADC_SingleCh14.xsa
TRACE::2026-08-06.09:28:45::SCWPlatform::DSA absoulate path C:/Users/Thomas/Desktop/TP_MISTRE/TP_PROCESSEUR/Projet_Vitis/XADC_SingleCh14/hw/XADC_SingleCh14.xsa
TRACE::2026-08-06.09:28:46::SCWPlatform::DSA directory C:/Users/Thomas/Desktop/TP_MISTRE/TP_PROCESSEUR/Projet_Vitis/XADC_SingleCh14/hw
TRACE::2026-08-06.09:28:46::SCWPlatform:: Platform Path C:/Users/Thomas/Desktop/TP_MISTRE/TP_PROCESSEUR/Projet_Vitis/XADC_SingleCh14/hw/XADC_SingleCh14.xsa
TRACE::2026-08-06.09:28:46::SCWPlatform:: Unique name xilinx:zybo-z7-20::0.0
TRACE::2026-08-06.09:28:46::SCWPlatform::Do not have an existing db opened. 
TRACE::2026-08-06.09:28:47::SCWPlatform::Opened new HwDB with name design_1_wrapper_3
TRACE::2026-08-06.09:28:47::SCWWriter::formatted JSON is {
	"platformName":	"XADC_SingleCh14",
	"sprVersion":	"2.0",
	"mode":	"gui",
	"dsaType":	"Fixed",
	"platformDesc":	"XADC_SingleCh14",
	"platHandOff":	"<platformDir>.xsa",
	"platIntHandOff":	"<platformDir>/hw/XADC_SingleCh14.xsa",
	"deviceType":	"zynq",
	"platIsPrebuiltAutogen":	"false",
	"platIsNoBootBsp":	"false",
	"hasFsblMakeHasChanges":	"false",
	"hasPmufwMakeHasChanges":	"false",
	"platPreBuiltFlag":	false,
	"platformSamplesDir":	""
}
TRACE::2026-08-06.09:28:47::SCWWriter::formatted JSON is {
	"platformName":	"XADC_SingleCh14",
	"sprVersion":	"2.0",
	"mode":	"gui",
	"dsaType":	"Fixed",
	"platformDesc":	"XADC_SingleCh14",
	"platHandOff":	"<platformDir>.xsa",
	"platIntHandOff":	"<platformDir>/hw/XADC_SingleCh14.xsa",
	"deviceType":	"zynq",
	"platIsPrebuiltAutogen":	"false",
	"platIsNoBootBsp":	"false",
	"hasFsblMakeHasChanges":	"false",
	"hasPmufwMakeHasChanges":	"false",
	"platPreBuiltFlag":	false,
	"platformSamplesDir":	"",
	"platActiveSys":	"XADC_SingleCh14",
	"systems":	[{
			"systemName":	"XADC_SingleCh14",
			"systemDesc":	"XADC_SingleCh14",
			"sysIsBootAutoGen":	"true",
			"systemDispName":	"XADC_SingleCh14"
		}]
}
TRACE::2026-08-06.09:28:47::SCWPlatform::Boot application domains not present, creating them
TRACE::2026-08-06.09:28:47::SCWDomain::checking for install qemu data   : 
TRACE::2026-08-06.09:28:47::SCWDomain:: Using the QEMU Data from install at  : C:/Xilinx/Vitis/2020.2/data/emulation/platforms/zynq/sw/a9_standalone/qemu/
TRACE::2026-08-06.09:28:47::SCWDomain:: Using the QEMU args  from install at  : C:/Xilinx/Vitis/2020.2/data/emulation/platforms/zynq/sw/a9_standalone/qemu/qemu_args.txt
TRACE::2026-08-06.09:28:47::SCWPlatform::Trying to open the hw design at C:/Users/Thomas/Desktop/TP_MISTRE/TP_PROCESSEUR/Projet_Vitis/XADC_SingleCh14/hw/XADC_SingleCh14.xsa
TRACE::2026-08-06.09:28:47::SCWPlatform::DSA given C:/Users/Thomas/Desktop/TP_MISTRE/TP_PROCESSEUR/Projet_Vitis/XADC_SingleCh14/hw/XADC_SingleCh14.xsa
TRACE::2026-08-06.09:28:47::SCWPlatform::DSA absoulate path C:/Users/Thomas/Desktop/TP_MISTRE/TP_PROCESSEUR/Projet_Vitis/XADC_SingleCh14/hw/XADC_SingleCh14.xsa
TRACE::2026-08-06.09:28:47::SCWPlatform::DSA directory C:/Users/Thomas/Desktop/TP_MISTRE/TP_PROCESSEUR/Projet_Vitis/XADC_SingleCh14/hw
TRACE::2026-08-06.09:28:47::SCWPlatform:: Platform Path C:/Users/Thomas/Desktop/TP_MISTRE/TP_PROCESSEUR/Projet_Vitis/XADC_SingleCh14/hw/XADC_SingleCh14.xsa
TRACE::2026-08-06.09:28:47::SCWPlatform:: Unique name xilinx:zybo-z7-20::0.0
TRACE::2026-08-06.09:28:47::SCWPlatform::Trying to set the existing hwdb with name design_1_wrapper_3
TRACE::2026-08-06.09:28:47::SCWPlatform::Opened existing hwdb design_1_wrapper_3
TRACE::2026-08-06.09:28:47::SCWPlatform::Found the Hw Db part of the input DSA
TRACE::2026-08-06.09:28:47::SCWPlatform::Trying to open the hw design at C:/Users/Thomas/Desktop/TP_MISTRE/TP_PROCESSEUR/Projet_Vitis/XADC_SingleCh14/hw/XADC_SingleCh14.xsa
TRACE::2026-08-06.09:28:47::SCWPlatform::DSA given C:/Users/Thomas/Desktop/TP_MISTRE/TP_PROCESSEUR/Projet_Vitis/XADC_SingleCh14/hw/XADC_SingleCh14.xsa
TRACE::2026-08-06.09:28:47::SCWPlatform::DSA absoulate path C:/Users/Thomas/Desktop/TP_MISTRE/TP_PROCESSEUR/Projet_Vitis/XADC_SingleCh14/hw/XADC_SingleCh14.xsa
TRACE::2026-08-06.09:28:47::SCWPlatform::DSA directory C:/Users/Thomas/Desktop/TP_MISTRE/TP_PROCESSEUR/Projet_Vitis/XADC_SingleCh14/hw
TRACE::2026-08-06.09:28:47::SCWPlatform:: Platform Path C:/Users/Thomas/Desktop/TP_MISTRE/TP_PROCESSEUR/Projet_Vitis/XADC_SingleCh14/hw/XADC_SingleCh14.xsa
TRACE::2026-08-06.09:28:47::SCWPlatform:: Unique name xilinx:zybo-z7-20::0.0
TRACE::2026-08-06.09:28:47::SCWPlatform::Trying to set the existing hwdb with name design_1_wrapper_3
TRACE::2026-08-06.09:28:47::SCWPlatform::Opened existing hwdb design_1_wrapper_3
TRACE::2026-08-06.09:28:47::SCWPlatform::Found the Hw Db part of the input DSA
TRACE::2026-08-06.09:28:47::SCWPlatform::Trying to open the hw design at C:/Users/Thomas/Desktop/TP_MISTRE/TP_PROCESSEUR/Projet_Vitis/XADC_SingleCh14/hw/XADC_SingleCh14.xsa
TRACE::2026-08-06.09:28:47::SCWPlatform::DSA given C:/Users/Thomas/Desktop/TP_MISTRE/TP_PROCESSEUR/Projet_Vitis/XADC_SingleCh14/hw/XADC_SingleCh14.xsa
TRACE::2026-08-06.09:28:47::SCWPlatform::DSA absoulate path C:/Users/Thomas/Desktop/TP_MISTRE/TP_PROCESSEUR/Projet_Vitis/XADC_SingleCh14/hw/XADC_SingleCh14.xsa
TRACE::2026-08-06.09:28:47::SCWPlatform::DSA directory C:/Users/Thomas/Desktop/TP_MISTRE/TP_PROCESSEUR/Projet_Vitis/XADC_SingleCh14/hw
TRACE::2026-08-06.09:28:47::SCWPlatform:: Platform Path C:/Users/Thomas/Desktop/TP_MISTRE/TP_PROCESSEUR/Projet_Vitis/XADC_SingleCh14/hw/XADC_SingleCh14.xsa
TRACE::2026-08-06.09:28:47::SCWPlatform:: Unique name xilinx:zybo-z7-20::0.0
TRACE::2026-08-06.09:28:47::SCWPlatform::Trying to set the existing hwdb with name design_1_wrapper_3
TRACE::2026-08-06.09:28:47::SCWPlatform::Opened existing hwdb design_1_wrapper_3
TRACE::2026-08-06.09:28:47::SCWPlatform::Found the Hw Db part of the input DSA
TRACE::2026-08-06.09:28:47::SCWPlatform::Boot application domain added for zynq_fsbl
TRACE::2026-08-06.09:28:47::SCWPlatform::Generating the sources  .
TRACE::2026-08-06.09:28:47::SCWBDomain::Generating boot domain sources.
TRACE::2026-08-06.09:28:47::SCWBDomain:: Generating the zynq_fsbl Application.
TRACE::2026-08-06.09:28:47::SCWPlatform::Trying to open the hw design at C:/Users/Thomas/Desktop/TP_MISTRE/TP_PROCESSEUR/Projet_Vitis/XADC_SingleCh14/hw/XADC_SingleCh14.xsa
TRACE::2026-08-06.09:28:47::SCWPlatform::DSA given C:/Users/Thomas/Desktop/TP_MISTRE/TP_PROCESSEUR/Projet_Vitis/XADC_SingleCh14/hw/XADC_SingleCh14.xsa
TRACE::2026-08-06.09:28:47::SCWPlatform::DSA absoulate path C:/Users/Thomas/Desktop/TP_MISTRE/TP_PROCESSEUR/Projet_Vitis/XADC_SingleCh14/hw/XADC_SingleCh14.xsa
TRACE::2026-08-06.09:28:47::SCWPlatform::DSA directory C:/Users/Thomas/Desktop/TP_MISTRE/TP_PROCESSEUR/Projet_Vitis/XADC_SingleCh14/hw
TRACE::2026-08-06.09:28:47::SCWPlatform:: Platform Path C:/Users/Thomas/Desktop/TP_MISTRE/TP_PROCESSEUR/Projet_Vitis/XADC_SingleCh14/hw/XADC_SingleCh14.xsa
TRACE::2026-08-06.09:28:47::SCWPlatform:: Unique name xilinx:zybo-z7-20::0.0
TRACE::2026-08-06.09:28:47::SCWPlatform::Trying to set the existing hwdb with name design_1_wrapper_3
TRACE::2026-08-06.09:28:47::SCWPlatform::Opened existing hwdb design_1_wrapper_3
TRACE::2026-08-06.09:28:47::SCWPlatform::Found the Hw Db part of the input DSA
TRACE::2026-08-06.09:28:47::SCWMssOS::Checking the sw design at  C:/Users/Thomas/Desktop/TP_MISTRE/TP_PROCESSEUR/Projet_Vitis/XADC_SingleCh14/zynq_fsbl/zynq_fsbl_bsp/system.mss
TRACE::2026-08-06.09:28:47::SCWMssOS::DEBUG:  swdes dump  
TRACE::2026-08-06.09:28:47::SCWMssOS::No sw design opened at  C:/Users/Thomas/Desktop/TP_MISTRE/TP_PROCESSEUR/Projet_Vitis/XADC_SingleCh14/zynq_fsbl/zynq_fsbl_bsp/system.mss
TRACE::2026-08-06.09:28:47::SCWMssOS::mss does not exists at C:/Users/Thomas/Desktop/TP_MISTRE/TP_PROCESSEUR/Projet_Vitis/XADC_SingleCh14/zynq_fsbl/zynq_fsbl_bsp/system.mss
TRACE::2026-08-06.09:28:47::SCWMssOS::Creating sw design at  C:/Users/Thomas/Desktop/TP_MISTRE/TP_PROCESSEUR/Projet_Vitis/XADC_SingleCh14/zynq_fsbl/zynq_fsbl_bsp/system.mss
TRACE::2026-08-06.09:28:47::SCWMssOS::Adding the swdes entry, created swdb C:/Users/Thomas/Desktop/TP_MISTRE/TP_PROCESSEUR/Projet_Vitis/XADC_SingleCh14/zynq_fsbl/zynq_fsbl_bsp/system.mss with des name C:/Users/Thomas/Desktop/TP_MISTRE/TP_PROCESSEUR/Projet_Vitis/XADC_SingleCh14/zynq_fsbl/zynq_fsbl_bsp/system.mss
TRACE::2026-08-06.09:28:47::SCWMssOS::updating the scw layer changes to swdes at   C:/Users/Thomas/Desktop/TP_MISTRE/TP_PROCESSEUR/Projet_Vitis/XADC_SingleCh14/zynq_fsbl/zynq_fsbl_bsp/system.mss
TRACE::2026-08-06.09:28:47::SCWMssOS::Writing mss at C:/Users/Thomas/Desktop/TP_MISTRE/TP_PROCESSEUR/Projet_Vitis/XADC_SingleCh14/zynq_fsbl/zynq_fsbl_bsp/system.mss
TRACE::2026-08-06.09:28:47::SCWMssOS::Completed writing the mss file at C:/Users/Thomas/Desktop/TP_MISTRE/TP_PROCESSEUR/Projet_Vitis/XADC_SingleCh14/zynq_fsbl/zynq_fsbl_bsp
TRACE::2026-08-06.09:28:47::SCWMssOS::Picking up changes from newly written mss file into SCW Layer. 
TRACE::2026-08-06.09:28:47::SCWMssOS::Updated the changes from newly written mss file into SCW Layer. 
TRACE::2026-08-06.09:28:47::SCWBDomain::Completed writing the mss file at C:/Users/Thomas/Desktop/TP_MISTRE/TP_PROCESSEUR/Projet_Vitis/XADC_SingleCh14/zynq_fsbl/zynq_fsbl_bsp
TRACE::2026-08-06.09:28:51::SCWPlatform::Generating sources Done.
TRACE::2026-08-06.09:28:51::SCWPlatform::Trying to open the hw design at C:/Users/Thomas/Desktop/TP_MISTRE/TP_PROCESSEUR/Projet_Vitis/XADC_SingleCh14/hw/XADC_SingleCh14.xsa
TRACE::2026-08-06.09:28:51::SCWPlatform::DSA given C:/Users/Thomas/Desktop/TP_MISTRE/TP_PROCESSEUR/Projet_Vitis/XADC_SingleCh14/hw/XADC_SingleCh14.xsa
TRACE::2026-08-06.09:28:51::SCWPlatform::DSA absoulate path C:/Users/Thomas/Desktop/TP_MISTRE/TP_PROCESSEUR/Projet_Vitis/XADC_SingleCh14/hw/XADC_SingleCh14.xsa
TRACE::2026-08-06.09:28:51::SCWPlatform::DSA directory C:/Users/Thomas/Desktop/TP_MISTRE/TP_PROCESSEUR/Projet_Vitis/XADC_SingleCh14/hw
TRACE::2026-08-06.09:28:51::SCWPlatform:: Platform Path C:/Users/Thomas/Desktop/TP_MISTRE/TP_PROCESSEUR/Projet_Vitis/XADC_SingleCh14/hw/XADC_SingleCh14.xsa
TRACE::2026-08-06.09:28:51::SCWPlatform:: Unique name xilinx:zybo-z7-20::0.0
TRACE::2026-08-06.09:28:51::SCWPlatform::Trying to set the existing hwdb with name design_1_wrapper_3
TRACE::2026-08-06.09:28:51::SCWPlatform::Opened existing hwdb design_1_wrapper_3
TRACE::2026-08-06.09:28:51::SCWPlatform::Found the Hw Db part of the input DSA
TRACE::2026-08-06.09:28:51::SCWMssOS::Checking the sw design at  C:/Users/Thomas/Desktop/TP_MISTRE/TP_PROCESSEUR/Projet_Vitis/XADC_SingleCh14/zynq_fsbl/zynq_fsbl_bsp/system.mss
TRACE::2026-08-06.09:28:51::SCWMssOS::DEBUG:  swdes dump  C:/Users/Thomas/Desktop/TP_MISTRE/TP_PROCESSEUR/Projet_Vitis/XADC_SingleCh14/zynq_fsbl/zynq_fsbl_bsp/system.mss|C:/Users/Thomas/Desktop/TP_MISTRE/TP_PROCESSEUR/Projet_Vitis/XADC_SingleCh14/zynq_fsbl/zynq_fsbl_bsp/system.mss||

KEYINFO::2026-08-06.09:28:51::SCWMssOS::Could not open the swdb for C:/Users/Thomas/Desktop/TP_MISTRE/TP_PROCESSEUR/Projet_Vitis/XADC_SingleCh14/zynq_fsbl/zynq_fsbl_bsp/system.mss
KEYINFO::2026-08-06.09:28:51::SCWMssOS::Could not open the sw design at  C:/Users/Thomas/Desktop/TP_MISTRE/TP_PROCESSEUR/Projet_Vitis/XADC_SingleCh14/zynq_fsbl/zynq_fsbl_bsp/system.mss
ERROR: [Hsi 55-1558] Software Design C:/Users/Thomas/Desktop/TP_MISTRE/TP_PROCESSEUR/Projet_Vitis/XADC_SingleCh14/zynq_fsbl/zynq_fsbl_bsp/system.mss is not found

TRACE::2026-08-06.09:28:51::SCWMssOS::Cleared the swdb table entry
TRACE::2026-08-06.09:28:51::SCWMssOS::No sw design opened at  C:/Users/Thomas/Desktop/TP_MISTRE/TP_PROCESSEUR/Projet_Vitis/XADC_SingleCh14/zynq_fsbl/zynq_fsbl_bsp/system.mss
TRACE::2026-08-06.09:28:51::SCWMssOS::mss exists loading the mss file  C:/Users/Thomas/Desktop/TP_MISTRE/TP_PROCESSEUR/Projet_Vitis/XADC_SingleCh14/zynq_fsbl/zynq_fsbl_bsp/system.mss
TRACE::2026-08-06.09:28:51::SCWMssOS::Opened the sw design from mss  C:/Users/Thomas/Desktop/TP_MISTRE/TP_PROCESSEUR/Projet_Vitis/XADC_SingleCh14/zynq_fsbl/zynq_fsbl_bsp/system.mss
TRACE::2026-08-06.09:28:51::SCWMssOS::Adding the swdes entry C:/Users/Thomas/Desktop/TP_MISTRE/TP_PROCESSEUR/Projet_Vitis/XADC_SingleCh14/zynq_fsbl/zynq_fsbl_bsp/system.mss with des name system
TRACE::2026-08-06.09:28:51::SCWMssOS::updating the scw layer about changes
TRACE::2026-08-06.09:28:51::SCWMssOS::Opened the sw design.  C:/Users/Thomas/Desktop/TP_MISTRE/TP_PROCESSEUR/Projet_Vitis/XADC_SingleCh14/zynq_fsbl/zynq_fsbl_bsp/system.mss
TRACE::2026-08-06.09:28:51::SCWMssOS::Saving the mss changes C:/Users/Thomas/Desktop/TP_MISTRE/TP_PROCESSEUR/Projet_Vitis/XADC_SingleCh14/zynq_fsbl/zynq_fsbl_bsp/system.mss
TRACE::2026-08-06.09:28:51::SCWMssOS::Found a swdesign opened with the mssfile.
TRACE::2026-08-06.09:28:51::SCWMssOS::Completed writemss as part of save.
TRACE::2026-08-06.09:28:51::SCWMssOS::Commit changes completed.
TRACE::2026-08-06.09:28:51::SCWPlatform::Trying to open the hw design at C:/Users/Thomas/Desktop/TP_MISTRE/TP_PROCESSEUR/Projet_Vitis/XADC_SingleCh14/hw/XADC_SingleCh14.xsa
TRACE::2026-08-06.09:28:51::SCWPlatform::DSA given C:/Users/Thomas/Desktop/TP_MISTRE/TP_PROCESSEUR/Projet_Vitis/XADC_SingleCh14/hw/XADC_SingleCh14.xsa
TRACE::2026-08-06.09:28:51::SCWPlatform::DSA absoulate path C:/Users/Thomas/Desktop/TP_MISTRE/TP_PROCESSEUR/Projet_Vitis/XADC_SingleCh14/hw/XADC_SingleCh14.xsa
TRACE::2026-08-06.09:28:51::SCWPlatform::DSA directory C:/Users/Thomas/Desktop/TP_MISTRE/TP_PROCESSEUR/Projet_Vitis/XADC_SingleCh14/hw
TRACE::2026-08-06.09:28:51::SCWPlatform:: Platform Path C:/Users/Thomas/Desktop/TP_MISTRE/TP_PROCESSEUR/Projet_Vitis/XADC_SingleCh14/hw/XADC_SingleCh14.xsa
TRACE::2026-08-06.09:28:51::SCWPlatform:: Unique name xilinx:zybo-z7-20::0.0
TRACE::2026-08-06.09:28:51::SCWPlatform::Trying to set the existing hwdb with name design_1_wrapper_3
TRACE::2026-08-06.09:28:51::SCWPlatform::Opened existing hwdb design_1_wrapper_3
TRACE::2026-08-06.09:28:51::SCWPlatform::Found the Hw Db part of the input DSA
TRACE::2026-08-06.09:28:51::SCWMssOS::Checking the sw design at  C:/Users/Thomas/Desktop/TP_MISTRE/TP_PROCESSEUR/Projet_Vitis/XADC_SingleCh14/zynq_fsbl/zynq_fsbl_bsp/system.mss
TRACE::2026-08-06.09:28:51::SCWMssOS::DEBUG:  swdes dump  C:/Users/Thomas/Desktop/TP_MISTRE/TP_PROCESSEUR/Projet_Vitis/XADC_SingleCh14/zynq_fsbl/zynq_fsbl_bsp/system.mss|system||

TRACE::2026-08-06.09:28:51::SCWMssOS::Sw design exists and opened at  C:/Users/Thomas/Desktop/TP_MISTRE/TP_PROCESSEUR/Projet_Vitis/XADC_SingleCh14/zynq_fsbl/zynq_fsbl_bsp/system.mss
TRACE::2026-08-06.09:28:51::SCWPlatform::Trying to open the hw design at C:/Users/Thomas/Desktop/TP_MISTRE/TP_PROCESSEUR/Projet_Vitis/XADC_SingleCh14/hw/XADC_SingleCh14.xsa
TRACE::2026-08-06.09:28:51::SCWPlatform::DSA given C:/Users/Thomas/Desktop/TP_MISTRE/TP_PROCESSEUR/Projet_Vitis/XADC_SingleCh14/hw/XADC_SingleCh14.xsa
TRACE::2026-08-06.09:28:51::SCWPlatform::DSA absoulate path C:/Users/Thomas/Desktop/TP_MISTRE/TP_PROCESSEUR/Projet_Vitis/XADC_SingleCh14/hw/XADC_SingleCh14.xsa
TRACE::2026-08-06.09:28:51::SCWPlatform::DSA directory C:/Users/Thomas/Desktop/TP_MISTRE/TP_PROCESSEUR/Projet_Vitis/XADC_SingleCh14/hw
TRACE::2026-08-06.09:28:51::SCWPlatform:: Platform Path C:/Users/Thomas/Desktop/TP_MISTRE/TP_PROCESSEUR/Projet_Vitis/XADC_SingleCh14/hw/XADC_SingleCh14.xsa
TRACE::2026-08-06.09:28:51::SCWPlatform:: Unique name xilinx:zybo-z7-20::0.0
TRACE::2026-08-06.09:28:51::SCWPlatform::Trying to set the existing hwdb with name design_1_wrapper_3
TRACE::2026-08-06.09:28:51::SCWPlatform::Opened existing hwdb design_1_wrapper_3
TRACE::2026-08-06.09:28:51::SCWPlatform::Found the Hw Db part of the input DSA
TRACE::2026-08-06.09:28:51::SCWMssOS::Checking the sw design at  C:/Users/Thomas/Desktop/TP_MISTRE/TP_PROCESSEUR/Projet_Vitis/XADC_SingleCh14/zynq_fsbl/zynq_fsbl_bsp/system.mss
TRACE::2026-08-06.09:28:51::SCWMssOS::DEBUG:  swdes dump  C:/Users/Thomas/Desktop/TP_MISTRE/TP_PROCESSEUR/Projet_Vitis/XADC_SingleCh14/zynq_fsbl/zynq_fsbl_bsp/system.mss|system||

TRACE::2026-08-06.09:28:51::SCWMssOS::Sw design exists and opened at  C:/Users/Thomas/Desktop/TP_MISTRE/TP_PROCESSEUR/Projet_Vitis/XADC_SingleCh14/zynq_fsbl/zynq_fsbl_bsp/system.mss
TRACE::2026-08-06.09:28:51::SCWPlatform::Trying to open the hw design at C:/Users/Thomas/Desktop/TP_MISTRE/TP_PROCESSEUR/Projet_Vitis/XADC_SingleCh14/hw/XADC_SingleCh14.xsa
TRACE::2026-08-06.09:28:51::SCWPlatform::DSA given C:/Users/Thomas/Desktop/TP_MISTRE/TP_PROCESSEUR/Projet_Vitis/XADC_SingleCh14/hw/XADC_SingleCh14.xsa
TRACE::2026-08-06.09:28:51::SCWPlatform::DSA absoulate path C:/Users/Thomas/Desktop/TP_MISTRE/TP_PROCESSEUR/Projet_Vitis/XADC_SingleCh14/hw/XADC_SingleCh14.xsa
TRACE::2026-08-06.09:28:51::SCWPlatform::DSA directory C:/Users/Thomas/Desktop/TP_MISTRE/TP_PROCESSEUR/Projet_Vitis/XADC_SingleCh14/hw
TRACE::2026-08-06.09:28:51::SCWPlatform:: Platform Path C:/Users/Thomas/Desktop/TP_MISTRE/TP_PROCESSEUR/Projet_Vitis/XADC_SingleCh14/hw/XADC_SingleCh14.xsa
TRACE::2026-08-06.09:28:51::SCWPlatform:: Unique name xilinx:zybo-z7-20::0.0
TRACE::2026-08-06.09:28:51::SCWPlatform::Trying to set the existing hwdb with name design_1_wrapper_3
TRACE::2026-08-06.09:28:51::SCWPlatform::Opened existing hwdb design_1_wrapper_3
TRACE::2026-08-06.09:28:51::SCWPlatform::Found the Hw Db part of the input DSA
TRACE::2026-08-06.09:28:51::SCWMssOS::Checking the sw design at  C:/Users/Thomas/Desktop/TP_MISTRE/TP_PROCESSEUR/Projet_Vitis/XADC_SingleCh14/zynq_fsbl/zynq_fsbl_bsp/system.mss
TRACE::2026-08-06.09:28:51::SCWMssOS::DEBUG:  swdes dump  C:/Users/Thomas/Desktop/TP_MISTRE/TP_PROCESSEUR/Projet_Vitis/XADC_SingleCh14/zynq_fsbl/zynq_fsbl_bsp/system.mss|system||

TRACE::2026-08-06.09:28:51::SCWMssOS::Sw design exists and opened at  C:/Users/Thomas/Desktop/TP_MISTRE/TP_PROCESSEUR/Projet_Vitis/XADC_SingleCh14/zynq_fsbl/zynq_fsbl_bsp/system.mss
TRACE::2026-08-06.09:28:51::SCWWriter::formatted JSON is {
	"platformName":	"XADC_SingleCh14",
	"sprVersion":	"2.0",
	"mode":	"gui",
	"dsaType":	"Fixed",
	"platformDesc":	"XADC_SingleCh14",
	"platHandOff":	"<platformDir>.xsa",
	"platIntHandOff":	"<platformDir>/hw/XADC_SingleCh14.xsa",
	"deviceType":	"zynq",
	"platIsPrebuiltAutogen":	"false",
	"platIsNoBootBsp":	"false",
	"platFsblTarget":	"ps7_cortexa9_0",
	"hasFsblMakeHasChanges":	"false",
	"hasPmufwMakeHasChanges":	"false",
	"fsblExtraCompilerFlags":	"-MMD -MP       -mcpu=cortex-a9 -mfpu=vfpv3 -mfloat-abi=hard ",
	"platPreBuiltFlag":	false,
	"platformSamplesDir":	"",
	"platActiveSys":	"XADC_SingleCh14",
	"systems":	[{
			"systemName":	"XADC_SingleCh14",
			"systemDesc":	"XADC_SingleCh14",
			"sysIsBootAutoGen":	"true",
			"systemDispName":	"XADC_SingleCh14",
			"sysActiveDom":	"zynq_fsbl",
			"sysDefaultDom":	"",
			"domains":	[{
					"domainName":	"zynq_fsbl",
					"domainDispName":	"zynq_fsbl",
					"domainDesc":	"FSBL Application BSP - Auto Generated.",
					"processors":	"ps7_cortexa9_0",
					"os":	"standalone",
					"sdxOs":	"standalone",
					"debugEnable":	"",
					"domRuntimes":	["cpp"],
					"swRepo":	"",
					"mssOsVer":	"7.3",
					"mssFile":	"",
					"md5Digest":	"9373a0e756c8c2445f33f2babf758d62",
					"compatibleApp":	"zynq_fsbl",
					"domType":	"bootDomain",
					"arch":	"32-bit",
					"appSettings":	{
						"appCompilerFlags":	"",
						"appLinkerFlags":	""
					},
					"addedLibs":	["xilffs:4.4", "xilrsa:1.6"],
					"libOptions":	{
						"libsContainingOptions":	[]
					},
					"prebuiltLibs":	{
						"prebuiltIncPath":	[],
						"prebuiltLibPath":	[]
					},
					"isolation":	{
					}
				}]
		}]
}
TRACE::2026-08-06.09:28:51::SCWMssOS::Saving the mss changes C:/Users/Thomas/Desktop/TP_MISTRE/TP_PROCESSEUR/Projet_Vitis/XADC_SingleCh14/zynq_fsbl/zynq_fsbl_bsp/system.mss
TRACE::2026-08-06.09:28:51::SCWMssOS::Found a swdesign opened with the mssfile.
TRACE::2026-08-06.09:28:51::SCWMssOS::Completed writemss as part of save.
TRACE::2026-08-06.09:28:51::SCWMssOS::Commit changes completed.
TRACE::2026-08-06.09:28:51::SCWPlatform::Trying to open the hw design at C:/Users/Thomas/Desktop/TP_MISTRE/TP_PROCESSEUR/Projet_Vitis/XADC_SingleCh14/hw/XADC_SingleCh14.xsa
TRACE::2026-08-06.09:28:51::SCWPlatform::DSA given C:/Users/Thomas/Desktop/TP_MISTRE/TP_PROCESSEUR/Projet_Vitis/XADC_SingleCh14/hw/XADC_SingleCh14.xsa
TRACE::2026-08-06.09:28:51::SCWPlatform::DSA absoulate path C:/Users/Thomas/Desktop/TP_MISTRE/TP_PROCESSEUR/Projet_Vitis/XADC_SingleCh14/hw/XADC_SingleCh14.xsa
TRACE::2026-08-06.09:28:51::SCWPlatform::DSA directory C:/Users/Thomas/Desktop/TP_MISTRE/TP_PROCESSEUR/Projet_Vitis/XADC_SingleCh14/hw
TRACE::2026-08-06.09:28:51::SCWPlatform:: Platform Path C:/Users/Thomas/Desktop/TP_MISTRE/TP_PROCESSEUR/Projet_Vitis/XADC_SingleCh14/hw/XADC_SingleCh14.xsa
TRACE::2026-08-06.09:28:51::SCWPlatform:: Unique name xilinx:zybo-z7-20::0.0
TRACE::2026-08-06.09:28:52::SCWPlatform::Trying to set the existing hwdb with name design_1_wrapper_3
TRACE::2026-08-06.09:28:52::SCWPlatform::Opened existing hwdb design_1_wrapper_3
TRACE::2026-08-06.09:28:52::SCWPlatform::Found the Hw Db part of the input DSA
TRACE::2026-08-06.09:28:52::SCWMssOS::Checking the sw design at  C:/Users/Thomas/Desktop/TP_MISTRE/TP_PROCESSEUR/Projet_Vitis/XADC_SingleCh14/zynq_fsbl/zynq_fsbl_bsp/system.mss
TRACE::2026-08-06.09:28:52::SCWMssOS::DEBUG:  swdes dump  C:/Users/Thomas/Desktop/TP_MISTRE/TP_PROCESSEUR/Projet_Vitis/XADC_SingleCh14/zynq_fsbl/zynq_fsbl_bsp/system.mss|system||

TRACE::2026-08-06.09:28:52::SCWMssOS::Sw design exists and opened at  C:/Users/Thomas/Desktop/TP_MISTRE/TP_PROCESSEUR/Projet_Vitis/XADC_SingleCh14/zynq_fsbl/zynq_fsbl_bsp/system.mss
TRACE::2026-08-06.09:28:52::SCWPlatform::Trying to open the hw design at C:/Users/Thomas/Desktop/TP_MISTRE/TP_PROCESSEUR/Projet_Vitis/XADC_SingleCh14/hw/XADC_SingleCh14.xsa
TRACE::2026-08-06.09:28:52::SCWPlatform::DSA given C:/Users/Thomas/Desktop/TP_MISTRE/TP_PROCESSEUR/Projet_Vitis/XADC_SingleCh14/hw/XADC_SingleCh14.xsa
TRACE::2026-08-06.09:28:52::SCWPlatform::DSA absoulate path C:/Users/Thomas/Desktop/TP_MISTRE/TP_PROCESSEUR/Projet_Vitis/XADC_SingleCh14/hw/XADC_SingleCh14.xsa
TRACE::2026-08-06.09:28:52::SCWPlatform::DSA directory C:/Users/Thomas/Desktop/TP_MISTRE/TP_PROCESSEUR/Projet_Vitis/XADC_SingleCh14/hw
TRACE::2026-08-06.09:28:52::SCWPlatform:: Platform Path C:/Users/Thomas/Desktop/TP_MISTRE/TP_PROCESSEUR/Projet_Vitis/XADC_SingleCh14/hw/XADC_SingleCh14.xsa
TRACE::2026-08-06.09:28:52::SCWPlatform:: Unique name xilinx:zybo-z7-20::0.0
TRACE::2026-08-06.09:28:52::SCWPlatform::Trying to set the existing hwdb with name design_1_wrapper_3
TRACE::2026-08-06.09:28:52::SCWPlatform::Opened existing hwdb design_1_wrapper_3
TRACE::2026-08-06.09:28:52::SCWPlatform::Found the Hw Db part of the input DSA
TRACE::2026-08-06.09:28:52::SCWMssOS::Checking the sw design at  C:/Users/Thomas/Desktop/TP_MISTRE/TP_PROCESSEUR/Projet_Vitis/XADC_SingleCh14/zynq_fsbl/zynq_fsbl_bsp/system.mss
TRACE::2026-08-06.09:28:52::SCWMssOS::DEBUG:  swdes dump  C:/Users/Thomas/Desktop/TP_MISTRE/TP_PROCESSEUR/Projet_Vitis/XADC_SingleCh14/zynq_fsbl/zynq_fsbl_bsp/system.mss|system||

TRACE::2026-08-06.09:28:52::SCWMssOS::Sw design exists and opened at  C:/Users/Thomas/Desktop/TP_MISTRE/TP_PROCESSEUR/Projet_Vitis/XADC_SingleCh14/zynq_fsbl/zynq_fsbl_bsp/system.mss
TRACE::2026-08-06.09:28:52::SCWPlatform::Trying to open the hw design at C:/Users/Thomas/Desktop/TP_MISTRE/TP_PROCESSEUR/Projet_Vitis/XADC_SingleCh14/hw/XADC_SingleCh14.xsa
TRACE::2026-08-06.09:28:52::SCWPlatform::DSA given C:/Users/Thomas/Desktop/TP_MISTRE/TP_PROCESSEUR/Projet_Vitis/XADC_SingleCh14/hw/XADC_SingleCh14.xsa
TRACE::2026-08-06.09:28:52::SCWPlatform::DSA absoulate path C:/Users/Thomas/Desktop/TP_MISTRE/TP_PROCESSEUR/Projet_Vitis/XADC_SingleCh14/hw/XADC_SingleCh14.xsa
TRACE::2026-08-06.09:28:52::SCWPlatform::DSA directory C:/Users/Thomas/Desktop/TP_MISTRE/TP_PROCESSEUR/Projet_Vitis/XADC_SingleCh14/hw
TRACE::2026-08-06.09:28:52::SCWPlatform:: Platform Path C:/Users/Thomas/Desktop/TP_MISTRE/TP_PROCESSEUR/Projet_Vitis/XADC_SingleCh14/hw/XADC_SingleCh14.xsa
TRACE::2026-08-06.09:28:52::SCWPlatform:: Unique name xilinx:zybo-z7-20::0.0
TRACE::2026-08-06.09:28:52::SCWPlatform::Trying to set the existing hwdb with name design_1_wrapper_3
TRACE::2026-08-06.09:28:52::SCWPlatform::Opened existing hwdb design_1_wrapper_3
TRACE::2026-08-06.09:28:52::SCWPlatform::Found the Hw Db part of the input DSA
TRACE::2026-08-06.09:28:52::SCWMssOS::Checking the sw design at  C:/Users/Thomas/Desktop/TP_MISTRE/TP_PROCESSEUR/Projet_Vitis/XADC_SingleCh14/zynq_fsbl/zynq_fsbl_bsp/system.mss
TRACE::2026-08-06.09:28:52::SCWMssOS::DEBUG:  swdes dump  C:/Users/Thomas/Desktop/TP_MISTRE/TP_PROCESSEUR/Projet_Vitis/XADC_SingleCh14/zynq_fsbl/zynq_fsbl_bsp/system.mss|system||

TRACE::2026-08-06.09:28:52::SCWMssOS::Sw design exists and opened at  C:/Users/Thomas/Desktop/TP_MISTRE/TP_PROCESSEUR/Projet_Vitis/XADC_SingleCh14/zynq_fsbl/zynq_fsbl_bsp/system.mss
TRACE::2026-08-06.09:28:52::SCWWriter::formatted JSON is {
	"platformName":	"XADC_SingleCh14",
	"sprVersion":	"2.0",
	"mode":	"gui",
	"dsaType":	"Fixed",
	"platformDesc":	"XADC_SingleCh14",
	"platHandOff":	"<platformDir>.xsa",
	"platIntHandOff":	"<platformDir>/hw/XADC_SingleCh14.xsa",
	"deviceType":	"zynq",
	"platIsPrebuiltAutogen":	"false",
	"platIsNoBootBsp":	"false",
	"platFsblTarget":	"ps7_cortexa9_0",
	"hasFsblMakeHasChanges":	"false",
	"hasPmufwMakeHasChanges":	"false",
	"fsblExtraCompilerFlags":	"-MMD -MP       -mcpu=cortex-a9 -mfpu=vfpv3 -mfloat-abi=hard ",
	"platPreBuiltFlag":	false,
	"platformSamplesDir":	"",
	"platActiveSys":	"XADC_SingleCh14",
	"systems":	[{
			"systemName":	"XADC_SingleCh14",
			"systemDesc":	"XADC_SingleCh14",
			"sysIsBootAutoGen":	"true",
			"systemDispName":	"XADC_SingleCh14",
			"sysActiveDom":	"zynq_fsbl",
			"sysDefaultDom":	"",
			"domains":	[{
					"domainName":	"zynq_fsbl",
					"domainDispName":	"zynq_fsbl",
					"domainDesc":	"FSBL Application BSP - Auto Generated.",
					"processors":	"ps7_cortexa9_0",
					"os":	"standalone",
					"sdxOs":	"standalone",
					"debugEnable":	"",
					"domRuntimes":	["cpp"],
					"swRepo":	"",
					"mssOsVer":	"7.3",
					"mssFile":	"",
					"md5Digest":	"9373a0e756c8c2445f33f2babf758d62",
					"compatibleApp":	"zynq_fsbl",
					"domType":	"bootDomain",
					"arch":	"32-bit",
					"appSettings":	{
						"appCompilerFlags":	"",
						"appLinkerFlags":	""
					},
					"addedLibs":	["xilffs:4.4", "xilrsa:1.6"],
					"libOptions":	{
						"libsContainingOptions":	[]
					},
					"prebuiltLibs":	{
						"prebuiltIncPath":	[],
						"prebuiltLibPath":	[]
					},
					"isolation":	{
					}
				}]
		}]
}
TRACE::2026-08-06.09:28:52::SCWDomain::checking for install qemu data   : 
TRACE::2026-08-06.09:28:52::SCWDomain:: Using the QEMU Data from install at  : C:/Xilinx/Vitis/2020.2/data/emulation/platforms/zynq/sw/a9_standalone/qemu/
TRACE::2026-08-06.09:28:52::SCWDomain:: Using the QEMU args  from install at  : C:/Xilinx/Vitis/2020.2/data/emulation/platforms/zynq/sw/a9_standalone/qemu/qemu_args.txt
TRACE::2026-08-06.09:28:52::SCWPlatform::Trying to open the hw design at C:/Users/Thomas/Desktop/TP_MISTRE/TP_PROCESSEUR/Projet_Vitis/XADC_SingleCh14/hw/XADC_SingleCh14.xsa
TRACE::2026-08-06.09:28:52::SCWPlatform::DSA given C:/Users/Thomas/Desktop/TP_MISTRE/TP_PROCESSEUR/Projet_Vitis/XADC_SingleCh14/hw/XADC_SingleCh14.xsa
TRACE::2026-08-06.09:28:52::SCWPlatform::DSA absoulate path C:/Users/Thomas/Desktop/TP_MISTRE/TP_PROCESSEUR/Projet_Vitis/XADC_SingleCh14/hw/XADC_SingleCh14.xsa
TRACE::2026-08-06.09:28:52::SCWPlatform::DSA directory C:/Users/Thomas/Desktop/TP_MISTRE/TP_PROCESSEUR/Projet_Vitis/XADC_SingleCh14/hw
TRACE::2026-08-06.09:28:52::SCWPlatform:: Platform Path C:/Users/Thomas/Desktop/TP_MISTRE/TP_PROCESSEUR/Projet_Vitis/XADC_SingleCh14/hw/XADC_SingleCh14.xsa
TRACE::2026-08-06.09:28:52::SCWPlatform:: Unique name xilinx:zybo-z7-20::0.0
TRACE::2026-08-06.09:28:52::SCWPlatform::Trying to set the existing hwdb with name design_1_wrapper_3
TRACE::2026-08-06.09:28:52::SCWPlatform::Opened existing hwdb design_1_wrapper_3
TRACE::2026-08-06.09:28:52::SCWPlatform::Found the Hw Db part of the input DSA
TRACE::2026-08-06.09:28:52::SCWPlatform::Trying to open the hw design at C:/Users/Thomas/Desktop/TP_MISTRE/TP_PROCESSEUR/Projet_Vitis/XADC_SingleCh14/hw/XADC_SingleCh14.xsa
TRACE::2026-08-06.09:28:52::SCWPlatform::DSA given C:/Users/Thomas/Desktop/TP_MISTRE/TP_PROCESSEUR/Projet_Vitis/XADC_SingleCh14/hw/XADC_SingleCh14.xsa
TRACE::2026-08-06.09:28:52::SCWPlatform::DSA absoulate path C:/Users/Thomas/Desktop/TP_MISTRE/TP_PROCESSEUR/Projet_Vitis/XADC_SingleCh14/hw/XADC_SingleCh14.xsa
TRACE::2026-08-06.09:28:52::SCWPlatform::DSA directory C:/Users/Thomas/Desktop/TP_MISTRE/TP_PROCESSEUR/Projet_Vitis/XADC_SingleCh14/hw
TRACE::2026-08-06.09:28:52::SCWPlatform:: Platform Path C:/Users/Thomas/Desktop/TP_MISTRE/TP_PROCESSEUR/Projet_Vitis/XADC_SingleCh14/hw/XADC_SingleCh14.xsa
TRACE::2026-08-06.09:28:52::SCWPlatform:: Unique name xilinx:zybo-z7-20::0.0
TRACE::2026-08-06.09:28:52::SCWPlatform::Trying to set the existing hwdb with name design_1_wrapper_3
TRACE::2026-08-06.09:28:52::SCWPlatform::Opened existing hwdb design_1_wrapper_3
TRACE::2026-08-06.09:28:52::SCWPlatform::Found the Hw Db part of the input DSA
TRACE::2026-08-06.09:28:52::SCWPlatform::Trying to open the hw design at C:/Users/Thomas/Desktop/TP_MISTRE/TP_PROCESSEUR/Projet_Vitis/XADC_SingleCh14/hw/XADC_SingleCh14.xsa
TRACE::2026-08-06.09:28:52::SCWPlatform::DSA given C:/Users/Thomas/Desktop/TP_MISTRE/TP_PROCESSEUR/Projet_Vitis/XADC_SingleCh14/hw/XADC_SingleCh14.xsa
TRACE::2026-08-06.09:28:52::SCWPlatform::DSA absoulate path C:/Users/Thomas/Desktop/TP_MISTRE/TP_PROCESSEUR/Projet_Vitis/XADC_SingleCh14/hw/XADC_SingleCh14.xsa
TRACE::2026-08-06.09:28:52::SCWPlatform::DSA directory C:/Users/Thomas/Desktop/TP_MISTRE/TP_PROCESSEUR/Projet_Vitis/XADC_SingleCh14/hw
TRACE::2026-08-06.09:28:52::SCWPlatform:: Platform Path C:/Users/Thomas/Desktop/TP_MISTRE/TP_PROCESSEUR/Projet_Vitis/XADC_SingleCh14/hw/XADC_SingleCh14.xsa
TRACE::2026-08-06.09:28:52::SCWPlatform:: Unique name xilinx:zybo-z7-20::0.0
TRACE::2026-08-06.09:28:52::SCWPlatform::Trying to set the existing hwdb with name design_1_wrapper_3
TRACE::2026-08-06.09:28:52::SCWPlatform::Opened existing hwdb design_1_wrapper_3
TRACE::2026-08-06.09:28:52::SCWPlatform::Found the Hw Db part of the input DSA
TRACE::2026-08-06.09:28:52::SCWMssOS::Checking the sw design at  C:/Users/Thomas/Desktop/TP_MISTRE/TP_PROCESSEUR/Projet_Vitis/XADC_SingleCh14/ps7_cortexa9_0/standalone_ps7_cortexa9_0/bsp/system.mss
TRACE::2026-08-06.09:28:52::SCWMssOS::DEBUG:  swdes dump  C:/Users/Thomas/Desktop/TP_MISTRE/TP_PROCESSEUR/Projet_Vitis/XADC_SingleCh14/zynq_fsbl/zynq_fsbl_bsp/system.mss|system||

TRACE::2026-08-06.09:28:52::SCWMssOS::No sw design opened at  C:/Users/Thomas/Desktop/TP_MISTRE/TP_PROCESSEUR/Projet_Vitis/XADC_SingleCh14/ps7_cortexa9_0/standalone_ps7_cortexa9_0/bsp/system.mss
TRACE::2026-08-06.09:28:52::SCWMssOS::mss does not exists at C:/Users/Thomas/Desktop/TP_MISTRE/TP_PROCESSEUR/Projet_Vitis/XADC_SingleCh14/ps7_cortexa9_0/standalone_ps7_cortexa9_0/bsp/system.mss
TRACE::2026-08-06.09:28:52::SCWMssOS::Creating sw design at  C:/Users/Thomas/Desktop/TP_MISTRE/TP_PROCESSEUR/Projet_Vitis/XADC_SingleCh14/ps7_cortexa9_0/standalone_ps7_cortexa9_0/bsp/system.mss
TRACE::2026-08-06.09:28:52::SCWMssOS::Adding the swdes entry, created swdb C:/Users/Thomas/Desktop/TP_MISTRE/TP_PROCESSEUR/Projet_Vitis/XADC_SingleCh14/ps7_cortexa9_0/standalone_ps7_cortexa9_0/bsp/system.mss with des name C:/Users/Thomas/Desktop/TP_MISTRE/TP_PROCESSEUR/Projet_Vitis/XADC_SingleCh14/ps7_cortexa9_0/standalone_ps7_cortexa9_0/bsp/system.mss
TRACE::2026-08-06.09:28:52::SCWMssOS::updating the scw layer changes to swdes at   C:/Users/Thomas/Desktop/TP_MISTRE/TP_PROCESSEUR/Projet_Vitis/XADC_SingleCh14/ps7_cortexa9_0/standalone_ps7_cortexa9_0/bsp/system.mss
TRACE::2026-08-06.09:28:52::SCWMssOS::Writing mss at C:/Users/Thomas/Desktop/TP_MISTRE/TP_PROCESSEUR/Projet_Vitis/XADC_SingleCh14/ps7_cortexa9_0/standalone_ps7_cortexa9_0/bsp/system.mss
TRACE::2026-08-06.09:28:52::SCWMssOS::Completed writing the mss file at C:/Users/Thomas/Desktop/TP_MISTRE/TP_PROCESSEUR/Projet_Vitis/XADC_SingleCh14/ps7_cortexa9_0/standalone_ps7_cortexa9_0/bsp
TRACE::2026-08-06.09:28:52::SCWMssOS::Picking up changes from newly written mss file into SCW Layer. 
TRACE::2026-08-06.09:28:52::SCWMssOS::Updated the changes from newly written mss file into SCW Layer. 
TRACE::2026-08-06.09:28:52::SCWMssOS::Completed writing the mss file at C:/Users/Thomas/Desktop/TP_MISTRE/TP_PROCESSEUR/Projet_Vitis/XADC_SingleCh14/ps7_cortexa9_0/standalone_ps7_cortexa9_0/bsp
TRACE::2026-08-06.09:28:52::SCWMssOS::Forcing BSP Sources regeneration.
TRACE::2026-08-06.09:28:52::SCWMssOS::Saving the mss changes C:/Users/Thomas/Desktop/TP_MISTRE/TP_PROCESSEUR/Projet_Vitis/XADC_SingleCh14/zynq_fsbl/zynq_fsbl_bsp/system.mss
TRACE::2026-08-06.09:28:52::SCWMssOS::Found a swdesign opened with the mssfile.
TRACE::2026-08-06.09:28:52::SCWMssOS::Completed writemss as part of save.
TRACE::2026-08-06.09:28:52::SCWMssOS::Commit changes completed.
TRACE::2026-08-06.09:28:52::SCWMssOS::Saving the mss changes C:/Users/Thomas/Desktop/TP_MISTRE/TP_PROCESSEUR/Projet_Vitis/XADC_SingleCh14/ps7_cortexa9_0/standalone_ps7_cortexa9_0/bsp/system.mss
TRACE::2026-08-06.09:28:52::SCWMssOS::Found a swdesign opened with the mssfile.
TRACE::2026-08-06.09:28:52::SCWMssOS::Running validate of swdbs.
KEYINFO::2026-08-06.09:28:52::SCWMssOS::Could not open the swdb for C:/Users/Thomas/Desktop/TP_MISTRE/TP_PROCESSEUR/Projet_Vitis/XADC_SingleCh14/ps7_cortexa9_0/standalone_ps7_cortexa9_0/bsp/system.mss
KEYINFO::2026-08-06.09:28:52::SCWMssOS::Could not open the sw design at  C:/Users/Thomas/Desktop/TP_MISTRE/TP_PROCESSEUR/Projet_Vitis/XADC_SingleCh14/ps7_cortexa9_0/standalone_ps7_cortexa9_0/bsp/system.mss
ERROR: [Hsi 55-1558] Software Design C:/Users/Thomas/Desktop/TP_MISTRE/TP_PROCESSEUR/Projet_Vitis/XADC_SingleCh14/ps7_cortexa9_0/standalone_ps7_cortexa9_0/bsp/system.mss is not found

TRACE::2026-08-06.09:28:52::SCWMssOS::Cleared the swdb table entry
TRACE::2026-08-06.09:28:52::SCWMssOS::Adding the swdes entry, mss present, able to open swdb C:/Users/Thomas/Desktop/TP_MISTRE/TP_PROCESSEUR/Projet_Vitis/XADC_SingleCh14/ps7_cortexa9_0/standalone_ps7_cortexa9_0/bsp/system.mss with des name system_0
TRACE::2026-08-06.09:28:52::SCWMssOS::Writing the mss file completed C:/Users/Thomas/Desktop/TP_MISTRE/TP_PROCESSEUR/Projet_Vitis/XADC_SingleCh14/ps7_cortexa9_0/standalone_ps7_cortexa9_0/bsp/system.mss
TRACE::2026-08-06.09:28:52::SCWMssOS::Commit changes completed.
TRACE::2026-08-06.09:28:52::SCWPlatform::Trying to open the hw design at C:/Users/Thomas/Desktop/TP_MISTRE/TP_PROCESSEUR/Projet_Vitis/XADC_SingleCh14/hw/XADC_SingleCh14.xsa
TRACE::2026-08-06.09:28:52::SCWPlatform::DSA given C:/Users/Thomas/Desktop/TP_MISTRE/TP_PROCESSEUR/Projet_Vitis/XADC_SingleCh14/hw/XADC_SingleCh14.xsa
TRACE::2026-08-06.09:28:52::SCWPlatform::DSA absoulate path C:/Users/Thomas/Desktop/TP_MISTRE/TP_PROCESSEUR/Projet_Vitis/XADC_SingleCh14/hw/XADC_SingleCh14.xsa
TRACE::2026-08-06.09:28:52::SCWPlatform::DSA directory C:/Users/Thomas/Desktop/TP_MISTRE/TP_PROCESSEUR/Projet_Vitis/XADC_SingleCh14/hw
TRACE::2026-08-06.09:28:52::SCWPlatform:: Platform Path C:/Users/Thomas/Desktop/TP_MISTRE/TP_PROCESSEUR/Projet_Vitis/XADC_SingleCh14/hw/XADC_SingleCh14.xsa
TRACE::2026-08-06.09:28:52::SCWPlatform:: Unique name xilinx:zybo-z7-20::0.0
TRACE::2026-08-06.09:28:52::SCWPlatform::Trying to set the existing hwdb with name design_1_wrapper_3
TRACE::2026-08-06.09:28:52::SCWPlatform::Opened existing hwdb design_1_wrapper_3
TRACE::2026-08-06.09:28:52::SCWPlatform::Found the Hw Db part of the input DSA
TRACE::2026-08-06.09:28:52::SCWMssOS::Checking the sw design at  C:/Users/Thomas/Desktop/TP_MISTRE/TP_PROCESSEUR/Projet_Vitis/XADC_SingleCh14/zynq_fsbl/zynq_fsbl_bsp/system.mss
TRACE::2026-08-06.09:28:52::SCWMssOS::DEBUG:  swdes dump  C:/Users/Thomas/Desktop/TP_MISTRE/TP_PROCESSEUR/Projet_Vitis/XADC_SingleCh14/ps7_cortexa9_0/standalone_ps7_cortexa9_0/bsp/system.mss|system_0||
C:/Users/Thomas/Desktop/TP_MISTRE/TP_PROCESSEUR/Projet_Vitis/XADC_SingleCh14/zynq_fsbl/zynq_fsbl_bsp/system.mss|system||

TRACE::2026-08-06.09:28:52::SCWMssOS::Sw design exists and opened at  C:/Users/Thomas/Desktop/TP_MISTRE/TP_PROCESSEUR/Projet_Vitis/XADC_SingleCh14/zynq_fsbl/zynq_fsbl_bsp/system.mss
TRACE::2026-08-06.09:28:52::SCWPlatform::Trying to open the hw design at C:/Users/Thomas/Desktop/TP_MISTRE/TP_PROCESSEUR/Projet_Vitis/XADC_SingleCh14/hw/XADC_SingleCh14.xsa
TRACE::2026-08-06.09:28:52::SCWPlatform::DSA given C:/Users/Thomas/Desktop/TP_MISTRE/TP_PROCESSEUR/Projet_Vitis/XADC_SingleCh14/hw/XADC_SingleCh14.xsa
TRACE::2026-08-06.09:28:52::SCWPlatform::DSA absoulate path C:/Users/Thomas/Desktop/TP_MISTRE/TP_PROCESSEUR/Projet_Vitis/XADC_SingleCh14/hw/XADC_SingleCh14.xsa
TRACE::2026-08-06.09:28:52::SCWPlatform::DSA directory C:/Users/Thomas/Desktop/TP_MISTRE/TP_PROCESSEUR/Projet_Vitis/XADC_SingleCh14/hw
TRACE::2026-08-06.09:28:52::SCWPlatform:: Platform Path C:/Users/Thomas/Desktop/TP_MISTRE/TP_PROCESSEUR/Projet_Vitis/XADC_SingleCh14/hw/XADC_SingleCh14.xsa
TRACE::2026-08-06.09:28:52::SCWPlatform:: Unique name xilinx:zybo-z7-20::0.0
TRACE::2026-08-06.09:28:52::SCWPlatform::Trying to set the existing hwdb with name design_1_wrapper_3
TRACE::2026-08-06.09:28:52::SCWPlatform::Opened existing hwdb design_1_wrapper_3
TRACE::2026-08-06.09:28:52::SCWPlatform::Found the Hw Db part of the input DSA
TRACE::2026-08-06.09:28:52::SCWMssOS::Checking the sw design at  C:/Users/Thomas/Desktop/TP_MISTRE/TP_PROCESSEUR/Projet_Vitis/XADC_SingleCh14/zynq_fsbl/zynq_fsbl_bsp/system.mss
TRACE::2026-08-06.09:28:52::SCWMssOS::DEBUG:  swdes dump  C:/Users/Thomas/Desktop/TP_MISTRE/TP_PROCESSEUR/Projet_Vitis/XADC_SingleCh14/ps7_cortexa9_0/standalone_ps7_cortexa9_0/bsp/system.mss|system_0||
C:/Users/Thomas/Desktop/TP_MISTRE/TP_PROCESSEUR/Projet_Vitis/XADC_SingleCh14/zynq_fsbl/zynq_fsbl_bsp/system.mss|system||

TRACE::2026-08-06.09:28:52::SCWMssOS::Sw design exists and opened at  C:/Users/Thomas/Desktop/TP_MISTRE/TP_PROCESSEUR/Projet_Vitis/XADC_SingleCh14/zynq_fsbl/zynq_fsbl_bsp/system.mss
TRACE::2026-08-06.09:28:52::SCWPlatform::Trying to open the hw design at C:/Users/Thomas/Desktop/TP_MISTRE/TP_PROCESSEUR/Projet_Vitis/XADC_SingleCh14/hw/XADC_SingleCh14.xsa
TRACE::2026-08-06.09:28:52::SCWPlatform::DSA given C:/Users/Thomas/Desktop/TP_MISTRE/TP_PROCESSEUR/Projet_Vitis/XADC_SingleCh14/hw/XADC_SingleCh14.xsa
TRACE::2026-08-06.09:28:52::SCWPlatform::DSA absoulate path C:/Users/Thomas/Desktop/TP_MISTRE/TP_PROCESSEUR/Projet_Vitis/XADC_SingleCh14/hw/XADC_SingleCh14.xsa
TRACE::2026-08-06.09:28:52::SCWPlatform::DSA directory C:/Users/Thomas/Desktop/TP_MISTRE/TP_PROCESSEUR/Projet_Vitis/XADC_SingleCh14/hw
TRACE::2026-08-06.09:28:52::SCWPlatform:: Platform Path C:/Users/Thomas/Desktop/TP_MISTRE/TP_PROCESSEUR/Projet_Vitis/XADC_SingleCh14/hw/XADC_SingleCh14.xsa
TRACE::2026-08-06.09:28:52::SCWPlatform:: Unique name xilinx:zybo-z7-20::0.0
TRACE::2026-08-06.09:28:52::SCWPlatform::Trying to set the existing hwdb with name design_1_wrapper_3
TRACE::2026-08-06.09:28:52::SCWPlatform::Opened existing hwdb design_1_wrapper_3
TRACE::2026-08-06.09:28:52::SCWPlatform::Found the Hw Db part of the input DSA
TRACE::2026-08-06.09:28:52::SCWMssOS::Checking the sw design at  C:/Users/Thomas/Desktop/TP_MISTRE/TP_PROCESSEUR/Projet_Vitis/XADC_SingleCh14/zynq_fsbl/zynq_fsbl_bsp/system.mss
TRACE::2026-08-06.09:28:52::SCWMssOS::DEBUG:  swdes dump  C:/Users/Thomas/Desktop/TP_MISTRE/TP_PROCESSEUR/Projet_Vitis/XADC_SingleCh14/ps7_cortexa9_0/standalone_ps7_cortexa9_0/bsp/system.mss|system_0||
C:/Users/Thomas/Desktop/TP_MISTRE/TP_PROCESSEUR/Projet_Vitis/XADC_SingleCh14/zynq_fsbl/zynq_fsbl_bsp/system.mss|system||

TRACE::2026-08-06.09:28:52::SCWMssOS::Sw design exists and opened at  C:/Users/Thomas/Desktop/TP_MISTRE/TP_PROCESSEUR/Projet_Vitis/XADC_SingleCh14/zynq_fsbl/zynq_fsbl_bsp/system.mss
TRACE::2026-08-06.09:28:52::SCWPlatform::Trying to open the hw design at C:/Users/Thomas/Desktop/TP_MISTRE/TP_PROCESSEUR/Projet_Vitis/XADC_SingleCh14/hw/XADC_SingleCh14.xsa
TRACE::2026-08-06.09:28:52::SCWPlatform::DSA given C:/Users/Thomas/Desktop/TP_MISTRE/TP_PROCESSEUR/Projet_Vitis/XADC_SingleCh14/hw/XADC_SingleCh14.xsa
TRACE::2026-08-06.09:28:52::SCWPlatform::DSA absoulate path C:/Users/Thomas/Desktop/TP_MISTRE/TP_PROCESSEUR/Projet_Vitis/XADC_SingleCh14/hw/XADC_SingleCh14.xsa
TRACE::2026-08-06.09:28:52::SCWPlatform::DSA directory C:/Users/Thomas/Desktop/TP_MISTRE/TP_PROCESSEUR/Projet_Vitis/XADC_SingleCh14/hw
TRACE::2026-08-06.09:28:52::SCWPlatform:: Platform Path C:/Users/Thomas/Desktop/TP_MISTRE/TP_PROCESSEUR/Projet_Vitis/XADC_SingleCh14/hw/XADC_SingleCh14.xsa
TRACE::2026-08-06.09:28:52::SCWPlatform:: Unique name xilinx:zybo-z7-20::0.0
TRACE::2026-08-06.09:28:52::SCWPlatform::Trying to set the existing hwdb with name design_1_wrapper_3
TRACE::2026-08-06.09:28:52::SCWPlatform::Opened existing hwdb design_1_wrapper_3
TRACE::2026-08-06.09:28:52::SCWPlatform::Found the Hw Db part of the input DSA
TRACE::2026-08-06.09:28:52::SCWMssOS::Checking the sw design at  C:/Users/Thomas/Desktop/TP_MISTRE/TP_PROCESSEUR/Projet_Vitis/XADC_SingleCh14/ps7_cortexa9_0/standalone_ps7_cortexa9_0/bsp/system.mss
TRACE::2026-08-06.09:28:52::SCWMssOS::DEBUG:  swdes dump  C:/Users/Thomas/Desktop/TP_MISTRE/TP_PROCESSEUR/Projet_Vitis/XADC_SingleCh14/ps7_cortexa9_0/standalone_ps7_cortexa9_0/bsp/system.mss|system_0||
C:/Users/Thomas/Desktop/TP_MISTRE/TP_PROCESSEUR/Projet_Vitis/XADC_SingleCh14/zynq_fsbl/zynq_fsbl_bsp/system.mss|system||

TRACE::2026-08-06.09:28:52::SCWMssOS::Sw design exists and opened at  C:/Users/Thomas/Desktop/TP_MISTRE/TP_PROCESSEUR/Projet_Vitis/XADC_SingleCh14/ps7_cortexa9_0/standalone_ps7_cortexa9_0/bsp/system.mss
TRACE::2026-08-06.09:28:52::SCWPlatform::Trying to open the hw design at C:/Users/Thomas/Desktop/TP_MISTRE/TP_PROCESSEUR/Projet_Vitis/XADC_SingleCh14/hw/XADC_SingleCh14.xsa
TRACE::2026-08-06.09:28:52::SCWPlatform::DSA given C:/Users/Thomas/Desktop/TP_MISTRE/TP_PROCESSEUR/Projet_Vitis/XADC_SingleCh14/hw/XADC_SingleCh14.xsa
TRACE::2026-08-06.09:28:52::SCWPlatform::DSA absoulate path C:/Users/Thomas/Desktop/TP_MISTRE/TP_PROCESSEUR/Projet_Vitis/XADC_SingleCh14/hw/XADC_SingleCh14.xsa
TRACE::2026-08-06.09:28:52::SCWPlatform::DSA directory C:/Users/Thomas/Desktop/TP_MISTRE/TP_PROCESSEUR/Projet_Vitis/XADC_SingleCh14/hw
TRACE::2026-08-06.09:28:52::SCWPlatform:: Platform Path C:/Users/Thomas/Desktop/TP_MISTRE/TP_PROCESSEUR/Projet_Vitis/XADC_SingleCh14/hw/XADC_SingleCh14.xsa
TRACE::2026-08-06.09:28:52::SCWPlatform:: Unique name xilinx:zybo-z7-20::0.0
TRACE::2026-08-06.09:28:52::SCWPlatform::Trying to set the existing hwdb with name design_1_wrapper_3
TRACE::2026-08-06.09:28:52::SCWPlatform::Opened existing hwdb design_1_wrapper_3
TRACE::2026-08-06.09:28:52::SCWPlatform::Found the Hw Db part of the input DSA
TRACE::2026-08-06.09:28:52::SCWMssOS::Checking the sw design at  C:/Users/Thomas/Desktop/TP_MISTRE/TP_PROCESSEUR/Projet_Vitis/XADC_SingleCh14/ps7_cortexa9_0/standalone_ps7_cortexa9_0/bsp/system.mss
TRACE::2026-08-06.09:28:52::SCWMssOS::DEBUG:  swdes dump  C:/Users/Thomas/Desktop/TP_MISTRE/TP_PROCESSEUR/Projet_Vitis/XADC_SingleCh14/ps7_cortexa9_0/standalone_ps7_cortexa9_0/bsp/system.mss|system_0||
C:/Users/Thomas/Desktop/TP_MISTRE/TP_PROCESSEUR/Projet_Vitis/XADC_SingleCh14/zynq_fsbl/zynq_fsbl_bsp/system.mss|system||

TRACE::2026-08-06.09:28:52::SCWMssOS::Sw design exists and opened at  C:/Users/Thomas/Desktop/TP_MISTRE/TP_PROCESSEUR/Projet_Vitis/XADC_SingleCh14/ps7_cortexa9_0/standalone_ps7_cortexa9_0/bsp/system.mss
TRACE::2026-08-06.09:28:52::SCWPlatform::Trying to open the hw design at C:/Users/Thomas/Desktop/TP_MISTRE/TP_PROCESSEUR/Projet_Vitis/XADC_SingleCh14/hw/XADC_SingleCh14.xsa
TRACE::2026-08-06.09:28:52::SCWPlatform::DSA given C:/Users/Thomas/Desktop/TP_MISTRE/TP_PROCESSEUR/Projet_Vitis/XADC_SingleCh14/hw/XADC_SingleCh14.xsa
TRACE::2026-08-06.09:28:52::SCWPlatform::DSA absoulate path C:/Users/Thomas/Desktop/TP_MISTRE/TP_PROCESSEUR/Projet_Vitis/XADC_SingleCh14/hw/XADC_SingleCh14.xsa
TRACE::2026-08-06.09:28:52::SCWPlatform::DSA directory C:/Users/Thomas/Desktop/TP_MISTRE/TP_PROCESSEUR/Projet_Vitis/XADC_SingleCh14/hw
TRACE::2026-08-06.09:28:52::SCWPlatform:: Platform Path C:/Users/Thomas/Desktop/TP_MISTRE/TP_PROCESSEUR/Projet_Vitis/XADC_SingleCh14/hw/XADC_SingleCh14.xsa
TRACE::2026-08-06.09:28:52::SCWPlatform:: Unique name xilinx:zybo-z7-20::0.0
TRACE::2026-08-06.09:28:52::SCWPlatform::Trying to set the existing hwdb with name design_1_wrapper_3
TRACE::2026-08-06.09:28:52::SCWPlatform::Opened existing hwdb design_1_wrapper_3
TRACE::2026-08-06.09:28:52::SCWPlatform::Found the Hw Db part of the input DSA
TRACE::2026-08-06.09:28:52::SCWMssOS::Checking the sw design at  C:/Users/Thomas/Desktop/TP_MISTRE/TP_PROCESSEUR/Projet_Vitis/XADC_SingleCh14/ps7_cortexa9_0/standalone_ps7_cortexa9_0/bsp/system.mss
TRACE::2026-08-06.09:28:52::SCWMssOS::DEBUG:  swdes dump  C:/Users/Thomas/Desktop/TP_MISTRE/TP_PROCESSEUR/Projet_Vitis/XADC_SingleCh14/ps7_cortexa9_0/standalone_ps7_cortexa9_0/bsp/system.mss|system_0||
C:/Users/Thomas/Desktop/TP_MISTRE/TP_PROCESSEUR/Projet_Vitis/XADC_SingleCh14/zynq_fsbl/zynq_fsbl_bsp/system.mss|system||

TRACE::2026-08-06.09:28:52::SCWMssOS::Sw design exists and opened at  C:/Users/Thomas/Desktop/TP_MISTRE/TP_PROCESSEUR/Projet_Vitis/XADC_SingleCh14/ps7_cortexa9_0/standalone_ps7_cortexa9_0/bsp/system.mss
TRACE::2026-08-06.09:28:52::SCWWriter::formatted JSON is {
	"platformName":	"XADC_SingleCh14",
	"sprVersion":	"2.0",
	"mode":	"gui",
	"dsaType":	"Fixed",
	"platformDesc":	"XADC_SingleCh14",
	"platHandOff":	"<platformDir>.xsa",
	"platIntHandOff":	"<platformDir>/hw/XADC_SingleCh14.xsa",
	"deviceType":	"zynq",
	"platIsPrebuiltAutogen":	"false",
	"platIsNoBootBsp":	"false",
	"platFsblTarget":	"ps7_cortexa9_0",
	"hasFsblMakeHasChanges":	"false",
	"hasPmufwMakeHasChanges":	"false",
	"fsblExtraCompilerFlags":	"-MMD -MP       -mcpu=cortex-a9 -mfpu=vfpv3 -mfloat-abi=hard ",
	"platPreBuiltFlag":	false,
	"platformSamplesDir":	"",
	"platActiveSys":	"XADC_SingleCh14",
	"systems":	[{
			"systemName":	"XADC_SingleCh14",
			"systemDesc":	"XADC_SingleCh14",
			"sysIsBootAutoGen":	"true",
			"systemDispName":	"XADC_SingleCh14",
			"sysActiveDom":	"standalone_ps7_cortexa9_0",
			"sysDefaultDom":	"standalone_ps7_cortexa9_0",
			"domains":	[{
					"domainName":	"zynq_fsbl",
					"domainDispName":	"zynq_fsbl",
					"domainDesc":	"FSBL Application BSP - Auto Generated.",
					"processors":	"ps7_cortexa9_0",
					"os":	"standalone",
					"sdxOs":	"standalone",
					"debugEnable":	"",
					"domRuntimes":	["cpp"],
					"swRepo":	"",
					"mssOsVer":	"7.3",
					"mssFile":	"",
					"md5Digest":	"9373a0e756c8c2445f33f2babf758d62",
					"compatibleApp":	"zynq_fsbl",
					"domType":	"bootDomain",
					"arch":	"32-bit",
					"appSettings":	{
						"appCompilerFlags":	"",
						"appLinkerFlags":	""
					},
					"addedLibs":	["xilffs:4.4", "xilrsa:1.6"],
					"libOptions":	{
						"libsContainingOptions":	[]
					},
					"prebuiltLibs":	{
						"prebuiltIncPath":	[],
						"prebuiltLibPath":	[]
					},
					"isolation":	{
					}
				}, {
					"domainName":	"standalone_ps7_cortexa9_0",
					"domainDispName":	"standalone_ps7_cortexa9_0",
					"domainDesc":	"standalone_ps7_cortexa9_0",
					"processors":	"ps7_cortexa9_0",
					"os":	"standalone",
					"sdxOs":	"standalone",
					"qemuArgs":	"C:/Xilinx/Vitis/2020.2/data/emulation/platforms/zynq/sw/a9_standalone/qemu/qemu_args.txt",
					"qemuData":	"C:/Xilinx/Vitis/2020.2/data/emulation/platforms/zynq/sw/a9_standalone/qemu/",
					"debugEnable":	"False",
					"domRuntimes":	["cpp"],
					"swRepo":	"",
					"mssOsVer":	"7.3",
					"mssFile":	"",
					"md5Digest":	"f5ea5ac401e33d91a16ba9d9a26f432f",
					"compatibleApp":	"hello_world",
					"domType":	"mssDomain",
					"arch":	"32-bit",
					"appSettings":	{
						"appCompilerFlags":	"",
						"appLinkerFlags":	""
					},
					"addedLibs":	[],
					"libOptions":	{
						"libsContainingOptions":	[]
					},
					"prebuiltLibs":	{
						"prebuiltIncPath":	[],
						"prebuiltLibPath":	[]
					},
					"isolation":	{
					}
				}]
		}]
}
LOG::2026-08-06.09:28:52::SCWPlatform::Started generating the artifacts platform XADC_SingleCh14
TRACE::2026-08-06.09:28:52::SCWPlatform::Sanity checking of platform is completed
LOG::2026-08-06.09:28:52::SCWPlatform::Started generating the artifacts for system configuration XADC_SingleCh14
LOG::2026-08-06.09:28:52::SCWSystem::Checking the domain zynq_fsbl
LOG::2026-08-06.09:28:52::SCWSystem::Doing application build for :  zynq_fsbl
TRACE::2026-08-06.09:28:52::SCWBDomain::Not a forced makefile updation, No changes are present. 
TRACE::2026-08-06.09:28:52::SCWDomain::Skipping the build for domain :  zynq_fsbl
LOG::2026-08-06.09:28:52::SCWSystem::Checking the domain standalone_ps7_cortexa9_0
LOG::2026-08-06.09:28:52::SCWSystem::Not a boot domain 
LOG::2026-08-06.09:28:52::SCWSystem::Started Processing the domain standalone_ps7_cortexa9_0
TRACE::2026-08-06.09:28:52::SCWDomain::Generating domain artifcats
TRACE::2026-08-06.09:28:52::SCWMssOS::Generating standalone artifcats
TRACE::2026-08-06.09:28:52::SCWMssOS::Copying the qemu file from  C:/Xilinx/Vitis/2020.2/data/emulation/platforms/zynq/sw/a9_standalone/qemu/qemu_args.txt To C:/Users/Thomas/Desktop/TP_MISTRE/TP_PROCESSEUR/Projet_Vitis/XADC_SingleCh14/export/XADC_SingleCh14/sw/XADC_SingleCh14/qemu/
TRACE::2026-08-06.09:28:52::SCWMssOS::Copying the qemu file from  C:/Xilinx/Vitis/2020.2/data/emulation/platforms/zynq/sw/a9_standalone/qemu/qemu_args.txt To C:/Users/Thomas/Desktop/TP_MISTRE/TP_PROCESSEUR/Projet_Vitis/XADC_SingleCh14/export/XADC_SingleCh14/sw/XADC_SingleCh14/standalone_ps7_cortexa9_0/qemu/
TRACE::2026-08-06.09:28:52::SCWMssOS:: Copying the user libraries. 
TRACE::2026-08-06.09:28:52::SCWPlatform::Trying to open the hw design at C:/Users/Thomas/Desktop/TP_MISTRE/TP_PROCESSEUR/Projet_Vitis/XADC_SingleCh14/hw/XADC_SingleCh14.xsa
TRACE::2026-08-06.09:28:52::SCWPlatform::DSA given C:/Users/Thomas/Desktop/TP_MISTRE/TP_PROCESSEUR/Projet_Vitis/XADC_SingleCh14/hw/XADC_SingleCh14.xsa
TRACE::2026-08-06.09:28:52::SCWPlatform::DSA absoulate path C:/Users/Thomas/Desktop/TP_MISTRE/TP_PROCESSEUR/Projet_Vitis/XADC_SingleCh14/hw/XADC_SingleCh14.xsa
TRACE::2026-08-06.09:28:52::SCWPlatform::DSA directory C:/Users/Thomas/Desktop/TP_MISTRE/TP_PROCESSEUR/Projet_Vitis/XADC_SingleCh14/hw
TRACE::2026-08-06.09:28:52::SCWPlatform:: Platform Path C:/Users/Thomas/Desktop/TP_MISTRE/TP_PROCESSEUR/Projet_Vitis/XADC_SingleCh14/hw/XADC_SingleCh14.xsa
TRACE::2026-08-06.09:28:52::SCWPlatform:: Unique name xilinx:zybo-z7-20::0.0
TRACE::2026-08-06.09:28:52::SCWPlatform::Trying to set the existing hwdb with name design_1_wrapper_3
TRACE::2026-08-06.09:28:52::SCWPlatform::Opened existing hwdb design_1_wrapper_3
TRACE::2026-08-06.09:28:52::SCWPlatform::Found the Hw Db part of the input DSA
TRACE::2026-08-06.09:28:52::SCWMssOS::Checking the sw design at  C:/Users/Thomas/Desktop/TP_MISTRE/TP_PROCESSEUR/Projet_Vitis/XADC_SingleCh14/ps7_cortexa9_0/standalone_ps7_cortexa9_0/bsp/system.mss
TRACE::2026-08-06.09:28:52::SCWMssOS::DEBUG:  swdes dump  C:/Users/Thomas/Desktop/TP_MISTRE/TP_PROCESSEUR/Projet_Vitis/XADC_SingleCh14/ps7_cortexa9_0/standalone_ps7_cortexa9_0/bsp/system.mss|system_0||
C:/Users/Thomas/Desktop/TP_MISTRE/TP_PROCESSEUR/Projet_Vitis/XADC_SingleCh14/zynq_fsbl/zynq_fsbl_bsp/system.mss|system||

TRACE::2026-08-06.09:28:52::SCWMssOS::Sw design exists and opened at  C:/Users/Thomas/Desktop/TP_MISTRE/TP_PROCESSEUR/Projet_Vitis/XADC_SingleCh14/ps7_cortexa9_0/standalone_ps7_cortexa9_0/bsp/system.mss
TRACE::2026-08-06.09:28:52::SCWMssOS::Completed writing the mss file at C:/Users/Thomas/Desktop/TP_MISTRE/TP_PROCESSEUR/Projet_Vitis/XADC_SingleCh14/ps7_cortexa9_0/standalone_ps7_cortexa9_0/bsp
TRACE::2026-08-06.09:28:52::SCWMssOS::Mss edits present, copying mssfile into export location C:/Users/Thomas/Desktop/TP_MISTRE/TP_PROCESSEUR/Projet_Vitis/XADC_SingleCh14/ps7_cortexa9_0/standalone_ps7_cortexa9_0/bsp/system.mss
TRACE::2026-08-06.09:28:52::SCWMssOS::bsp generated is upto date with the mss file. Skipping bsp generation.
TRACE::2026-08-06.09:28:52::SCWMssOS::BSP is already built. skipping the bsp build ... 
TRACE::2026-08-06.09:28:52::SCWDomain::Skipping the build for domain :  standalone_ps7_cortexa9_0
TRACE::2026-08-06.09:28:52::SCWMssOS::skipping the bsp build ... 
TRACE::2026-08-06.09:28:52::SCWMssOS::Copying to export directory.
TRACE::2026-08-06.09:28:52::SCWMssOS:: Checking if to create the Supporting Applications
TRACE::2026-08-06.09:28:52::SCWMssOS:: No Linux domain exists, trying to generate FSBL 
TRACE::2026-08-06.09:28:52::SCWMssOS:: Completed Standalone Artifacts creation 
LOG::2026-08-06.09:28:52::SCWSystem::Completed Processing the domain standalone_ps7_cortexa9_0
LOG::2026-08-06.09:28:52::SCWSystem::Completed Processing the sysconfig XADC_SingleCh14
LOG::2026-08-06.09:28:52::SCWPlatform::Completed generating the artifacts for system configuration XADC_SingleCh14
TRACE::2026-08-06.09:28:52::SCWPlatform::Started preparing the platform 
TRACE::2026-08-06.09:28:52::SCWSystem::Writing the bif file for system config XADC_SingleCh14
TRACE::2026-08-06.09:28:52::SCWSystem::dir created 
TRACE::2026-08-06.09:28:52::SCWSystem::Writing the bif 
TRACE::2026-08-06.09:28:52::SCWPlatform::Started writing the spfm file 
TRACE::2026-08-06.09:28:52::SCWPlatform::Started writing the xpfm file 
TRACE::2026-08-06.09:28:52::SCWPlatform::Completed generating the platform
TRACE::2026-08-06.09:28:52::SCWMssOS::Saving the mss changes C:/Users/Thomas/Desktop/TP_MISTRE/TP_PROCESSEUR/Projet_Vitis/XADC_SingleCh14/zynq_fsbl/zynq_fsbl_bsp/system.mss
TRACE::2026-08-06.09:28:52::SCWMssOS::Found a swdesign opened with the mssfile.
TRACE::2026-08-06.09:28:52::SCWMssOS::Completed writemss as part of save.
TRACE::2026-08-06.09:28:52::SCWMssOS::Commit changes completed.
TRACE::2026-08-06.09:28:52::SCWMssOS::Saving the mss changes C:/Users/Thomas/Desktop/TP_MISTRE/TP_PROCESSEUR/Projet_Vitis/XADC_SingleCh14/ps7_cortexa9_0/standalone_ps7_cortexa9_0/bsp/system.mss
TRACE::2026-08-06.09:28:52::SCWMssOS::Found a swdesign opened with the mssfile.
TRACE::2026-08-06.09:28:52::SCWMssOS::Completed writemss as part of save.
TRACE::2026-08-06.09:28:52::SCWMssOS::Commit changes completed.
TRACE::2026-08-06.09:28:52::SCWPlatform::Trying to open the hw design at C:/Users/Thomas/Desktop/TP_MISTRE/TP_PROCESSEUR/Projet_Vitis/XADC_SingleCh14/hw/XADC_SingleCh14.xsa
TRACE::2026-08-06.09:28:52::SCWPlatform::DSA given C:/Users/Thomas/Desktop/TP_MISTRE/TP_PROCESSEUR/Projet_Vitis/XADC_SingleCh14/hw/XADC_SingleCh14.xsa
TRACE::2026-08-06.09:28:52::SCWPlatform::DSA absoulate path C:/Users/Thomas/Desktop/TP_MISTRE/TP_PROCESSEUR/Projet_Vitis/XADC_SingleCh14/hw/XADC_SingleCh14.xsa
TRACE::2026-08-06.09:28:52::SCWPlatform::DSA directory C:/Users/Thomas/Desktop/TP_MISTRE/TP_PROCESSEUR/Projet_Vitis/XADC_SingleCh14/hw
TRACE::2026-08-06.09:28:52::SCWPlatform:: Platform Path C:/Users/Thomas/Desktop/TP_MISTRE/TP_PROCESSEUR/Projet_Vitis/XADC_SingleCh14/hw/XADC_SingleCh14.xsa
TRACE::2026-08-06.09:28:52::SCWPlatform:: Unique name xilinx:zybo-z7-20::0.0
TRACE::2026-08-06.09:28:52::SCWPlatform::Trying to set the existing hwdb with name design_1_wrapper_3
TRACE::2026-08-06.09:28:52::SCWPlatform::Opened existing hwdb design_1_wrapper_3
TRACE::2026-08-06.09:28:52::SCWPlatform::Found the Hw Db part of the input DSA
TRACE::2026-08-06.09:28:52::SCWMssOS::Checking the sw design at  C:/Users/Thomas/Desktop/TP_MISTRE/TP_PROCESSEUR/Projet_Vitis/XADC_SingleCh14/zynq_fsbl/zynq_fsbl_bsp/system.mss
TRACE::2026-08-06.09:28:52::SCWMssOS::DEBUG:  swdes dump  C:/Users/Thomas/Desktop/TP_MISTRE/TP_PROCESSEUR/Projet_Vitis/XADC_SingleCh14/ps7_cortexa9_0/standalone_ps7_cortexa9_0/bsp/system.mss|system_0||
C:/Users/Thomas/Desktop/TP_MISTRE/TP_PROCESSEUR/Projet_Vitis/XADC_SingleCh14/zynq_fsbl/zynq_fsbl_bsp/system.mss|system||

TRACE::2026-08-06.09:28:52::SCWMssOS::Sw design exists and opened at  C:/Users/Thomas/Desktop/TP_MISTRE/TP_PROCESSEUR/Projet_Vitis/XADC_SingleCh14/zynq_fsbl/zynq_fsbl_bsp/system.mss
TRACE::2026-08-06.09:28:52::SCWPlatform::Trying to open the hw design at C:/Users/Thomas/Desktop/TP_MISTRE/TP_PROCESSEUR/Projet_Vitis/XADC_SingleCh14/hw/XADC_SingleCh14.xsa
TRACE::2026-08-06.09:28:52::SCWPlatform::DSA given C:/Users/Thomas/Desktop/TP_MISTRE/TP_PROCESSEUR/Projet_Vitis/XADC_SingleCh14/hw/XADC_SingleCh14.xsa
TRACE::2026-08-06.09:28:52::SCWPlatform::DSA absoulate path C:/Users/Thomas/Desktop/TP_MISTRE/TP_PROCESSEUR/Projet_Vitis/XADC_SingleCh14/hw/XADC_SingleCh14.xsa
TRACE::2026-08-06.09:28:52::SCWPlatform::DSA directory C:/Users/Thomas/Desktop/TP_MISTRE/TP_PROCESSEUR/Projet_Vitis/XADC_SingleCh14/hw
TRACE::2026-08-06.09:28:52::SCWPlatform:: Platform Path C:/Users/Thomas/Desktop/TP_MISTRE/TP_PROCESSEUR/Projet_Vitis/XADC_SingleCh14/hw/XADC_SingleCh14.xsa
TRACE::2026-08-06.09:28:52::SCWPlatform:: Unique name xilinx:zybo-z7-20::0.0
TRACE::2026-08-06.09:28:52::SCWPlatform::Trying to set the existing hwdb with name design_1_wrapper_3
TRACE::2026-08-06.09:28:52::SCWPlatform::Opened existing hwdb design_1_wrapper_3
TRACE::2026-08-06.09:28:52::SCWPlatform::Found the Hw Db part of the input DSA
TRACE::2026-08-06.09:28:52::SCWMssOS::Checking the sw design at  C:/Users/Thomas/Desktop/TP_MISTRE/TP_PROCESSEUR/Projet_Vitis/XADC_SingleCh14/zynq_fsbl/zynq_fsbl_bsp/system.mss
TRACE::2026-08-06.09:28:52::SCWMssOS::DEBUG:  swdes dump  C:/Users/Thomas/Desktop/TP_MISTRE/TP_PROCESSEUR/Projet_Vitis/XADC_SingleCh14/ps7_cortexa9_0/standalone_ps7_cortexa9_0/bsp/system.mss|system_0||
C:/Users/Thomas/Desktop/TP_MISTRE/TP_PROCESSEUR/Projet_Vitis/XADC_SingleCh14/zynq_fsbl/zynq_fsbl_bsp/system.mss|system||

TRACE::2026-08-06.09:28:52::SCWMssOS::Sw design exists and opened at  C:/Users/Thomas/Desktop/TP_MISTRE/TP_PROCESSEUR/Projet_Vitis/XADC_SingleCh14/zynq_fsbl/zynq_fsbl_bsp/system.mss
TRACE::2026-08-06.09:28:52::SCWPlatform::Trying to open the hw design at C:/Users/Thomas/Desktop/TP_MISTRE/TP_PROCESSEUR/Projet_Vitis/XADC_SingleCh14/hw/XADC_SingleCh14.xsa
TRACE::2026-08-06.09:28:52::SCWPlatform::DSA given C:/Users/Thomas/Desktop/TP_MISTRE/TP_PROCESSEUR/Projet_Vitis/XADC_SingleCh14/hw/XADC_SingleCh14.xsa
TRACE::2026-08-06.09:28:52::SCWPlatform::DSA absoulate path C:/Users/Thomas/Desktop/TP_MISTRE/TP_PROCESSEUR/Projet_Vitis/XADC_SingleCh14/hw/XADC_SingleCh14.xsa
TRACE::2026-08-06.09:28:52::SCWPlatform::DSA directory C:/Users/Thomas/Desktop/TP_MISTRE/TP_PROCESSEUR/Projet_Vitis/XADC_SingleCh14/hw
TRACE::2026-08-06.09:28:52::SCWPlatform:: Platform Path C:/Users/Thomas/Desktop/TP_MISTRE/TP_PROCESSEUR/Projet_Vitis/XADC_SingleCh14/hw/XADC_SingleCh14.xsa
TRACE::2026-08-06.09:28:52::SCWPlatform:: Unique name xilinx:zybo-z7-20::0.0
TRACE::2026-08-06.09:28:52::SCWPlatform::Trying to set the existing hwdb with name design_1_wrapper_3
TRACE::2026-08-06.09:28:52::SCWPlatform::Opened existing hwdb design_1_wrapper_3
TRACE::2026-08-06.09:28:52::SCWPlatform::Found the Hw Db part of the input DSA
TRACE::2026-08-06.09:28:52::SCWMssOS::Checking the sw design at  C:/Users/Thomas/Desktop/TP_MISTRE/TP_PROCESSEUR/Projet_Vitis/XADC_SingleCh14/zynq_fsbl/zynq_fsbl_bsp/system.mss
TRACE::2026-08-06.09:28:52::SCWMssOS::DEBUG:  swdes dump  C:/Users/Thomas/Desktop/TP_MISTRE/TP_PROCESSEUR/Projet_Vitis/XADC_SingleCh14/ps7_cortexa9_0/standalone_ps7_cortexa9_0/bsp/system.mss|system_0||
C:/Users/Thomas/Desktop/TP_MISTRE/TP_PROCESSEUR/Projet_Vitis/XADC_SingleCh14/zynq_fsbl/zynq_fsbl_bsp/system.mss|system||

TRACE::2026-08-06.09:28:52::SCWMssOS::Sw design exists and opened at  C:/Users/Thomas/Desktop/TP_MISTRE/TP_PROCESSEUR/Projet_Vitis/XADC_SingleCh14/zynq_fsbl/zynq_fsbl_bsp/system.mss
TRACE::2026-08-06.09:28:52::SCWPlatform::Trying to open the hw design at C:/Users/Thomas/Desktop/TP_MISTRE/TP_PROCESSEUR/Projet_Vitis/XADC_SingleCh14/hw/XADC_SingleCh14.xsa
TRACE::2026-08-06.09:28:52::SCWPlatform::DSA given C:/Users/Thomas/Desktop/TP_MISTRE/TP_PROCESSEUR/Projet_Vitis/XADC_SingleCh14/hw/XADC_SingleCh14.xsa
TRACE::2026-08-06.09:28:52::SCWPlatform::DSA absoulate path C:/Users/Thomas/Desktop/TP_MISTRE/TP_PROCESSEUR/Projet_Vitis/XADC_SingleCh14/hw/XADC_SingleCh14.xsa
TRACE::2026-08-06.09:28:52::SCWPlatform::DSA directory C:/Users/Thomas/Desktop/TP_MISTRE/TP_PROCESSEUR/Projet_Vitis/XADC_SingleCh14/hw
TRACE::2026-08-06.09:28:52::SCWPlatform:: Platform Path C:/Users/Thomas/Desktop/TP_MISTRE/TP_PROCESSEUR/Projet_Vitis/XADC_SingleCh14/hw/XADC_SingleCh14.xsa
TRACE::2026-08-06.09:28:52::SCWPlatform:: Unique name xilinx:zybo-z7-20::0.0
TRACE::2026-08-06.09:28:52::SCWPlatform::Trying to set the existing hwdb with name design_1_wrapper_3
TRACE::2026-08-06.09:28:52::SCWPlatform::Opened existing hwdb design_1_wrapper_3
TRACE::2026-08-06.09:28:52::SCWPlatform::Found the Hw Db part of the input DSA
TRACE::2026-08-06.09:28:52::SCWMssOS::Checking the sw design at  C:/Users/Thomas/Desktop/TP_MISTRE/TP_PROCESSEUR/Projet_Vitis/XADC_SingleCh14/ps7_cortexa9_0/standalone_ps7_cortexa9_0/bsp/system.mss
TRACE::2026-08-06.09:28:52::SCWMssOS::DEBUG:  swdes dump  C:/Users/Thomas/Desktop/TP_MISTRE/TP_PROCESSEUR/Projet_Vitis/XADC_SingleCh14/ps7_cortexa9_0/standalone_ps7_cortexa9_0/bsp/system.mss|system_0||
C:/Users/Thomas/Desktop/TP_MISTRE/TP_PROCESSEUR/Projet_Vitis/XADC_SingleCh14/zynq_fsbl/zynq_fsbl_bsp/system.mss|system||

TRACE::2026-08-06.09:28:52::SCWMssOS::Sw design exists and opened at  C:/Users/Thomas/Desktop/TP_MISTRE/TP_PROCESSEUR/Projet_Vitis/XADC_SingleCh14/ps7_cortexa9_0/standalone_ps7_cortexa9_0/bsp/system.mss
TRACE::2026-08-06.09:28:52::SCWPlatform::Trying to open the hw design at C:/Users/Thomas/Desktop/TP_MISTRE/TP_PROCESSEUR/Projet_Vitis/XADC_SingleCh14/hw/XADC_SingleCh14.xsa
TRACE::2026-08-06.09:28:52::SCWPlatform::DSA given C:/Users/Thomas/Desktop/TP_MISTRE/TP_PROCESSEUR/Projet_Vitis/XADC_SingleCh14/hw/XADC_SingleCh14.xsa
TRACE::2026-08-06.09:28:52::SCWPlatform::DSA absoulate path C:/Users/Thomas/Desktop/TP_MISTRE/TP_PROCESSEUR/Projet_Vitis/XADC_SingleCh14/hw/XADC_SingleCh14.xsa
TRACE::2026-08-06.09:28:52::SCWPlatform::DSA directory C:/Users/Thomas/Desktop/TP_MISTRE/TP_PROCESSEUR/Projet_Vitis/XADC_SingleCh14/hw
TRACE::2026-08-06.09:28:52::SCWPlatform:: Platform Path C:/Users/Thomas/Desktop/TP_MISTRE/TP_PROCESSEUR/Projet_Vitis/XADC_SingleCh14/hw/XADC_SingleCh14.xsa
TRACE::2026-08-06.09:28:52::SCWPlatform:: Unique name xilinx:zybo-z7-20::0.0
TRACE::2026-08-06.09:28:52::SCWPlatform::Trying to set the existing hwdb with name design_1_wrapper_3
TRACE::2026-08-06.09:28:52::SCWPlatform::Opened existing hwdb design_1_wrapper_3
TRACE::2026-08-06.09:28:52::SCWPlatform::Found the Hw Db part of the input DSA
TRACE::2026-08-06.09:28:52::SCWMssOS::Checking the sw design at  C:/Users/Thomas/Desktop/TP_MISTRE/TP_PROCESSEUR/Projet_Vitis/XADC_SingleCh14/ps7_cortexa9_0/standalone_ps7_cortexa9_0/bsp/system.mss
TRACE::2026-08-06.09:28:52::SCWMssOS::DEBUG:  swdes dump  C:/Users/Thomas/Desktop/TP_MISTRE/TP_PROCESSEUR/Projet_Vitis/XADC_SingleCh14/ps7_cortexa9_0/standalone_ps7_cortexa9_0/bsp/system.mss|system_0||
C:/Users/Thomas/Desktop/TP_MISTRE/TP_PROCESSEUR/Projet_Vitis/XADC_SingleCh14/zynq_fsbl/zynq_fsbl_bsp/system.mss|system||

TRACE::2026-08-06.09:28:52::SCWMssOS::Sw design exists and opened at  C:/Users/Thomas/Desktop/TP_MISTRE/TP_PROCESSEUR/Projet_Vitis/XADC_SingleCh14/ps7_cortexa9_0/standalone_ps7_cortexa9_0/bsp/system.mss
TRACE::2026-08-06.09:28:52::SCWPlatform::Trying to open the hw design at C:/Users/Thomas/Desktop/TP_MISTRE/TP_PROCESSEUR/Projet_Vitis/XADC_SingleCh14/hw/XADC_SingleCh14.xsa
TRACE::2026-08-06.09:28:52::SCWPlatform::DSA given C:/Users/Thomas/Desktop/TP_MISTRE/TP_PROCESSEUR/Projet_Vitis/XADC_SingleCh14/hw/XADC_SingleCh14.xsa
TRACE::2026-08-06.09:28:52::SCWPlatform::DSA absoulate path C:/Users/Thomas/Desktop/TP_MISTRE/TP_PROCESSEUR/Projet_Vitis/XADC_SingleCh14/hw/XADC_SingleCh14.xsa
TRACE::2026-08-06.09:28:52::SCWPlatform::DSA directory C:/Users/Thomas/Desktop/TP_MISTRE/TP_PROCESSEUR/Projet_Vitis/XADC_SingleCh14/hw
TRACE::2026-08-06.09:28:52::SCWPlatform:: Platform Path C:/Users/Thomas/Desktop/TP_MISTRE/TP_PROCESSEUR/Projet_Vitis/XADC_SingleCh14/hw/XADC_SingleCh14.xsa
TRACE::2026-08-06.09:28:52::SCWPlatform:: Unique name xilinx:zybo-z7-20::0.0
TRACE::2026-08-06.09:28:52::SCWPlatform::Trying to set the existing hwdb with name design_1_wrapper_3
TRACE::2026-08-06.09:28:52::SCWPlatform::Opened existing hwdb design_1_wrapper_3
TRACE::2026-08-06.09:28:52::SCWPlatform::Found the Hw Db part of the input DSA
TRACE::2026-08-06.09:28:52::SCWMssOS::Checking the sw design at  C:/Users/Thomas/Desktop/TP_MISTRE/TP_PROCESSEUR/Projet_Vitis/XADC_SingleCh14/ps7_cortexa9_0/standalone_ps7_cortexa9_0/bsp/system.mss
TRACE::2026-08-06.09:28:52::SCWMssOS::DEBUG:  swdes dump  C:/Users/Thomas/Desktop/TP_MISTRE/TP_PROCESSEUR/Projet_Vitis/XADC_SingleCh14/ps7_cortexa9_0/standalone_ps7_cortexa9_0/bsp/system.mss|system_0||
C:/Users/Thomas/Desktop/TP_MISTRE/TP_PROCESSEUR/Projet_Vitis/XADC_SingleCh14/zynq_fsbl/zynq_fsbl_bsp/system.mss|system||

TRACE::2026-08-06.09:28:52::SCWMssOS::Sw design exists and opened at  C:/Users/Thomas/Desktop/TP_MISTRE/TP_PROCESSEUR/Projet_Vitis/XADC_SingleCh14/ps7_cortexa9_0/standalone_ps7_cortexa9_0/bsp/system.mss
TRACE::2026-08-06.09:28:52::SCWWriter::formatted JSON is {
	"platformName":	"XADC_SingleCh14",
	"sprVersion":	"2.0",
	"mode":	"gui",
	"dsaType":	"Fixed",
	"platformDesc":	"XADC_SingleCh14",
	"platHandOff":	"<platformDir>.xsa",
	"platIntHandOff":	"<platformDir>/hw/XADC_SingleCh14.xsa",
	"deviceType":	"zynq",
	"platIsPrebuiltAutogen":	"false",
	"platIsNoBootBsp":	"false",
	"platFsblTarget":	"ps7_cortexa9_0",
	"hasFsblMakeHasChanges":	"false",
	"hasPmufwMakeHasChanges":	"false",
	"fsblExtraCompilerFlags":	"-MMD -MP       -mcpu=cortex-a9 -mfpu=vfpv3 -mfloat-abi=hard ",
	"platPreBuiltFlag":	false,
	"platformSamplesDir":	"",
	"platActiveSys":	"XADC_SingleCh14",
	"systems":	[{
			"systemName":	"XADC_SingleCh14",
			"systemDesc":	"XADC_SingleCh14",
			"sysIsBootAutoGen":	"true",
			"systemDispName":	"XADC_SingleCh14",
			"sysActiveDom":	"standalone_ps7_cortexa9_0",
			"sysDefaultDom":	"standalone_ps7_cortexa9_0",
			"domains":	[{
					"domainName":	"zynq_fsbl",
					"domainDispName":	"zynq_fsbl",
					"domainDesc":	"FSBL Application BSP - Auto Generated.",
					"processors":	"ps7_cortexa9_0",
					"os":	"standalone",
					"sdxOs":	"standalone",
					"debugEnable":	"",
					"domRuntimes":	["cpp"],
					"swRepo":	"",
					"mssOsVer":	"7.3",
					"mssFile":	"",
					"md5Digest":	"9373a0e756c8c2445f33f2babf758d62",
					"compatibleApp":	"zynq_fsbl",
					"domType":	"bootDomain",
					"arch":	"32-bit",
					"appSettings":	{
						"appCompilerFlags":	"",
						"appLinkerFlags":	""
					},
					"addedLibs":	["xilffs:4.4", "xilrsa:1.6"],
					"libOptions":	{
						"libsContainingOptions":	[]
					},
					"prebuiltLibs":	{
						"prebuiltIncPath":	[],
						"prebuiltLibPath":	[]
					},
					"isolation":	{
					}
				}, {
					"domainName":	"standalone_ps7_cortexa9_0",
					"domainDispName":	"standalone_ps7_cortexa9_0",
					"domainDesc":	"standalone_ps7_cortexa9_0",
					"processors":	"ps7_cortexa9_0",
					"os":	"standalone",
					"sdxOs":	"standalone",
					"qemuArgs":	"C:/Xilinx/Vitis/2020.2/data/emulation/platforms/zynq/sw/a9_standalone/qemu/qemu_args.txt",
					"qemuData":	"C:/Xilinx/Vitis/2020.2/data/emulation/platforms/zynq/sw/a9_standalone/qemu/",
					"debugEnable":	"False",
					"domRuntimes":	["cpp"],
					"swRepo":	"",
					"mssOsVer":	"7.3",
					"mssFile":	"",
					"md5Digest":	"f5ea5ac401e33d91a16ba9d9a26f432f",
					"compatibleApp":	"hello_world",
					"domType":	"mssDomain",
					"arch":	"32-bit",
					"appSettings":	{
						"appCompilerFlags":	"",
						"appLinkerFlags":	""
					},
					"addedLibs":	[],
					"libOptions":	{
						"libsContainingOptions":	[]
					},
					"prebuiltLibs":	{
						"prebuiltIncPath":	[],
						"prebuiltLibPath":	[]
					},
					"isolation":	{
					}
				}]
		}]
}
KEYINFO::2026-08-06.09:28:52::SCWPlatform::updated the xpfm file.
TRACE::2026-08-06.09:28:53::SCWPlatform::Trying to open the hw design at C:/Users/Thomas/Desktop/TP_MISTRE/TP_PROCESSEUR/Projet_Vitis/XADC_SingleCh14/hw/XADC_SingleCh14.xsa
TRACE::2026-08-06.09:28:53::SCWPlatform::DSA given C:/Users/Thomas/Desktop/TP_MISTRE/TP_PROCESSEUR/Projet_Vitis/XADC_SingleCh14/hw/XADC_SingleCh14.xsa
TRACE::2026-08-06.09:28:53::SCWPlatform::DSA absoulate path C:/Users/Thomas/Desktop/TP_MISTRE/TP_PROCESSEUR/Projet_Vitis/XADC_SingleCh14/hw/XADC_SingleCh14.xsa
TRACE::2026-08-06.09:28:53::SCWPlatform::DSA directory C:/Users/Thomas/Desktop/TP_MISTRE/TP_PROCESSEUR/Projet_Vitis/XADC_SingleCh14/hw
TRACE::2026-08-06.09:28:53::SCWPlatform:: Platform Path C:/Users/Thomas/Desktop/TP_MISTRE/TP_PROCESSEUR/Projet_Vitis/XADC_SingleCh14/hw/XADC_SingleCh14.xsa
TRACE::2026-08-06.09:28:53::SCWPlatform:: Unique name xilinx:zybo-z7-20::0.0
TRACE::2026-08-06.09:28:53::SCWPlatform::Trying to set the existing hwdb with name design_1_wrapper_3
TRACE::2026-08-06.09:28:53::SCWPlatform::Opened existing hwdb design_1_wrapper_3
TRACE::2026-08-06.09:28:53::SCWPlatform::Found the Hw Db part of the input DSA
TRACE::2026-08-06.09:28:53::SCWMssOS::Checking the sw design at  C:/Users/Thomas/Desktop/TP_MISTRE/TP_PROCESSEUR/Projet_Vitis/XADC_SingleCh14/ps7_cortexa9_0/standalone_ps7_cortexa9_0/bsp/system.mss
TRACE::2026-08-06.09:28:53::SCWMssOS::DEBUG:  swdes dump  C:/Users/Thomas/Desktop/TP_MISTRE/TP_PROCESSEUR/Projet_Vitis/XADC_SingleCh14/ps7_cortexa9_0/standalone_ps7_cortexa9_0/bsp/system.mss|system_0||
C:/Users/Thomas/Desktop/TP_MISTRE/TP_PROCESSEUR/Projet_Vitis/XADC_SingleCh14/zynq_fsbl/zynq_fsbl_bsp/system.mss|system||

TRACE::2026-08-06.09:28:53::SCWMssOS::Sw design exists and opened at  C:/Users/Thomas/Desktop/TP_MISTRE/TP_PROCESSEUR/Projet_Vitis/XADC_SingleCh14/ps7_cortexa9_0/standalone_ps7_cortexa9_0/bsp/system.mss
TRACE::2026-08-06.09:28:53::SCWMssOS::Saving the mss changes C:/Users/Thomas/Desktop/TP_MISTRE/TP_PROCESSEUR/Projet_Vitis/XADC_SingleCh14/zynq_fsbl/zynq_fsbl_bsp/system.mss
TRACE::2026-08-06.09:28:53::SCWMssOS::Found a swdesign opened with the mssfile.
TRACE::2026-08-06.09:28:53::SCWMssOS::Completed writemss as part of save.
TRACE::2026-08-06.09:28:53::SCWMssOS::Commit changes completed.
TRACE::2026-08-06.09:28:53::SCWMssOS::Saving the mss changes C:/Users/Thomas/Desktop/TP_MISTRE/TP_PROCESSEUR/Projet_Vitis/XADC_SingleCh14/ps7_cortexa9_0/standalone_ps7_cortexa9_0/bsp/system.mss
TRACE::2026-08-06.09:28:53::SCWMssOS::Found a swdesign opened with the mssfile.
TRACE::2026-08-06.09:28:53::SCWMssOS::Completed writemss as part of save.
TRACE::2026-08-06.09:28:53::SCWMssOS::Commit changes completed.
TRACE::2026-08-06.09:28:53::SCWPlatform::Trying to open the hw design at C:/Users/Thomas/Desktop/TP_MISTRE/TP_PROCESSEUR/Projet_Vitis/XADC_SingleCh14/hw/XADC_SingleCh14.xsa
TRACE::2026-08-06.09:28:53::SCWPlatform::DSA given C:/Users/Thomas/Desktop/TP_MISTRE/TP_PROCESSEUR/Projet_Vitis/XADC_SingleCh14/hw/XADC_SingleCh14.xsa
TRACE::2026-08-06.09:28:53::SCWPlatform::DSA absoulate path C:/Users/Thomas/Desktop/TP_MISTRE/TP_PROCESSEUR/Projet_Vitis/XADC_SingleCh14/hw/XADC_SingleCh14.xsa
TRACE::2026-08-06.09:28:53::SCWPlatform::DSA directory C:/Users/Thomas/Desktop/TP_MISTRE/TP_PROCESSEUR/Projet_Vitis/XADC_SingleCh14/hw
TRACE::2026-08-06.09:28:53::SCWPlatform:: Platform Path C:/Users/Thomas/Desktop/TP_MISTRE/TP_PROCESSEUR/Projet_Vitis/XADC_SingleCh14/hw/XADC_SingleCh14.xsa
TRACE::2026-08-06.09:28:53::SCWPlatform:: Unique name xilinx:zybo-z7-20::0.0
TRACE::2026-08-06.09:28:53::SCWPlatform::Trying to set the existing hwdb with name design_1_wrapper_3
TRACE::2026-08-06.09:28:53::SCWPlatform::Opened existing hwdb design_1_wrapper_3
TRACE::2026-08-06.09:28:53::SCWPlatform::Found the Hw Db part of the input DSA
TRACE::2026-08-06.09:28:53::SCWMssOS::Checking the sw design at  C:/Users/Thomas/Desktop/TP_MISTRE/TP_PROCESSEUR/Projet_Vitis/XADC_SingleCh14/zynq_fsbl/zynq_fsbl_bsp/system.mss
TRACE::2026-08-06.09:28:53::SCWMssOS::DEBUG:  swdes dump  C:/Users/Thomas/Desktop/TP_MISTRE/TP_PROCESSEUR/Projet_Vitis/XADC_SingleCh14/ps7_cortexa9_0/standalone_ps7_cortexa9_0/bsp/system.mss|system_0||
C:/Users/Thomas/Desktop/TP_MISTRE/TP_PROCESSEUR/Projet_Vitis/XADC_SingleCh14/zynq_fsbl/zynq_fsbl_bsp/system.mss|system||

TRACE::2026-08-06.09:28:53::SCWMssOS::Sw design exists and opened at  C:/Users/Thomas/Desktop/TP_MISTRE/TP_PROCESSEUR/Projet_Vitis/XADC_SingleCh14/zynq_fsbl/zynq_fsbl_bsp/system.mss
TRACE::2026-08-06.09:28:53::SCWPlatform::Trying to open the hw design at C:/Users/Thomas/Desktop/TP_MISTRE/TP_PROCESSEUR/Projet_Vitis/XADC_SingleCh14/hw/XADC_SingleCh14.xsa
TRACE::2026-08-06.09:28:53::SCWPlatform::DSA given C:/Users/Thomas/Desktop/TP_MISTRE/TP_PROCESSEUR/Projet_Vitis/XADC_SingleCh14/hw/XADC_SingleCh14.xsa
TRACE::2026-08-06.09:28:53::SCWPlatform::DSA absoulate path C:/Users/Thomas/Desktop/TP_MISTRE/TP_PROCESSEUR/Projet_Vitis/XADC_SingleCh14/hw/XADC_SingleCh14.xsa
TRACE::2026-08-06.09:28:53::SCWPlatform::DSA directory C:/Users/Thomas/Desktop/TP_MISTRE/TP_PROCESSEUR/Projet_Vitis/XADC_SingleCh14/hw
TRACE::2026-08-06.09:28:53::SCWPlatform:: Platform Path C:/Users/Thomas/Desktop/TP_MISTRE/TP_PROCESSEUR/Projet_Vitis/XADC_SingleCh14/hw/XADC_SingleCh14.xsa
TRACE::2026-08-06.09:28:53::SCWPlatform:: Unique name xilinx:zybo-z7-20::0.0
TRACE::2026-08-06.09:28:53::SCWPlatform::Trying to set the existing hwdb with name design_1_wrapper_3
TRACE::2026-08-06.09:28:53::SCWPlatform::Opened existing hwdb design_1_wrapper_3
TRACE::2026-08-06.09:28:53::SCWPlatform::Found the Hw Db part of the input DSA
TRACE::2026-08-06.09:28:53::SCWMssOS::Checking the sw design at  C:/Users/Thomas/Desktop/TP_MISTRE/TP_PROCESSEUR/Projet_Vitis/XADC_SingleCh14/zynq_fsbl/zynq_fsbl_bsp/system.mss
TRACE::2026-08-06.09:28:53::SCWMssOS::DEBUG:  swdes dump  C:/Users/Thomas/Desktop/TP_MISTRE/TP_PROCESSEUR/Projet_Vitis/XADC_SingleCh14/ps7_cortexa9_0/standalone_ps7_cortexa9_0/bsp/system.mss|system_0||
C:/Users/Thomas/Desktop/TP_MISTRE/TP_PROCESSEUR/Projet_Vitis/XADC_SingleCh14/zynq_fsbl/zynq_fsbl_bsp/system.mss|system||

TRACE::2026-08-06.09:28:53::SCWMssOS::Sw design exists and opened at  C:/Users/Thomas/Desktop/TP_MISTRE/TP_PROCESSEUR/Projet_Vitis/XADC_SingleCh14/zynq_fsbl/zynq_fsbl_bsp/system.mss
TRACE::2026-08-06.09:28:53::SCWPlatform::Trying to open the hw design at C:/Users/Thomas/Desktop/TP_MISTRE/TP_PROCESSEUR/Projet_Vitis/XADC_SingleCh14/hw/XADC_SingleCh14.xsa
TRACE::2026-08-06.09:28:53::SCWPlatform::DSA given C:/Users/Thomas/Desktop/TP_MISTRE/TP_PROCESSEUR/Projet_Vitis/XADC_SingleCh14/hw/XADC_SingleCh14.xsa
TRACE::2026-08-06.09:28:53::SCWPlatform::DSA absoulate path C:/Users/Thomas/Desktop/TP_MISTRE/TP_PROCESSEUR/Projet_Vitis/XADC_SingleCh14/hw/XADC_SingleCh14.xsa
TRACE::2026-08-06.09:28:53::SCWPlatform::DSA directory C:/Users/Thomas/Desktop/TP_MISTRE/TP_PROCESSEUR/Projet_Vitis/XADC_SingleCh14/hw
TRACE::2026-08-06.09:28:53::SCWPlatform:: Platform Path C:/Users/Thomas/Desktop/TP_MISTRE/TP_PROCESSEUR/Projet_Vitis/XADC_SingleCh14/hw/XADC_SingleCh14.xsa
TRACE::2026-08-06.09:28:53::SCWPlatform:: Unique name xilinx:zybo-z7-20::0.0
TRACE::2026-08-06.09:28:53::SCWPlatform::Trying to set the existing hwdb with name design_1_wrapper_3
TRACE::2026-08-06.09:28:53::SCWPlatform::Opened existing hwdb design_1_wrapper_3
TRACE::2026-08-06.09:28:53::SCWPlatform::Found the Hw Db part of the input DSA
TRACE::2026-08-06.09:28:53::SCWMssOS::Checking the sw design at  C:/Users/Thomas/Desktop/TP_MISTRE/TP_PROCESSEUR/Projet_Vitis/XADC_SingleCh14/zynq_fsbl/zynq_fsbl_bsp/system.mss
TRACE::2026-08-06.09:28:53::SCWMssOS::DEBUG:  swdes dump  C:/Users/Thomas/Desktop/TP_MISTRE/TP_PROCESSEUR/Projet_Vitis/XADC_SingleCh14/ps7_cortexa9_0/standalone_ps7_cortexa9_0/bsp/system.mss|system_0||
C:/Users/Thomas/Desktop/TP_MISTRE/TP_PROCESSEUR/Projet_Vitis/XADC_SingleCh14/zynq_fsbl/zynq_fsbl_bsp/system.mss|system||

TRACE::2026-08-06.09:28:53::SCWMssOS::Sw design exists and opened at  C:/Users/Thomas/Desktop/TP_MISTRE/TP_PROCESSEUR/Projet_Vitis/XADC_SingleCh14/zynq_fsbl/zynq_fsbl_bsp/system.mss
TRACE::2026-08-06.09:28:53::SCWPlatform::Trying to open the hw design at C:/Users/Thomas/Desktop/TP_MISTRE/TP_PROCESSEUR/Projet_Vitis/XADC_SingleCh14/hw/XADC_SingleCh14.xsa
TRACE::2026-08-06.09:28:53::SCWPlatform::DSA given C:/Users/Thomas/Desktop/TP_MISTRE/TP_PROCESSEUR/Projet_Vitis/XADC_SingleCh14/hw/XADC_SingleCh14.xsa
TRACE::2026-08-06.09:28:53::SCWPlatform::DSA absoulate path C:/Users/Thomas/Desktop/TP_MISTRE/TP_PROCESSEUR/Projet_Vitis/XADC_SingleCh14/hw/XADC_SingleCh14.xsa
TRACE::2026-08-06.09:28:53::SCWPlatform::DSA directory C:/Users/Thomas/Desktop/TP_MISTRE/TP_PROCESSEUR/Projet_Vitis/XADC_SingleCh14/hw
TRACE::2026-08-06.09:28:53::SCWPlatform:: Platform Path C:/Users/Thomas/Desktop/TP_MISTRE/TP_PROCESSEUR/Projet_Vitis/XADC_SingleCh14/hw/XADC_SingleCh14.xsa
TRACE::2026-08-06.09:28:53::SCWPlatform:: Unique name xilinx:zybo-z7-20::0.0
TRACE::2026-08-06.09:28:53::SCWPlatform::Trying to set the existing hwdb with name design_1_wrapper_3
TRACE::2026-08-06.09:28:53::SCWPlatform::Opened existing hwdb design_1_wrapper_3
TRACE::2026-08-06.09:28:53::SCWPlatform::Found the Hw Db part of the input DSA
TRACE::2026-08-06.09:28:53::SCWMssOS::Checking the sw design at  C:/Users/Thomas/Desktop/TP_MISTRE/TP_PROCESSEUR/Projet_Vitis/XADC_SingleCh14/ps7_cortexa9_0/standalone_ps7_cortexa9_0/bsp/system.mss
TRACE::2026-08-06.09:28:53::SCWMssOS::DEBUG:  swdes dump  C:/Users/Thomas/Desktop/TP_MISTRE/TP_PROCESSEUR/Projet_Vitis/XADC_SingleCh14/ps7_cortexa9_0/standalone_ps7_cortexa9_0/bsp/system.mss|system_0||
C:/Users/Thomas/Desktop/TP_MISTRE/TP_PROCESSEUR/Projet_Vitis/XADC_SingleCh14/zynq_fsbl/zynq_fsbl_bsp/system.mss|system||

TRACE::2026-08-06.09:28:53::SCWMssOS::Sw design exists and opened at  C:/Users/Thomas/Desktop/TP_MISTRE/TP_PROCESSEUR/Projet_Vitis/XADC_SingleCh14/ps7_cortexa9_0/standalone_ps7_cortexa9_0/bsp/system.mss
TRACE::2026-08-06.09:28:53::SCWPlatform::Trying to open the hw design at C:/Users/Thomas/Desktop/TP_MISTRE/TP_PROCESSEUR/Projet_Vitis/XADC_SingleCh14/hw/XADC_SingleCh14.xsa
TRACE::2026-08-06.09:28:53::SCWPlatform::DSA given C:/Users/Thomas/Desktop/TP_MISTRE/TP_PROCESSEUR/Projet_Vitis/XADC_SingleCh14/hw/XADC_SingleCh14.xsa
TRACE::2026-08-06.09:28:53::SCWPlatform::DSA absoulate path C:/Users/Thomas/Desktop/TP_MISTRE/TP_PROCESSEUR/Projet_Vitis/XADC_SingleCh14/hw/XADC_SingleCh14.xsa
TRACE::2026-08-06.09:28:53::SCWPlatform::DSA directory C:/Users/Thomas/Desktop/TP_MISTRE/TP_PROCESSEUR/Projet_Vitis/XADC_SingleCh14/hw
TRACE::2026-08-06.09:28:53::SCWPlatform:: Platform Path C:/Users/Thomas/Desktop/TP_MISTRE/TP_PROCESSEUR/Projet_Vitis/XADC_SingleCh14/hw/XADC_SingleCh14.xsa
TRACE::2026-08-06.09:28:53::SCWPlatform:: Unique name xilinx:zybo-z7-20::0.0
TRACE::2026-08-06.09:28:53::SCWPlatform::Trying to set the existing hwdb with name design_1_wrapper_3
TRACE::2026-08-06.09:28:53::SCWPlatform::Opened existing hwdb design_1_wrapper_3
TRACE::2026-08-06.09:28:53::SCWPlatform::Found the Hw Db part of the input DSA
TRACE::2026-08-06.09:28:53::SCWMssOS::Checking the sw design at  C:/Users/Thomas/Desktop/TP_MISTRE/TP_PROCESSEUR/Projet_Vitis/XADC_SingleCh14/ps7_cortexa9_0/standalone_ps7_cortexa9_0/bsp/system.mss
TRACE::2026-08-06.09:28:53::SCWMssOS::DEBUG:  swdes dump  C:/Users/Thomas/Desktop/TP_MISTRE/TP_PROCESSEUR/Projet_Vitis/XADC_SingleCh14/ps7_cortexa9_0/standalone_ps7_cortexa9_0/bsp/system.mss|system_0||
C:/Users/Thomas/Desktop/TP_MISTRE/TP_PROCESSEUR/Projet_Vitis/XADC_SingleCh14/zynq_fsbl/zynq_fsbl_bsp/system.mss|system||

TRACE::2026-08-06.09:28:53::SCWMssOS::Sw design exists and opened at  C:/Users/Thomas/Desktop/TP_MISTRE/TP_PROCESSEUR/Projet_Vitis/XADC_SingleCh14/ps7_cortexa9_0/standalone_ps7_cortexa9_0/bsp/system.mss
TRACE::2026-08-06.09:28:53::SCWPlatform::Trying to open the hw design at C:/Users/Thomas/Desktop/TP_MISTRE/TP_PROCESSEUR/Projet_Vitis/XADC_SingleCh14/hw/XADC_SingleCh14.xsa
TRACE::2026-08-06.09:28:53::SCWPlatform::DSA given C:/Users/Thomas/Desktop/TP_MISTRE/TP_PROCESSEUR/Projet_Vitis/XADC_SingleCh14/hw/XADC_SingleCh14.xsa
TRACE::2026-08-06.09:28:53::SCWPlatform::DSA absoulate path C:/Users/Thomas/Desktop/TP_MISTRE/TP_PROCESSEUR/Projet_Vitis/XADC_SingleCh14/hw/XADC_SingleCh14.xsa
TRACE::2026-08-06.09:28:53::SCWPlatform::DSA directory C:/Users/Thomas/Desktop/TP_MISTRE/TP_PROCESSEUR/Projet_Vitis/XADC_SingleCh14/hw
TRACE::2026-08-06.09:28:53::SCWPlatform:: Platform Path C:/Users/Thomas/Desktop/TP_MISTRE/TP_PROCESSEUR/Projet_Vitis/XADC_SingleCh14/hw/XADC_SingleCh14.xsa
TRACE::2026-08-06.09:28:53::SCWPlatform:: Unique name xilinx:zybo-z7-20::0.0
TRACE::2026-08-06.09:28:53::SCWPlatform::Trying to set the existing hwdb with name design_1_wrapper_3
TRACE::2026-08-06.09:28:53::SCWPlatform::Opened existing hwdb design_1_wrapper_3
TRACE::2026-08-06.09:28:53::SCWPlatform::Found the Hw Db part of the input DSA
TRACE::2026-08-06.09:28:53::SCWMssOS::Checking the sw design at  C:/Users/Thomas/Desktop/TP_MISTRE/TP_PROCESSEUR/Projet_Vitis/XADC_SingleCh14/ps7_cortexa9_0/standalone_ps7_cortexa9_0/bsp/system.mss
TRACE::2026-08-06.09:28:53::SCWMssOS::DEBUG:  swdes dump  C:/Users/Thomas/Desktop/TP_MISTRE/TP_PROCESSEUR/Projet_Vitis/XADC_SingleCh14/ps7_cortexa9_0/standalone_ps7_cortexa9_0/bsp/system.mss|system_0||
C:/Users/Thomas/Desktop/TP_MISTRE/TP_PROCESSEUR/Projet_Vitis/XADC_SingleCh14/zynq_fsbl/zynq_fsbl_bsp/system.mss|system||

TRACE::2026-08-06.09:28:53::SCWMssOS::Sw design exists and opened at  C:/Users/Thomas/Desktop/TP_MISTRE/TP_PROCESSEUR/Projet_Vitis/XADC_SingleCh14/ps7_cortexa9_0/standalone_ps7_cortexa9_0/bsp/system.mss
TRACE::2026-08-06.09:28:53::SCWWriter::formatted JSON is {
	"platformName":	"XADC_SingleCh14",
	"sprVersion":	"2.0",
	"mode":	"gui",
	"dsaType":	"Fixed",
	"platformDesc":	"XADC_SingleCh14",
	"platHandOff":	"<platformDir>.xsa",
	"platIntHandOff":	"<platformDir>/hw/XADC_SingleCh14.xsa",
	"deviceType":	"zynq",
	"platIsPrebuiltAutogen":	"false",
	"platIsNoBootBsp":	"false",
	"platFsblTarget":	"ps7_cortexa9_0",
	"hasFsblMakeHasChanges":	"false",
	"hasPmufwMakeHasChanges":	"false",
	"fsblExtraCompilerFlags":	"-MMD -MP       -mcpu=cortex-a9 -mfpu=vfpv3 -mfloat-abi=hard ",
	"platPreBuiltFlag":	false,
	"platformSamplesDir":	"",
	"platActiveSys":	"XADC_SingleCh14",
	"systems":	[{
			"systemName":	"XADC_SingleCh14",
			"systemDesc":	"XADC_SingleCh14",
			"sysIsBootAutoGen":	"true",
			"systemDispName":	"XADC_SingleCh14",
			"sysActiveDom":	"standalone_ps7_cortexa9_0",
			"sysDefaultDom":	"standalone_ps7_cortexa9_0",
			"domains":	[{
					"domainName":	"zynq_fsbl",
					"domainDispName":	"zynq_fsbl",
					"domainDesc":	"FSBL Application BSP - Auto Generated.",
					"processors":	"ps7_cortexa9_0",
					"os":	"standalone",
					"sdxOs":	"standalone",
					"debugEnable":	"",
					"domRuntimes":	["cpp"],
					"swRepo":	"",
					"mssOsVer":	"7.3",
					"mssFile":	"",
					"md5Digest":	"9373a0e756c8c2445f33f2babf758d62",
					"compatibleApp":	"zynq_fsbl",
					"domType":	"bootDomain",
					"arch":	"32-bit",
					"appSettings":	{
						"appCompilerFlags":	"",
						"appLinkerFlags":	""
					},
					"addedLibs":	["xilffs:4.4", "xilrsa:1.6"],
					"libOptions":	{
						"libsContainingOptions":	[]
					},
					"prebuiltLibs":	{
						"prebuiltIncPath":	[],
						"prebuiltLibPath":	[]
					},
					"isolation":	{
					}
				}, {
					"domainName":	"standalone_ps7_cortexa9_0",
					"domainDispName":	"standalone_ps7_cortexa9_0",
					"domainDesc":	"standalone_ps7_cortexa9_0",
					"processors":	"ps7_cortexa9_0",
					"os":	"standalone",
					"sdxOs":	"standalone",
					"qemuArgs":	"C:/Xilinx/Vitis/2020.2/data/emulation/platforms/zynq/sw/a9_standalone/qemu/qemu_args.txt",
					"qemuData":	"C:/Xilinx/Vitis/2020.2/data/emulation/platforms/zynq/sw/a9_standalone/qemu/",
					"debugEnable":	"False",
					"domRuntimes":	["cpp"],
					"swRepo":	"",
					"mssOsVer":	"7.3",
					"mssFile":	"",
					"md5Digest":	"f5ea5ac401e33d91a16ba9d9a26f432f",
					"compatibleApp":	"hello_world",
					"domType":	"mssDomain",
					"arch":	"32-bit",
					"appSettings":	{
						"appCompilerFlags":	"",
						"appLinkerFlags":	""
					},
					"addedLibs":	[],
					"libOptions":	{
						"libsContainingOptions":	[]
					},
					"prebuiltLibs":	{
						"prebuiltIncPath":	[],
						"prebuiltLibPath":	[]
					},
					"isolation":	{
					}
				}]
		}]
}
TRACE::2026-08-06.09:28:53::SCWPlatform::Trying to open the hw design at C:/Users/Thomas/Desktop/TP_MISTRE/TP_PROCESSEUR/Projet_Vitis/XADC_SingleCh14/hw/XADC_SingleCh14.xsa
TRACE::2026-08-06.09:28:53::SCWPlatform::DSA given C:/Users/Thomas/Desktop/TP_MISTRE/TP_PROCESSEUR/Projet_Vitis/XADC_SingleCh14/hw/XADC_SingleCh14.xsa
TRACE::2026-08-06.09:28:53::SCWPlatform::DSA absoulate path C:/Users/Thomas/Desktop/TP_MISTRE/TP_PROCESSEUR/Projet_Vitis/XADC_SingleCh14/hw/XADC_SingleCh14.xsa
TRACE::2026-08-06.09:28:53::SCWPlatform::DSA directory C:/Users/Thomas/Desktop/TP_MISTRE/TP_PROCESSEUR/Projet_Vitis/XADC_SingleCh14/hw
TRACE::2026-08-06.09:28:53::SCWPlatform:: Platform Path C:/Users/Thomas/Desktop/TP_MISTRE/TP_PROCESSEUR/Projet_Vitis/XADC_SingleCh14/hw/XADC_SingleCh14.xsa
TRACE::2026-08-06.09:28:53::SCWPlatform:: Unique name xilinx:zybo-z7-20::0.0
TRACE::2026-08-06.09:28:53::SCWPlatform::Trying to set the existing hwdb with name design_1_wrapper_3
TRACE::2026-08-06.09:28:53::SCWPlatform::Opened existing hwdb design_1_wrapper_3
TRACE::2026-08-06.09:28:53::SCWPlatform::Found the Hw Db part of the input DSA
TRACE::2026-08-06.09:28:53::SCWMssOS::Checking the sw design at  C:/Users/Thomas/Desktop/TP_MISTRE/TP_PROCESSEUR/Projet_Vitis/XADC_SingleCh14/ps7_cortexa9_0/standalone_ps7_cortexa9_0/bsp/system.mss
TRACE::2026-08-06.09:28:53::SCWMssOS::DEBUG:  swdes dump  C:/Users/Thomas/Desktop/TP_MISTRE/TP_PROCESSEUR/Projet_Vitis/XADC_SingleCh14/ps7_cortexa9_0/standalone_ps7_cortexa9_0/bsp/system.mss|system_0||
C:/Users/Thomas/Desktop/TP_MISTRE/TP_PROCESSEUR/Projet_Vitis/XADC_SingleCh14/zynq_fsbl/zynq_fsbl_bsp/system.mss|system||

TRACE::2026-08-06.09:28:53::SCWMssOS::Sw design exists and opened at  C:/Users/Thomas/Desktop/TP_MISTRE/TP_PROCESSEUR/Projet_Vitis/XADC_SingleCh14/ps7_cortexa9_0/standalone_ps7_cortexa9_0/bsp/system.mss
TRACE::2026-08-06.09:28:53::SCWPlatform::Trying to open the hw design at C:/Users/Thomas/Desktop/TP_MISTRE/TP_PROCESSEUR/Projet_Vitis/XADC_SingleCh14/hw/XADC_SingleCh14.xsa
TRACE::2026-08-06.09:28:53::SCWPlatform::DSA given C:/Users/Thomas/Desktop/TP_MISTRE/TP_PROCESSEUR/Projet_Vitis/XADC_SingleCh14/hw/XADC_SingleCh14.xsa
TRACE::2026-08-06.09:28:53::SCWPlatform::DSA absoulate path C:/Users/Thomas/Desktop/TP_MISTRE/TP_PROCESSEUR/Projet_Vitis/XADC_SingleCh14/hw/XADC_SingleCh14.xsa
TRACE::2026-08-06.09:28:53::SCWPlatform::DSA directory C:/Users/Thomas/Desktop/TP_MISTRE/TP_PROCESSEUR/Projet_Vitis/XADC_SingleCh14/hw
TRACE::2026-08-06.09:28:53::SCWPlatform:: Platform Path C:/Users/Thomas/Desktop/TP_MISTRE/TP_PROCESSEUR/Projet_Vitis/XADC_SingleCh14/hw/XADC_SingleCh14.xsa
TRACE::2026-08-06.09:28:53::SCWPlatform:: Unique name xilinx:zybo-z7-20::0.0
TRACE::2026-08-06.09:28:53::SCWPlatform::Trying to set the existing hwdb with name design_1_wrapper_3
TRACE::2026-08-06.09:28:53::SCWPlatform::Opened existing hwdb design_1_wrapper_3
TRACE::2026-08-06.09:28:53::SCWPlatform::Found the Hw Db part of the input DSA
TRACE::2026-08-06.09:28:53::SCWMssOS::Checking the sw design at  C:/Users/Thomas/Desktop/TP_MISTRE/TP_PROCESSEUR/Projet_Vitis/XADC_SingleCh14/ps7_cortexa9_0/standalone_ps7_cortexa9_0/bsp/system.mss
TRACE::2026-08-06.09:28:53::SCWMssOS::DEBUG:  swdes dump  C:/Users/Thomas/Desktop/TP_MISTRE/TP_PROCESSEUR/Projet_Vitis/XADC_SingleCh14/ps7_cortexa9_0/standalone_ps7_cortexa9_0/bsp/system.mss|system_0||
C:/Users/Thomas/Desktop/TP_MISTRE/TP_PROCESSEUR/Projet_Vitis/XADC_SingleCh14/zynq_fsbl/zynq_fsbl_bsp/system.mss|system||

TRACE::2026-08-06.09:28:53::SCWMssOS::Sw design exists and opened at  C:/Users/Thomas/Desktop/TP_MISTRE/TP_PROCESSEUR/Projet_Vitis/XADC_SingleCh14/ps7_cortexa9_0/standalone_ps7_cortexa9_0/bsp/system.mss
TRACE::2026-08-06.09:28:53::SCWMssOS::Saving the mss changes C:/Users/Thomas/Desktop/TP_MISTRE/TP_PROCESSEUR/Projet_Vitis/XADC_SingleCh14/zynq_fsbl/zynq_fsbl_bsp/system.mss
TRACE::2026-08-06.09:28:53::SCWMssOS::Found a swdesign opened with the mssfile.
TRACE::2026-08-06.09:28:53::SCWMssOS::Completed writemss as part of save.
TRACE::2026-08-06.09:28:53::SCWMssOS::Commit changes completed.
TRACE::2026-08-06.09:28:53::SCWMssOS::Saving the mss changes C:/Users/Thomas/Desktop/TP_MISTRE/TP_PROCESSEUR/Projet_Vitis/XADC_SingleCh14/ps7_cortexa9_0/standalone_ps7_cortexa9_0/bsp/system.mss
TRACE::2026-08-06.09:28:53::SCWMssOS::Found a swdesign opened with the mssfile.
TRACE::2026-08-06.09:28:53::SCWMssOS::Completed writemss as part of save.
TRACE::2026-08-06.09:28:53::SCWMssOS::Commit changes completed.
TRACE::2026-08-06.09:28:53::SCWPlatform::Trying to open the hw design at C:/Users/Thomas/Desktop/TP_MISTRE/TP_PROCESSEUR/Projet_Vitis/XADC_SingleCh14/hw/XADC_SingleCh14.xsa
TRACE::2026-08-06.09:28:53::SCWPlatform::DSA given C:/Users/Thomas/Desktop/TP_MISTRE/TP_PROCESSEUR/Projet_Vitis/XADC_SingleCh14/hw/XADC_SingleCh14.xsa
TRACE::2026-08-06.09:28:53::SCWPlatform::DSA absoulate path C:/Users/Thomas/Desktop/TP_MISTRE/TP_PROCESSEUR/Projet_Vitis/XADC_SingleCh14/hw/XADC_SingleCh14.xsa
TRACE::2026-08-06.09:28:53::SCWPlatform::DSA directory C:/Users/Thomas/Desktop/TP_MISTRE/TP_PROCESSEUR/Projet_Vitis/XADC_SingleCh14/hw
TRACE::2026-08-06.09:28:53::SCWPlatform:: Platform Path C:/Users/Thomas/Desktop/TP_MISTRE/TP_PROCESSEUR/Projet_Vitis/XADC_SingleCh14/hw/XADC_SingleCh14.xsa
TRACE::2026-08-06.09:28:53::SCWPlatform:: Unique name xilinx:zybo-z7-20::0.0
TRACE::2026-08-06.09:28:53::SCWPlatform::Trying to set the existing hwdb with name design_1_wrapper_3
TRACE::2026-08-06.09:28:53::SCWPlatform::Opened existing hwdb design_1_wrapper_3
TRACE::2026-08-06.09:28:53::SCWPlatform::Found the Hw Db part of the input DSA
TRACE::2026-08-06.09:28:53::SCWMssOS::Checking the sw design at  C:/Users/Thomas/Desktop/TP_MISTRE/TP_PROCESSEUR/Projet_Vitis/XADC_SingleCh14/zynq_fsbl/zynq_fsbl_bsp/system.mss
TRACE::2026-08-06.09:28:53::SCWMssOS::DEBUG:  swdes dump  C:/Users/Thomas/Desktop/TP_MISTRE/TP_PROCESSEUR/Projet_Vitis/XADC_SingleCh14/ps7_cortexa9_0/standalone_ps7_cortexa9_0/bsp/system.mss|system_0||
C:/Users/Thomas/Desktop/TP_MISTRE/TP_PROCESSEUR/Projet_Vitis/XADC_SingleCh14/zynq_fsbl/zynq_fsbl_bsp/system.mss|system||

TRACE::2026-08-06.09:28:53::SCWMssOS::Sw design exists and opened at  C:/Users/Thomas/Desktop/TP_MISTRE/TP_PROCESSEUR/Projet_Vitis/XADC_SingleCh14/zynq_fsbl/zynq_fsbl_bsp/system.mss
TRACE::2026-08-06.09:28:53::SCWPlatform::Trying to open the hw design at C:/Users/Thomas/Desktop/TP_MISTRE/TP_PROCESSEUR/Projet_Vitis/XADC_SingleCh14/hw/XADC_SingleCh14.xsa
TRACE::2026-08-06.09:28:53::SCWPlatform::DSA given C:/Users/Thomas/Desktop/TP_MISTRE/TP_PROCESSEUR/Projet_Vitis/XADC_SingleCh14/hw/XADC_SingleCh14.xsa
TRACE::2026-08-06.09:28:53::SCWPlatform::DSA absoulate path C:/Users/Thomas/Desktop/TP_MISTRE/TP_PROCESSEUR/Projet_Vitis/XADC_SingleCh14/hw/XADC_SingleCh14.xsa
TRACE::2026-08-06.09:28:53::SCWPlatform::DSA directory C:/Users/Thomas/Desktop/TP_MISTRE/TP_PROCESSEUR/Projet_Vitis/XADC_SingleCh14/hw
TRACE::2026-08-06.09:28:53::SCWPlatform:: Platform Path C:/Users/Thomas/Desktop/TP_MISTRE/TP_PROCESSEUR/Projet_Vitis/XADC_SingleCh14/hw/XADC_SingleCh14.xsa
TRACE::2026-08-06.09:28:53::SCWPlatform:: Unique name xilinx:zybo-z7-20::0.0
TRACE::2026-08-06.09:28:53::SCWPlatform::Trying to set the existing hwdb with name design_1_wrapper_3
TRACE::2026-08-06.09:28:53::SCWPlatform::Opened existing hwdb design_1_wrapper_3
TRACE::2026-08-06.09:28:53::SCWPlatform::Found the Hw Db part of the input DSA
TRACE::2026-08-06.09:28:53::SCWMssOS::Checking the sw design at  C:/Users/Thomas/Desktop/TP_MISTRE/TP_PROCESSEUR/Projet_Vitis/XADC_SingleCh14/zynq_fsbl/zynq_fsbl_bsp/system.mss
TRACE::2026-08-06.09:28:53::SCWMssOS::DEBUG:  swdes dump  C:/Users/Thomas/Desktop/TP_MISTRE/TP_PROCESSEUR/Projet_Vitis/XADC_SingleCh14/ps7_cortexa9_0/standalone_ps7_cortexa9_0/bsp/system.mss|system_0||
C:/Users/Thomas/Desktop/TP_MISTRE/TP_PROCESSEUR/Projet_Vitis/XADC_SingleCh14/zynq_fsbl/zynq_fsbl_bsp/system.mss|system||

TRACE::2026-08-06.09:28:53::SCWMssOS::Sw design exists and opened at  C:/Users/Thomas/Desktop/TP_MISTRE/TP_PROCESSEUR/Projet_Vitis/XADC_SingleCh14/zynq_fsbl/zynq_fsbl_bsp/system.mss
TRACE::2026-08-06.09:28:53::SCWPlatform::Trying to open the hw design at C:/Users/Thomas/Desktop/TP_MISTRE/TP_PROCESSEUR/Projet_Vitis/XADC_SingleCh14/hw/XADC_SingleCh14.xsa
TRACE::2026-08-06.09:28:53::SCWPlatform::DSA given C:/Users/Thomas/Desktop/TP_MISTRE/TP_PROCESSEUR/Projet_Vitis/XADC_SingleCh14/hw/XADC_SingleCh14.xsa
TRACE::2026-08-06.09:28:53::SCWPlatform::DSA absoulate path C:/Users/Thomas/Desktop/TP_MISTRE/TP_PROCESSEUR/Projet_Vitis/XADC_SingleCh14/hw/XADC_SingleCh14.xsa
TRACE::2026-08-06.09:28:53::SCWPlatform::DSA directory C:/Users/Thomas/Desktop/TP_MISTRE/TP_PROCESSEUR/Projet_Vitis/XADC_SingleCh14/hw
TRACE::2026-08-06.09:28:53::SCWPlatform:: Platform Path C:/Users/Thomas/Desktop/TP_MISTRE/TP_PROCESSEUR/Projet_Vitis/XADC_SingleCh14/hw/XADC_SingleCh14.xsa
TRACE::2026-08-06.09:28:53::SCWPlatform:: Unique name xilinx:zybo-z7-20::0.0
TRACE::2026-08-06.09:28:53::SCWPlatform::Trying to set the existing hwdb with name design_1_wrapper_3
TRACE::2026-08-06.09:28:53::SCWPlatform::Opened existing hwdb design_1_wrapper_3
TRACE::2026-08-06.09:28:53::SCWPlatform::Found the Hw Db part of the input DSA
TRACE::2026-08-06.09:28:53::SCWMssOS::Checking the sw design at  C:/Users/Thomas/Desktop/TP_MISTRE/TP_PROCESSEUR/Projet_Vitis/XADC_SingleCh14/zynq_fsbl/zynq_fsbl_bsp/system.mss
TRACE::2026-08-06.09:28:53::SCWMssOS::DEBUG:  swdes dump  C:/Users/Thomas/Desktop/TP_MISTRE/TP_PROCESSEUR/Projet_Vitis/XADC_SingleCh14/ps7_cortexa9_0/standalone_ps7_cortexa9_0/bsp/system.mss|system_0||
C:/Users/Thomas/Desktop/TP_MISTRE/TP_PROCESSEUR/Projet_Vitis/XADC_SingleCh14/zynq_fsbl/zynq_fsbl_bsp/system.mss|system||

TRACE::2026-08-06.09:28:53::SCWMssOS::Sw design exists and opened at  C:/Users/Thomas/Desktop/TP_MISTRE/TP_PROCESSEUR/Projet_Vitis/XADC_SingleCh14/zynq_fsbl/zynq_fsbl_bsp/system.mss
TRACE::2026-08-06.09:28:53::SCWPlatform::Trying to open the hw design at C:/Users/Thomas/Desktop/TP_MISTRE/TP_PROCESSEUR/Projet_Vitis/XADC_SingleCh14/hw/XADC_SingleCh14.xsa
TRACE::2026-08-06.09:28:53::SCWPlatform::DSA given C:/Users/Thomas/Desktop/TP_MISTRE/TP_PROCESSEUR/Projet_Vitis/XADC_SingleCh14/hw/XADC_SingleCh14.xsa
TRACE::2026-08-06.09:28:53::SCWPlatform::DSA absoulate path C:/Users/Thomas/Desktop/TP_MISTRE/TP_PROCESSEUR/Projet_Vitis/XADC_SingleCh14/hw/XADC_SingleCh14.xsa
TRACE::2026-08-06.09:28:53::SCWPlatform::DSA directory C:/Users/Thomas/Desktop/TP_MISTRE/TP_PROCESSEUR/Projet_Vitis/XADC_SingleCh14/hw
TRACE::2026-08-06.09:28:53::SCWPlatform:: Platform Path C:/Users/Thomas/Desktop/TP_MISTRE/TP_PROCESSEUR/Projet_Vitis/XADC_SingleCh14/hw/XADC_SingleCh14.xsa
TRACE::2026-08-06.09:28:53::SCWPlatform:: Unique name xilinx:zybo-z7-20::0.0
TRACE::2026-08-06.09:28:53::SCWPlatform::Trying to set the existing hwdb with name design_1_wrapper_3
TRACE::2026-08-06.09:28:53::SCWPlatform::Opened existing hwdb design_1_wrapper_3
TRACE::2026-08-06.09:28:53::SCWPlatform::Found the Hw Db part of the input DSA
TRACE::2026-08-06.09:28:53::SCWMssOS::Checking the sw design at  C:/Users/Thomas/Desktop/TP_MISTRE/TP_PROCESSEUR/Projet_Vitis/XADC_SingleCh14/ps7_cortexa9_0/standalone_ps7_cortexa9_0/bsp/system.mss
TRACE::2026-08-06.09:28:53::SCWMssOS::DEBUG:  swdes dump  C:/Users/Thomas/Desktop/TP_MISTRE/TP_PROCESSEUR/Projet_Vitis/XADC_SingleCh14/ps7_cortexa9_0/standalone_ps7_cortexa9_0/bsp/system.mss|system_0||
C:/Users/Thomas/Desktop/TP_MISTRE/TP_PROCESSEUR/Projet_Vitis/XADC_SingleCh14/zynq_fsbl/zynq_fsbl_bsp/system.mss|system||

TRACE::2026-08-06.09:28:53::SCWMssOS::Sw design exists and opened at  C:/Users/Thomas/Desktop/TP_MISTRE/TP_PROCESSEUR/Projet_Vitis/XADC_SingleCh14/ps7_cortexa9_0/standalone_ps7_cortexa9_0/bsp/system.mss
TRACE::2026-08-06.09:28:53::SCWPlatform::Trying to open the hw design at C:/Users/Thomas/Desktop/TP_MISTRE/TP_PROCESSEUR/Projet_Vitis/XADC_SingleCh14/hw/XADC_SingleCh14.xsa
TRACE::2026-08-06.09:28:53::SCWPlatform::DSA given C:/Users/Thomas/Desktop/TP_MISTRE/TP_PROCESSEUR/Projet_Vitis/XADC_SingleCh14/hw/XADC_SingleCh14.xsa
TRACE::2026-08-06.09:28:53::SCWPlatform::DSA absoulate path C:/Users/Thomas/Desktop/TP_MISTRE/TP_PROCESSEUR/Projet_Vitis/XADC_SingleCh14/hw/XADC_SingleCh14.xsa
TRACE::2026-08-06.09:28:53::SCWPlatform::DSA directory C:/Users/Thomas/Desktop/TP_MISTRE/TP_PROCESSEUR/Projet_Vitis/XADC_SingleCh14/hw
TRACE::2026-08-06.09:28:53::SCWPlatform:: Platform Path C:/Users/Thomas/Desktop/TP_MISTRE/TP_PROCESSEUR/Projet_Vitis/XADC_SingleCh14/hw/XADC_SingleCh14.xsa
TRACE::2026-08-06.09:28:53::SCWPlatform:: Unique name xilinx:zybo-z7-20::0.0
TRACE::2026-08-06.09:28:53::SCWPlatform::Trying to set the existing hwdb with name design_1_wrapper_3
TRACE::2026-08-06.09:28:53::SCWPlatform::Opened existing hwdb design_1_wrapper_3
TRACE::2026-08-06.09:28:53::SCWPlatform::Found the Hw Db part of the input DSA
TRACE::2026-08-06.09:28:53::SCWMssOS::Checking the sw design at  C:/Users/Thomas/Desktop/TP_MISTRE/TP_PROCESSEUR/Projet_Vitis/XADC_SingleCh14/ps7_cortexa9_0/standalone_ps7_cortexa9_0/bsp/system.mss
TRACE::2026-08-06.09:28:53::SCWMssOS::DEBUG:  swdes dump  C:/Users/Thomas/Desktop/TP_MISTRE/TP_PROCESSEUR/Projet_Vitis/XADC_SingleCh14/ps7_cortexa9_0/standalone_ps7_cortexa9_0/bsp/system.mss|system_0||
C:/Users/Thomas/Desktop/TP_MISTRE/TP_PROCESSEUR/Projet_Vitis/XADC_SingleCh14/zynq_fsbl/zynq_fsbl_bsp/system.mss|system||

TRACE::2026-08-06.09:28:53::SCWMssOS::Sw design exists and opened at  C:/Users/Thomas/Desktop/TP_MISTRE/TP_PROCESSEUR/Projet_Vitis/XADC_SingleCh14/ps7_cortexa9_0/standalone_ps7_cortexa9_0/bsp/system.mss
TRACE::2026-08-06.09:28:53::SCWPlatform::Trying to open the hw design at C:/Users/Thomas/Desktop/TP_MISTRE/TP_PROCESSEUR/Projet_Vitis/XADC_SingleCh14/hw/XADC_SingleCh14.xsa
TRACE::2026-08-06.09:28:53::SCWPlatform::DSA given C:/Users/Thomas/Desktop/TP_MISTRE/TP_PROCESSEUR/Projet_Vitis/XADC_SingleCh14/hw/XADC_SingleCh14.xsa
TRACE::2026-08-06.09:28:53::SCWPlatform::DSA absoulate path C:/Users/Thomas/Desktop/TP_MISTRE/TP_PROCESSEUR/Projet_Vitis/XADC_SingleCh14/hw/XADC_SingleCh14.xsa
TRACE::2026-08-06.09:28:53::SCWPlatform::DSA directory C:/Users/Thomas/Desktop/TP_MISTRE/TP_PROCESSEUR/Projet_Vitis/XADC_SingleCh14/hw
TRACE::2026-08-06.09:28:53::SCWPlatform:: Platform Path C:/Users/Thomas/Desktop/TP_MISTRE/TP_PROCESSEUR/Projet_Vitis/XADC_SingleCh14/hw/XADC_SingleCh14.xsa
TRACE::2026-08-06.09:28:53::SCWPlatform:: Unique name xilinx:zybo-z7-20::0.0
TRACE::2026-08-06.09:28:53::SCWPlatform::Trying to set the existing hwdb with name design_1_wrapper_3
TRACE::2026-08-06.09:28:53::SCWPlatform::Opened existing hwdb design_1_wrapper_3
TRACE::2026-08-06.09:28:53::SCWPlatform::Found the Hw Db part of the input DSA
TRACE::2026-08-06.09:28:53::SCWMssOS::Checking the sw design at  C:/Users/Thomas/Desktop/TP_MISTRE/TP_PROCESSEUR/Projet_Vitis/XADC_SingleCh14/ps7_cortexa9_0/standalone_ps7_cortexa9_0/bsp/system.mss
TRACE::2026-08-06.09:28:53::SCWMssOS::DEBUG:  swdes dump  C:/Users/Thomas/Desktop/TP_MISTRE/TP_PROCESSEUR/Projet_Vitis/XADC_SingleCh14/ps7_cortexa9_0/standalone_ps7_cortexa9_0/bsp/system.mss|system_0||
C:/Users/Thomas/Desktop/TP_MISTRE/TP_PROCESSEUR/Projet_Vitis/XADC_SingleCh14/zynq_fsbl/zynq_fsbl_bsp/system.mss|system||

TRACE::2026-08-06.09:28:53::SCWMssOS::Sw design exists and opened at  C:/Users/Thomas/Desktop/TP_MISTRE/TP_PROCESSEUR/Projet_Vitis/XADC_SingleCh14/ps7_cortexa9_0/standalone_ps7_cortexa9_0/bsp/system.mss
TRACE::2026-08-06.09:28:53::SCWWriter::formatted JSON is {
	"platformName":	"XADC_SingleCh14",
	"sprVersion":	"2.0",
	"mode":	"gui",
	"dsaType":	"Fixed",
	"platformDesc":	"XADC_SingleCh14",
	"platHandOff":	"<platformDir>.xsa",
	"platIntHandOff":	"<platformDir>/hw/XADC_SingleCh14.xsa",
	"deviceType":	"zynq",
	"platIsPrebuiltAutogen":	"false",
	"platIsNoBootBsp":	"false",
	"platFsblTarget":	"ps7_cortexa9_0",
	"hasFsblMakeHasChanges":	"false",
	"hasPmufwMakeHasChanges":	"false",
	"fsblExtraCompilerFlags":	"-MMD -MP       -mcpu=cortex-a9 -mfpu=vfpv3 -mfloat-abi=hard ",
	"platPreBuiltFlag":	false,
	"platformSamplesDir":	"",
	"platActiveSys":	"XADC_SingleCh14",
	"systems":	[{
			"systemName":	"XADC_SingleCh14",
			"systemDesc":	"XADC_SingleCh14",
			"sysIsBootAutoGen":	"true",
			"systemDispName":	"XADC_SingleCh14",
			"sysActiveDom":	"standalone_ps7_cortexa9_0",
			"sysDefaultDom":	"standalone_ps7_cortexa9_0",
			"domains":	[{
					"domainName":	"zynq_fsbl",
					"domainDispName":	"zynq_fsbl",
					"domainDesc":	"FSBL Application BSP - Auto Generated.",
					"processors":	"ps7_cortexa9_0",
					"os":	"standalone",
					"sdxOs":	"standalone",
					"debugEnable":	"",
					"domRuntimes":	["cpp"],
					"swRepo":	"",
					"mssOsVer":	"7.3",
					"mssFile":	"",
					"md5Digest":	"9373a0e756c8c2445f33f2babf758d62",
					"compatibleApp":	"zynq_fsbl",
					"domType":	"bootDomain",
					"arch":	"32-bit",
					"appSettings":	{
						"appCompilerFlags":	"",
						"appLinkerFlags":	""
					},
					"addedLibs":	["xilffs:4.4", "xilrsa:1.6"],
					"libOptions":	{
						"libsContainingOptions":	[]
					},
					"prebuiltLibs":	{
						"prebuiltIncPath":	[],
						"prebuiltLibPath":	[]
					},
					"isolation":	{
					}
				}, {
					"domainName":	"standalone_ps7_cortexa9_0",
					"domainDispName":	"standalone_ps7_cortexa9_0",
					"domainDesc":	"standalone_ps7_cortexa9_0",
					"processors":	"ps7_cortexa9_0",
					"os":	"standalone",
					"sdxOs":	"standalone",
					"qemuArgs":	"C:/Xilinx/Vitis/2020.2/data/emulation/platforms/zynq/sw/a9_standalone/qemu/qemu_args.txt",
					"qemuData":	"C:/Xilinx/Vitis/2020.2/data/emulation/platforms/zynq/sw/a9_standalone/qemu/",
					"debugEnable":	"False",
					"domRuntimes":	["cpp"],
					"swRepo":	"",
					"mssOsVer":	"7.3",
					"mssFile":	"",
					"md5Digest":	"f5ea5ac401e33d91a16ba9d9a26f432f",
					"compatibleApp":	"hello_world",
					"domType":	"mssDomain",
					"arch":	"32-bit",
					"appSettings":	{
						"appCompilerFlags":	"",
						"appLinkerFlags":	""
					},
					"addedLibs":	[],
					"libOptions":	{
						"libsContainingOptions":	[]
					},
					"prebuiltLibs":	{
						"prebuiltIncPath":	[],
						"prebuiltLibPath":	[]
					},
					"isolation":	{
					}
				}]
		}]
}
LOG::2026-08-06.09:28:53::SCWPlatform::Started generating the artifacts platform XADC_SingleCh14
TRACE::2026-08-06.09:28:53::SCWPlatform::Sanity checking of platform is completed
LOG::2026-08-06.09:28:53::SCWPlatform::Started generating the artifacts for system configuration XADC_SingleCh14
LOG::2026-08-06.09:28:53::SCWSystem::Started Processing the domain standalone_ps7_cortexa9_0
TRACE::2026-08-06.09:28:53::SCWDomain::Generating domain artifcats
TRACE::2026-08-06.09:28:53::SCWMssOS::Generating standalone artifcats
TRACE::2026-08-06.09:28:53::SCWMssOS::Copying the qemu file from  C:/Xilinx/Vitis/2020.2/data/emulation/platforms/zynq/sw/a9_standalone/qemu/qemu_args.txt To C:/Users/Thomas/Desktop/TP_MISTRE/TP_PROCESSEUR/Projet_Vitis/XADC_SingleCh14/export/XADC_SingleCh14/sw/XADC_SingleCh14/qemu/
TRACE::2026-08-06.09:28:53::SCWMssOS::Copying the qemu file from  C:/Xilinx/Vitis/2020.2/data/emulation/platforms/zynq/sw/a9_standalone/qemu/qemu_args.txt To C:/Users/Thomas/Desktop/TP_MISTRE/TP_PROCESSEUR/Projet_Vitis/XADC_SingleCh14/export/XADC_SingleCh14/sw/XADC_SingleCh14/standalone_ps7_cortexa9_0/qemu/
TRACE::2026-08-06.09:28:53::SCWMssOS:: Copying the user libraries. 
TRACE::2026-08-06.09:28:53::SCWPlatform::Trying to open the hw design at C:/Users/Thomas/Desktop/TP_MISTRE/TP_PROCESSEUR/Projet_Vitis/XADC_SingleCh14/hw/XADC_SingleCh14.xsa
TRACE::2026-08-06.09:28:53::SCWPlatform::DSA given C:/Users/Thomas/Desktop/TP_MISTRE/TP_PROCESSEUR/Projet_Vitis/XADC_SingleCh14/hw/XADC_SingleCh14.xsa
TRACE::2026-08-06.09:28:53::SCWPlatform::DSA absoulate path C:/Users/Thomas/Desktop/TP_MISTRE/TP_PROCESSEUR/Projet_Vitis/XADC_SingleCh14/hw/XADC_SingleCh14.xsa
TRACE::2026-08-06.09:28:53::SCWPlatform::DSA directory C:/Users/Thomas/Desktop/TP_MISTRE/TP_PROCESSEUR/Projet_Vitis/XADC_SingleCh14/hw
TRACE::2026-08-06.09:28:53::SCWPlatform:: Platform Path C:/Users/Thomas/Desktop/TP_MISTRE/TP_PROCESSEUR/Projet_Vitis/XADC_SingleCh14/hw/XADC_SingleCh14.xsa
TRACE::2026-08-06.09:28:53::SCWPlatform:: Unique name xilinx:zybo-z7-20::0.0
TRACE::2026-08-06.09:28:53::SCWPlatform::Trying to set the existing hwdb with name design_1_wrapper_3
TRACE::2026-08-06.09:28:53::SCWPlatform::Opened existing hwdb design_1_wrapper_3
TRACE::2026-08-06.09:28:53::SCWPlatform::Found the Hw Db part of the input DSA
TRACE::2026-08-06.09:28:53::SCWMssOS::Checking the sw design at  C:/Users/Thomas/Desktop/TP_MISTRE/TP_PROCESSEUR/Projet_Vitis/XADC_SingleCh14/ps7_cortexa9_0/standalone_ps7_cortexa9_0/bsp/system.mss
TRACE::2026-08-06.09:28:53::SCWMssOS::DEBUG:  swdes dump  C:/Users/Thomas/Desktop/TP_MISTRE/TP_PROCESSEUR/Projet_Vitis/XADC_SingleCh14/ps7_cortexa9_0/standalone_ps7_cortexa9_0/bsp/system.mss|system_0||
C:/Users/Thomas/Desktop/TP_MISTRE/TP_PROCESSEUR/Projet_Vitis/XADC_SingleCh14/zynq_fsbl/zynq_fsbl_bsp/system.mss|system||

TRACE::2026-08-06.09:28:53::SCWMssOS::Sw design exists and opened at  C:/Users/Thomas/Desktop/TP_MISTRE/TP_PROCESSEUR/Projet_Vitis/XADC_SingleCh14/ps7_cortexa9_0/standalone_ps7_cortexa9_0/bsp/system.mss
TRACE::2026-08-06.09:28:53::SCWMssOS::Completed writing the mss file at C:/Users/Thomas/Desktop/TP_MISTRE/TP_PROCESSEUR/Projet_Vitis/XADC_SingleCh14/ps7_cortexa9_0/standalone_ps7_cortexa9_0/bsp
TRACE::2026-08-06.09:28:53::SCWMssOS::Mss edits present, copying mssfile into export location C:/Users/Thomas/Desktop/TP_MISTRE/TP_PROCESSEUR/Projet_Vitis/XADC_SingleCh14/ps7_cortexa9_0/standalone_ps7_cortexa9_0/bsp/system.mss
TRACE::2026-08-06.09:28:53::SCWMssOS::bsp generated is upto date with the mss file. Skipping bsp generation.
TRACE::2026-08-06.09:28:53::SCWMssOS::BSP is already built. skipping the bsp build ... 
TRACE::2026-08-06.09:28:53::SCWDomain::Building the domain as part of full build :  standalone_ps7_cortexa9_0
TRACE::2026-08-06.09:28:53::SCWMssOS::skipping the bsp build ... 
TRACE::2026-08-06.09:28:53::SCWMssOS::Copying to export directory.
TRACE::2026-08-06.09:28:53::SCWMssOS:: Checking if to create the Supporting Applications
TRACE::2026-08-06.09:28:53::SCWMssOS:: No Linux domain exists, trying to generate FSBL 
TRACE::2026-08-06.09:28:53::SCWMssOS:: Completed Standalone Artifacts creation 
LOG::2026-08-06.09:28:53::SCWSystem::Completed Processing the domain standalone_ps7_cortexa9_0
LOG::2026-08-06.09:28:53::SCWSystem::Completed Processing the sysconfig XADC_SingleCh14
LOG::2026-08-06.09:28:53::SCWPlatform::Completed generating the artifacts for system configuration XADC_SingleCh14
TRACE::2026-08-06.09:28:53::SCWPlatform::Started preparing the platform 
TRACE::2026-08-06.09:28:53::SCWSystem::Writing the bif file for system config XADC_SingleCh14
TRACE::2026-08-06.09:28:53::SCWSystem::dir created 
TRACE::2026-08-06.09:28:53::SCWSystem::Writing the bif 
TRACE::2026-08-06.09:28:53::SCWPlatform::Started writing the spfm file 
TRACE::2026-08-06.09:28:53::SCWPlatform::Started writing the xpfm file 
TRACE::2026-08-06.09:28:53::SCWPlatform::Completed generating the platform
TRACE::2026-08-06.09:28:53::SCWMssOS::Saving the mss changes C:/Users/Thomas/Desktop/TP_MISTRE/TP_PROCESSEUR/Projet_Vitis/XADC_SingleCh14/zynq_fsbl/zynq_fsbl_bsp/system.mss
TRACE::2026-08-06.09:28:53::SCWMssOS::Found a swdesign opened with the mssfile.
TRACE::2026-08-06.09:28:53::SCWMssOS::Completed writemss as part of save.
TRACE::2026-08-06.09:28:53::SCWMssOS::Commit changes completed.
TRACE::2026-08-06.09:28:53::SCWMssOS::Saving the mss changes C:/Users/Thomas/Desktop/TP_MISTRE/TP_PROCESSEUR/Projet_Vitis/XADC_SingleCh14/ps7_cortexa9_0/standalone_ps7_cortexa9_0/bsp/system.mss
TRACE::2026-08-06.09:28:53::SCWMssOS::Found a swdesign opened with the mssfile.
TRACE::2026-08-06.09:28:53::SCWMssOS::Completed writemss as part of save.
TRACE::2026-08-06.09:28:53::SCWMssOS::Commit changes completed.
TRACE::2026-08-06.09:28:53::SCWPlatform::Trying to open the hw design at C:/Users/Thomas/Desktop/TP_MISTRE/TP_PROCESSEUR/Projet_Vitis/XADC_SingleCh14/hw/XADC_SingleCh14.xsa
TRACE::2026-08-06.09:28:53::SCWPlatform::DSA given C:/Users/Thomas/Desktop/TP_MISTRE/TP_PROCESSEUR/Projet_Vitis/XADC_SingleCh14/hw/XADC_SingleCh14.xsa
TRACE::2026-08-06.09:28:53::SCWPlatform::DSA absoulate path C:/Users/Thomas/Desktop/TP_MISTRE/TP_PROCESSEUR/Projet_Vitis/XADC_SingleCh14/hw/XADC_SingleCh14.xsa
TRACE::2026-08-06.09:28:53::SCWPlatform::DSA directory C:/Users/Thomas/Desktop/TP_MISTRE/TP_PROCESSEUR/Projet_Vitis/XADC_SingleCh14/hw
TRACE::2026-08-06.09:28:53::SCWPlatform:: Platform Path C:/Users/Thomas/Desktop/TP_MISTRE/TP_PROCESSEUR/Projet_Vitis/XADC_SingleCh14/hw/XADC_SingleCh14.xsa
TRACE::2026-08-06.09:28:53::SCWPlatform:: Unique name xilinx:zybo-z7-20::0.0
TRACE::2026-08-06.09:28:53::SCWPlatform::Trying to set the existing hwdb with name design_1_wrapper_3
TRACE::2026-08-06.09:28:53::SCWPlatform::Opened existing hwdb design_1_wrapper_3
TRACE::2026-08-06.09:28:53::SCWPlatform::Found the Hw Db part of the input DSA
TRACE::2026-08-06.09:28:53::SCWMssOS::Checking the sw design at  C:/Users/Thomas/Desktop/TP_MISTRE/TP_PROCESSEUR/Projet_Vitis/XADC_SingleCh14/zynq_fsbl/zynq_fsbl_bsp/system.mss
TRACE::2026-08-06.09:28:53::SCWMssOS::DEBUG:  swdes dump  C:/Users/Thomas/Desktop/TP_MISTRE/TP_PROCESSEUR/Projet_Vitis/XADC_SingleCh14/ps7_cortexa9_0/standalone_ps7_cortexa9_0/bsp/system.mss|system_0||
C:/Users/Thomas/Desktop/TP_MISTRE/TP_PROCESSEUR/Projet_Vitis/XADC_SingleCh14/zynq_fsbl/zynq_fsbl_bsp/system.mss|system||

TRACE::2026-08-06.09:28:53::SCWMssOS::Sw design exists and opened at  C:/Users/Thomas/Desktop/TP_MISTRE/TP_PROCESSEUR/Projet_Vitis/XADC_SingleCh14/zynq_fsbl/zynq_fsbl_bsp/system.mss
TRACE::2026-08-06.09:28:53::SCWPlatform::Trying to open the hw design at C:/Users/Thomas/Desktop/TP_MISTRE/TP_PROCESSEUR/Projet_Vitis/XADC_SingleCh14/hw/XADC_SingleCh14.xsa
TRACE::2026-08-06.09:28:53::SCWPlatform::DSA given C:/Users/Thomas/Desktop/TP_MISTRE/TP_PROCESSEUR/Projet_Vitis/XADC_SingleCh14/hw/XADC_SingleCh14.xsa
TRACE::2026-08-06.09:28:53::SCWPlatform::DSA absoulate path C:/Users/Thomas/Desktop/TP_MISTRE/TP_PROCESSEUR/Projet_Vitis/XADC_SingleCh14/hw/XADC_SingleCh14.xsa
TRACE::2026-08-06.09:28:53::SCWPlatform::DSA directory C:/Users/Thomas/Desktop/TP_MISTRE/TP_PROCESSEUR/Projet_Vitis/XADC_SingleCh14/hw
TRACE::2026-08-06.09:28:53::SCWPlatform:: Platform Path C:/Users/Thomas/Desktop/TP_MISTRE/TP_PROCESSEUR/Projet_Vitis/XADC_SingleCh14/hw/XADC_SingleCh14.xsa
TRACE::2026-08-06.09:28:53::SCWPlatform:: Unique name xilinx:zybo-z7-20::0.0
TRACE::2026-08-06.09:28:53::SCWPlatform::Trying to set the existing hwdb with name design_1_wrapper_3
TRACE::2026-08-06.09:28:53::SCWPlatform::Opened existing hwdb design_1_wrapper_3
TRACE::2026-08-06.09:28:53::SCWPlatform::Found the Hw Db part of the input DSA
TRACE::2026-08-06.09:28:53::SCWMssOS::Checking the sw design at  C:/Users/Thomas/Desktop/TP_MISTRE/TP_PROCESSEUR/Projet_Vitis/XADC_SingleCh14/zynq_fsbl/zynq_fsbl_bsp/system.mss
TRACE::2026-08-06.09:28:53::SCWMssOS::DEBUG:  swdes dump  C:/Users/Thomas/Desktop/TP_MISTRE/TP_PROCESSEUR/Projet_Vitis/XADC_SingleCh14/ps7_cortexa9_0/standalone_ps7_cortexa9_0/bsp/system.mss|system_0||
C:/Users/Thomas/Desktop/TP_MISTRE/TP_PROCESSEUR/Projet_Vitis/XADC_SingleCh14/zynq_fsbl/zynq_fsbl_bsp/system.mss|system||

TRACE::2026-08-06.09:28:53::SCWMssOS::Sw design exists and opened at  C:/Users/Thomas/Desktop/TP_MISTRE/TP_PROCESSEUR/Projet_Vitis/XADC_SingleCh14/zynq_fsbl/zynq_fsbl_bsp/system.mss
TRACE::2026-08-06.09:28:53::SCWPlatform::Trying to open the hw design at C:/Users/Thomas/Desktop/TP_MISTRE/TP_PROCESSEUR/Projet_Vitis/XADC_SingleCh14/hw/XADC_SingleCh14.xsa
TRACE::2026-08-06.09:28:53::SCWPlatform::DSA given C:/Users/Thomas/Desktop/TP_MISTRE/TP_PROCESSEUR/Projet_Vitis/XADC_SingleCh14/hw/XADC_SingleCh14.xsa
TRACE::2026-08-06.09:28:53::SCWPlatform::DSA absoulate path C:/Users/Thomas/Desktop/TP_MISTRE/TP_PROCESSEUR/Projet_Vitis/XADC_SingleCh14/hw/XADC_SingleCh14.xsa
TRACE::2026-08-06.09:28:53::SCWPlatform::DSA directory C:/Users/Thomas/Desktop/TP_MISTRE/TP_PROCESSEUR/Projet_Vitis/XADC_SingleCh14/hw
TRACE::2026-08-06.09:28:53::SCWPlatform:: Platform Path C:/Users/Thomas/Desktop/TP_MISTRE/TP_PROCESSEUR/Projet_Vitis/XADC_SingleCh14/hw/XADC_SingleCh14.xsa
TRACE::2026-08-06.09:28:53::SCWPlatform:: Unique name xilinx:zybo-z7-20::0.0
TRACE::2026-08-06.09:28:53::SCWPlatform::Trying to set the existing hwdb with name design_1_wrapper_3
TRACE::2026-08-06.09:28:53::SCWPlatform::Opened existing hwdb design_1_wrapper_3
TRACE::2026-08-06.09:28:53::SCWPlatform::Found the Hw Db part of the input DSA
TRACE::2026-08-06.09:28:53::SCWMssOS::Checking the sw design at  C:/Users/Thomas/Desktop/TP_MISTRE/TP_PROCESSEUR/Projet_Vitis/XADC_SingleCh14/zynq_fsbl/zynq_fsbl_bsp/system.mss
TRACE::2026-08-06.09:28:53::SCWMssOS::DEBUG:  swdes dump  C:/Users/Thomas/Desktop/TP_MISTRE/TP_PROCESSEUR/Projet_Vitis/XADC_SingleCh14/ps7_cortexa9_0/standalone_ps7_cortexa9_0/bsp/system.mss|system_0||
C:/Users/Thomas/Desktop/TP_MISTRE/TP_PROCESSEUR/Projet_Vitis/XADC_SingleCh14/zynq_fsbl/zynq_fsbl_bsp/system.mss|system||

TRACE::2026-08-06.09:28:53::SCWMssOS::Sw design exists and opened at  C:/Users/Thomas/Desktop/TP_MISTRE/TP_PROCESSEUR/Projet_Vitis/XADC_SingleCh14/zynq_fsbl/zynq_fsbl_bsp/system.mss
TRACE::2026-08-06.09:28:53::SCWPlatform::Trying to open the hw design at C:/Users/Thomas/Desktop/TP_MISTRE/TP_PROCESSEUR/Projet_Vitis/XADC_SingleCh14/hw/XADC_SingleCh14.xsa
TRACE::2026-08-06.09:28:53::SCWPlatform::DSA given C:/Users/Thomas/Desktop/TP_MISTRE/TP_PROCESSEUR/Projet_Vitis/XADC_SingleCh14/hw/XADC_SingleCh14.xsa
TRACE::2026-08-06.09:28:53::SCWPlatform::DSA absoulate path C:/Users/Thomas/Desktop/TP_MISTRE/TP_PROCESSEUR/Projet_Vitis/XADC_SingleCh14/hw/XADC_SingleCh14.xsa
TRACE::2026-08-06.09:28:53::SCWPlatform::DSA directory C:/Users/Thomas/Desktop/TP_MISTRE/TP_PROCESSEUR/Projet_Vitis/XADC_SingleCh14/hw
TRACE::2026-08-06.09:28:53::SCWPlatform:: Platform Path C:/Users/Thomas/Desktop/TP_MISTRE/TP_PROCESSEUR/Projet_Vitis/XADC_SingleCh14/hw/XADC_SingleCh14.xsa
TRACE::2026-08-06.09:28:53::SCWPlatform:: Unique name xilinx:zybo-z7-20::0.0
TRACE::2026-08-06.09:28:53::SCWPlatform::Trying to set the existing hwdb with name design_1_wrapper_3
TRACE::2026-08-06.09:28:53::SCWPlatform::Opened existing hwdb design_1_wrapper_3
TRACE::2026-08-06.09:28:53::SCWPlatform::Found the Hw Db part of the input DSA
TRACE::2026-08-06.09:28:53::SCWMssOS::Checking the sw design at  C:/Users/Thomas/Desktop/TP_MISTRE/TP_PROCESSEUR/Projet_Vitis/XADC_SingleCh14/ps7_cortexa9_0/standalone_ps7_cortexa9_0/bsp/system.mss
TRACE::2026-08-06.09:28:53::SCWMssOS::DEBUG:  swdes dump  C:/Users/Thomas/Desktop/TP_MISTRE/TP_PROCESSEUR/Projet_Vitis/XADC_SingleCh14/ps7_cortexa9_0/standalone_ps7_cortexa9_0/bsp/system.mss|system_0||
C:/Users/Thomas/Desktop/TP_MISTRE/TP_PROCESSEUR/Projet_Vitis/XADC_SingleCh14/zynq_fsbl/zynq_fsbl_bsp/system.mss|system||

TRACE::2026-08-06.09:28:53::SCWMssOS::Sw design exists and opened at  C:/Users/Thomas/Desktop/TP_MISTRE/TP_PROCESSEUR/Projet_Vitis/XADC_SingleCh14/ps7_cortexa9_0/standalone_ps7_cortexa9_0/bsp/system.mss
TRACE::2026-08-06.09:28:53::SCWPlatform::Trying to open the hw design at C:/Users/Thomas/Desktop/TP_MISTRE/TP_PROCESSEUR/Projet_Vitis/XADC_SingleCh14/hw/XADC_SingleCh14.xsa
TRACE::2026-08-06.09:28:53::SCWPlatform::DSA given C:/Users/Thomas/Desktop/TP_MISTRE/TP_PROCESSEUR/Projet_Vitis/XADC_SingleCh14/hw/XADC_SingleCh14.xsa
TRACE::2026-08-06.09:28:53::SCWPlatform::DSA absoulate path C:/Users/Thomas/Desktop/TP_MISTRE/TP_PROCESSEUR/Projet_Vitis/XADC_SingleCh14/hw/XADC_SingleCh14.xsa
TRACE::2026-08-06.09:28:53::SCWPlatform::DSA directory C:/Users/Thomas/Desktop/TP_MISTRE/TP_PROCESSEUR/Projet_Vitis/XADC_SingleCh14/hw
TRACE::2026-08-06.09:28:53::SCWPlatform:: Platform Path C:/Users/Thomas/Desktop/TP_MISTRE/TP_PROCESSEUR/Projet_Vitis/XADC_SingleCh14/hw/XADC_SingleCh14.xsa
TRACE::2026-08-06.09:28:53::SCWPlatform:: Unique name xilinx:zybo-z7-20::0.0
TRACE::2026-08-06.09:28:53::SCWPlatform::Trying to set the existing hwdb with name design_1_wrapper_3
TRACE::2026-08-06.09:28:53::SCWPlatform::Opened existing hwdb design_1_wrapper_3
TRACE::2026-08-06.09:28:53::SCWPlatform::Found the Hw Db part of the input DSA
TRACE::2026-08-06.09:28:53::SCWMssOS::Checking the sw design at  C:/Users/Thomas/Desktop/TP_MISTRE/TP_PROCESSEUR/Projet_Vitis/XADC_SingleCh14/ps7_cortexa9_0/standalone_ps7_cortexa9_0/bsp/system.mss
TRACE::2026-08-06.09:28:53::SCWMssOS::DEBUG:  swdes dump  C:/Users/Thomas/Desktop/TP_MISTRE/TP_PROCESSEUR/Projet_Vitis/XADC_SingleCh14/ps7_cortexa9_0/standalone_ps7_cortexa9_0/bsp/system.mss|system_0||
C:/Users/Thomas/Desktop/TP_MISTRE/TP_PROCESSEUR/Projet_Vitis/XADC_SingleCh14/zynq_fsbl/zynq_fsbl_bsp/system.mss|system||

TRACE::2026-08-06.09:28:53::SCWMssOS::Sw design exists and opened at  C:/Users/Thomas/Desktop/TP_MISTRE/TP_PROCESSEUR/Projet_Vitis/XADC_SingleCh14/ps7_cortexa9_0/standalone_ps7_cortexa9_0/bsp/system.mss
TRACE::2026-08-06.09:28:53::SCWPlatform::Trying to open the hw design at C:/Users/Thomas/Desktop/TP_MISTRE/TP_PROCESSEUR/Projet_Vitis/XADC_SingleCh14/hw/XADC_SingleCh14.xsa
TRACE::2026-08-06.09:28:53::SCWPlatform::DSA given C:/Users/Thomas/Desktop/TP_MISTRE/TP_PROCESSEUR/Projet_Vitis/XADC_SingleCh14/hw/XADC_SingleCh14.xsa
TRACE::2026-08-06.09:28:53::SCWPlatform::DSA absoulate path C:/Users/Thomas/Desktop/TP_MISTRE/TP_PROCESSEUR/Projet_Vitis/XADC_SingleCh14/hw/XADC_SingleCh14.xsa
TRACE::2026-08-06.09:28:53::SCWPlatform::DSA directory C:/Users/Thomas/Desktop/TP_MISTRE/TP_PROCESSEUR/Projet_Vitis/XADC_SingleCh14/hw
TRACE::2026-08-06.09:28:53::SCWPlatform:: Platform Path C:/Users/Thomas/Desktop/TP_MISTRE/TP_PROCESSEUR/Projet_Vitis/XADC_SingleCh14/hw/XADC_SingleCh14.xsa
TRACE::2026-08-06.09:28:53::SCWPlatform:: Unique name xilinx:zybo-z7-20::0.0
TRACE::2026-08-06.09:28:53::SCWPlatform::Trying to set the existing hwdb with name design_1_wrapper_3
TRACE::2026-08-06.09:28:53::SCWPlatform::Opened existing hwdb design_1_wrapper_3
TRACE::2026-08-06.09:28:53::SCWPlatform::Found the Hw Db part of the input DSA
TRACE::2026-08-06.09:28:53::SCWMssOS::Checking the sw design at  C:/Users/Thomas/Desktop/TP_MISTRE/TP_PROCESSEUR/Projet_Vitis/XADC_SingleCh14/ps7_cortexa9_0/standalone_ps7_cortexa9_0/bsp/system.mss
TRACE::2026-08-06.09:28:53::SCWMssOS::DEBUG:  swdes dump  C:/Users/Thomas/Desktop/TP_MISTRE/TP_PROCESSEUR/Projet_Vitis/XADC_SingleCh14/ps7_cortexa9_0/standalone_ps7_cortexa9_0/bsp/system.mss|system_0||
C:/Users/Thomas/Desktop/TP_MISTRE/TP_PROCESSEUR/Projet_Vitis/XADC_SingleCh14/zynq_fsbl/zynq_fsbl_bsp/system.mss|system||

TRACE::2026-08-06.09:28:53::SCWMssOS::Sw design exists and opened at  C:/Users/Thomas/Desktop/TP_MISTRE/TP_PROCESSEUR/Projet_Vitis/XADC_SingleCh14/ps7_cortexa9_0/standalone_ps7_cortexa9_0/bsp/system.mss
TRACE::2026-08-06.09:28:53::SCWWriter::formatted JSON is {
	"platformName":	"XADC_SingleCh14",
	"sprVersion":	"2.0",
	"mode":	"gui",
	"dsaType":	"Fixed",
	"platformDesc":	"XADC_SingleCh14",
	"platHandOff":	"<platformDir>.xsa",
	"platIntHandOff":	"<platformDir>/hw/XADC_SingleCh14.xsa",
	"deviceType":	"zynq",
	"platIsPrebuiltAutogen":	"false",
	"platIsNoBootBsp":	"false",
	"platFsblTarget":	"ps7_cortexa9_0",
	"hasFsblMakeHasChanges":	"false",
	"hasPmufwMakeHasChanges":	"false",
	"fsblExtraCompilerFlags":	"-MMD -MP       -mcpu=cortex-a9 -mfpu=vfpv3 -mfloat-abi=hard ",
	"platPreBuiltFlag":	false,
	"platformSamplesDir":	"",
	"platActiveSys":	"XADC_SingleCh14",
	"systems":	[{
			"systemName":	"XADC_SingleCh14",
			"systemDesc":	"XADC_SingleCh14",
			"sysIsBootAutoGen":	"true",
			"systemDispName":	"XADC_SingleCh14",
			"sysActiveDom":	"standalone_ps7_cortexa9_0",
			"sysDefaultDom":	"standalone_ps7_cortexa9_0",
			"domains":	[{
					"domainName":	"zynq_fsbl",
					"domainDispName":	"zynq_fsbl",
					"domainDesc":	"FSBL Application BSP - Auto Generated.",
					"processors":	"ps7_cortexa9_0",
					"os":	"standalone",
					"sdxOs":	"standalone",
					"debugEnable":	"",
					"domRuntimes":	["cpp"],
					"swRepo":	"",
					"mssOsVer":	"7.3",
					"mssFile":	"",
					"md5Digest":	"9373a0e756c8c2445f33f2babf758d62",
					"compatibleApp":	"zynq_fsbl",
					"domType":	"bootDomain",
					"arch":	"32-bit",
					"appSettings":	{
						"appCompilerFlags":	"",
						"appLinkerFlags":	""
					},
					"addedLibs":	["xilffs:4.4", "xilrsa:1.6"],
					"libOptions":	{
						"libsContainingOptions":	[]
					},
					"prebuiltLibs":	{
						"prebuiltIncPath":	[],
						"prebuiltLibPath":	[]
					},
					"isolation":	{
					}
				}, {
					"domainName":	"standalone_ps7_cortexa9_0",
					"domainDispName":	"standalone_ps7_cortexa9_0",
					"domainDesc":	"standalone_ps7_cortexa9_0",
					"processors":	"ps7_cortexa9_0",
					"os":	"standalone",
					"sdxOs":	"standalone",
					"qemuArgs":	"C:/Xilinx/Vitis/2020.2/data/emulation/platforms/zynq/sw/a9_standalone/qemu/qemu_args.txt",
					"qemuData":	"C:/Xilinx/Vitis/2020.2/data/emulation/platforms/zynq/sw/a9_standalone/qemu/",
					"debugEnable":	"False",
					"domRuntimes":	["cpp"],
					"swRepo":	"",
					"mssOsVer":	"7.3",
					"mssFile":	"",
					"md5Digest":	"f5ea5ac401e33d91a16ba9d9a26f432f",
					"compatibleApp":	"hello_world",
					"domType":	"mssDomain",
					"arch":	"32-bit",
					"appSettings":	{
						"appCompilerFlags":	"",
						"appLinkerFlags":	""
					},
					"addedLibs":	[],
					"libOptions":	{
						"libsContainingOptions":	[]
					},
					"prebuiltLibs":	{
						"prebuiltIncPath":	[],
						"prebuiltLibPath":	[]
					},
					"isolation":	{
					}
				}]
		}]
}
KEYINFO::2026-08-06.09:28:53::SCWPlatform::updated the xpfm file.
LOG::2026-08-06.09:33:54::SCWPlatform::Started generating the artifacts platform XADC_SingleCh14
TRACE::2026-08-06.09:33:54::SCWPlatform::Sanity checking of platform is completed
LOG::2026-08-06.09:33:54::SCWPlatform::Started generating the artifacts for system configuration XADC_SingleCh14
LOG::2026-08-06.09:33:54::SCWSystem::Checking the domain zynq_fsbl
LOG::2026-08-06.09:33:54::SCWSystem::Doing application build for :  zynq_fsbl
TRACE::2026-08-06.09:33:54::SCWBDomain::Not a forced makefile updation, No changes are present. 
TRACE::2026-08-06.09:33:54::SCWDomain::Building the domain as part of full build :  zynq_fsbl
TRACE::2026-08-06.09:33:54::SCWPlatform::Trying to open the hw design at C:/Users/Thomas/Desktop/TP_MISTRE/TP_PROCESSEUR/Projet_Vitis/XADC_SingleCh14/hw/XADC_SingleCh14.xsa
TRACE::2026-08-06.09:33:54::SCWPlatform::DSA given C:/Users/Thomas/Desktop/TP_MISTRE/TP_PROCESSEUR/Projet_Vitis/XADC_SingleCh14/hw/XADC_SingleCh14.xsa
TRACE::2026-08-06.09:33:54::SCWPlatform::DSA absoulate path C:/Users/Thomas/Desktop/TP_MISTRE/TP_PROCESSEUR/Projet_Vitis/XADC_SingleCh14/hw/XADC_SingleCh14.xsa
TRACE::2026-08-06.09:33:54::SCWPlatform::DSA directory C:/Users/Thomas/Desktop/TP_MISTRE/TP_PROCESSEUR/Projet_Vitis/XADC_SingleCh14/hw
TRACE::2026-08-06.09:33:54::SCWPlatform:: Platform Path C:/Users/Thomas/Desktop/TP_MISTRE/TP_PROCESSEUR/Projet_Vitis/XADC_SingleCh14/hw/XADC_SingleCh14.xsa
TRACE::2026-08-06.09:33:54::SCWPlatform:: Unique name xilinx:zybo-z7-20::0.0
TRACE::2026-08-06.09:33:54::SCWPlatform::Trying to set the existing hwdb with name design_1_wrapper_3
TRACE::2026-08-06.09:33:54::SCWPlatform::Opened existing hwdb design_1_wrapper_3
TRACE::2026-08-06.09:33:54::SCWPlatform::Found the Hw Db part of the input DSA
TRACE::2026-08-06.09:33:54::SCWMssOS::Checking the sw design at  C:/Users/Thomas/Desktop/TP_MISTRE/TP_PROCESSEUR/Projet_Vitis/XADC_SingleCh14/zynq_fsbl/zynq_fsbl_bsp/system.mss
TRACE::2026-08-06.09:33:54::SCWMssOS::DEBUG:  swdes dump  C:/Users/Thomas/Desktop/TP_MISTRE/TP_PROCESSEUR/Projet_Vitis/XADC_SingleCh14/ps7_cortexa9_0/standalone_ps7_cortexa9_0/bsp/system.mss|system_0||
C:/Users/Thomas/Desktop/TP_MISTRE/TP_PROCESSEUR/Projet_Vitis/XADC_SingleCh14/zynq_fsbl/zynq_fsbl_bsp/system.mss|system||

TRACE::2026-08-06.09:33:54::SCWMssOS::Sw design exists and opened at  C:/Users/Thomas/Desktop/TP_MISTRE/TP_PROCESSEUR/Projet_Vitis/XADC_SingleCh14/zynq_fsbl/zynq_fsbl_bsp/system.mss
TRACE::2026-08-06.09:33:54::SCWBDomain::Completed writing the mss file at C:/Users/Thomas/Desktop/TP_MISTRE/TP_PROCESSEUR/Projet_Vitis/XADC_SingleCh14/zynq_fsbl/zynq_fsbl_bsp
TRACE::2026-08-06.09:33:54::SCWBDomain::bsp generated is upto date with the mss file. Skipping bsp generation.
TRACE::2026-08-06.09:33:54::SCWBDomain::Not a forced makefile updation, No changes are present. 
TRACE::2026-08-06.09:33:54::SCWBDomain::System Command Ran  C:&  cd  C:/Users/Thomas/Desktop/TP_MISTRE/TP_PROCESSEUR/Projet_Vitis/XADC_SingleCh14/zynq_fsbl& make -C  zynq_fsbl_bsp & make 
TRACE::2026-08-06.09:33:54::SCWBDomain::make: Entering directory 'C:/Users/Thomas/Desktop/TP_MISTRE/TP_PROCESSEUR/Projet_Vitis/XADC_SingleCh14/zynq_fsbl/zynq_fsbl_bsp'
TRACE::2026-08-06.09:33:54::SCWBDomain::

TRACE::2026-08-06.09:33:54::SCWBDomain::make --no-print-directory seq_libs

TRACE::2026-08-06.09:33:54::SCWBDomain::"Running Make include in ps7_cortexa9_0/libsrc/coresightps_dcc_v1_8/src"

TRACE::2026-08-06.09:33:54::SCWBDomain::make -C ps7_cortexa9_0/libsrc/coresightps_dcc_v1_8/src -s include  "SHELL=CMD" "COMPILER=arm-none-eabi-gcc" "ASSEMBLER=arm-none
TRACE::2026-08-06.09:33:54::SCWBDomain::-eabi-as" "ARCHIVER=arm-none-eabi-ar" "COMPILER_FLAGS=  -O2 -c" "EXTRA_COMPILER_FLAGS=-mcpu=cortex-a9 -mfpu=vfpv3 -mfloat-abi=h
TRACE::2026-08-06.09:33:54::SCWBDomain::ard -nostartfiles -g -Wall -Wextra"

TRACE::2026-08-06.09:33:54::SCWBDomain::"Running Make include in ps7_cortexa9_0/libsrc/cpu_cortexa9_v2_10/src"

TRACE::2026-08-06.09:33:54::SCWBDomain::make -C ps7_cortexa9_0/libsrc/cpu_cortexa9_v2_10/src -s include  "SHELL=CMD" "COMPILER=arm-none-eabi-gcc" "ASSEMBLER=arm-none-e
TRACE::2026-08-06.09:33:54::SCWBDomain::abi-as" "ARCHIVER=arm-none-eabi-ar" "COMPILER_FLAGS=  -O2 -c" "EXTRA_COMPILER_FLAGS=-mcpu=cortex-a9 -mfpu=vfpv3 -mfloat-abi=har
TRACE::2026-08-06.09:33:54::SCWBDomain::d -nostartfiles -g -Wall -Wextra"

TRACE::2026-08-06.09:33:54::SCWBDomain::"Running Make include in ps7_cortexa9_0/libsrc/ddrps_v1_2/src"

TRACE::2026-08-06.09:33:54::SCWBDomain::make -C ps7_cortexa9_0/libsrc/ddrps_v1_2/src -s include  "SHELL=CMD" "COMPILER=arm-none-eabi-gcc" "ASSEMBLER=arm-none-eabi-as" 
TRACE::2026-08-06.09:33:54::SCWBDomain::"ARCHIVER=arm-none-eabi-ar" "COMPILER_FLAGS=  -O2 -c" "EXTRA_COMPILER_FLAGS=-mcpu=cortex-a9 -mfpu=vfpv3 -mfloat-abi=hard -nosta
TRACE::2026-08-06.09:33:54::SCWBDomain::rtfiles -g -Wall -Wextra"

TRACE::2026-08-06.09:33:54::SCWBDomain::"Running Make include in ps7_cortexa9_0/libsrc/devcfg_v3_7/src"

TRACE::2026-08-06.09:33:54::SCWBDomain::make -C ps7_cortexa9_0/libsrc/devcfg_v3_7/src -s include  "SHELL=CMD" "COMPILER=arm-none-eabi-gcc" "ASSEMBLER=arm-none-eabi-as"
TRACE::2026-08-06.09:33:54::SCWBDomain:: "ARCHIVER=arm-none-eabi-ar" "COMPILER_FLAGS=  -O2 -c" "EXTRA_COMPILER_FLAGS=-mcpu=cortex-a9 -mfpu=vfpv3 -mfloat-abi=hard -nost
TRACE::2026-08-06.09:33:54::SCWBDomain::artfiles -g -Wall -Wextra"

TRACE::2026-08-06.09:33:54::SCWBDomain::"Running Make include in ps7_cortexa9_0/libsrc/dmaps_v2_7/src"

TRACE::2026-08-06.09:33:54::SCWBDomain::make -C ps7_cortexa9_0/libsrc/dmaps_v2_7/src -s include  "SHELL=CMD" "COMPILER=arm-none-eabi-gcc" "ASSEMBLER=arm-none-eabi-as" 
TRACE::2026-08-06.09:33:54::SCWBDomain::"ARCHIVER=arm-none-eabi-ar" "COMPILER_FLAGS=  -O2 -c" "EXTRA_COMPILER_FLAGS=-mcpu=cortex-a9 -mfpu=vfpv3 -mfloat-abi=hard -nosta
TRACE::2026-08-06.09:33:54::SCWBDomain::rtfiles -g -Wall -Wextra"

TRACE::2026-08-06.09:33:54::SCWBDomain::"Running Make include in ps7_cortexa9_0/libsrc/emacps_v3_12/src"

TRACE::2026-08-06.09:33:54::SCWBDomain::make -C ps7_cortexa9_0/libsrc/emacps_v3_12/src -s include  "SHELL=CMD" "COMPILER=arm-none-eabi-gcc" "ASSEMBLER=arm-none-eabi-as
TRACE::2026-08-06.09:33:54::SCWBDomain::" "ARCHIVER=arm-none-eabi-ar" "COMPILER_FLAGS=  -O2 -c" "EXTRA_COMPILER_FLAGS=-mcpu=cortex-a9 -mfpu=vfpv3 -mfloat-abi=hard -nos
TRACE::2026-08-06.09:33:54::SCWBDomain::tartfiles -g -Wall -Wextra"

TRACE::2026-08-06.09:33:54::SCWBDomain::"Running Make include in ps7_cortexa9_0/libsrc/gpiops_v3_8/src"

TRACE::2026-08-06.09:33:54::SCWBDomain::make -C ps7_cortexa9_0/libsrc/gpiops_v3_8/src -s include  "SHELL=CMD" "COMPILER=arm-none-eabi-gcc" "ASSEMBLER=arm-none-eabi-as"
TRACE::2026-08-06.09:33:54::SCWBDomain:: "ARCHIVER=arm-none-eabi-ar" "COMPILER_FLAGS=  -O2 -c" "EXTRA_COMPILER_FLAGS=-mcpu=cortex-a9 -mfpu=vfpv3 -mfloat-abi=hard -nost
TRACE::2026-08-06.09:33:54::SCWBDomain::artfiles -g -Wall -Wextra"

TRACE::2026-08-06.09:33:54::SCWBDomain::"Running Make include in ps7_cortexa9_0/libsrc/qspips_v3_8/src"

TRACE::2026-08-06.09:33:54::SCWBDomain::make -C ps7_cortexa9_0/libsrc/qspips_v3_8/src -s include  "SHELL=CMD" "COMPILER=arm-none-eabi-gcc" "ASSEMBLER=arm-none-eabi-as"
TRACE::2026-08-06.09:33:54::SCWBDomain:: "ARCHIVER=arm-none-eabi-ar" "COMPILER_FLAGS=  -O2 -c" "EXTRA_COMPILER_FLAGS=-mcpu=cortex-a9 -mfpu=vfpv3 -mfloat-abi=hard -nost
TRACE::2026-08-06.09:33:54::SCWBDomain::artfiles -g -Wall -Wextra"

TRACE::2026-08-06.09:33:54::SCWBDomain::"Running Make include in ps7_cortexa9_0/libsrc/scugic_v4_3/src"

TRACE::2026-08-06.09:33:54::SCWBDomain::make -C ps7_cortexa9_0/libsrc/scugic_v4_3/src -s include  "SHELL=CMD" "COMPILER=arm-none-eabi-gcc" "ASSEMBLER=arm-none-eabi-as"
TRACE::2026-08-06.09:33:54::SCWBDomain:: "ARCHIVER=arm-none-eabi-ar" "COMPILER_FLAGS=  -O2 -c" "EXTRA_COMPILER_FLAGS=-mcpu=cortex-a9 -mfpu=vfpv3 -mfloat-abi=hard -nost
TRACE::2026-08-06.09:33:54::SCWBDomain::artfiles -g -Wall -Wextra"

TRACE::2026-08-06.09:33:54::SCWBDomain::"Running Make include in ps7_cortexa9_0/libsrc/scutimer_v2_3/src"

TRACE::2026-08-06.09:33:54::SCWBDomain::make -C ps7_cortexa9_0/libsrc/scutimer_v2_3/src -s include  "SHELL=CMD" "COMPILER=arm-none-eabi-gcc" "ASSEMBLER=arm-none-eabi-a
TRACE::2026-08-06.09:33:54::SCWBDomain::s" "ARCHIVER=arm-none-eabi-ar" "COMPILER_FLAGS=  -O2 -c" "EXTRA_COMPILER_FLAGS=-mcpu=cortex-a9 -mfpu=vfpv3 -mfloat-abi=hard -no
TRACE::2026-08-06.09:33:54::SCWBDomain::startfiles -g -Wall -Wextra"

TRACE::2026-08-06.09:33:54::SCWBDomain::"Running Make include in ps7_cortexa9_0/libsrc/scuwdt_v2_3/src"

TRACE::2026-08-06.09:33:54::SCWBDomain::make -C ps7_cortexa9_0/libsrc/scuwdt_v2_3/src -s include  "SHELL=CMD" "COMPILER=arm-none-eabi-gcc" "ASSEMBLER=arm-none-eabi-as"
TRACE::2026-08-06.09:33:54::SCWBDomain:: "ARCHIVER=arm-none-eabi-ar" "COMPILER_FLAGS=  -O2 -c" "EXTRA_COMPILER_FLAGS=-mcpu=cortex-a9 -mfpu=vfpv3 -mfloat-abi=hard -nost
TRACE::2026-08-06.09:33:54::SCWBDomain::artfiles -g -Wall -Wextra"

TRACE::2026-08-06.09:33:54::SCWBDomain::"Running Make include in ps7_cortexa9_0/libsrc/sdps_v3_10/src"

TRACE::2026-08-06.09:33:54::SCWBDomain::make -C ps7_cortexa9_0/libsrc/sdps_v3_10/src -s include  "SHELL=CMD" "COMPILER=arm-none-eabi-gcc" "ASSEMBLER=arm-none-eabi-as" 
TRACE::2026-08-06.09:33:54::SCWBDomain::"ARCHIVER=arm-none-eabi-ar" "COMPILER_FLAGS=  -O2 -c" "EXTRA_COMPILER_FLAGS=-mcpu=cortex-a9 -mfpu=vfpv3 -mfloat-abi=hard -nosta
TRACE::2026-08-06.09:33:54::SCWBDomain::rtfiles -g -Wall -Wextra"

TRACE::2026-08-06.09:33:55::SCWBDomain::"Running Make include in ps7_cortexa9_0/libsrc/standalone_v7_3/src"

TRACE::2026-08-06.09:33:55::SCWBDomain::make -C ps7_cortexa9_0/libsrc/standalone_v7_3/src -s include  "SHELL=CMD" "COMPILER=arm-none-eabi-gcc" "ASSEMBLER=arm-none-eabi
TRACE::2026-08-06.09:33:55::SCWBDomain::-as" "ARCHIVER=arm-none-eabi-ar" "COMPILER_FLAGS=  -O2 -c" "EXTRA_COMPILER_FLAGS=-mcpu=cortex-a9 -mfpu=vfpv3 -mfloat-abi=hard -
TRACE::2026-08-06.09:33:55::SCWBDomain::nostartfiles -g -Wall -Wextra"

TRACE::2026-08-06.09:33:55::SCWBDomain::"Running Make include in ps7_cortexa9_0/libsrc/sysmon_v7_7/src"

TRACE::2026-08-06.09:33:55::SCWBDomain::make -C ps7_cortexa9_0/libsrc/sysmon_v7_7/src -s include  "SHELL=CMD" "COMPILER=arm-none-eabi-gcc" "ASSEMBLER=arm-none-eabi-as"
TRACE::2026-08-06.09:33:55::SCWBDomain:: "ARCHIVER=arm-none-eabi-ar" "COMPILER_FLAGS=  -O2 -c" "EXTRA_COMPILER_FLAGS=-mcpu=cortex-a9 -mfpu=vfpv3 -mfloat-abi=hard -nost
TRACE::2026-08-06.09:33:55::SCWBDomain::artfiles -g -Wall -Wextra"

TRACE::2026-08-06.09:33:55::SCWBDomain::"Running Make include in ps7_cortexa9_0/libsrc/uartps_v3_10/src"

TRACE::2026-08-06.09:33:55::SCWBDomain::make -C ps7_cortexa9_0/libsrc/uartps_v3_10/src -s include  "SHELL=CMD" "COMPILER=arm-none-eabi-gcc" "ASSEMBLER=arm-none-eabi-as
TRACE::2026-08-06.09:33:55::SCWBDomain::" "ARCHIVER=arm-none-eabi-ar" "COMPILER_FLAGS=  -O2 -c" "EXTRA_COMPILER_FLAGS=-mcpu=cortex-a9 -mfpu=vfpv3 -mfloat-abi=hard -nos
TRACE::2026-08-06.09:33:55::SCWBDomain::tartfiles -g -Wall -Wextra"

TRACE::2026-08-06.09:33:55::SCWBDomain::"Running Make include in ps7_cortexa9_0/libsrc/usbps_v2_6/src"

TRACE::2026-08-06.09:33:55::SCWBDomain::make -C ps7_cortexa9_0/libsrc/usbps_v2_6/src -s include  "SHELL=CMD" "COMPILER=arm-none-eabi-gcc" "ASSEMBLER=arm-none-eabi-as" 
TRACE::2026-08-06.09:33:55::SCWBDomain::"ARCHIVER=arm-none-eabi-ar" "COMPILER_FLAGS=  -O2 -c" "EXTRA_COMPILER_FLAGS=-mcpu=cortex-a9 -mfpu=vfpv3 -mfloat-abi=hard -nosta
TRACE::2026-08-06.09:33:55::SCWBDomain::rtfiles -g -Wall -Wextra"

TRACE::2026-08-06.09:33:55::SCWBDomain::"Running Make include in ps7_cortexa9_0/libsrc/xadcps_v2_5/src"

TRACE::2026-08-06.09:33:55::SCWBDomain::make -C ps7_cortexa9_0/libsrc/xadcps_v2_5/src -s include  "SHELL=CMD" "COMPILER=arm-none-eabi-gcc" "ASSEMBLER=arm-none-eabi-as"
TRACE::2026-08-06.09:33:55::SCWBDomain:: "ARCHIVER=arm-none-eabi-ar" "COMPILER_FLAGS=  -O2 -c" "EXTRA_COMPILER_FLAGS=-mcpu=cortex-a9 -mfpu=vfpv3 -mfloat-abi=hard -nost
TRACE::2026-08-06.09:33:55::SCWBDomain::artfiles -g -Wall -Wextra"

TRACE::2026-08-06.09:33:55::SCWBDomain::"Running Make include in ps7_cortexa9_0/libsrc/xilffs_v4_4/src"

TRACE::2026-08-06.09:33:55::SCWBDomain::make -C ps7_cortexa9_0/libsrc/xilffs_v4_4/src -s include  "SHELL=CMD" "COMPILER=arm-none-eabi-gcc" "ASSEMBLER=arm-none-eabi-as"
TRACE::2026-08-06.09:33:55::SCWBDomain:: "ARCHIVER=arm-none-eabi-ar" "COMPILER_FLAGS=  -O2 -c" "EXTRA_COMPILER_FLAGS=-mcpu=cortex-a9 -mfpu=vfpv3 -mfloat-abi=hard -nost
TRACE::2026-08-06.09:33:55::SCWBDomain::artfiles -g -Wall -Wextra"

TRACE::2026-08-06.09:33:55::SCWBDomain::"Running Make include in ps7_cortexa9_0/libsrc/xilrsa_v1_6/src"

TRACE::2026-08-06.09:33:55::SCWBDomain::make -C ps7_cortexa9_0/libsrc/xilrsa_v1_6/src -s include  "SHELL=CMD" "COMPILER=arm-none-eabi-gcc" "ASSEMBLER=arm-none-eabi-as"
TRACE::2026-08-06.09:33:55::SCWBDomain:: "ARCHIVER=arm-none-eabi-ar" "COMPILER_FLAGS=  -O2 -c" "EXTRA_COMPILER_FLAGS=-mcpu=cortex-a9 -mfpu=vfpv3 -mfloat-abi=hard -nost
TRACE::2026-08-06.09:33:55::SCWBDomain::artfiles -g -Wall -Wextra"

TRACE::2026-08-06.09:33:55::SCWBDomain::"Running Make libs in ps7_cortexa9_0/libsrc/xilrsa_v1_6/src"

TRACE::2026-08-06.09:33:55::SCWBDomain::make -C ps7_cortexa9_0/libsrc/xilrsa_v1_6/src -s libs  "SHELL=CMD" "COMPILER=arm-none-eabi-gcc" "ASSEMBLER=arm-none-eabi-as" "A
TRACE::2026-08-06.09:33:56::SCWBDomain::RCHIVER=arm-none-eabi-ar" "COMPILER_FLAGS=  -O2 -c" "EXTRA_COMPILER_FLAGS=-mcpu=cortex-a9 -mfpu=vfpv3 -mfloat-abi=hard -nostart
TRACE::2026-08-06.09:33:56::SCWBDomain::files -g -Wall -Wextra"

TRACE::2026-08-06.09:33:56::SCWBDomain::'Finished building libraries sequentially.'

TRACE::2026-08-06.09:33:56::SCWBDomain::make -j --no-print-directory par_libs

TRACE::2026-08-06.09:33:56::SCWBDomain::"Running Make include in ps7_cortexa9_0/libsrc/coresightps_dcc_v1_8/src"

TRACE::2026-08-06.09:33:56::SCWBDomain::make -C ps7_cortexa9_0/libsrc/coresightps_dcc_v1_8/src -s include  "SHELL=CMD" "COMPILER=arm-none-eabi-gcc" "ASSEMBLER=arm-none
TRACE::2026-08-06.09:33:56::SCWBDomain::-eabi-as" "ARCHIVER=arm-none-eabi-ar" "COMPILER_FLAGS=  -O2 -c" "EXTRA_COMPILER_FLAGS=-mcpu=cortex-a9 -mfpu=vfpv3 -mfloat-abi=h
TRACE::2026-08-06.09:33:56::SCWBDomain::ard -nostartfiles -g -Wall -Wextra"

TRACE::2026-08-06.09:33:56::SCWBDomain::"Running Make include in ps7_cortexa9_0/libsrc/cpu_cortexa9_v2_10/src"

TRACE::2026-08-06.09:33:56::SCWBDomain::make -C ps7_cortexa9_0/libsrc/cpu_cortexa9_v2_10/src -s include  "SHELL=CMD" "COMPILER=arm-none-eabi-gcc" "ASSEMBLER=arm-none-e
TRACE::2026-08-06.09:33:56::SCWBDomain::abi-as" "ARCHIVER=arm-none-eabi-ar" "COMPILER_FLAGS=  -O2 -c" "EXTRA_COMPILER_FLAGS=-mcpu=cortex-a9 -mfpu=vfpv3 -mfloat-abi=har
TRACE::2026-08-06.09:33:56::SCWBDomain::d -nostartfiles -g -Wall -Wextra"

TRACE::2026-08-06.09:33:56::SCWBDomain::"Running Make include in ps7_cortexa9_0/libsrc/ddrps_v1_2/src"

TRACE::2026-08-06.09:33:56::SCWBDomain::make -C ps7_cortexa9_0/libsrc/ddrps_v1_2/src -s include  "SHELL=CMD" "COMPILER=arm-none-eabi-gcc" "ASSEMBLER=arm-none-eabi-as" 
TRACE::2026-08-06.09:33:56::SCWBDomain::"ARCHIVER=arm-none-eabi-ar" "COMPILER_FLAGS=  -O2 -c" "EXTRA_COMPILER_FLAGS=-mcpu=cortex-a9 -mfpu=vfpv3 -mfloat-abi=hard -nosta
TRACE::2026-08-06.09:33:56::SCWBDomain::rtfiles -g -Wall -Wextra"

TRACE::2026-08-06.09:33:56::SCWBDomain::"Running Make include in ps7_cortexa9_0/libsrc/devcfg_v3_7/src"

TRACE::2026-08-06.09:33:56::SCWBDomain::make -C ps7_cortexa9_0/libsrc/devcfg_v3_7/src -s include  "SHELL=CMD" "COMPILER=arm-none-eabi-gcc" "ASSEMBLER=arm-none-eabi-as"
TRACE::2026-08-06.09:33:56::SCWBDomain:: "ARCHIVER=arm-none-eabi-ar" "COMPILER_FLAGS=  -O2 -c" "EXTRA_COMPILER_FLAGS=-mcpu=cortex-a9 -mfpu=vfpv3 -mfloat-abi=hard -nost
TRACE::2026-08-06.09:33:56::SCWBDomain::artfiles -g -Wall -Wextra"

TRACE::2026-08-06.09:33:56::SCWBDomain::"Running Make include in ps7_cortexa9_0/libsrc/dmaps_v2_7/src"

TRACE::2026-08-06.09:33:56::SCWBDomain::make -C ps7_cortexa9_0/libsrc/dmaps_v2_7/src -s include  "SHELL=CMD" "COMPILER=arm-none-eabi-gcc" "ASSEMBLER=arm-none-eabi-as" 
TRACE::2026-08-06.09:33:56::SCWBDomain::"ARCHIVER=arm-none-eabi-ar" "COMPILER_FLAGS=  -O2 -c" "EXTRA_COMPILER_FLAGS=-mcpu=cortex-a9 -mfpu=vfpv3 -mfloat-abi=hard -nosta
TRACE::2026-08-06.09:33:56::SCWBDomain::rtfiles -g -Wall -Wextra"

TRACE::2026-08-06.09:33:56::SCWBDomain::"Running Make include in ps7_cortexa9_0/libsrc/emacps_v3_12/src"

TRACE::2026-08-06.09:33:56::SCWBDomain::make -C ps7_cortexa9_0/libsrc/emacps_v3_12/src -s include  "SHELL=CMD" "COMPILER=arm-none-eabi-gcc" "ASSEMBLER=arm-none-eabi-as
TRACE::2026-08-06.09:33:56::SCWBDomain::" "ARCHIVER=arm-none-eabi-ar" "COMPILER_FLAGS=  -O2 -c" "EXTRA_COMPILER_FLAGS=-mcpu=cortex-a9 -mfpu=vfpv3 -mfloat-abi=hard -nos
TRACE::2026-08-06.09:33:56::SCWBDomain::tartfiles -g -Wall -Wextra"

TRACE::2026-08-06.09:33:56::SCWBDomain::"Running Make include in ps7_cortexa9_0/libsrc/gpiops_v3_8/src"

TRACE::2026-08-06.09:33:56::SCWBDomain::make -C ps7_cortexa9_0/libsrc/gpiops_v3_8/src -s include  "SHELL=CMD" "COMPILER=arm-none-eabi-gcc" "ASSEMBLER=arm-none-eabi-as"
TRACE::2026-08-06.09:33:56::SCWBDomain:: "ARCHIVER=arm-none-eabi-ar" "COMPILER_FLAGS=  -O2 -c" "EXTRA_COMPILER_FLAGS=-mcpu=cortex-a9 -mfpu=vfpv3 -mfloat-abi=hard -nost
TRACE::2026-08-06.09:33:56::SCWBDomain::artfiles -g -Wall -Wextra"

TRACE::2026-08-06.09:33:56::SCWBDomain::"Running Make include in ps7_cortexa9_0/libsrc/qspips_v3_8/src"

TRACE::2026-08-06.09:33:56::SCWBDomain::make -C ps7_cortexa9_0/libsrc/qspips_v3_8/src -s include  "SHELL=CMD" "COMPILER=arm-none-eabi-gcc" "ASSEMBLER=arm-none-eabi-as"
TRACE::2026-08-06.09:33:56::SCWBDomain:: "ARCHIVER=arm-none-eabi-ar" "COMPILER_FLAGS=  -O2 -c" "EXTRA_COMPILER_FLAGS=-mcpu=cortex-a9 -mfpu=vfpv3 -mfloat-abi=hard -nost
TRACE::2026-08-06.09:33:56::SCWBDomain::artfiles -g -Wall -Wextra"

TRACE::2026-08-06.09:33:56::SCWBDomain::"Running Make include in ps7_cortexa9_0/libsrc/scugic_v4_3/src"

TRACE::2026-08-06.09:33:56::SCWBDomain::make -C ps7_cortexa9_0/libsrc/scugic_v4_3/src -s include  "SHELL=CMD" "COMPILER=arm-none-eabi-gcc" "ASSEMBLER=arm-none-eabi-as"
TRACE::2026-08-06.09:33:56::SCWBDomain:: "ARCHIVER=arm-none-eabi-ar" "COMPILER_FLAGS=  -O2 -c" "EXTRA_COMPILER_FLAGS=-mcpu=cortex-a9 -mfpu=vfpv3 -mfloat-abi=hard -nost
TRACE::2026-08-06.09:33:56::SCWBDomain::artfiles -g -Wall -Wextra"

TRACE::2026-08-06.09:33:56::SCWBDomain::"Running Make include in ps7_cortexa9_0/libsrc/scutimer_v2_3/src"

TRACE::2026-08-06.09:33:56::SCWBDomain::make -C ps7_cortexa9_0/libsrc/scutimer_v2_3/src -s include  "SHELL=CMD" "COMPILER=arm-none-eabi-gcc" "ASSEMBLER=arm-none-eabi-a
TRACE::2026-08-06.09:33:56::SCWBDomain::s" "ARCHIVER=arm-none-eabi-ar" "COMPILER_FLAGS=  -O2 -c" "EXTRA_COMPILER_FLAGS=-mcpu=cortex-a9 -mfpu=vfpv3 -mfloat-abi=hard -no
TRACE::2026-08-06.09:33:56::SCWBDomain::startfiles -g -Wall -Wextra"

TRACE::2026-08-06.09:33:56::SCWBDomain::"Running Make include in ps7_cortexa9_0/libsrc/scuwdt_v2_3/src"

TRACE::2026-08-06.09:33:56::SCWBDomain::make -C ps7_cortexa9_0/libsrc/scuwdt_v2_3/src -s include  "SHELL=CMD" "COMPILER=arm-none-eabi-gcc" "ASSEMBLER=arm-none-eabi-as"
TRACE::2026-08-06.09:33:56::SCWBDomain:: "ARCHIVER=arm-none-eabi-ar" "COMPILER_FLAGS=  -O2 -c" "EXTRA_COMPILER_FLAGS=-mcpu=cortex-a9 -mfpu=vfpv3 -mfloat-abi=hard -nost
TRACE::2026-08-06.09:33:56::SCWBDomain::artfiles -g -Wall -Wextra"

TRACE::2026-08-06.09:33:56::SCWBDomain::"Running Make include in ps7_cortexa9_0/libsrc/sdps_v3_10/src"

TRACE::2026-08-06.09:33:56::SCWBDomain::make -C ps7_cortexa9_0/libsrc/sdps_v3_10/src -s include  "SHELL=CMD" "COMPILER=arm-none-eabi-gcc" "ASSEMBLER=arm-none-eabi-as" 
TRACE::2026-08-06.09:33:56::SCWBDomain::"ARCHIVER=arm-none-eabi-ar" "COMPILER_FLAGS=  -O2 -c" "EXTRA_COMPILER_FLAGS=-mcpu=cortex-a9 -mfpu=vfpv3 -mfloat-abi=hard -nosta
TRACE::2026-08-06.09:33:56::SCWBDomain::rtfiles -g -Wall -Wextra"

TRACE::2026-08-06.09:33:56::SCWBDomain::"Running Make include in ps7_cortexa9_0/libsrc/standalone_v7_3/src"

TRACE::2026-08-06.09:33:56::SCWBDomain::make -C ps7_cortexa9_0/libsrc/standalone_v7_3/src -s include  "SHELL=CMD" "COMPILER=arm-none-eabi-gcc" "ASSEMBLER=arm-none-eabi
TRACE::2026-08-06.09:33:56::SCWBDomain::-as" "ARCHIVER=arm-none-eabi-ar" "COMPILER_FLAGS=  -O2 -c" "EXTRA_COMPILER_FLAGS=-mcpu=cortex-a9 -mfpu=vfpv3 -mfloat-abi=hard -
TRACE::2026-08-06.09:33:56::SCWBDomain::nostartfiles -g -Wall -Wextra"

TRACE::2026-08-06.09:33:56::SCWBDomain::"Running Make include in ps7_cortexa9_0/libsrc/sysmon_v7_7/src"

TRACE::2026-08-06.09:33:56::SCWBDomain::make -C ps7_cortexa9_0/libsrc/sysmon_v7_7/src -s include  "SHELL=CMD" "COMPILER=arm-none-eabi-gcc" "ASSEMBLER=arm-none-eabi-as"
TRACE::2026-08-06.09:33:56::SCWBDomain:: "ARCHIVER=arm-none-eabi-ar" "COMPILER_FLAGS=  -O2 -c" "EXTRA_COMPILER_FLAGS=-mcpu=cortex-a9 -mfpu=vfpv3 -mfloat-abi=hard -nost
TRACE::2026-08-06.09:33:56::SCWBDomain::artfiles -g -Wall -Wextra"

TRACE::2026-08-06.09:33:56::SCWBDomain::"Running Make include in ps7_cortexa9_0/libsrc/uartps_v3_10/src"

TRACE::2026-08-06.09:33:56::SCWBDomain::make -C ps7_cortexa9_0/libsrc/uartps_v3_10/src -s include  "SHELL=CMD" "COMPILER=arm-none-eabi-gcc" "ASSEMBLER=arm-none-eabi-as
TRACE::2026-08-06.09:33:56::SCWBDomain::" "ARCHIVER=arm-none-eabi-ar" "COMPILER_FLAGS=  -O2 -c" "EXTRA_COMPILER_FLAGS=-mcpu=cortex-a9 -mfpu=vfpv3 -mfloat-abi=hard -nos
TRACE::2026-08-06.09:33:56::SCWBDomain::tartfiles -g -Wall -Wextra"

TRACE::2026-08-06.09:33:56::SCWBDomain::"Running Make include in ps7_cortexa9_0/libsrc/usbps_v2_6/src"

TRACE::2026-08-06.09:33:56::SCWBDomain::make -C ps7_cortexa9_0/libsrc/usbps_v2_6/src -s include  "SHELL=CMD" "COMPILER=arm-none-eabi-gcc" "ASSEMBLER=arm-none-eabi-as" 
TRACE::2026-08-06.09:33:56::SCWBDomain::"ARCHIVER=arm-none-eabi-ar" "COMPILER_FLAGS=  -O2 -c" "EXTRA_COMPILER_FLAGS=-mcpu=cortex-a9 -mfpu=vfpv3 -mfloat-abi=hard -nosta
TRACE::2026-08-06.09:33:56::SCWBDomain::rtfiles -g -Wall -Wextra"

TRACE::2026-08-06.09:33:56::SCWBDomain::"Running Make include in ps7_cortexa9_0/libsrc/xadcps_v2_5/src"

TRACE::2026-08-06.09:33:56::SCWBDomain::make -C ps7_cortexa9_0/libsrc/xadcps_v2_5/src -s include  "SHELL=CMD" "COMPILER=arm-none-eabi-gcc" "ASSEMBLER=arm-none-eabi-as"
TRACE::2026-08-06.09:33:56::SCWBDomain:: "ARCHIVER=arm-none-eabi-ar" "COMPILER_FLAGS=  -O2 -c" "EXTRA_COMPILER_FLAGS=-mcpu=cortex-a9 -mfpu=vfpv3 -mfloat-abi=hard -nost
TRACE::2026-08-06.09:33:56::SCWBDomain::artfiles -g -Wall -Wextra"

TRACE::2026-08-06.09:33:56::SCWBDomain::"Running Make include in ps7_cortexa9_0/libsrc/xilffs_v4_4/src"

TRACE::2026-08-06.09:33:56::SCWBDomain::make -C ps7_cortexa9_0/libsrc/xilffs_v4_4/src -s include  "SHELL=CMD" "COMPILER=arm-none-eabi-gcc" "ASSEMBLER=arm-none-eabi-as"
TRACE::2026-08-06.09:33:56::SCWBDomain:: "ARCHIVER=arm-none-eabi-ar" "COMPILER_FLAGS=  -O2 -c" "EXTRA_COMPILER_FLAGS=-mcpu=cortex-a9 -mfpu=vfpv3 -mfloat-abi=hard -nost
TRACE::2026-08-06.09:33:56::SCWBDomain::artfiles -g -Wall -Wextra"

TRACE::2026-08-06.09:33:56::SCWBDomain::"Running Make include in ps7_cortexa9_0/libsrc/xilrsa_v1_6/src"

TRACE::2026-08-06.09:33:56::SCWBDomain::make -C ps7_cortexa9_0/libsrc/xilrsa_v1_6/src -s include  "SHELL=CMD" "COMPILER=arm-none-eabi-gcc" "ASSEMBLER=arm-none-eabi-as"
TRACE::2026-08-06.09:33:56::SCWBDomain:: "ARCHIVER=arm-none-eabi-ar" "COMPILER_FLAGS=  -O2 -c" "EXTRA_COMPILER_FLAGS=-mcpu=cortex-a9 -mfpu=vfpv3 -mfloat-abi=hard -nost
TRACE::2026-08-06.09:33:56::SCWBDomain::artfiles -g -Wall -Wextra"

TRACE::2026-08-06.09:33:56::SCWBDomain::"Running Make libs in ps7_cortexa9_0/libsrc/coresightps_dcc_v1_8/src"

TRACE::2026-08-06.09:33:56::SCWBDomain::make -C ps7_cortexa9_0/libsrc/coresightps_dcc_v1_8/src -s libs  "SHELL=CMD" "COMPILER=arm-none-eabi-gcc" "ASSEMBLER=arm-none-ea
TRACE::2026-08-06.09:33:56::SCWBDomain::bi-as" "ARCHIVER=arm-none-eabi-ar" "COMPILER_FLAGS=  -O2 -c" "EXTRA_COMPILER_FLAGS=-mcpu=cortex-a9 -mfpu=vfpv3 -mfloat-abi=hard
TRACE::2026-08-06.09:33:56::SCWBDomain:: -nostartfiles -g -Wall -Wextra"

TRACE::2026-08-06.09:33:56::SCWBDomain::"Running Make libs in ps7_cortexa9_0/libsrc/cpu_cortexa9_v2_10/src"

TRACE::2026-08-06.09:33:56::SCWBDomain::make -C ps7_cortexa9_0/libsrc/cpu_cortexa9_v2_10/src -s libs  "SHELL=CMD" "COMPILER=arm-none-eabi-gcc" "ASSEMBLER=arm-none-eabi
TRACE::2026-08-06.09:33:56::SCWBDomain::-as" "ARCHIVER=arm-none-eabi-ar" "COMPILER_FLAGS=  -O2 -c" "EXTRA_COMPILER_FLAGS=-mcpu=cortex-a9 -mfpu=vfpv3 -mfloat-abi=hard -
TRACE::2026-08-06.09:33:56::SCWBDomain::nostartfiles -g -Wall -Wextra"

TRACE::2026-08-06.09:33:56::SCWBDomain::"Running Make libs in ps7_cortexa9_0/libsrc/ddrps_v1_2/src"

TRACE::2026-08-06.09:33:56::SCWBDomain::make -C ps7_cortexa9_0/libsrc/ddrps_v1_2/src -s libs  "SHELL=CMD" "COMPILER=arm-none-eabi-gcc" "ASSEMBLER=arm-none-eabi-as" "AR
TRACE::2026-08-06.09:33:56::SCWBDomain::CHIVER=arm-none-eabi-ar" "COMPILER_FLAGS=  -O2 -c" "EXTRA_COMPILER_FLAGS=-mcpu=cortex-a9 -mfpu=vfpv3 -mfloat-abi=hard -nostartf
TRACE::2026-08-06.09:33:56::SCWBDomain::iles -g -Wall -Wextra"

TRACE::2026-08-06.09:33:56::SCWBDomain::"Running Make libs in ps7_cortexa9_0/libsrc/devcfg_v3_7/src"

TRACE::2026-08-06.09:33:56::SCWBDomain::make -C ps7_cortexa9_0/libsrc/devcfg_v3_7/src -s libs  "SHELL=CMD" "COMPILER=arm-none-eabi-gcc" "ASSEMBLER=arm-none-eabi-as" "A
TRACE::2026-08-06.09:33:56::SCWBDomain::RCHIVER=arm-none-eabi-ar" "COMPILER_FLAGS=  -O2 -c" "EXTRA_COMPILER_FLAGS=-mcpu=cortex-a9 -mfpu=vfpv3 -mfloat-abi=hard -nostart
TRACE::2026-08-06.09:33:56::SCWBDomain::files -g -Wall -Wextra"

TRACE::2026-08-06.09:33:56::SCWBDomain::"Running Make libs in ps7_cortexa9_0/libsrc/dmaps_v2_7/src"

TRACE::2026-08-06.09:33:56::SCWBDomain::make -C ps7_cortexa9_0/libsrc/dmaps_v2_7/src -s libs  "SHELL=CMD" "COMPILER=arm-none-eabi-gcc" "ASSEMBLER=arm-none-eabi-as" "AR
TRACE::2026-08-06.09:33:56::SCWBDomain::CHIVER=arm-none-eabi-ar" "COMPILER_FLAGS=  -O2 -c" "EXTRA_COMPILER_FLAGS=-mcpu=cortex-a9 -mfpu=vfpv3 -mfloat-abi=hard -nostartf
TRACE::2026-08-06.09:33:56::SCWBDomain::iles -g -Wall -Wextra"

TRACE::2026-08-06.09:33:56::SCWBDomain::"Running Make libs in ps7_cortexa9_0/libsrc/emacps_v3_12/src"

TRACE::2026-08-06.09:33:56::SCWBDomain::make -C ps7_cortexa9_0/libsrc/emacps_v3_12/src -s libs  "SHELL=CMD" "COMPILER=arm-none-eabi-gcc" "ASSEMBLER=arm-none-eabi-as" "
TRACE::2026-08-06.09:33:56::SCWBDomain::ARCHIVER=arm-none-eabi-ar" "COMPILER_FLAGS=  -O2 -c" "EXTRA_COMPILER_FLAGS=-mcpu=cortex-a9 -mfpu=vfpv3 -mfloat-abi=hard -nostar
TRACE::2026-08-06.09:33:56::SCWBDomain::tfiles -g -Wall -Wextra"

TRACE::2026-08-06.09:33:56::SCWBDomain::"Running Make libs in ps7_cortexa9_0/libsrc/gpiops_v3_8/src"

TRACE::2026-08-06.09:33:56::SCWBDomain::make -C ps7_cortexa9_0/libsrc/gpiops_v3_8/src -s libs  "SHELL=CMD" "COMPILER=arm-none-eabi-gcc" "ASSEMBLER=arm-none-eabi-as" "A
TRACE::2026-08-06.09:33:56::SCWBDomain::RCHIVER=arm-none-eabi-ar" "COMPILER_FLAGS=  -O2 -c" "EXTRA_COMPILER_FLAGS=-mcpu=cortex-a9 -mfpu=vfpv3 -mfloat-abi=hard -nostart
TRACE::2026-08-06.09:33:56::SCWBDomain::files -g -Wall -Wextra"

TRACE::2026-08-06.09:33:56::SCWBDomain::"Running Make libs in ps7_cortexa9_0/libsrc/qspips_v3_8/src"

TRACE::2026-08-06.09:33:56::SCWBDomain::make -C ps7_cortexa9_0/libsrc/qspips_v3_8/src -s libs  "SHELL=CMD" "COMPILER=arm-none-eabi-gcc" "ASSEMBLER=arm-none-eabi-as" "A
TRACE::2026-08-06.09:33:56::SCWBDomain::RCHIVER=arm-none-eabi-ar" "COMPILER_FLAGS=  -O2 -c" "EXTRA_COMPILER_FLAGS=-mcpu=cortex-a9 -mfpu=vfpv3 -mfloat-abi=hard -nostart
TRACE::2026-08-06.09:33:56::SCWBDomain::files -g -Wall -Wextra"

TRACE::2026-08-06.09:33:56::SCWBDomain::"Running Make libs in ps7_cortexa9_0/libsrc/scugic_v4_3/src"

TRACE::2026-08-06.09:33:56::SCWBDomain::make -C ps7_cortexa9_0/libsrc/scugic_v4_3/src -s libs  "SHELL=CMD" "COMPILER=arm-none-eabi-gcc" "ASSEMBLER=arm-none-eabi-as" "A
TRACE::2026-08-06.09:33:56::SCWBDomain::RCHIVER=arm-none-eabi-ar" "COMPILER_FLAGS=  -O2 -c" "EXTRA_COMPILER_FLAGS=-mcpu=cortex-a9 -mfpu=vfpv3 -mfloat-abi=hard -nostart
TRACE::2026-08-06.09:33:56::SCWBDomain::files -g -Wall -Wextra"

TRACE::2026-08-06.09:33:56::SCWBDomain::"Running Make libs in ps7_cortexa9_0/libsrc/scutimer_v2_3/src"

TRACE::2026-08-06.09:33:56::SCWBDomain::make -C ps7_cortexa9_0/libsrc/scutimer_v2_3/src -s libs  "SHELL=CMD" "COMPILER=arm-none-eabi-gcc" "ASSEMBLER=arm-none-eabi-as" 
TRACE::2026-08-06.09:33:56::SCWBDomain::"ARCHIVER=arm-none-eabi-ar" "COMPILER_FLAGS=  -O2 -c" "EXTRA_COMPILER_FLAGS=-mcpu=cortex-a9 -mfpu=vfpv3 -mfloat-abi=hard -nosta
TRACE::2026-08-06.09:33:56::SCWBDomain::rtfiles -g -Wall -Wextra"

TRACE::2026-08-06.09:33:56::SCWBDomain::"Running Make libs in ps7_cortexa9_0/libsrc/scuwdt_v2_3/src"

TRACE::2026-08-06.09:33:56::SCWBDomain::make -C ps7_cortexa9_0/libsrc/scuwdt_v2_3/src -s libs  "SHELL=CMD" "COMPILER=arm-none-eabi-gcc" "ASSEMBLER=arm-none-eabi-as" "A
TRACE::2026-08-06.09:33:56::SCWBDomain::RCHIVER=arm-none-eabi-ar" "COMPILER_FLAGS=  -O2 -c" "EXTRA_COMPILER_FLAGS=-mcpu=cortex-a9 -mfpu=vfpv3 -mfloat-abi=hard -nostart
TRACE::2026-08-06.09:33:56::SCWBDomain::files -g -Wall -Wextra"

TRACE::2026-08-06.09:33:56::SCWBDomain::"Running Make libs in ps7_cortexa9_0/libsrc/sdps_v3_10/src"

TRACE::2026-08-06.09:33:56::SCWBDomain::make -C ps7_cortexa9_0/libsrc/sdps_v3_10/src -s libs  "SHELL=CMD" "COMPILER=arm-none-eabi-gcc" "ASSEMBLER=arm-none-eabi-as" "AR
TRACE::2026-08-06.09:33:56::SCWBDomain::CHIVER=arm-none-eabi-ar" "COMPILER_FLAGS=  -O2 -c" "EXTRA_COMPILER_FLAGS=-mcpu=cortex-a9 -mfpu=vfpv3 -mfloat-abi=hard -nostartf
TRACE::2026-08-06.09:33:56::SCWBDomain::iles -g -Wall -Wextra"

TRACE::2026-08-06.09:33:56::SCWBDomain::"Running Make libs in ps7_cortexa9_0/libsrc/standalone_v7_3/src"

TRACE::2026-08-06.09:33:56::SCWBDomain::make -C ps7_cortexa9_0/libsrc/standalone_v7_3/src -s libs  "SHELL=CMD" "COMPILER=arm-none-eabi-gcc" "ASSEMBLER=arm-none-eabi-as
TRACE::2026-08-06.09:33:56::SCWBDomain::" "ARCHIVER=arm-none-eabi-ar" "COMPILER_FLAGS=  -O2 -c" "EXTRA_COMPILER_FLAGS=-mcpu=cortex-a9 -mfpu=vfpv3 -mfloat-abi=hard -nos
TRACE::2026-08-06.09:33:56::SCWBDomain::tartfiles -g -Wall -Wextra"

TRACE::2026-08-06.09:33:57::SCWBDomain::"Running Make libs in ps7_cortexa9_0/libsrc/sysmon_v7_7/src"

TRACE::2026-08-06.09:33:57::SCWBDomain::"Running Make libs in ps7_cortexa9_0/libsrc/uartps_v3_10/src"

TRACE::2026-08-06.09:33:57::SCWBDomain::make -C ps7_cortexa9_0/libsrc/sysmon_v7_7/src -s libs  "SHELL=CMD" "COMPILER=arm-none-eabi-gcc" "ASSEMBLER=arm-none-eabi-as" "A
TRACE::2026-08-06.09:33:57::SCWBDomain::RCHIVER=arm-none-eabi-ar" "COMPILER_FLAGS=  -O2 -c" "EXTRA_COMPILER_FLAGS=-mcpu=cortex-a9 -mfpu=vfpv3 -mfloat-abi=hard -nostart
TRACE::2026-08-06.09:33:57::SCWBDomain::files -g -Wall -Wextra"

TRACE::2026-08-06.09:33:57::SCWBDomain::make -C ps7_cortexa9_0/libsrc/uartps_v3_10/src -s libs  "SHELL=CMD" "COMPILER=arm-none-eabi-gcc" "ASSEMBLER=arm-none-eabi-as" "
TRACE::2026-08-06.09:33:57::SCWBDomain::ARCHIVER=arm-none-eabi-ar" "COMPILER_FLAGS=  -O2 -c" "EXTRA_COMPILER_FLAGS=-mcpu=cortex-a9 -mfpu=vfpv3 -mfloat-abi=hard -nostar
TRACE::2026-08-06.09:33:57::SCWBDomain::tfiles -g -Wall -Wextra"

TRACE::2026-08-06.09:33:57::SCWBDomain::"Running Make libs in ps7_cortexa9_0/libsrc/usbps_v2_6/src"

TRACE::2026-08-06.09:33:57::SCWBDomain::make -C ps7_cortexa9_0/libsrc/usbps_v2_6/src -s libs  "SHELL=CMD" "COMPILER=arm-none-eabi-gcc" "ASSEMBLER=arm-none-eabi-as" "AR
TRACE::2026-08-06.09:33:57::SCWBDomain::CHIVER=arm-none-eabi-ar" "COMPILER_FLAGS=  -O2 -c" "EXTRA_COMPILER_FLAGS=-mcpu=cortex-a9 -mfpu=vfpv3 -mfloat-abi=hard -nostartf
TRACE::2026-08-06.09:33:57::SCWBDomain::iles -g -Wall -Wextra"

TRACE::2026-08-06.09:33:57::SCWBDomain::"Running Make libs in ps7_cortexa9_0/libsrc/xadcps_v2_5/src"

TRACE::2026-08-06.09:33:57::SCWBDomain::make -C ps7_cortexa9_0/libsrc/xadcps_v2_5/src -s libs  "SHELL=CMD" "COMPILER=arm-none-eabi-gcc" "ASSEMBLER=arm-none-eabi-as" "A
TRACE::2026-08-06.09:33:57::SCWBDomain::RCHIVER=arm-none-eabi-ar" "COMPILER_FLAGS=  -O2 -c" "EXTRA_COMPILER_FLAGS=-mcpu=cortex-a9 -mfpu=vfpv3 -mfloat-abi=hard -nostart
TRACE::2026-08-06.09:33:57::SCWBDomain::files -g -Wall -Wextra"

TRACE::2026-08-06.09:33:57::SCWBDomain::"Running Make libs in ps7_cortexa9_0/libsrc/xilffs_v4_4/src"

TRACE::2026-08-06.09:33:57::SCWBDomain::make -C ps7_cortexa9_0/libsrc/xilffs_v4_4/src -s libs  "SHELL=CMD" "COMPILER=arm-none-eabi-gcc" "ASSEMBLER=arm-none-eabi-as" "A
TRACE::2026-08-06.09:33:57::SCWBDomain::RCHIVER=arm-none-eabi-ar" "COMPILER_FLAGS=  -O2 -c" "EXTRA_COMPILER_FLAGS=-mcpu=cortex-a9 -mfpu=vfpv3 -mfloat-abi=hard -nostart
TRACE::2026-08-06.09:33:57::SCWBDomain::files -g -Wall -Wextra"

TRACE::2026-08-06.09:33:58::SCWBDomain::'Finished building libraries parallelly.'

TRACE::2026-08-06.09:33:58::SCWBDomain::make --no-print-directory archive

TRACE::2026-08-06.09:33:58::SCWBDomain::arm-none-eabi-ar -r  ps7_cortexa9_0/lib/libxil.a ps7_cortexa9_0/lib/xadcps_selftest.o ps7_cortexa9_0/lib/xplatform_info.o ps7_c
TRACE::2026-08-06.09:33:58::SCWBDomain::ortexa9_0/lib/xil_mmu.o ps7_cortexa9_0/lib/_exit.o ps7_cortexa9_0/lib/isatty.o ps7_cortexa9_0/lib/xusbps_sinit.o ps7_cortexa9_0
TRACE::2026-08-06.09:33:58::SCWBDomain::/lib/xdevcfg_hw.o ps7_cortexa9_0/lib/xil_sleeptimer.o ps7_cortexa9_0/lib/xqspips_options.o ps7_cortexa9_0/lib/xdmaps_g.o ps7_co
TRACE::2026-08-06.09:33:58::SCWBDomain::rtexa9_0/lib/xscutimer_g.o ps7_cortexa9_0/lib/xsdps_options.o ps7_cortexa9_0/lib/xil_misc_psreset_api.o ps7_cortexa9_0/lib/xdma
TRACE::2026-08-06.09:33:58::SCWBDomain::ps_sinit.o ps7_cortexa9_0/lib/xscutimer_sinit.o ps7_cortexa9_0/lib/xemacps_hw.o ps7_cortexa9_0/lib/inbyte.o ps7_cortexa9_0/lib/
TRACE::2026-08-06.09:33:58::SCWBDomain::xdmaps_selftest.o ps7_cortexa9_0/lib/xscutimer_selftest.o ps7_cortexa9_0/lib/putnum.o ps7_cortexa9_0/lib/xqspips_hw.o ps7_corte
TRACE::2026-08-06.09:33:58::SCWBDomain::xa9_0/lib/xgpiops_g.o ps7_cortexa9_0/lib/xsdps.o ps7_cortexa9_0/lib/xgpiops_intr.o ps7_cortexa9_0/lib/xemacps_g.o ps7_cortexa9_
TRACE::2026-08-06.09:33:58::SCWBDomain::0/lib/xgpiops_sinit.o ps7_cortexa9_0/lib/xgpiops_selftest.o ps7_cortexa9_0/lib/xscuwdt.o ps7_cortexa9_0/lib/xgpiops.o ps7_corte
TRACE::2026-08-06.09:33:58::SCWBDomain::xa9_0/lib/xil_mem.o ps7_cortexa9_0/lib/xil_printf.o ps7_cortexa9_0/lib/kill.o ps7_cortexa9_0/lib/xuartps_g.o ps7_cortexa9_0/lib
TRACE::2026-08-06.09:33:58::SCWBDomain::/xadcps.o ps7_cortexa9_0/lib/xuartps_sinit.o ps7_cortexa9_0/lib/xuartps_selftest.o ps7_cortexa9_0/lib/outbyte.o ps7_cortexa9_0/
TRACE::2026-08-06.09:33:58::SCWBDomain::lib/lseek.o ps7_cortexa9_0/lib/xusbps_hw.o ps7_cortexa9_0/lib/xl2cc_counter.o ps7_cortexa9_0/lib/asm_vectors.o ps7_cortexa9_0/l
TRACE::2026-08-06.09:33:58::SCWBDomain::ib/abort.o ps7_cortexa9_0/lib/xscugic_intr.o ps7_cortexa9_0/lib/getpid.o ps7_cortexa9_0/lib/xil_testcache.o ps7_cortexa9_0/lib/
TRACE::2026-08-06.09:33:58::SCWBDomain::xsysmon_intr.o ps7_cortexa9_0/lib/xdmaps.o ps7_cortexa9_0/lib/xscutimer.o ps7_cortexa9_0/lib/xdevcfg_selftest.o ps7_cortexa9_0/
TRACE::2026-08-06.09:33:58::SCWBDomain::lib/xpm_counter.o ps7_cortexa9_0/lib/_sbrk.o ps7_cortexa9_0/lib/xemacps_sinit.o ps7_cortexa9_0/lib/xqspips_g.o ps7_cortexa9_0/l
TRACE::2026-08-06.09:33:58::SCWBDomain::ib/xusbps.o ps7_cortexa9_0/lib/xusbps_endpoint.o ps7_cortexa9_0/lib/xusbps_g.o ps7_cortexa9_0/lib/xsdps_sinit.o ps7_cortexa9_0/
TRACE::2026-08-06.09:33:58::SCWBDomain::lib/xdevcfg_sinit.o ps7_cortexa9_0/lib/xqspips_selftest.o ps7_cortexa9_0/lib/xil_exception.o ps7_cortexa9_0/lib/xil_testmem.o p
TRACE::2026-08-06.09:33:58::SCWBDomain::s7_cortexa9_0/lib/xil_clocking.o ps7_cortexa9_0/lib/xemacps_control.o ps7_cortexa9_0/lib/open.o ps7_cortexa9_0/lib/xil_assert.o
TRACE::2026-08-06.09:33:58::SCWBDomain:: ps7_cortexa9_0/lib/xil-crt0.o ps7_cortexa9_0/lib/xusbps_intr.o ps7_cortexa9_0/lib/xsdps_host.o ps7_cortexa9_0/lib/xcoresightps
TRACE::2026-08-06.09:33:58::SCWBDomain::dcc.o ps7_cortexa9_0/lib/xscugic_hw.o ps7_cortexa9_0/lib/xuartps.o ps7_cortexa9_0/lib/sleep.o ps7_cortexa9_0/lib/cpputest_time.
TRACE::2026-08-06.09:33:58::SCWBDomain::o ps7_cortexa9_0/lib/close.o ps7_cortexa9_0/lib/print.o ps7_cortexa9_0/lib/read.o ps7_cortexa9_0/lib/xdevcfg.o ps7_cortexa9_0/l
TRACE::2026-08-06.09:33:58::SCWBDomain::ib/xadcps_intr.o ps7_cortexa9_0/lib/xqspips.o ps7_cortexa9_0/lib/xemacps.o ps7_cortexa9_0/lib/xil_cache.o ps7_cortexa9_0/lib/xi
TRACE::2026-08-06.09:33:58::SCWBDomain::l_testio.o ps7_cortexa9_0/lib/_open.o ps7_cortexa9_0/lib/xscugic_sinit.o ps7_cortexa9_0/lib/unlink.o ps7_cortexa9_0/lib/transla
TRACE::2026-08-06.09:33:58::SCWBDomain::tion_table.o ps7_cortexa9_0/lib/write.o ps7_cortexa9_0/lib/boot.o ps7_cortexa9_0/lib/xemacps_bdring.o ps7_cortexa9_0/lib/cpu_in
TRACE::2026-08-06.09:33:58::SCWBDomain::it.o ps7_cortexa9_0/lib/vectors.o ps7_cortexa9_0/lib/usleep.o ps7_cortexa9_0/lib/xil_sleepcommon.o ps7_cortexa9_0/lib/xscugic_g
TRACE::2026-08-06.09:33:58::SCWBDomain::.o ps7_cortexa9_0/lib/xsysmon_g.o ps7_cortexa9_0/lib/fcntl.o ps7_cortexa9_0/lib/xdevcfg_g.o ps7_cortexa9_0/lib/xscugic_selftest
TRACE::2026-08-06.09:33:58::SCWBDomain::.o ps7_cortexa9_0/lib/xsysmon_sinit.o ps7_cortexa9_0/lib/xsysmon_selftest.o ps7_cortexa9_0/lib/xtime_l.o ps7_cortexa9_0/lib/xil
TRACE::2026-08-06.09:33:58::SCWBDomain::_util.o ps7_cortexa9_0/lib/xuartps_intr.o ps7_cortexa9_0/lib/xsdps_card.o ps7_cortexa9_0/lib/xdmaps_hw.o ps7_cortexa9_0/lib/sbr
TRACE::2026-08-06.09:33:58::SCWBDomain::k.o ps7_cortexa9_0/lib/xgpiops_hw.o ps7_cortexa9_0/lib/xsdps_g.o ps7_cortexa9_0/lib/fstat.o ps7_cortexa9_0/lib/errno.o ps7_cort
TRACE::2026-08-06.09:33:58::SCWBDomain::exa9_0/lib/xdevcfg_intr.o ps7_cortexa9_0/lib/xuartps_options.o ps7_cortexa9_0/lib/xscuwdt_g.o ps7_cortexa9_0/lib/xscuwdt_sinit.
TRACE::2026-08-06.09:33:58::SCWBDomain::o ps7_cortexa9_0/lib/xemacps_intr.o ps7_cortexa9_0/lib/xscuwdt_selftest.o ps7_cortexa9_0/lib/xsysmon.o ps7_cortexa9_0/lib/xscug
TRACE::2026-08-06.09:33:58::SCWBDomain::ic.o ps7_cortexa9_0/lib/xuartps_hw.o ps7_cortexa9_0/lib/xadcps_g.o ps7_cortexa9_0/lib/xqspips_sinit.o ps7_cortexa9_0/lib/xadcps
TRACE::2026-08-06.09:33:58::SCWBDomain::_sinit.o

TRACE::2026-08-06.09:33:58::SCWBDomain::'Finished building libraries'

TRACE::2026-08-06.09:33:58::SCWBDomain::make: Leaving directory 'C:/Users/Thomas/Desktop/TP_MISTRE/TP_PROCESSEUR/Projet_Vitis/XADC_SingleCh14/zynq_fsbl/zynq_fsbl_bsp'

TRACE::2026-08-06.09:33:58::SCWBDomain::arm-none-eabi-gcc -MMD -MP       -mcpu=cortex-a9 -mfpu=vfpv3 -mfloat-abi=hard   -O2 -c -c sd.c -o sd.o -Izynq_fsbl_bsp/ps7_cort
TRACE::2026-08-06.09:33:58::SCWBDomain::exa9_0/include -I.

TRACE::2026-08-06.09:33:58::SCWBDomain::arm-none-eabi-gcc -MMD -MP       -mcpu=cortex-a9 -mfpu=vfpv3 -mfloat-abi=hard   -O2 -c -c nand.c -o nand.o -Izynq_fsbl_bsp/ps7_
TRACE::2026-08-06.09:33:58::SCWBDomain::cortexa9_0/include -I.

TRACE::2026-08-06.09:33:58::SCWBDomain::arm-none-eabi-gcc -MMD -MP       -mcpu=cortex-a9 -mfpu=vfpv3 -mfloat-abi=hard   -O2 -c -c nor.c -o nor.o -Izynq_fsbl_bsp/ps7_co
TRACE::2026-08-06.09:33:58::SCWBDomain::rtexa9_0/include -I.

TRACE::2026-08-06.09:33:58::SCWBDomain::arm-none-eabi-gcc -MMD -MP       -mcpu=cortex-a9 -mfpu=vfpv3 -mfloat-abi=hard   -O2 -c -c image_mover.c -o image_mover.o -Izynq
TRACE::2026-08-06.09:33:58::SCWBDomain::_fsbl_bsp/ps7_cortexa9_0/include -I.

TRACE::2026-08-06.09:33:58::SCWBDomain::arm-none-eabi-gcc -MMD -MP       -mcpu=cortex-a9 -mfpu=vfpv3 -mfloat-abi=hard   -O2 -c -c md5.c -o md5.o -Izynq_fsbl_bsp/ps7_co
TRACE::2026-08-06.09:33:58::SCWBDomain::rtexa9_0/include -I.

TRACE::2026-08-06.09:33:58::SCWBDomain::arm-none-eabi-gcc -MMD -MP       -mcpu=cortex-a9 -mfpu=vfpv3 -mfloat-abi=hard   -O2 -c -c fsbl_hooks.c -o fsbl_hooks.o -Izynq_f
TRACE::2026-08-06.09:33:58::SCWBDomain::sbl_bsp/ps7_cortexa9_0/include -I.

TRACE::2026-08-06.09:33:58::SCWBDomain::arm-none-eabi-gcc -MMD -MP       -mcpu=cortex-a9 -mfpu=vfpv3 -mfloat-abi=hard   -O2 -c -c main.c -o main.o -Izynq_fsbl_bsp/ps7_
TRACE::2026-08-06.09:33:58::SCWBDomain::cortexa9_0/include -I.

TRACE::2026-08-06.09:33:58::SCWBDomain::arm-none-eabi-gcc -MMD -MP       -mcpu=cortex-a9 -mfpu=vfpv3 -mfloat-abi=hard   -O2 -c -c rsa.c -o rsa.o -Izynq_fsbl_bsp/ps7_co
TRACE::2026-08-06.09:33:58::SCWBDomain::rtexa9_0/include -I.

TRACE::2026-08-06.09:33:58::SCWBDomain::arm-none-eabi-gcc -MMD -MP       -mcpu=cortex-a9 -mfpu=vfpv3 -mfloat-abi=hard   -O2 -c -c qspi.c -o qspi.o -Izynq_fsbl_bsp/ps7_
TRACE::2026-08-06.09:33:58::SCWBDomain::cortexa9_0/include -I.

TRACE::2026-08-06.09:33:58::SCWBDomain::arm-none-eabi-gcc -MMD -MP       -mcpu=cortex-a9 -mfpu=vfpv3 -mfloat-abi=hard   -O2 -c -c ps7_init.c -o ps7_init.o -Izynq_fsbl_
TRACE::2026-08-06.09:33:58::SCWBDomain::bsp/ps7_cortexa9_0/include -I.

TRACE::2026-08-06.09:33:58::SCWBDomain::arm-none-eabi-gcc -MMD -MP       -mcpu=cortex-a9 -mfpu=vfpv3 -mfloat-abi=hard   -O2 -c -c pcap.c -o pcap.o -Izynq_fsbl_bsp/ps7_
TRACE::2026-08-06.09:33:58::SCWBDomain::cortexa9_0/include -I.

TRACE::2026-08-06.09:33:59::SCWBDomain::arm-none-eabi-gcc -MMD -MP       -mcpu=cortex-a9 -mfpu=vfpv3 -mfloat-abi=hard   -O2 -c -c fsbl_handoff.S -o fsbl_handoff.o -Izy
TRACE::2026-08-06.09:33:59::SCWBDomain::nq_fsbl_bsp/ps7_cortexa9_0/include -I.

TRACE::2026-08-06.09:33:59::SCWBDomain::arm-none-eabi-gcc -o fsbl.elf  sd.o  nand.o  nor.o  image_mover.o  md5.o  fsbl_hooks.o  main.o  rsa.o  qspi.o  ps7_init.o  pcap
TRACE::2026-08-06.09:33:59::SCWBDomain::.o  fsbl_handoff.o -MMD -MP       -mcpu=cortex-a9 -mfpu=vfpv3 -mfloat-abi=hard   -mcpu=cortex-a9 -mfpu=vfpv3 -mfloat-abi=hard -
TRACE::2026-08-06.09:33:59::SCWBDomain::Wl,-build-id=none -specs=Xilinx.spec  -lrsa -Wl,--start-group,-lxil,-lgcc,-lc,--end-group -Wl,--start-group,-lxilffs,-lxil,-lgc
TRACE::2026-08-06.09:33:59::SCWBDomain::c,-lc,--end-group -Wl,--start-group,-lrsa,-lxil,-lgcc,-lc,--end-group                                    -Wl,--gc-sections -Lzy
TRACE::2026-08-06.09:33:59::SCWBDomain::nq_fsbl_bsp/ps7_cortexa9_0/lib -L./ -Tlscript.ld

LOG::2026-08-06.09:33:59::SCWSystem::Checking the domain standalone_ps7_cortexa9_0
LOG::2026-08-06.09:33:59::SCWSystem::Not a boot domain 
LOG::2026-08-06.09:33:59::SCWSystem::Started Processing the domain standalone_ps7_cortexa9_0
TRACE::2026-08-06.09:33:59::SCWDomain::Generating domain artifcats
TRACE::2026-08-06.09:33:59::SCWMssOS::Generating standalone artifcats
TRACE::2026-08-06.09:33:59::SCWMssOS::Copying the qemu file from  C:/Xilinx/Vitis/2020.2/data/emulation/platforms/zynq/sw/a9_standalone/qemu/qemu_args.txt To C:/Users/Thomas/Desktop/TP_MISTRE/TP_PROCESSEUR/Projet_Vitis/XADC_SingleCh14/export/XADC_SingleCh14/sw/XADC_SingleCh14/qemu/
TRACE::2026-08-06.09:33:59::SCWMssOS::Copying the qemu file from  C:/Xilinx/Vitis/2020.2/data/emulation/platforms/zynq/sw/a9_standalone/qemu/qemu_args.txt To C:/Users/Thomas/Desktop/TP_MISTRE/TP_PROCESSEUR/Projet_Vitis/XADC_SingleCh14/export/XADC_SingleCh14/sw/XADC_SingleCh14/standalone_ps7_cortexa9_0/qemu/
TRACE::2026-08-06.09:33:59::SCWMssOS:: Copying the user libraries. 
TRACE::2026-08-06.09:33:59::SCWPlatform::Trying to open the hw design at C:/Users/Thomas/Desktop/TP_MISTRE/TP_PROCESSEUR/Projet_Vitis/XADC_SingleCh14/hw/XADC_SingleCh14.xsa
TRACE::2026-08-06.09:33:59::SCWPlatform::DSA given C:/Users/Thomas/Desktop/TP_MISTRE/TP_PROCESSEUR/Projet_Vitis/XADC_SingleCh14/hw/XADC_SingleCh14.xsa
TRACE::2026-08-06.09:33:59::SCWPlatform::DSA absoulate path C:/Users/Thomas/Desktop/TP_MISTRE/TP_PROCESSEUR/Projet_Vitis/XADC_SingleCh14/hw/XADC_SingleCh14.xsa
TRACE::2026-08-06.09:33:59::SCWPlatform::DSA directory C:/Users/Thomas/Desktop/TP_MISTRE/TP_PROCESSEUR/Projet_Vitis/XADC_SingleCh14/hw
TRACE::2026-08-06.09:33:59::SCWPlatform:: Platform Path C:/Users/Thomas/Desktop/TP_MISTRE/TP_PROCESSEUR/Projet_Vitis/XADC_SingleCh14/hw/XADC_SingleCh14.xsa
TRACE::2026-08-06.09:33:59::SCWPlatform:: Unique name xilinx:zybo-z7-20::0.0
TRACE::2026-08-06.09:33:59::SCWPlatform::Trying to set the existing hwdb with name design_1_wrapper_3
TRACE::2026-08-06.09:33:59::SCWPlatform::Opened existing hwdb design_1_wrapper_3
TRACE::2026-08-06.09:33:59::SCWPlatform::Found the Hw Db part of the input DSA
TRACE::2026-08-06.09:33:59::SCWMssOS::Checking the sw design at  C:/Users/Thomas/Desktop/TP_MISTRE/TP_PROCESSEUR/Projet_Vitis/XADC_SingleCh14/ps7_cortexa9_0/standalone_ps7_cortexa9_0/bsp/system.mss
TRACE::2026-08-06.09:33:59::SCWMssOS::DEBUG:  swdes dump  C:/Users/Thomas/Desktop/TP_MISTRE/TP_PROCESSEUR/Projet_Vitis/XADC_SingleCh14/ps7_cortexa9_0/standalone_ps7_cortexa9_0/bsp/system.mss|system_0||
C:/Users/Thomas/Desktop/TP_MISTRE/TP_PROCESSEUR/Projet_Vitis/XADC_SingleCh14/zynq_fsbl/zynq_fsbl_bsp/system.mss|system||

TRACE::2026-08-06.09:33:59::SCWMssOS::Sw design exists and opened at  C:/Users/Thomas/Desktop/TP_MISTRE/TP_PROCESSEUR/Projet_Vitis/XADC_SingleCh14/ps7_cortexa9_0/standalone_ps7_cortexa9_0/bsp/system.mss
TRACE::2026-08-06.09:33:59::SCWMssOS::Completed writing the mss file at C:/Users/Thomas/Desktop/TP_MISTRE/TP_PROCESSEUR/Projet_Vitis/XADC_SingleCh14/ps7_cortexa9_0/standalone_ps7_cortexa9_0/bsp
TRACE::2026-08-06.09:33:59::SCWMssOS::Mss edits present, copying mssfile into export location C:/Users/Thomas/Desktop/TP_MISTRE/TP_PROCESSEUR/Projet_Vitis/XADC_SingleCh14/ps7_cortexa9_0/standalone_ps7_cortexa9_0/bsp/system.mss
TRACE::2026-08-06.09:33:59::SCWMssOS::bsp generated is upto date with the mss file. Skipping bsp generation.
TRACE::2026-08-06.09:33:59::SCWMssOS::BSP is already built. skipping the bsp build ... 
TRACE::2026-08-06.09:33:59::SCWDomain::Building the domain as part of full build :  standalone_ps7_cortexa9_0
TRACE::2026-08-06.09:33:59::SCWMssOS::doing bsp build ... 
TRACE::2026-08-06.09:33:59::SCWMssOS::System Command Ran  C: & cd  C:/Users/Thomas/Desktop/TP_MISTRE/TP_PROCESSEUR/Projet_Vitis/XADC_SingleCh14/ps7_cortexa9_0/standalone_ps7_cortexa9_0/bsp & make 
TRACE::2026-08-06.09:33:59::SCWMssOS::make --no-print-directory seq_libs

TRACE::2026-08-06.09:33:59::SCWMssOS::'Finished building libraries sequentially.'

TRACE::2026-08-06.09:33:59::SCWMssOS::make -j --no-print-directory par_libs

TRACE::2026-08-06.09:33:59::SCWMssOS::"Running Make include in ps7_cortexa9_0/libsrc/coresightps_dcc_v1_8/src"

TRACE::2026-08-06.09:33:59::SCWMssOS::make -C ps7_cortexa9_0/libsrc/coresightps_dcc_v1_8/src -s include  "SHELL=CMD" "COMPILER=arm-none-eabi-gcc" "ASSEMBLER=arm-none
TRACE::2026-08-06.09:33:59::SCWMssOS::-eabi-as" "ARCHIVER=arm-none-eabi-ar" "COMPILER_FLAGS=  -O2 -c" "EXTRA_COMPILER_FLAGS=-mcpu=cortex-a9 -mfpu=vfpv3 -mfloat-abi=h
TRACE::2026-08-06.09:33:59::SCWMssOS::ard -nostartfiles -g -Wall -Wextra"

TRACE::2026-08-06.09:33:59::SCWMssOS::"Running Make include in ps7_cortexa9_0/libsrc/cpu_cortexa9_v2_10/src"

TRACE::2026-08-06.09:33:59::SCWMssOS::make -C ps7_cortexa9_0/libsrc/cpu_cortexa9_v2_10/src -s include  "SHELL=CMD" "COMPILER=arm-none-eabi-gcc" "ASSEMBLER=arm-none-e
TRACE::2026-08-06.09:33:59::SCWMssOS::abi-as" "ARCHIVER=arm-none-eabi-ar" "COMPILER_FLAGS=  -O2 -c" "EXTRA_COMPILER_FLAGS=-mcpu=cortex-a9 -mfpu=vfpv3 -mfloat-abi=har
TRACE::2026-08-06.09:33:59::SCWMssOS::d -nostartfiles -g -Wall -Wextra"

TRACE::2026-08-06.09:33:59::SCWMssOS::"Running Make include in ps7_cortexa9_0/libsrc/ddrps_v1_2/src"

TRACE::2026-08-06.09:33:59::SCWMssOS::make -C ps7_cortexa9_0/libsrc/ddrps_v1_2/src -s include  "SHELL=CMD" "COMPILER=arm-none-eabi-gcc" "ASSEMBLER=arm-none-eabi-as" 
TRACE::2026-08-06.09:33:59::SCWMssOS::"ARCHIVER=arm-none-eabi-ar" "COMPILER_FLAGS=  -O2 -c" "EXTRA_COMPILER_FLAGS=-mcpu=cortex-a9 -mfpu=vfpv3 -mfloat-abi=hard -nosta
TRACE::2026-08-06.09:33:59::SCWMssOS::rtfiles -g -Wall -Wextra"

TRACE::2026-08-06.09:33:59::SCWMssOS::"Running Make include in ps7_cortexa9_0/libsrc/devcfg_v3_7/src"

TRACE::2026-08-06.09:33:59::SCWMssOS::make -C ps7_cortexa9_0/libsrc/devcfg_v3_7/src -s include  "SHELL=CMD" "COMPILER=arm-none-eabi-gcc" "ASSEMBLER=arm-none-eabi-as"
TRACE::2026-08-06.09:33:59::SCWMssOS:: "ARCHIVER=arm-none-eabi-ar" "COMPILER_FLAGS=  -O2 -c" "EXTRA_COMPILER_FLAGS=-mcpu=cortex-a9 -mfpu=vfpv3 -mfloat-abi=hard -nost
TRACE::2026-08-06.09:33:59::SCWMssOS::artfiles -g -Wall -Wextra"

TRACE::2026-08-06.09:33:59::SCWMssOS::"Running Make include in ps7_cortexa9_0/libsrc/dmaps_v2_7/src"

TRACE::2026-08-06.09:33:59::SCWMssOS::make -C ps7_cortexa9_0/libsrc/dmaps_v2_7/src -s include  "SHELL=CMD" "COMPILER=arm-none-eabi-gcc" "ASSEMBLER=arm-none-eabi-as" 
TRACE::2026-08-06.09:33:59::SCWMssOS::"ARCHIVER=arm-none-eabi-ar" "COMPILER_FLAGS=  -O2 -c" "EXTRA_COMPILER_FLAGS=-mcpu=cortex-a9 -mfpu=vfpv3 -mfloat-abi=hard -nosta
TRACE::2026-08-06.09:33:59::SCWMssOS::rtfiles -g -Wall -Wextra"

TRACE::2026-08-06.09:33:59::SCWMssOS::"Running Make include in ps7_cortexa9_0/libsrc/emacps_v3_12/src"

TRACE::2026-08-06.09:33:59::SCWMssOS::make -C ps7_cortexa9_0/libsrc/emacps_v3_12/src -s include  "SHELL=CMD" "COMPILER=arm-none-eabi-gcc" "ASSEMBLER=arm-none-eabi-as
TRACE::2026-08-06.09:33:59::SCWMssOS::" "ARCHIVER=arm-none-eabi-ar" "COMPILER_FLAGS=  -O2 -c" "EXTRA_COMPILER_FLAGS=-mcpu=cortex-a9 -mfpu=vfpv3 -mfloat-abi=hard -nos
TRACE::2026-08-06.09:33:59::SCWMssOS::tartfiles -g -Wall -Wextra"

TRACE::2026-08-06.09:33:59::SCWMssOS::"Running Make include in ps7_cortexa9_0/libsrc/gpiops_v3_8/src"

TRACE::2026-08-06.09:33:59::SCWMssOS::make -C ps7_cortexa9_0/libsrc/gpiops_v3_8/src -s include  "SHELL=CMD" "COMPILER=arm-none-eabi-gcc" "ASSEMBLER=arm-none-eabi-as"
TRACE::2026-08-06.09:33:59::SCWMssOS:: "ARCHIVER=arm-none-eabi-ar" "COMPILER_FLAGS=  -O2 -c" "EXTRA_COMPILER_FLAGS=-mcpu=cortex-a9 -mfpu=vfpv3 -mfloat-abi=hard -nost
TRACE::2026-08-06.09:33:59::SCWMssOS::artfiles -g -Wall -Wextra"

TRACE::2026-08-06.09:33:59::SCWMssOS::"Running Make include in ps7_cortexa9_0/libsrc/qspips_v3_8/src"

TRACE::2026-08-06.09:33:59::SCWMssOS::make -C ps7_cortexa9_0/libsrc/qspips_v3_8/src -s include  "SHELL=CMD" "COMPILER=arm-none-eabi-gcc" "ASSEMBLER=arm-none-eabi-as"
TRACE::2026-08-06.09:33:59::SCWMssOS:: "ARCHIVER=arm-none-eabi-ar" "COMPILER_FLAGS=  -O2 -c" "EXTRA_COMPILER_FLAGS=-mcpu=cortex-a9 -mfpu=vfpv3 -mfloat-abi=hard -nost
TRACE::2026-08-06.09:33:59::SCWMssOS::artfiles -g -Wall -Wextra"

TRACE::2026-08-06.09:33:59::SCWMssOS::"Running Make include in ps7_cortexa9_0/libsrc/scugic_v4_3/src"

TRACE::2026-08-06.09:33:59::SCWMssOS::make -C ps7_cortexa9_0/libsrc/scugic_v4_3/src -s include  "SHELL=CMD" "COMPILER=arm-none-eabi-gcc" "ASSEMBLER=arm-none-eabi-as"
TRACE::2026-08-06.09:33:59::SCWMssOS:: "ARCHIVER=arm-none-eabi-ar" "COMPILER_FLAGS=  -O2 -c" "EXTRA_COMPILER_FLAGS=-mcpu=cortex-a9 -mfpu=vfpv3 -mfloat-abi=hard -nost
TRACE::2026-08-06.09:33:59::SCWMssOS::artfiles -g -Wall -Wextra"

TRACE::2026-08-06.09:33:59::SCWMssOS::"Running Make include in ps7_cortexa9_0/libsrc/scutimer_v2_3/src"

TRACE::2026-08-06.09:33:59::SCWMssOS::make -C ps7_cortexa9_0/libsrc/scutimer_v2_3/src -s include  "SHELL=CMD" "COMPILER=arm-none-eabi-gcc" "ASSEMBLER=arm-none-eabi-a
TRACE::2026-08-06.09:33:59::SCWMssOS::s" "ARCHIVER=arm-none-eabi-ar" "COMPILER_FLAGS=  -O2 -c" "EXTRA_COMPILER_FLAGS=-mcpu=cortex-a9 -mfpu=vfpv3 -mfloat-abi=hard -no
TRACE::2026-08-06.09:33:59::SCWMssOS::startfiles -g -Wall -Wextra"

TRACE::2026-08-06.09:33:59::SCWMssOS::"Running Make include in ps7_cortexa9_0/libsrc/scuwdt_v2_3/src"

TRACE::2026-08-06.09:33:59::SCWMssOS::make -C ps7_cortexa9_0/libsrc/scuwdt_v2_3/src -s include  "SHELL=CMD" "COMPILER=arm-none-eabi-gcc" "ASSEMBLER=arm-none-eabi-as"
TRACE::2026-08-06.09:33:59::SCWMssOS:: "ARCHIVER=arm-none-eabi-ar" "COMPILER_FLAGS=  -O2 -c" "EXTRA_COMPILER_FLAGS=-mcpu=cortex-a9 -mfpu=vfpv3 -mfloat-abi=hard -nost
TRACE::2026-08-06.09:33:59::SCWMssOS::artfiles -g -Wall -Wextra"

TRACE::2026-08-06.09:33:59::SCWMssOS::"Running Make include in ps7_cortexa9_0/libsrc/sdps_v3_10/src"

TRACE::2026-08-06.09:33:59::SCWMssOS::make -C ps7_cortexa9_0/libsrc/sdps_v3_10/src -s include  "SHELL=CMD" "COMPILER=arm-none-eabi-gcc" "ASSEMBLER=arm-none-eabi-as" 
TRACE::2026-08-06.09:33:59::SCWMssOS::"ARCHIVER=arm-none-eabi-ar" "COMPILER_FLAGS=  -O2 -c" "EXTRA_COMPILER_FLAGS=-mcpu=cortex-a9 -mfpu=vfpv3 -mfloat-abi=hard -nosta
TRACE::2026-08-06.09:33:59::SCWMssOS::rtfiles -g -Wall -Wextra"

TRACE::2026-08-06.09:33:59::SCWMssOS::"Running Make include in ps7_cortexa9_0/libsrc/standalone_v7_3/src"

TRACE::2026-08-06.09:33:59::SCWMssOS::make -C ps7_cortexa9_0/libsrc/standalone_v7_3/src -s include  "SHELL=CMD" "COMPILER=arm-none-eabi-gcc" "ASSEMBLER=arm-none-eabi
TRACE::2026-08-06.09:33:59::SCWMssOS::-as" "ARCHIVER=arm-none-eabi-ar" "COMPILER_FLAGS=  -O2 -c" "EXTRA_COMPILER_FLAGS=-mcpu=cortex-a9 -mfpu=vfpv3 -mfloat-abi=hard -
TRACE::2026-08-06.09:33:59::SCWMssOS::nostartfiles -g -Wall -Wextra"

TRACE::2026-08-06.09:33:59::SCWMssOS::"Running Make include in ps7_cortexa9_0/libsrc/sysmon_v7_7/src"

TRACE::2026-08-06.09:33:59::SCWMssOS::make -C ps7_cortexa9_0/libsrc/sysmon_v7_7/src -s include  "SHELL=CMD" "COMPILER=arm-none-eabi-gcc" "ASSEMBLER=arm-none-eabi-as"
TRACE::2026-08-06.09:33:59::SCWMssOS:: "ARCHIVER=arm-none-eabi-ar" "COMPILER_FLAGS=  -O2 -c" "EXTRA_COMPILER_FLAGS=-mcpu=cortex-a9 -mfpu=vfpv3 -mfloat-abi=hard -nost
TRACE::2026-08-06.09:33:59::SCWMssOS::artfiles -g -Wall -Wextra"

TRACE::2026-08-06.09:33:59::SCWMssOS::"Running Make include in ps7_cortexa9_0/libsrc/uartps_v3_10/src"

TRACE::2026-08-06.09:33:59::SCWMssOS::make -C ps7_cortexa9_0/libsrc/uartps_v3_10/src -s include  "SHELL=CMD" "COMPILER=arm-none-eabi-gcc" "ASSEMBLER=arm-none-eabi-as
TRACE::2026-08-06.09:33:59::SCWMssOS::" "ARCHIVER=arm-none-eabi-ar" "COMPILER_FLAGS=  -O2 -c" "EXTRA_COMPILER_FLAGS=-mcpu=cortex-a9 -mfpu=vfpv3 -mfloat-abi=hard -nos
TRACE::2026-08-06.09:33:59::SCWMssOS::tartfiles -g -Wall -Wextra"

TRACE::2026-08-06.09:33:59::SCWMssOS::"Running Make include in ps7_cortexa9_0/libsrc/usbps_v2_6/src"

TRACE::2026-08-06.09:33:59::SCWMssOS::make -C ps7_cortexa9_0/libsrc/usbps_v2_6/src -s include  "SHELL=CMD" "COMPILER=arm-none-eabi-gcc" "ASSEMBLER=arm-none-eabi-as" 
TRACE::2026-08-06.09:33:59::SCWMssOS::"ARCHIVER=arm-none-eabi-ar" "COMPILER_FLAGS=  -O2 -c" "EXTRA_COMPILER_FLAGS=-mcpu=cortex-a9 -mfpu=vfpv3 -mfloat-abi=hard -nosta
TRACE::2026-08-06.09:33:59::SCWMssOS::rtfiles -g -Wall -Wextra"

TRACE::2026-08-06.09:33:59::SCWMssOS::"Running Make include in ps7_cortexa9_0/libsrc/xadcps_v2_5/src"

TRACE::2026-08-06.09:33:59::SCWMssOS::make -C ps7_cortexa9_0/libsrc/xadcps_v2_5/src -s include  "SHELL=CMD" "COMPILER=arm-none-eabi-gcc" "ASSEMBLER=arm-none-eabi-as"
TRACE::2026-08-06.09:33:59::SCWMssOS:: "ARCHIVER=arm-none-eabi-ar" "COMPILER_FLAGS=  -O2 -c" "EXTRA_COMPILER_FLAGS=-mcpu=cortex-a9 -mfpu=vfpv3 -mfloat-abi=hard -nost
TRACE::2026-08-06.09:33:59::SCWMssOS::artfiles -g -Wall -Wextra"

TRACE::2026-08-06.09:33:59::SCWMssOS::"Running Make libs in ps7_cortexa9_0/libsrc/coresightps_dcc_v1_8/src"

TRACE::2026-08-06.09:33:59::SCWMssOS::make -C ps7_cortexa9_0/libsrc/coresightps_dcc_v1_8/src -s libs  "SHELL=CMD" "COMPILER=arm-none-eabi-gcc" "ASSEMBLER=arm-none-ea
TRACE::2026-08-06.09:33:59::SCWMssOS::bi-as" "ARCHIVER=arm-none-eabi-ar" "COMPILER_FLAGS=  -O2 -c" "EXTRA_COMPILER_FLAGS=-mcpu=cortex-a9 -mfpu=vfpv3 -mfloat-abi=hard
TRACE::2026-08-06.09:33:59::SCWMssOS:: -nostartfiles -g -Wall -Wextra"

TRACE::2026-08-06.09:33:59::SCWMssOS::"Running Make libs in ps7_cortexa9_0/libsrc/cpu_cortexa9_v2_10/src"

TRACE::2026-08-06.09:33:59::SCWMssOS::make -C ps7_cortexa9_0/libsrc/cpu_cortexa9_v2_10/src -s libs  "SHELL=CMD" "COMPILER=arm-none-eabi-gcc" "ASSEMBLER=arm-none-eabi
TRACE::2026-08-06.09:33:59::SCWMssOS::-as" "ARCHIVER=arm-none-eabi-ar" "COMPILER_FLAGS=  -O2 -c" "EXTRA_COMPILER_FLAGS=-mcpu=cortex-a9 -mfpu=vfpv3 -mfloat-abi=hard -
TRACE::2026-08-06.09:33:59::SCWMssOS::nostartfiles -g -Wall -Wextra"

TRACE::2026-08-06.09:33:59::SCWMssOS::"Running Make libs in ps7_cortexa9_0/libsrc/ddrps_v1_2/src"

TRACE::2026-08-06.09:33:59::SCWMssOS::make -C ps7_cortexa9_0/libsrc/ddrps_v1_2/src -s libs  "SHELL=CMD" "COMPILER=arm-none-eabi-gcc" "ASSEMBLER=arm-none-eabi-as" "AR
TRACE::2026-08-06.09:33:59::SCWMssOS::CHIVER=arm-none-eabi-ar" "COMPILER_FLAGS=  -O2 -c" "EXTRA_COMPILER_FLAGS=-mcpu=cortex-a9 -mfpu=vfpv3 -mfloat-abi=hard -nostartf
TRACE::2026-08-06.09:33:59::SCWMssOS::iles -g -Wall -Wextra"

TRACE::2026-08-06.09:33:59::SCWMssOS::"Running Make libs in ps7_cortexa9_0/libsrc/devcfg_v3_7/src"

TRACE::2026-08-06.09:33:59::SCWMssOS::make -C ps7_cortexa9_0/libsrc/devcfg_v3_7/src -s libs  "SHELL=CMD" "COMPILER=arm-none-eabi-gcc" "ASSEMBLER=arm-none-eabi-as" "A
TRACE::2026-08-06.09:33:59::SCWMssOS::RCHIVER=arm-none-eabi-ar" "COMPILER_FLAGS=  -O2 -c" "EXTRA_COMPILER_FLAGS=-mcpu=cortex-a9 -mfpu=vfpv3 -mfloat-abi=hard -nostart
TRACE::2026-08-06.09:33:59::SCWMssOS::files -g -Wall -Wextra"

TRACE::2026-08-06.09:33:59::SCWMssOS::"Running Make libs in ps7_cortexa9_0/libsrc/dmaps_v2_7/src"

TRACE::2026-08-06.09:33:59::SCWMssOS::make -C ps7_cortexa9_0/libsrc/dmaps_v2_7/src -s libs  "SHELL=CMD" "COMPILER=arm-none-eabi-gcc" "ASSEMBLER=arm-none-eabi-as" "AR
TRACE::2026-08-06.09:33:59::SCWMssOS::CHIVER=arm-none-eabi-ar" "COMPILER_FLAGS=  -O2 -c" "EXTRA_COMPILER_FLAGS=-mcpu=cortex-a9 -mfpu=vfpv3 -mfloat-abi=hard -nostartf
TRACE::2026-08-06.09:33:59::SCWMssOS::iles -g -Wall -Wextra"

TRACE::2026-08-06.09:33:59::SCWMssOS::"Running Make libs in ps7_cortexa9_0/libsrc/emacps_v3_12/src"

TRACE::2026-08-06.09:33:59::SCWMssOS::make -C ps7_cortexa9_0/libsrc/emacps_v3_12/src -s libs  "SHELL=CMD" "COMPILER=arm-none-eabi-gcc" "ASSEMBLER=arm-none-eabi-as" "
TRACE::2026-08-06.09:33:59::SCWMssOS::ARCHIVER=arm-none-eabi-ar" "COMPILER_FLAGS=  -O2 -c" "EXTRA_COMPILER_FLAGS=-mcpu=cortex-a9 -mfpu=vfpv3 -mfloat-abi=hard -nostar
TRACE::2026-08-06.09:33:59::SCWMssOS::tfiles -g -Wall -Wextra"

TRACE::2026-08-06.09:33:59::SCWMssOS::"Running Make libs in ps7_cortexa9_0/libsrc/gpiops_v3_8/src"

TRACE::2026-08-06.09:33:59::SCWMssOS::make -C ps7_cortexa9_0/libsrc/gpiops_v3_8/src -s libs  "SHELL=CMD" "COMPILER=arm-none-eabi-gcc" "ASSEMBLER=arm-none-eabi-as" "A
TRACE::2026-08-06.09:33:59::SCWMssOS::RCHIVER=arm-none-eabi-ar" "COMPILER_FLAGS=  -O2 -c" "EXTRA_COMPILER_FLAGS=-mcpu=cortex-a9 -mfpu=vfpv3 -mfloat-abi=hard -nostart
TRACE::2026-08-06.09:33:59::SCWMssOS::files -g -Wall -Wextra"

TRACE::2026-08-06.09:33:59::SCWMssOS::"Running Make libs in ps7_cortexa9_0/libsrc/qspips_v3_8/src"

TRACE::2026-08-06.09:33:59::SCWMssOS::make -C ps7_cortexa9_0/libsrc/qspips_v3_8/src -s libs  "SHELL=CMD" "COMPILER=arm-none-eabi-gcc" "ASSEMBLER=arm-none-eabi-as" "A
TRACE::2026-08-06.09:33:59::SCWMssOS::RCHIVER=arm-none-eabi-ar" "COMPILER_FLAGS=  -O2 -c" "EXTRA_COMPILER_FLAGS=-mcpu=cortex-a9 -mfpu=vfpv3 -mfloat-abi=hard -nostart
TRACE::2026-08-06.09:33:59::SCWMssOS::files -g -Wall -Wextra"

TRACE::2026-08-06.09:33:59::SCWMssOS::"Running Make libs in ps7_cortexa9_0/libsrc/scugic_v4_3/src"

TRACE::2026-08-06.09:33:59::SCWMssOS::make -C ps7_cortexa9_0/libsrc/scugic_v4_3/src -s libs  "SHELL=CMD" "COMPILER=arm-none-eabi-gcc" "ASSEMBLER=arm-none-eabi-as" "A
TRACE::2026-08-06.09:33:59::SCWMssOS::RCHIVER=arm-none-eabi-ar" "COMPILER_FLAGS=  -O2 -c" "EXTRA_COMPILER_FLAGS=-mcpu=cortex-a9 -mfpu=vfpv3 -mfloat-abi=hard -nostart
TRACE::2026-08-06.09:33:59::SCWMssOS::files -g -Wall -Wextra"

TRACE::2026-08-06.09:33:59::SCWMssOS::"Running Make libs in ps7_cortexa9_0/libsrc/scutimer_v2_3/src"

TRACE::2026-08-06.09:33:59::SCWMssOS::"Running Make libs in ps7_cortexa9_0/libsrc/scuwdt_v2_3/src"

TRACE::2026-08-06.09:34:00::SCWMssOS::make -C ps7_cortexa9_0/libsrc/scutimer_v2_3/src -s libs  "SHELL=CMD" "COMPILER=arm-none-eabi-gcc" "ASSEMBLER=arm-none-eabi-as" 
TRACE::2026-08-06.09:34:00::SCWMssOS::"ARCHIVER=arm-none-eabi-ar" "COMPILER_FLAGS=  -O2 -c" "EXTRA_COMPILER_FLAGS=-mcpu=cortex-a9 -mfpu=vfpv3 -mfloat-abi=hard -nosta
TRACE::2026-08-06.09:34:00::SCWMssOS::rtfiles -g -Wall -Wextra"

TRACE::2026-08-06.09:34:00::SCWMssOS::make -C ps7_cortexa9_0/libsrc/scuwdt_v2_3/src -s libs  "SHELL=CMD" "COMPILER=arm-none-eabi-gcc" "ASSEMBLER=arm-none-eabi-as" "A
TRACE::2026-08-06.09:34:00::SCWMssOS::RCHIVER=arm-none-eabi-ar" "COMPILER_FLAGS=  -O2 -c" "EXTRA_COMPILER_FLAGS=-mcpu=cortex-a9 -mfpu=vfpv3 -mfloat-abi=hard -nostart
TRACE::2026-08-06.09:34:00::SCWMssOS::files -g -Wall -Wextra"

TRACE::2026-08-06.09:34:00::SCWMssOS::"Running Make libs in ps7_cortexa9_0/libsrc/sdps_v3_10/src"

TRACE::2026-08-06.09:34:00::SCWMssOS::make -C ps7_cortexa9_0/libsrc/sdps_v3_10/src -s libs  "SHELL=CMD" "COMPILER=arm-none-eabi-gcc" "ASSEMBLER=arm-none-eabi-as" "AR
TRACE::2026-08-06.09:34:00::SCWMssOS::CHIVER=arm-none-eabi-ar" "COMPILER_FLAGS=  -O2 -c" "EXTRA_COMPILER_FLAGS=-mcpu=cortex-a9 -mfpu=vfpv3 -mfloat-abi=hard -nostartf
TRACE::2026-08-06.09:34:00::SCWMssOS::iles -g -Wall -Wextra"

TRACE::2026-08-06.09:34:00::SCWMssOS::"Running Make libs in ps7_cortexa9_0/libsrc/standalone_v7_3/src"

TRACE::2026-08-06.09:34:00::SCWMssOS::make -C ps7_cortexa9_0/libsrc/standalone_v7_3/src -s libs  "SHELL=CMD" "COMPILER=arm-none-eabi-gcc" "ASSEMBLER=arm-none-eabi-as
TRACE::2026-08-06.09:34:00::SCWMssOS::" "ARCHIVER=arm-none-eabi-ar" "COMPILER_FLAGS=  -O2 -c" "EXTRA_COMPILER_FLAGS=-mcpu=cortex-a9 -mfpu=vfpv3 -mfloat-abi=hard -nos
TRACE::2026-08-06.09:34:00::SCWMssOS::tartfiles -g -Wall -Wextra"

TRACE::2026-08-06.09:34:00::SCWMssOS::"Running Make libs in ps7_cortexa9_0/libsrc/sysmon_v7_7/src"

TRACE::2026-08-06.09:34:00::SCWMssOS::make -C ps7_cortexa9_0/libsrc/sysmon_v7_7/src -s libs  "SHELL=CMD" "COMPILER=arm-none-eabi-gcc" "ASSEMBLER=arm-none-eabi-as" "A
TRACE::2026-08-06.09:34:00::SCWMssOS::RCHIVER=arm-none-eabi-ar" "COMPILER_FLAGS=  -O2 -c" "EXTRA_COMPILER_FLAGS=-mcpu=cortex-a9 -mfpu=vfpv3 -mfloat-abi=hard -nostart
TRACE::2026-08-06.09:34:00::SCWMssOS::files -g -Wall -Wextra"

TRACE::2026-08-06.09:34:00::SCWMssOS::"Running Make libs in ps7_cortexa9_0/libsrc/uartps_v3_10/src"

TRACE::2026-08-06.09:34:00::SCWMssOS::make -C ps7_cortexa9_0/libsrc/uartps_v3_10/src -s libs  "SHELL=CMD" "COMPILER=arm-none-eabi-gcc" "ASSEMBLER=arm-none-eabi-as" "
TRACE::2026-08-06.09:34:00::SCWMssOS::ARCHIVER=arm-none-eabi-ar" "COMPILER_FLAGS=  -O2 -c" "EXTRA_COMPILER_FLAGS=-mcpu=cortex-a9 -mfpu=vfpv3 -mfloat-abi=hard -nostar
TRACE::2026-08-06.09:34:00::SCWMssOS::tfiles -g -Wall -Wextra"

TRACE::2026-08-06.09:34:00::SCWMssOS::"Running Make libs in ps7_cortexa9_0/libsrc/usbps_v2_6/src"

TRACE::2026-08-06.09:34:00::SCWMssOS::make -C ps7_cortexa9_0/libsrc/usbps_v2_6/src -s libs  "SHELL=CMD" "COMPILER=arm-none-eabi-gcc" "ASSEMBLER=arm-none-eabi-as" "AR
TRACE::2026-08-06.09:34:00::SCWMssOS::CHIVER=arm-none-eabi-ar" "COMPILER_FLAGS=  -O2 -c" "EXTRA_COMPILER_FLAGS=-mcpu=cortex-a9 -mfpu=vfpv3 -mfloat-abi=hard -nostartf
TRACE::2026-08-06.09:34:00::SCWMssOS::iles -g -Wall -Wextra"

TRACE::2026-08-06.09:34:00::SCWMssOS::"Running Make libs in ps7_cortexa9_0/libsrc/xadcps_v2_5/src"

TRACE::2026-08-06.09:34:00::SCWMssOS::make -C ps7_cortexa9_0/libsrc/xadcps_v2_5/src -s libs  "SHELL=CMD" "COMPILER=arm-none-eabi-gcc" "ASSEMBLER=arm-none-eabi-as" "A
TRACE::2026-08-06.09:34:00::SCWMssOS::RCHIVER=arm-none-eabi-ar" "COMPILER_FLAGS=  -O2 -c" "EXTRA_COMPILER_FLAGS=-mcpu=cortex-a9 -mfpu=vfpv3 -mfloat-abi=hard -nostart
TRACE::2026-08-06.09:34:00::SCWMssOS::files -g -Wall -Wextra"

TRACE::2026-08-06.09:34:00::SCWMssOS::'Finished building libraries parallelly.'

TRACE::2026-08-06.09:34:00::SCWMssOS::make --no-print-directory archive

TRACE::2026-08-06.09:34:00::SCWMssOS::arm-none-eabi-ar -r  ps7_cortexa9_0/lib/libxil.a ps7_cortexa9_0/lib/xadcps_selftest.o ps7_cortexa9_0/lib/xplatform_info.o ps7_c
TRACE::2026-08-06.09:34:00::SCWMssOS::ortexa9_0/lib/xil_mmu.o ps7_cortexa9_0/lib/_exit.o ps7_cortexa9_0/lib/isatty.o ps7_cortexa9_0/lib/xusbps_sinit.o ps7_cortexa9_0
TRACE::2026-08-06.09:34:00::SCWMssOS::/lib/xdevcfg_hw.o ps7_cortexa9_0/lib/xil_sleeptimer.o ps7_cortexa9_0/lib/xqspips_options.o ps7_cortexa9_0/lib/xdmaps_g.o ps7_co
TRACE::2026-08-06.09:34:00::SCWMssOS::rtexa9_0/lib/xscutimer_g.o ps7_cortexa9_0/lib/xsdps_options.o ps7_cortexa9_0/lib/xil_misc_psreset_api.o ps7_cortexa9_0/lib/xdma
TRACE::2026-08-06.09:34:00::SCWMssOS::ps_sinit.o ps7_cortexa9_0/lib/xscutimer_sinit.o ps7_cortexa9_0/lib/xemacps_hw.o ps7_cortexa9_0/lib/inbyte.o ps7_cortexa9_0/lib/
TRACE::2026-08-06.09:34:00::SCWMssOS::xdmaps_selftest.o ps7_cortexa9_0/lib/xscutimer_selftest.o ps7_cortexa9_0/lib/putnum.o ps7_cortexa9_0/lib/xadcps_intr.o ps7_cort
TRACE::2026-08-06.09:34:00::SCWMssOS::exa9_0/lib/xgpiops_g.o ps7_cortexa9_0/lib/xsdps.o ps7_cortexa9_0/lib/xgpiops_intr.o ps7_cortexa9_0/lib/xgpiops_sinit.o ps7_cort
TRACE::2026-08-06.09:34:00::SCWMssOS::exa9_0/lib/xgpiops_selftest.o ps7_cortexa9_0/lib/xscuwdt.o ps7_cortexa9_0/lib/xgpiops.o ps7_cortexa9_0/lib/xil_mem.o ps7_cortex
TRACE::2026-08-06.09:34:00::SCWMssOS::a9_0/lib/xil_printf.o ps7_cortexa9_0/lib/kill.o ps7_cortexa9_0/lib/xuartps_g.o ps7_cortexa9_0/lib/xadcps.o ps7_cortexa9_0/lib/x
TRACE::2026-08-06.09:34:00::SCWMssOS::uartps_sinit.o ps7_cortexa9_0/lib/xuartps_selftest.o ps7_cortexa9_0/lib/outbyte.o ps7_cortexa9_0/lib/lseek.o ps7_cortexa9_0/lib
TRACE::2026-08-06.09:34:00::SCWMssOS::/xusbps_hw.o ps7_cortexa9_0/lib/xl2cc_counter.o ps7_cortexa9_0/lib/asm_vectors.o ps7_cortexa9_0/lib/abort.o ps7_cortexa9_0/lib/
TRACE::2026-08-06.09:34:00::SCWMssOS::xscugic_intr.o ps7_cortexa9_0/lib/getpid.o ps7_cortexa9_0/lib/xil_testcache.o ps7_cortexa9_0/lib/xsysmon_intr.o ps7_cortexa9_0/
TRACE::2026-08-06.09:34:00::SCWMssOS::lib/xdmaps.o ps7_cortexa9_0/lib/xscutimer.o ps7_cortexa9_0/lib/xdevcfg_selftest.o ps7_cortexa9_0/lib/xpm_counter.o ps7_cortexa9
TRACE::2026-08-06.09:34:00::SCWMssOS::_0/lib/xemacps_g.o ps7_cortexa9_0/lib/_sbrk.o ps7_cortexa9_0/lib/xemacps_sinit.o ps7_cortexa9_0/lib/xqspips_g.o ps7_cortexa9_0/
TRACE::2026-08-06.09:34:00::SCWMssOS::lib/xusbps.o ps7_cortexa9_0/lib/xusbps_endpoint.o ps7_cortexa9_0/lib/xusbps_g.o ps7_cortexa9_0/lib/xsdps_sinit.o ps7_cortexa9_0
TRACE::2026-08-06.09:34:00::SCWMssOS::/lib/xdevcfg_sinit.o ps7_cortexa9_0/lib/xqspips_selftest.o ps7_cortexa9_0/lib/xil_exception.o ps7_cortexa9_0/lib/xil_testmem.o 
TRACE::2026-08-06.09:34:00::SCWMssOS::ps7_cortexa9_0/lib/xil_clocking.o ps7_cortexa9_0/lib/xemacps_control.o ps7_cortexa9_0/lib/open.o ps7_cortexa9_0/lib/xil_assert.
TRACE::2026-08-06.09:34:00::SCWMssOS::o ps7_cortexa9_0/lib/xil-crt0.o ps7_cortexa9_0/lib/xusbps_intr.o ps7_cortexa9_0/lib/xsdps_host.o ps7_cortexa9_0/lib/xcoresightp
TRACE::2026-08-06.09:34:00::SCWMssOS::sdcc.o ps7_cortexa9_0/lib/xscugic_hw.o ps7_cortexa9_0/lib/xuartps.o ps7_cortexa9_0/lib/sleep.o ps7_cortexa9_0/lib/cpputest_time
TRACE::2026-08-06.09:34:00::SCWMssOS::.o ps7_cortexa9_0/lib/close.o ps7_cortexa9_0/lib/print.o ps7_cortexa9_0/lib/read.o ps7_cortexa9_0/lib/xdevcfg.o ps7_cortexa9_0/
TRACE::2026-08-06.09:34:00::SCWMssOS::lib/xqspips.o ps7_cortexa9_0/lib/xemacps.o ps7_cortexa9_0/lib/xil_cache.o ps7_cortexa9_0/lib/xil_testio.o ps7_cortexa9_0/lib/_o
TRACE::2026-08-06.09:34:00::SCWMssOS::pen.o ps7_cortexa9_0/lib/xscugic_sinit.o ps7_cortexa9_0/lib/unlink.o ps7_cortexa9_0/lib/translation_table.o ps7_cortexa9_0/lib/
TRACE::2026-08-06.09:34:00::SCWMssOS::write.o ps7_cortexa9_0/lib/boot.o ps7_cortexa9_0/lib/xemacps_bdring.o ps7_cortexa9_0/lib/cpu_init.o ps7_cortexa9_0/lib/vectors.
TRACE::2026-08-06.09:34:00::SCWMssOS::o ps7_cortexa9_0/lib/usleep.o ps7_cortexa9_0/lib/xil_sleepcommon.o ps7_cortexa9_0/lib/xscugic_g.o ps7_cortexa9_0/lib/xsysmon_g.
TRACE::2026-08-06.09:34:00::SCWMssOS::o ps7_cortexa9_0/lib/fcntl.o ps7_cortexa9_0/lib/xdevcfg_g.o ps7_cortexa9_0/lib/xscugic_selftest.o ps7_cortexa9_0/lib/xsysmon_si
TRACE::2026-08-06.09:34:00::SCWMssOS::nit.o ps7_cortexa9_0/lib/xsysmon_selftest.o ps7_cortexa9_0/lib/xtime_l.o ps7_cortexa9_0/lib/xil_util.o ps7_cortexa9_0/lib/xuart
TRACE::2026-08-06.09:34:00::SCWMssOS::ps_intr.o ps7_cortexa9_0/lib/xsdps_card.o ps7_cortexa9_0/lib/xdmaps_hw.o ps7_cortexa9_0/lib/sbrk.o ps7_cortexa9_0/lib/xgpiops_h
TRACE::2026-08-06.09:34:00::SCWMssOS::w.o ps7_cortexa9_0/lib/xsdps_g.o ps7_cortexa9_0/lib/fstat.o ps7_cortexa9_0/lib/xqspips_hw.o ps7_cortexa9_0/lib/errno.o ps7_cort
TRACE::2026-08-06.09:34:00::SCWMssOS::exa9_0/lib/xdevcfg_intr.o ps7_cortexa9_0/lib/xuartps_options.o ps7_cortexa9_0/lib/xscuwdt_g.o ps7_cortexa9_0/lib/xscuwdt_sinit.
TRACE::2026-08-06.09:34:00::SCWMssOS::o ps7_cortexa9_0/lib/xemacps_intr.o ps7_cortexa9_0/lib/xscuwdt_selftest.o ps7_cortexa9_0/lib/xsysmon.o ps7_cortexa9_0/lib/xscug
TRACE::2026-08-06.09:34:00::SCWMssOS::ic.o ps7_cortexa9_0/lib/xuartps_hw.o ps7_cortexa9_0/lib/xadcps_g.o ps7_cortexa9_0/lib/xqspips_sinit.o ps7_cortexa9_0/lib/xadcps
TRACE::2026-08-06.09:34:00::SCWMssOS::_sinit.o

TRACE::2026-08-06.09:34:01::SCWMssOS::'Finished building libraries'

TRACE::2026-08-06.09:34:01::SCWMssOS::Copying to export directory.
TRACE::2026-08-06.09:34:01::SCWMssOS:: Checking if to create the Supporting Applications
TRACE::2026-08-06.09:34:01::SCWMssOS:: No Linux domain exists, trying to generate FSBL 
LOG::2026-08-06.09:34:01::SCWSystem::Completed Processing the domain standalone_ps7_cortexa9_0
LOG::2026-08-06.09:34:01::SCWSystem::Completed Processing the sysconfig XADC_SingleCh14
LOG::2026-08-06.09:34:01::SCWPlatform::Completed generating the artifacts for system configuration XADC_SingleCh14
TRACE::2026-08-06.09:34:01::SCWPlatform::Started preparing the platform 
TRACE::2026-08-06.09:34:01::SCWSystem::Writing the bif file for system config XADC_SingleCh14
TRACE::2026-08-06.09:34:01::SCWSystem::dir created 
TRACE::2026-08-06.09:34:01::SCWSystem::Writing the bif 
TRACE::2026-08-06.09:34:01::SCWPlatform::Started writing the spfm file 
TRACE::2026-08-06.09:34:01::SCWPlatform::Started writing the xpfm file 
TRACE::2026-08-06.09:34:01::SCWPlatform::Completed generating the platform
TRACE::2026-08-06.09:34:01::SCWMssOS::Saving the mss changes C:/Users/Thomas/Desktop/TP_MISTRE/TP_PROCESSEUR/Projet_Vitis/XADC_SingleCh14/zynq_fsbl/zynq_fsbl_bsp/system.mss
TRACE::2026-08-06.09:34:01::SCWMssOS::Found a swdesign opened with the mssfile.
TRACE::2026-08-06.09:34:01::SCWMssOS::Completed writemss as part of save.
TRACE::2026-08-06.09:34:01::SCWMssOS::Commit changes completed.
TRACE::2026-08-06.09:34:01::SCWMssOS::Saving the mss changes C:/Users/Thomas/Desktop/TP_MISTRE/TP_PROCESSEUR/Projet_Vitis/XADC_SingleCh14/ps7_cortexa9_0/standalone_ps7_cortexa9_0/bsp/system.mss
TRACE::2026-08-06.09:34:01::SCWMssOS::Found a swdesign opened with the mssfile.
TRACE::2026-08-06.09:34:01::SCWMssOS::Completed writemss as part of save.
TRACE::2026-08-06.09:34:01::SCWMssOS::Commit changes completed.
TRACE::2026-08-06.09:34:01::SCWPlatform::Trying to open the hw design at C:/Users/Thomas/Desktop/TP_MISTRE/TP_PROCESSEUR/Projet_Vitis/XADC_SingleCh14/hw/XADC_SingleCh14.xsa
TRACE::2026-08-06.09:34:01::SCWPlatform::DSA given C:/Users/Thomas/Desktop/TP_MISTRE/TP_PROCESSEUR/Projet_Vitis/XADC_SingleCh14/hw/XADC_SingleCh14.xsa
TRACE::2026-08-06.09:34:01::SCWPlatform::DSA absoulate path C:/Users/Thomas/Desktop/TP_MISTRE/TP_PROCESSEUR/Projet_Vitis/XADC_SingleCh14/hw/XADC_SingleCh14.xsa
TRACE::2026-08-06.09:34:01::SCWPlatform::DSA directory C:/Users/Thomas/Desktop/TP_MISTRE/TP_PROCESSEUR/Projet_Vitis/XADC_SingleCh14/hw
TRACE::2026-08-06.09:34:01::SCWPlatform:: Platform Path C:/Users/Thomas/Desktop/TP_MISTRE/TP_PROCESSEUR/Projet_Vitis/XADC_SingleCh14/hw/XADC_SingleCh14.xsa
TRACE::2026-08-06.09:34:01::SCWPlatform:: Unique name xilinx:zybo-z7-20::0.0
TRACE::2026-08-06.09:34:01::SCWPlatform::Trying to set the existing hwdb with name design_1_wrapper_3
TRACE::2026-08-06.09:34:01::SCWPlatform::Opened existing hwdb design_1_wrapper_3
TRACE::2026-08-06.09:34:01::SCWPlatform::Found the Hw Db part of the input DSA
TRACE::2026-08-06.09:34:01::SCWMssOS::Checking the sw design at  C:/Users/Thomas/Desktop/TP_MISTRE/TP_PROCESSEUR/Projet_Vitis/XADC_SingleCh14/zynq_fsbl/zynq_fsbl_bsp/system.mss
TRACE::2026-08-06.09:34:01::SCWMssOS::DEBUG:  swdes dump  C:/Users/Thomas/Desktop/TP_MISTRE/TP_PROCESSEUR/Projet_Vitis/XADC_SingleCh14/ps7_cortexa9_0/standalone_ps7_cortexa9_0/bsp/system.mss|system_0||
C:/Users/Thomas/Desktop/TP_MISTRE/TP_PROCESSEUR/Projet_Vitis/XADC_SingleCh14/zynq_fsbl/zynq_fsbl_bsp/system.mss|system||

TRACE::2026-08-06.09:34:01::SCWMssOS::Sw design exists and opened at  C:/Users/Thomas/Desktop/TP_MISTRE/TP_PROCESSEUR/Projet_Vitis/XADC_SingleCh14/zynq_fsbl/zynq_fsbl_bsp/system.mss
TRACE::2026-08-06.09:34:01::SCWPlatform::Trying to open the hw design at C:/Users/Thomas/Desktop/TP_MISTRE/TP_PROCESSEUR/Projet_Vitis/XADC_SingleCh14/hw/XADC_SingleCh14.xsa
TRACE::2026-08-06.09:34:01::SCWPlatform::DSA given C:/Users/Thomas/Desktop/TP_MISTRE/TP_PROCESSEUR/Projet_Vitis/XADC_SingleCh14/hw/XADC_SingleCh14.xsa
TRACE::2026-08-06.09:34:01::SCWPlatform::DSA absoulate path C:/Users/Thomas/Desktop/TP_MISTRE/TP_PROCESSEUR/Projet_Vitis/XADC_SingleCh14/hw/XADC_SingleCh14.xsa
TRACE::2026-08-06.09:34:01::SCWPlatform::DSA directory C:/Users/Thomas/Desktop/TP_MISTRE/TP_PROCESSEUR/Projet_Vitis/XADC_SingleCh14/hw
TRACE::2026-08-06.09:34:01::SCWPlatform:: Platform Path C:/Users/Thomas/Desktop/TP_MISTRE/TP_PROCESSEUR/Projet_Vitis/XADC_SingleCh14/hw/XADC_SingleCh14.xsa
TRACE::2026-08-06.09:34:01::SCWPlatform:: Unique name xilinx:zybo-z7-20::0.0
TRACE::2026-08-06.09:34:01::SCWPlatform::Trying to set the existing hwdb with name design_1_wrapper_3
TRACE::2026-08-06.09:34:01::SCWPlatform::Opened existing hwdb design_1_wrapper_3
TRACE::2026-08-06.09:34:01::SCWPlatform::Found the Hw Db part of the input DSA
TRACE::2026-08-06.09:34:01::SCWMssOS::Checking the sw design at  C:/Users/Thomas/Desktop/TP_MISTRE/TP_PROCESSEUR/Projet_Vitis/XADC_SingleCh14/zynq_fsbl/zynq_fsbl_bsp/system.mss
TRACE::2026-08-06.09:34:01::SCWMssOS::DEBUG:  swdes dump  C:/Users/Thomas/Desktop/TP_MISTRE/TP_PROCESSEUR/Projet_Vitis/XADC_SingleCh14/ps7_cortexa9_0/standalone_ps7_cortexa9_0/bsp/system.mss|system_0||
C:/Users/Thomas/Desktop/TP_MISTRE/TP_PROCESSEUR/Projet_Vitis/XADC_SingleCh14/zynq_fsbl/zynq_fsbl_bsp/system.mss|system||

TRACE::2026-08-06.09:34:01::SCWMssOS::Sw design exists and opened at  C:/Users/Thomas/Desktop/TP_MISTRE/TP_PROCESSEUR/Projet_Vitis/XADC_SingleCh14/zynq_fsbl/zynq_fsbl_bsp/system.mss
TRACE::2026-08-06.09:34:01::SCWPlatform::Trying to open the hw design at C:/Users/Thomas/Desktop/TP_MISTRE/TP_PROCESSEUR/Projet_Vitis/XADC_SingleCh14/hw/XADC_SingleCh14.xsa
TRACE::2026-08-06.09:34:01::SCWPlatform::DSA given C:/Users/Thomas/Desktop/TP_MISTRE/TP_PROCESSEUR/Projet_Vitis/XADC_SingleCh14/hw/XADC_SingleCh14.xsa
TRACE::2026-08-06.09:34:01::SCWPlatform::DSA absoulate path C:/Users/Thomas/Desktop/TP_MISTRE/TP_PROCESSEUR/Projet_Vitis/XADC_SingleCh14/hw/XADC_SingleCh14.xsa
TRACE::2026-08-06.09:34:01::SCWPlatform::DSA directory C:/Users/Thomas/Desktop/TP_MISTRE/TP_PROCESSEUR/Projet_Vitis/XADC_SingleCh14/hw
TRACE::2026-08-06.09:34:01::SCWPlatform:: Platform Path C:/Users/Thomas/Desktop/TP_MISTRE/TP_PROCESSEUR/Projet_Vitis/XADC_SingleCh14/hw/XADC_SingleCh14.xsa
TRACE::2026-08-06.09:34:01::SCWPlatform:: Unique name xilinx:zybo-z7-20::0.0
TRACE::2026-08-06.09:34:01::SCWPlatform::Trying to set the existing hwdb with name design_1_wrapper_3
TRACE::2026-08-06.09:34:01::SCWPlatform::Opened existing hwdb design_1_wrapper_3
TRACE::2026-08-06.09:34:01::SCWPlatform::Found the Hw Db part of the input DSA
TRACE::2026-08-06.09:34:01::SCWMssOS::Checking the sw design at  C:/Users/Thomas/Desktop/TP_MISTRE/TP_PROCESSEUR/Projet_Vitis/XADC_SingleCh14/zynq_fsbl/zynq_fsbl_bsp/system.mss
TRACE::2026-08-06.09:34:01::SCWMssOS::DEBUG:  swdes dump  C:/Users/Thomas/Desktop/TP_MISTRE/TP_PROCESSEUR/Projet_Vitis/XADC_SingleCh14/ps7_cortexa9_0/standalone_ps7_cortexa9_0/bsp/system.mss|system_0||
C:/Users/Thomas/Desktop/TP_MISTRE/TP_PROCESSEUR/Projet_Vitis/XADC_SingleCh14/zynq_fsbl/zynq_fsbl_bsp/system.mss|system||

TRACE::2026-08-06.09:34:01::SCWMssOS::Sw design exists and opened at  C:/Users/Thomas/Desktop/TP_MISTRE/TP_PROCESSEUR/Projet_Vitis/XADC_SingleCh14/zynq_fsbl/zynq_fsbl_bsp/system.mss
TRACE::2026-08-06.09:34:01::SCWPlatform::Trying to open the hw design at C:/Users/Thomas/Desktop/TP_MISTRE/TP_PROCESSEUR/Projet_Vitis/XADC_SingleCh14/hw/XADC_SingleCh14.xsa
TRACE::2026-08-06.09:34:01::SCWPlatform::DSA given C:/Users/Thomas/Desktop/TP_MISTRE/TP_PROCESSEUR/Projet_Vitis/XADC_SingleCh14/hw/XADC_SingleCh14.xsa
TRACE::2026-08-06.09:34:01::SCWPlatform::DSA absoulate path C:/Users/Thomas/Desktop/TP_MISTRE/TP_PROCESSEUR/Projet_Vitis/XADC_SingleCh14/hw/XADC_SingleCh14.xsa
TRACE::2026-08-06.09:34:01::SCWPlatform::DSA directory C:/Users/Thomas/Desktop/TP_MISTRE/TP_PROCESSEUR/Projet_Vitis/XADC_SingleCh14/hw
TRACE::2026-08-06.09:34:01::SCWPlatform:: Platform Path C:/Users/Thomas/Desktop/TP_MISTRE/TP_PROCESSEUR/Projet_Vitis/XADC_SingleCh14/hw/XADC_SingleCh14.xsa
TRACE::2026-08-06.09:34:01::SCWPlatform:: Unique name xilinx:zybo-z7-20::0.0
TRACE::2026-08-06.09:34:01::SCWPlatform::Trying to set the existing hwdb with name design_1_wrapper_3
TRACE::2026-08-06.09:34:01::SCWPlatform::Opened existing hwdb design_1_wrapper_3
TRACE::2026-08-06.09:34:01::SCWPlatform::Found the Hw Db part of the input DSA
TRACE::2026-08-06.09:34:01::SCWMssOS::Checking the sw design at  C:/Users/Thomas/Desktop/TP_MISTRE/TP_PROCESSEUR/Projet_Vitis/XADC_SingleCh14/ps7_cortexa9_0/standalone_ps7_cortexa9_0/bsp/system.mss
TRACE::2026-08-06.09:34:01::SCWMssOS::DEBUG:  swdes dump  C:/Users/Thomas/Desktop/TP_MISTRE/TP_PROCESSEUR/Projet_Vitis/XADC_SingleCh14/ps7_cortexa9_0/standalone_ps7_cortexa9_0/bsp/system.mss|system_0||
C:/Users/Thomas/Desktop/TP_MISTRE/TP_PROCESSEUR/Projet_Vitis/XADC_SingleCh14/zynq_fsbl/zynq_fsbl_bsp/system.mss|system||

TRACE::2026-08-06.09:34:01::SCWMssOS::Sw design exists and opened at  C:/Users/Thomas/Desktop/TP_MISTRE/TP_PROCESSEUR/Projet_Vitis/XADC_SingleCh14/ps7_cortexa9_0/standalone_ps7_cortexa9_0/bsp/system.mss
TRACE::2026-08-06.09:34:01::SCWPlatform::Trying to open the hw design at C:/Users/Thomas/Desktop/TP_MISTRE/TP_PROCESSEUR/Projet_Vitis/XADC_SingleCh14/hw/XADC_SingleCh14.xsa
TRACE::2026-08-06.09:34:01::SCWPlatform::DSA given C:/Users/Thomas/Desktop/TP_MISTRE/TP_PROCESSEUR/Projet_Vitis/XADC_SingleCh14/hw/XADC_SingleCh14.xsa
TRACE::2026-08-06.09:34:01::SCWPlatform::DSA absoulate path C:/Users/Thomas/Desktop/TP_MISTRE/TP_PROCESSEUR/Projet_Vitis/XADC_SingleCh14/hw/XADC_SingleCh14.xsa
TRACE::2026-08-06.09:34:01::SCWPlatform::DSA directory C:/Users/Thomas/Desktop/TP_MISTRE/TP_PROCESSEUR/Projet_Vitis/XADC_SingleCh14/hw
TRACE::2026-08-06.09:34:01::SCWPlatform:: Platform Path C:/Users/Thomas/Desktop/TP_MISTRE/TP_PROCESSEUR/Projet_Vitis/XADC_SingleCh14/hw/XADC_SingleCh14.xsa
TRACE::2026-08-06.09:34:01::SCWPlatform:: Unique name xilinx:zybo-z7-20::0.0
TRACE::2026-08-06.09:34:01::SCWPlatform::Trying to set the existing hwdb with name design_1_wrapper_3
TRACE::2026-08-06.09:34:01::SCWPlatform::Opened existing hwdb design_1_wrapper_3
TRACE::2026-08-06.09:34:01::SCWPlatform::Found the Hw Db part of the input DSA
TRACE::2026-08-06.09:34:01::SCWMssOS::Checking the sw design at  C:/Users/Thomas/Desktop/TP_MISTRE/TP_PROCESSEUR/Projet_Vitis/XADC_SingleCh14/ps7_cortexa9_0/standalone_ps7_cortexa9_0/bsp/system.mss
TRACE::2026-08-06.09:34:01::SCWMssOS::DEBUG:  swdes dump  C:/Users/Thomas/Desktop/TP_MISTRE/TP_PROCESSEUR/Projet_Vitis/XADC_SingleCh14/ps7_cortexa9_0/standalone_ps7_cortexa9_0/bsp/system.mss|system_0||
C:/Users/Thomas/Desktop/TP_MISTRE/TP_PROCESSEUR/Projet_Vitis/XADC_SingleCh14/zynq_fsbl/zynq_fsbl_bsp/system.mss|system||

TRACE::2026-08-06.09:34:01::SCWMssOS::Sw design exists and opened at  C:/Users/Thomas/Desktop/TP_MISTRE/TP_PROCESSEUR/Projet_Vitis/XADC_SingleCh14/ps7_cortexa9_0/standalone_ps7_cortexa9_0/bsp/system.mss
TRACE::2026-08-06.09:34:01::SCWPlatform::Trying to open the hw design at C:/Users/Thomas/Desktop/TP_MISTRE/TP_PROCESSEUR/Projet_Vitis/XADC_SingleCh14/hw/XADC_SingleCh14.xsa
TRACE::2026-08-06.09:34:01::SCWPlatform::DSA given C:/Users/Thomas/Desktop/TP_MISTRE/TP_PROCESSEUR/Projet_Vitis/XADC_SingleCh14/hw/XADC_SingleCh14.xsa
TRACE::2026-08-06.09:34:01::SCWPlatform::DSA absoulate path C:/Users/Thomas/Desktop/TP_MISTRE/TP_PROCESSEUR/Projet_Vitis/XADC_SingleCh14/hw/XADC_SingleCh14.xsa
TRACE::2026-08-06.09:34:01::SCWPlatform::DSA directory C:/Users/Thomas/Desktop/TP_MISTRE/TP_PROCESSEUR/Projet_Vitis/XADC_SingleCh14/hw
TRACE::2026-08-06.09:34:01::SCWPlatform:: Platform Path C:/Users/Thomas/Desktop/TP_MISTRE/TP_PROCESSEUR/Projet_Vitis/XADC_SingleCh14/hw/XADC_SingleCh14.xsa
TRACE::2026-08-06.09:34:01::SCWPlatform:: Unique name xilinx:zybo-z7-20::0.0
TRACE::2026-08-06.09:34:01::SCWPlatform::Trying to set the existing hwdb with name design_1_wrapper_3
TRACE::2026-08-06.09:34:01::SCWPlatform::Opened existing hwdb design_1_wrapper_3
TRACE::2026-08-06.09:34:01::SCWPlatform::Found the Hw Db part of the input DSA
TRACE::2026-08-06.09:34:01::SCWMssOS::Checking the sw design at  C:/Users/Thomas/Desktop/TP_MISTRE/TP_PROCESSEUR/Projet_Vitis/XADC_SingleCh14/ps7_cortexa9_0/standalone_ps7_cortexa9_0/bsp/system.mss
TRACE::2026-08-06.09:34:01::SCWMssOS::DEBUG:  swdes dump  C:/Users/Thomas/Desktop/TP_MISTRE/TP_PROCESSEUR/Projet_Vitis/XADC_SingleCh14/ps7_cortexa9_0/standalone_ps7_cortexa9_0/bsp/system.mss|system_0||
C:/Users/Thomas/Desktop/TP_MISTRE/TP_PROCESSEUR/Projet_Vitis/XADC_SingleCh14/zynq_fsbl/zynq_fsbl_bsp/system.mss|system||

TRACE::2026-08-06.09:34:01::SCWMssOS::Sw design exists and opened at  C:/Users/Thomas/Desktop/TP_MISTRE/TP_PROCESSEUR/Projet_Vitis/XADC_SingleCh14/ps7_cortexa9_0/standalone_ps7_cortexa9_0/bsp/system.mss
TRACE::2026-08-06.09:34:01::SCWWriter::formatted JSON is {
	"platformName":	"XADC_SingleCh14",
	"sprVersion":	"2.0",
	"mode":	"gui",
	"dsaType":	"Fixed",
	"platformDesc":	"XADC_SingleCh14",
	"platHandOff":	"<platformDir>.xsa",
	"platIntHandOff":	"<platformDir>/hw/XADC_SingleCh14.xsa",
	"deviceType":	"zynq",
	"platIsPrebuiltAutogen":	"false",
	"platIsNoBootBsp":	"false",
	"platFsblTarget":	"ps7_cortexa9_0",
	"hasFsblMakeHasChanges":	"false",
	"hasPmufwMakeHasChanges":	"false",
	"fsblExtraCompilerFlags":	"-MMD -MP       -mcpu=cortex-a9 -mfpu=vfpv3 -mfloat-abi=hard ",
	"platPreBuiltFlag":	false,
	"platformSamplesDir":	"",
	"platActiveSys":	"XADC_SingleCh14",
	"systems":	[{
			"systemName":	"XADC_SingleCh14",
			"systemDesc":	"XADC_SingleCh14",
			"sysIsBootAutoGen":	"true",
			"systemDispName":	"XADC_SingleCh14",
			"sysActiveDom":	"standalone_ps7_cortexa9_0",
			"sysDefaultDom":	"standalone_ps7_cortexa9_0",
			"domains":	[{
					"domainName":	"zynq_fsbl",
					"domainDispName":	"zynq_fsbl",
					"domainDesc":	"FSBL Application BSP - Auto Generated.",
					"processors":	"ps7_cortexa9_0",
					"os":	"standalone",
					"sdxOs":	"standalone",
					"debugEnable":	"",
					"domRuntimes":	["cpp"],
					"swRepo":	"",
					"mssOsVer":	"7.3",
					"mssFile":	"",
					"md5Digest":	"9373a0e756c8c2445f33f2babf758d62",
					"compatibleApp":	"zynq_fsbl",
					"domType":	"bootDomain",
					"arch":	"32-bit",
					"appSettings":	{
						"appCompilerFlags":	"",
						"appLinkerFlags":	""
					},
					"addedLibs":	["xilffs:4.4", "xilrsa:1.6"],
					"libOptions":	{
						"libsContainingOptions":	[]
					},
					"prebuiltLibs":	{
						"prebuiltIncPath":	[],
						"prebuiltLibPath":	[]
					},
					"isolation":	{
					}
				}, {
					"domainName":	"standalone_ps7_cortexa9_0",
					"domainDispName":	"standalone_ps7_cortexa9_0",
					"domainDesc":	"standalone_ps7_cortexa9_0",
					"processors":	"ps7_cortexa9_0",
					"os":	"standalone",
					"sdxOs":	"standalone",
					"qemuArgs":	"C:/Xilinx/Vitis/2020.2/data/emulation/platforms/zynq/sw/a9_standalone/qemu/qemu_args.txt",
					"qemuData":	"C:/Xilinx/Vitis/2020.2/data/emulation/platforms/zynq/sw/a9_standalone/qemu/",
					"debugEnable":	"False",
					"domRuntimes":	["cpp"],
					"swRepo":	"",
					"mssOsVer":	"7.3",
					"mssFile":	"",
					"md5Digest":	"f5ea5ac401e33d91a16ba9d9a26f432f",
					"compatibleApp":	"hello_world",
					"domType":	"mssDomain",
					"arch":	"32-bit",
					"appSettings":	{
						"appCompilerFlags":	"",
						"appLinkerFlags":	""
					},
					"addedLibs":	[],
					"libOptions":	{
						"libsContainingOptions":	[]
					},
					"prebuiltLibs":	{
						"prebuiltIncPath":	[],
						"prebuiltLibPath":	[]
					},
					"isolation":	{
					}
				}]
		}]
}
KEYINFO::2026-08-06.09:34:01::SCWPlatform::updated the xpfm file.
TRACE::2026-08-06.09:34:01::SCWPlatform::Trying to open the hw design at C:/Users/Thomas/Desktop/TP_MISTRE/TP_PROCESSEUR/Projet_Vitis/XADC_SingleCh14/hw/XADC_SingleCh14.xsa
TRACE::2026-08-06.09:34:01::SCWPlatform::DSA given C:/Users/Thomas/Desktop/TP_MISTRE/TP_PROCESSEUR/Projet_Vitis/XADC_SingleCh14/hw/XADC_SingleCh14.xsa
TRACE::2026-08-06.09:34:01::SCWPlatform::DSA absoulate path C:/Users/Thomas/Desktop/TP_MISTRE/TP_PROCESSEUR/Projet_Vitis/XADC_SingleCh14/hw/XADC_SingleCh14.xsa
TRACE::2026-08-06.09:34:01::SCWPlatform::DSA directory C:/Users/Thomas/Desktop/TP_MISTRE/TP_PROCESSEUR/Projet_Vitis/XADC_SingleCh14/hw
TRACE::2026-08-06.09:34:01::SCWPlatform:: Platform Path C:/Users/Thomas/Desktop/TP_MISTRE/TP_PROCESSEUR/Projet_Vitis/XADC_SingleCh14/hw/XADC_SingleCh14.xsa
TRACE::2026-08-06.09:34:01::SCWPlatform:: Unique name xilinx:zybo-z7-20::0.0
TRACE::2026-08-06.09:34:01::SCWPlatform::Trying to set the existing hwdb with name design_1_wrapper_3
TRACE::2026-08-06.09:34:01::SCWPlatform::Opened existing hwdb design_1_wrapper_3
TRACE::2026-08-06.09:34:01::SCWPlatform::Found the Hw Db part of the input DSA
TRACE::2026-08-06.09:34:01::SCWMssOS::Checking the sw design at  C:/Users/Thomas/Desktop/TP_MISTRE/TP_PROCESSEUR/Projet_Vitis/XADC_SingleCh14/ps7_cortexa9_0/standalone_ps7_cortexa9_0/bsp/system.mss
TRACE::2026-08-06.09:34:01::SCWMssOS::DEBUG:  swdes dump  C:/Users/Thomas/Desktop/TP_MISTRE/TP_PROCESSEUR/Projet_Vitis/XADC_SingleCh14/ps7_cortexa9_0/standalone_ps7_cortexa9_0/bsp/system.mss|system_0||
C:/Users/Thomas/Desktop/TP_MISTRE/TP_PROCESSEUR/Projet_Vitis/XADC_SingleCh14/zynq_fsbl/zynq_fsbl_bsp/system.mss|system||

TRACE::2026-08-06.09:34:01::SCWMssOS::Sw design exists and opened at  C:/Users/Thomas/Desktop/TP_MISTRE/TP_PROCESSEUR/Projet_Vitis/XADC_SingleCh14/ps7_cortexa9_0/standalone_ps7_cortexa9_0/bsp/system.mss
