TRACE::2026-08-06.20:02:52::SCWPlatform::Trying to open the hw design at C:/Users/Thomas/Desktop/TP_MISTRE/TP_PROCESSEUR/Projet_Vitis/PS_ET_BRAM/hw/PS_ET_BRAM.xsa
TRACE::2026-08-06.20:02:52::SCWPlatform::DSA given C:/Users/Thomas/Desktop/TP_MISTRE/TP_PROCESSEUR/Projet_Vitis/PS_ET_BRAM/hw/PS_ET_BRAM.xsa
TRACE::2026-08-06.20:02:52::SCWPlatform::DSA absoulate path C:/Users/Thomas/Desktop/TP_MISTRE/TP_PROCESSEUR/Projet_Vitis/PS_ET_BRAM/hw/PS_ET_BRAM.xsa
TRACE::2026-08-06.20:02:52::SCWPlatform::DSA directory C:/Users/Thomas/Desktop/TP_MISTRE/TP_PROCESSEUR/Projet_Vitis/PS_ET_BRAM/hw
TRACE::2026-08-06.20:02:52::SCWPlatform:: Platform Path C:/Users/Thomas/Desktop/TP_MISTRE/TP_PROCESSEUR/Projet_Vitis/PS_ET_BRAM/hw/PS_ET_BRAM.xsa
TRACE::2026-08-06.20:02:52::SCWPlatform:: Unique name xilinx:zybo-z7-20::0.0
TRACE::2026-08-06.20:02:52::SCWPlatform::Do not have an existing db opened. 
TRACE::2026-08-06.20:02:53::SCWPlatform::Opened new HwDB with name design_1_wrapper_6
TRACE::2026-08-06.20:02:53::SCWWriter::formatted JSON is {
	"platformName":	"PS_ET_BRAM",
	"sprVersion":	"2.0",
	"mode":	"gui",
	"dsaType":	"Fixed",
	"platformDesc":	"PS_ET_BRAM",
	"platHandOff":	"<platformDir>.xsa",
	"platIntHandOff":	"<platformDir>/hw/PS_ET_BRAM.xsa",
	"deviceType":	"zynq",
	"platIsPrebuiltAutogen":	"false",
	"platIsNoBootBsp":	"false",
	"hasFsblMakeHasChanges":	"false",
	"hasPmufwMakeHasChanges":	"false",
	"platPreBuiltFlag":	false,
	"platformSamplesDir":	""
}
TRACE::2026-08-06.20:02:53::SCWWriter::formatted JSON is {
	"platformName":	"PS_ET_BRAM",
	"sprVersion":	"2.0",
	"mode":	"gui",
	"dsaType":	"Fixed",
	"platformDesc":	"PS_ET_BRAM",
	"platHandOff":	"<platformDir>.xsa",
	"platIntHandOff":	"<platformDir>/hw/PS_ET_BRAM.xsa",
	"deviceType":	"zynq",
	"platIsPrebuiltAutogen":	"false",
	"platIsNoBootBsp":	"false",
	"hasFsblMakeHasChanges":	"false",
	"hasPmufwMakeHasChanges":	"false",
	"platPreBuiltFlag":	false,
	"platformSamplesDir":	"",
	"platActiveSys":	"PS_ET_BRAM",
	"systems":	[{
			"systemName":	"PS_ET_BRAM",
			"systemDesc":	"PS_ET_BRAM",
			"sysIsBootAutoGen":	"true",
			"systemDispName":	"PS_ET_BRAM"
		}]
}
TRACE::2026-08-06.20:02:53::SCWPlatform::Boot application domains not present, creating them
TRACE::2026-08-06.20:02:53::SCWDomain::checking for install qemu data   : 
TRACE::2026-08-06.20:02:53::SCWDomain:: Using the QEMU Data from install at  : C:/Xilinx/Vitis/2020.2/data/emulation/platforms/zynq/sw/a9_standalone/qemu/
TRACE::2026-08-06.20:02:53::SCWDomain:: Using the QEMU args  from install at  : C:/Xilinx/Vitis/2020.2/data/emulation/platforms/zynq/sw/a9_standalone/qemu/qemu_args.txt
TRACE::2026-08-06.20:02:53::SCWPlatform::Trying to open the hw design at C:/Users/Thomas/Desktop/TP_MISTRE/TP_PROCESSEUR/Projet_Vitis/PS_ET_BRAM/hw/PS_ET_BRAM.xsa
TRACE::2026-08-06.20:02:53::SCWPlatform::DSA given C:/Users/Thomas/Desktop/TP_MISTRE/TP_PROCESSEUR/Projet_Vitis/PS_ET_BRAM/hw/PS_ET_BRAM.xsa
TRACE::2026-08-06.20:02:53::SCWPlatform::DSA absoulate path C:/Users/Thomas/Desktop/TP_MISTRE/TP_PROCESSEUR/Projet_Vitis/PS_ET_BRAM/hw/PS_ET_BRAM.xsa
TRACE::2026-08-06.20:02:53::SCWPlatform::DSA directory C:/Users/Thomas/Desktop/TP_MISTRE/TP_PROCESSEUR/Projet_Vitis/PS_ET_BRAM/hw
TRACE::2026-08-06.20:02:53::SCWPlatform:: Platform Path C:/Users/Thomas/Desktop/TP_MISTRE/TP_PROCESSEUR/Projet_Vitis/PS_ET_BRAM/hw/PS_ET_BRAM.xsa
TRACE::2026-08-06.20:02:53::SCWPlatform:: Unique name xilinx:zybo-z7-20::0.0
TRACE::2026-08-06.20:02:53::SCWPlatform::Trying to set the existing hwdb with name design_1_wrapper_6
TRACE::2026-08-06.20:02:53::SCWPlatform::Opened existing hwdb design_1_wrapper_6
TRACE::2026-08-06.20:02:53::SCWPlatform::Found the Hw Db part of the input DSA
TRACE::2026-08-06.20:02:53::SCWPlatform::Trying to open the hw design at C:/Users/Thomas/Desktop/TP_MISTRE/TP_PROCESSEUR/Projet_Vitis/PS_ET_BRAM/hw/PS_ET_BRAM.xsa
TRACE::2026-08-06.20:02:53::SCWPlatform::DSA given C:/Users/Thomas/Desktop/TP_MISTRE/TP_PROCESSEUR/Projet_Vitis/PS_ET_BRAM/hw/PS_ET_BRAM.xsa
TRACE::2026-08-06.20:02:53::SCWPlatform::DSA absoulate path C:/Users/Thomas/Desktop/TP_MISTRE/TP_PROCESSEUR/Projet_Vitis/PS_ET_BRAM/hw/PS_ET_BRAM.xsa
TRACE::2026-08-06.20:02:53::SCWPlatform::DSA directory C:/Users/Thomas/Desktop/TP_MISTRE/TP_PROCESSEUR/Projet_Vitis/PS_ET_BRAM/hw
TRACE::2026-08-06.20:02:53::SCWPlatform:: Platform Path C:/Users/Thomas/Desktop/TP_MISTRE/TP_PROCESSEUR/Projet_Vitis/PS_ET_BRAM/hw/PS_ET_BRAM.xsa
TRACE::2026-08-06.20:02:53::SCWPlatform:: Unique name xilinx:zybo-z7-20::0.0
TRACE::2026-08-06.20:02:53::SCWPlatform::Trying to set the existing hwdb with name design_1_wrapper_6
TRACE::2026-08-06.20:02:53::SCWPlatform::Opened existing hwdb design_1_wrapper_6
TRACE::2026-08-06.20:02:53::SCWPlatform::Found the Hw Db part of the input DSA
TRACE::2026-08-06.20:02:53::SCWPlatform::Trying to open the hw design at C:/Users/Thomas/Desktop/TP_MISTRE/TP_PROCESSEUR/Projet_Vitis/PS_ET_BRAM/hw/PS_ET_BRAM.xsa
TRACE::2026-08-06.20:02:53::SCWPlatform::DSA given C:/Users/Thomas/Desktop/TP_MISTRE/TP_PROCESSEUR/Projet_Vitis/PS_ET_BRAM/hw/PS_ET_BRAM.xsa
TRACE::2026-08-06.20:02:53::SCWPlatform::DSA absoulate path C:/Users/Thomas/Desktop/TP_MISTRE/TP_PROCESSEUR/Projet_Vitis/PS_ET_BRAM/hw/PS_ET_BRAM.xsa
TRACE::2026-08-06.20:02:53::SCWPlatform::DSA directory C:/Users/Thomas/Desktop/TP_MISTRE/TP_PROCESSEUR/Projet_Vitis/PS_ET_BRAM/hw
TRACE::2026-08-06.20:02:53::SCWPlatform:: Platform Path C:/Users/Thomas/Desktop/TP_MISTRE/TP_PROCESSEUR/Projet_Vitis/PS_ET_BRAM/hw/PS_ET_BRAM.xsa
TRACE::2026-08-06.20:02:53::SCWPlatform:: Unique name xilinx:zybo-z7-20::0.0
TRACE::2026-08-06.20:02:53::SCWPlatform::Trying to set the existing hwdb with name design_1_wrapper_6
TRACE::2026-08-06.20:02:53::SCWPlatform::Opened existing hwdb design_1_wrapper_6
TRACE::2026-08-06.20:02:53::SCWPlatform::Found the Hw Db part of the input DSA
TRACE::2026-08-06.20:02:53::SCWPlatform::Boot application domain added for zynq_fsbl
TRACE::2026-08-06.20:02:53::SCWPlatform::Generating the sources  .
TRACE::2026-08-06.20:02:53::SCWBDomain::Generating boot domain sources.
TRACE::2026-08-06.20:02:53::SCWBDomain:: Generating the zynq_fsbl Application.
TRACE::2026-08-06.20:02:53::SCWPlatform::Trying to open the hw design at C:/Users/Thomas/Desktop/TP_MISTRE/TP_PROCESSEUR/Projet_Vitis/PS_ET_BRAM/hw/PS_ET_BRAM.xsa
TRACE::2026-08-06.20:02:53::SCWPlatform::DSA given C:/Users/Thomas/Desktop/TP_MISTRE/TP_PROCESSEUR/Projet_Vitis/PS_ET_BRAM/hw/PS_ET_BRAM.xsa
TRACE::2026-08-06.20:02:53::SCWPlatform::DSA absoulate path C:/Users/Thomas/Desktop/TP_MISTRE/TP_PROCESSEUR/Projet_Vitis/PS_ET_BRAM/hw/PS_ET_BRAM.xsa
TRACE::2026-08-06.20:02:53::SCWPlatform::DSA directory C:/Users/Thomas/Desktop/TP_MISTRE/TP_PROCESSEUR/Projet_Vitis/PS_ET_BRAM/hw
TRACE::2026-08-06.20:02:53::SCWPlatform:: Platform Path C:/Users/Thomas/Desktop/TP_MISTRE/TP_PROCESSEUR/Projet_Vitis/PS_ET_BRAM/hw/PS_ET_BRAM.xsa
TRACE::2026-08-06.20:02:53::SCWPlatform:: Unique name xilinx:zybo-z7-20::0.0
TRACE::2026-08-06.20:02:53::SCWPlatform::Trying to set the existing hwdb with name design_1_wrapper_6
TRACE::2026-08-06.20:02:53::SCWPlatform::Opened existing hwdb design_1_wrapper_6
TRACE::2026-08-06.20:02:53::SCWPlatform::Found the Hw Db part of the input DSA
TRACE::2026-08-06.20:02:53::SCWMssOS::Checking the sw design at  C:/Users/Thomas/Desktop/TP_MISTRE/TP_PROCESSEUR/Projet_Vitis/PS_ET_BRAM/zynq_fsbl/zynq_fsbl_bsp/system.mss
TRACE::2026-08-06.20:02:53::SCWMssOS::DEBUG:  swdes dump  C:/Users/Thomas/Desktop/TP_MISTRE/TP_PROCESSEUR/Projet_Vitis/XADC_SingleCh14/ps7_cortexa9_0/standalone_ps7_cortexa9_0/bsp/system.mss|system_0||
C:/Users/Thomas/Desktop/TP_MISTRE/TP_PROCESSEUR/Projet_Vitis/XADC_SingleCh14/zynq_fsbl/zynq_fsbl_bsp/system.mss|system||

TRACE::2026-08-06.20:02:53::SCWMssOS::No sw design opened at  C:/Users/Thomas/Desktop/TP_MISTRE/TP_PROCESSEUR/Projet_Vitis/PS_ET_BRAM/zynq_fsbl/zynq_fsbl_bsp/system.mss
TRACE::2026-08-06.20:02:53::SCWMssOS::mss does not exists at C:/Users/Thomas/Desktop/TP_MISTRE/TP_PROCESSEUR/Projet_Vitis/PS_ET_BRAM/zynq_fsbl/zynq_fsbl_bsp/system.mss
TRACE::2026-08-06.20:02:53::SCWMssOS::Creating sw design at  C:/Users/Thomas/Desktop/TP_MISTRE/TP_PROCESSEUR/Projet_Vitis/PS_ET_BRAM/zynq_fsbl/zynq_fsbl_bsp/system.mss
TRACE::2026-08-06.20:02:53::SCWMssOS::Adding the swdes entry, created swdb C:/Users/Thomas/Desktop/TP_MISTRE/TP_PROCESSEUR/Projet_Vitis/PS_ET_BRAM/zynq_fsbl/zynq_fsbl_bsp/system.mss with des name C:/Users/Thomas/Desktop/TP_MISTRE/TP_PROCESSEUR/Projet_Vitis/PS_ET_BRAM/zynq_fsbl/zynq_fsbl_bsp/system.mss
TRACE::2026-08-06.20:02:53::SCWMssOS::updating the scw layer changes to swdes at   C:/Users/Thomas/Desktop/TP_MISTRE/TP_PROCESSEUR/Projet_Vitis/PS_ET_BRAM/zynq_fsbl/zynq_fsbl_bsp/system.mss
TRACE::2026-08-06.20:02:53::SCWMssOS::Writing mss at C:/Users/Thomas/Desktop/TP_MISTRE/TP_PROCESSEUR/Projet_Vitis/PS_ET_BRAM/zynq_fsbl/zynq_fsbl_bsp/system.mss
TRACE::2026-08-06.20:02:53::SCWMssOS::Completed writing the mss file at C:/Users/Thomas/Desktop/TP_MISTRE/TP_PROCESSEUR/Projet_Vitis/PS_ET_BRAM/zynq_fsbl/zynq_fsbl_bsp
TRACE::2026-08-06.20:02:53::SCWMssOS::Picking up changes from newly written mss file into SCW Layer. 
TRACE::2026-08-06.20:02:53::SCWMssOS::Updated the changes from newly written mss file into SCW Layer. 
TRACE::2026-08-06.20:02:53::SCWBDomain::Completed writing the mss file at C:/Users/Thomas/Desktop/TP_MISTRE/TP_PROCESSEUR/Projet_Vitis/PS_ET_BRAM/zynq_fsbl/zynq_fsbl_bsp
TRACE::2026-08-06.20:02:58::SCWPlatform::Generating sources Done.
TRACE::2026-08-06.20:02:58::SCWPlatform::Trying to open the hw design at C:/Users/Thomas/Desktop/TP_MISTRE/TP_PROCESSEUR/Projet_Vitis/PS_ET_BRAM/hw/PS_ET_BRAM.xsa
TRACE::2026-08-06.20:02:58::SCWPlatform::DSA given C:/Users/Thomas/Desktop/TP_MISTRE/TP_PROCESSEUR/Projet_Vitis/PS_ET_BRAM/hw/PS_ET_BRAM.xsa
TRACE::2026-08-06.20:02:58::SCWPlatform::DSA absoulate path C:/Users/Thomas/Desktop/TP_MISTRE/TP_PROCESSEUR/Projet_Vitis/PS_ET_BRAM/hw/PS_ET_BRAM.xsa
TRACE::2026-08-06.20:02:58::SCWPlatform::DSA directory C:/Users/Thomas/Desktop/TP_MISTRE/TP_PROCESSEUR/Projet_Vitis/PS_ET_BRAM/hw
TRACE::2026-08-06.20:02:58::SCWPlatform:: Platform Path C:/Users/Thomas/Desktop/TP_MISTRE/TP_PROCESSEUR/Projet_Vitis/PS_ET_BRAM/hw/PS_ET_BRAM.xsa
TRACE::2026-08-06.20:02:58::SCWPlatform:: Unique name xilinx:zybo-z7-20::0.0
TRACE::2026-08-06.20:02:58::SCWPlatform::Trying to set the existing hwdb with name design_1_wrapper_6
TRACE::2026-08-06.20:02:58::SCWPlatform::Opened existing hwdb design_1_wrapper_6
TRACE::2026-08-06.20:02:58::SCWPlatform::Found the Hw Db part of the input DSA
TRACE::2026-08-06.20:02:58::SCWMssOS::Checking the sw design at  C:/Users/Thomas/Desktop/TP_MISTRE/TP_PROCESSEUR/Projet_Vitis/PS_ET_BRAM/zynq_fsbl/zynq_fsbl_bsp/system.mss
TRACE::2026-08-06.20:02:58::SCWMssOS::DEBUG:  swdes dump  C:/Users/Thomas/Desktop/TP_MISTRE/TP_PROCESSEUR/Projet_Vitis/PS_ET_BRAM/zynq_fsbl/zynq_fsbl_bsp/system.mss|C:/Users/Thomas/Desktop/TP_MISTRE/TP_PROCESSEUR/Projet_Vitis/PS_ET_BRAM/zynq_fsbl/zynq_fsbl_bsp/system.mss||
C:/Users/Thomas/Desktop/TP_MISTRE/TP_PROCESSEUR/Projet_Vitis/XADC_SingleCh14/ps7_cortexa9_0/standalone_ps7_cortexa9_0/bsp/system.mss|system_0||
C:/Users/Thomas/Desktop/TP_MISTRE/TP_PROCESSEUR/Projet_Vitis/XADC_SingleCh14/zynq_fsbl/zynq_fsbl_bsp/system.mss|system||

KEYINFO::2026-08-06.20:02:58::SCWMssOS::Could not open the swdb for C:/Users/Thomas/Desktop/TP_MISTRE/TP_PROCESSEUR/Projet_Vitis/PS_ET_BRAM/zynq_fsbl/zynq_fsbl_bsp/system.mss
KEYINFO::2026-08-06.20:02:58::SCWMssOS::Could not open the sw design at  C:/Users/Thomas/Desktop/TP_MISTRE/TP_PROCESSEUR/Projet_Vitis/PS_ET_BRAM/zynq_fsbl/zynq_fsbl_bsp/system.mss
ERROR: [Hsi 55-1558] Software Design C:/Users/Thomas/Desktop/TP_MISTRE/TP_PROCESSEUR/Projet_Vitis/PS_ET_BRAM/zynq_fsbl/zynq_fsbl_bsp/system.mss is not found

TRACE::2026-08-06.20:02:58::SCWMssOS::Cleared the swdb table entry
TRACE::2026-08-06.20:02:58::SCWMssOS::No sw design opened at  C:/Users/Thomas/Desktop/TP_MISTRE/TP_PROCESSEUR/Projet_Vitis/PS_ET_BRAM/zynq_fsbl/zynq_fsbl_bsp/system.mss
TRACE::2026-08-06.20:02:58::SCWMssOS::mss exists loading the mss file  C:/Users/Thomas/Desktop/TP_MISTRE/TP_PROCESSEUR/Projet_Vitis/PS_ET_BRAM/zynq_fsbl/zynq_fsbl_bsp/system.mss
TRACE::2026-08-06.20:02:58::SCWMssOS::Opened the sw design from mss  C:/Users/Thomas/Desktop/TP_MISTRE/TP_PROCESSEUR/Projet_Vitis/PS_ET_BRAM/zynq_fsbl/zynq_fsbl_bsp/system.mss
TRACE::2026-08-06.20:02:58::SCWMssOS::Adding the swdes entry C:/Users/Thomas/Desktop/TP_MISTRE/TP_PROCESSEUR/Projet_Vitis/PS_ET_BRAM/zynq_fsbl/zynq_fsbl_bsp/system.mss with des name system_1
TRACE::2026-08-06.20:02:58::SCWMssOS::updating the scw layer about changes
TRACE::2026-08-06.20:02:58::SCWMssOS::Opened the sw design.  C:/Users/Thomas/Desktop/TP_MISTRE/TP_PROCESSEUR/Projet_Vitis/PS_ET_BRAM/zynq_fsbl/zynq_fsbl_bsp/system.mss
TRACE::2026-08-06.20:02:58::SCWMssOS::Saving the mss changes C:/Users/Thomas/Desktop/TP_MISTRE/TP_PROCESSEUR/Projet_Vitis/PS_ET_BRAM/zynq_fsbl/zynq_fsbl_bsp/system.mss
TRACE::2026-08-06.20:02:58::SCWMssOS::Found a swdesign opened with the mssfile.
TRACE::2026-08-06.20:02:58::SCWMssOS::Completed writemss as part of save.
TRACE::2026-08-06.20:02:58::SCWMssOS::Commit changes completed.
TRACE::2026-08-06.20:02:58::SCWPlatform::Trying to open the hw design at C:/Users/Thomas/Desktop/TP_MISTRE/TP_PROCESSEUR/Projet_Vitis/PS_ET_BRAM/hw/PS_ET_BRAM.xsa
TRACE::2026-08-06.20:02:58::SCWPlatform::DSA given C:/Users/Thomas/Desktop/TP_MISTRE/TP_PROCESSEUR/Projet_Vitis/PS_ET_BRAM/hw/PS_ET_BRAM.xsa
TRACE::2026-08-06.20:02:58::SCWPlatform::DSA absoulate path C:/Users/Thomas/Desktop/TP_MISTRE/TP_PROCESSEUR/Projet_Vitis/PS_ET_BRAM/hw/PS_ET_BRAM.xsa
TRACE::2026-08-06.20:02:58::SCWPlatform::DSA directory C:/Users/Thomas/Desktop/TP_MISTRE/TP_PROCESSEUR/Projet_Vitis/PS_ET_BRAM/hw
TRACE::2026-08-06.20:02:58::SCWPlatform:: Platform Path C:/Users/Thomas/Desktop/TP_MISTRE/TP_PROCESSEUR/Projet_Vitis/PS_ET_BRAM/hw/PS_ET_BRAM.xsa
TRACE::2026-08-06.20:02:58::SCWPlatform:: Unique name xilinx:zybo-z7-20::0.0
TRACE::2026-08-06.20:02:58::SCWPlatform::Trying to set the existing hwdb with name design_1_wrapper_6
TRACE::2026-08-06.20:02:58::SCWPlatform::Opened existing hwdb design_1_wrapper_6
TRACE::2026-08-06.20:02:58::SCWPlatform::Found the Hw Db part of the input DSA
TRACE::2026-08-06.20:02:58::SCWMssOS::Checking the sw design at  C:/Users/Thomas/Desktop/TP_MISTRE/TP_PROCESSEUR/Projet_Vitis/PS_ET_BRAM/zynq_fsbl/zynq_fsbl_bsp/system.mss
TRACE::2026-08-06.20:02:58::SCWMssOS::DEBUG:  swdes dump  C:/Users/Thomas/Desktop/TP_MISTRE/TP_PROCESSEUR/Projet_Vitis/PS_ET_BRAM/zynq_fsbl/zynq_fsbl_bsp/system.mss|system_1||
C:/Users/Thomas/Desktop/TP_MISTRE/TP_PROCESSEUR/Projet_Vitis/XADC_SingleCh14/ps7_cortexa9_0/standalone_ps7_cortexa9_0/bsp/system.mss|system_0||
C:/Users/Thomas/Desktop/TP_MISTRE/TP_PROCESSEUR/Projet_Vitis/XADC_SingleCh14/zynq_fsbl/zynq_fsbl_bsp/system.mss|system||

TRACE::2026-08-06.20:02:58::SCWMssOS::Sw design exists and opened at  C:/Users/Thomas/Desktop/TP_MISTRE/TP_PROCESSEUR/Projet_Vitis/PS_ET_BRAM/zynq_fsbl/zynq_fsbl_bsp/system.mss
TRACE::2026-08-06.20:02:58::SCWPlatform::Trying to open the hw design at C:/Users/Thomas/Desktop/TP_MISTRE/TP_PROCESSEUR/Projet_Vitis/PS_ET_BRAM/hw/PS_ET_BRAM.xsa
TRACE::2026-08-06.20:02:58::SCWPlatform::DSA given C:/Users/Thomas/Desktop/TP_MISTRE/TP_PROCESSEUR/Projet_Vitis/PS_ET_BRAM/hw/PS_ET_BRAM.xsa
TRACE::2026-08-06.20:02:58::SCWPlatform::DSA absoulate path C:/Users/Thomas/Desktop/TP_MISTRE/TP_PROCESSEUR/Projet_Vitis/PS_ET_BRAM/hw/PS_ET_BRAM.xsa
TRACE::2026-08-06.20:02:58::SCWPlatform::DSA directory C:/Users/Thomas/Desktop/TP_MISTRE/TP_PROCESSEUR/Projet_Vitis/PS_ET_BRAM/hw
TRACE::2026-08-06.20:02:58::SCWPlatform:: Platform Path C:/Users/Thomas/Desktop/TP_MISTRE/TP_PROCESSEUR/Projet_Vitis/PS_ET_BRAM/hw/PS_ET_BRAM.xsa
TRACE::2026-08-06.20:02:58::SCWPlatform:: Unique name xilinx:zybo-z7-20::0.0
TRACE::2026-08-06.20:02:58::SCWPlatform::Trying to set the existing hwdb with name design_1_wrapper_6
TRACE::2026-08-06.20:02:58::SCWPlatform::Opened existing hwdb design_1_wrapper_6
TRACE::2026-08-06.20:02:58::SCWPlatform::Found the Hw Db part of the input DSA
TRACE::2026-08-06.20:02:58::SCWMssOS::Checking the sw design at  C:/Users/Thomas/Desktop/TP_MISTRE/TP_PROCESSEUR/Projet_Vitis/PS_ET_BRAM/zynq_fsbl/zynq_fsbl_bsp/system.mss
TRACE::2026-08-06.20:02:58::SCWMssOS::DEBUG:  swdes dump  C:/Users/Thomas/Desktop/TP_MISTRE/TP_PROCESSEUR/Projet_Vitis/PS_ET_BRAM/zynq_fsbl/zynq_fsbl_bsp/system.mss|system_1||
C:/Users/Thomas/Desktop/TP_MISTRE/TP_PROCESSEUR/Projet_Vitis/XADC_SingleCh14/ps7_cortexa9_0/standalone_ps7_cortexa9_0/bsp/system.mss|system_0||
C:/Users/Thomas/Desktop/TP_MISTRE/TP_PROCESSEUR/Projet_Vitis/XADC_SingleCh14/zynq_fsbl/zynq_fsbl_bsp/system.mss|system||

TRACE::2026-08-06.20:02:58::SCWMssOS::Sw design exists and opened at  C:/Users/Thomas/Desktop/TP_MISTRE/TP_PROCESSEUR/Projet_Vitis/PS_ET_BRAM/zynq_fsbl/zynq_fsbl_bsp/system.mss
TRACE::2026-08-06.20:02:58::SCWPlatform::Trying to open the hw design at C:/Users/Thomas/Desktop/TP_MISTRE/TP_PROCESSEUR/Projet_Vitis/PS_ET_BRAM/hw/PS_ET_BRAM.xsa
TRACE::2026-08-06.20:02:58::SCWPlatform::DSA given C:/Users/Thomas/Desktop/TP_MISTRE/TP_PROCESSEUR/Projet_Vitis/PS_ET_BRAM/hw/PS_ET_BRAM.xsa
TRACE::2026-08-06.20:02:58::SCWPlatform::DSA absoulate path C:/Users/Thomas/Desktop/TP_MISTRE/TP_PROCESSEUR/Projet_Vitis/PS_ET_BRAM/hw/PS_ET_BRAM.xsa
TRACE::2026-08-06.20:02:58::SCWPlatform::DSA directory C:/Users/Thomas/Desktop/TP_MISTRE/TP_PROCESSEUR/Projet_Vitis/PS_ET_BRAM/hw
TRACE::2026-08-06.20:02:58::SCWPlatform:: Platform Path C:/Users/Thomas/Desktop/TP_MISTRE/TP_PROCESSEUR/Projet_Vitis/PS_ET_BRAM/hw/PS_ET_BRAM.xsa
TRACE::2026-08-06.20:02:58::SCWPlatform:: Unique name xilinx:zybo-z7-20::0.0
TRACE::2026-08-06.20:02:58::SCWPlatform::Trying to set the existing hwdb with name design_1_wrapper_6
TRACE::2026-08-06.20:02:58::SCWPlatform::Opened existing hwdb design_1_wrapper_6
TRACE::2026-08-06.20:02:58::SCWPlatform::Found the Hw Db part of the input DSA
TRACE::2026-08-06.20:02:58::SCWMssOS::Checking the sw design at  C:/Users/Thomas/Desktop/TP_MISTRE/TP_PROCESSEUR/Projet_Vitis/PS_ET_BRAM/zynq_fsbl/zynq_fsbl_bsp/system.mss
TRACE::2026-08-06.20:02:58::SCWMssOS::DEBUG:  swdes dump  C:/Users/Thomas/Desktop/TP_MISTRE/TP_PROCESSEUR/Projet_Vitis/PS_ET_BRAM/zynq_fsbl/zynq_fsbl_bsp/system.mss|system_1||
C:/Users/Thomas/Desktop/TP_MISTRE/TP_PROCESSEUR/Projet_Vitis/XADC_SingleCh14/ps7_cortexa9_0/standalone_ps7_cortexa9_0/bsp/system.mss|system_0||
C:/Users/Thomas/Desktop/TP_MISTRE/TP_PROCESSEUR/Projet_Vitis/XADC_SingleCh14/zynq_fsbl/zynq_fsbl_bsp/system.mss|system||

TRACE::2026-08-06.20:02:58::SCWMssOS::Sw design exists and opened at  C:/Users/Thomas/Desktop/TP_MISTRE/TP_PROCESSEUR/Projet_Vitis/PS_ET_BRAM/zynq_fsbl/zynq_fsbl_bsp/system.mss
TRACE::2026-08-06.20:02:58::SCWWriter::formatted JSON is {
	"platformName":	"PS_ET_BRAM",
	"sprVersion":	"2.0",
	"mode":	"gui",
	"dsaType":	"Fixed",
	"platformDesc":	"PS_ET_BRAM",
	"platHandOff":	"<platformDir>.xsa",
	"platIntHandOff":	"<platformDir>/hw/PS_ET_BRAM.xsa",
	"deviceType":	"zynq",
	"platIsPrebuiltAutogen":	"false",
	"platIsNoBootBsp":	"false",
	"platFsblTarget":	"ps7_cortexa9_0",
	"hasFsblMakeHasChanges":	"false",
	"hasPmufwMakeHasChanges":	"false",
	"fsblExtraCompilerFlags":	"-MMD -MP       -mcpu=cortex-a9 -mfpu=vfpv3 -mfloat-abi=hard ",
	"platPreBuiltFlag":	false,
	"platformSamplesDir":	"",
	"platActiveSys":	"PS_ET_BRAM",
	"systems":	[{
			"systemName":	"PS_ET_BRAM",
			"systemDesc":	"PS_ET_BRAM",
			"sysIsBootAutoGen":	"true",
			"systemDispName":	"PS_ET_BRAM",
			"sysActiveDom":	"zynq_fsbl",
			"sysDefaultDom":	"",
			"domains":	[{
					"domainName":	"zynq_fsbl",
					"domainDispName":	"zynq_fsbl",
					"domainDesc":	"FSBL Application BSP - Auto Generated.",
					"processors":	"ps7_cortexa9_0",
					"os":	"standalone",
					"sdxOs":	"standalone",
					"debugEnable":	"",
					"domRuntimes":	["cpp"],
					"swRepo":	"",
					"mssOsVer":	"7.3",
					"mssFile":	"",
					"md5Digest":	"2f9bcde54a58b38f91c3131cb5f14b8b",
					"compatibleApp":	"zynq_fsbl",
					"domType":	"bootDomain",
					"arch":	"32-bit",
					"appSettings":	{
						"appCompilerFlags":	"",
						"appLinkerFlags":	""
					},
					"addedLibs":	["xilffs:4.4", "xilrsa:1.6"],
					"libOptions":	{
						"libsContainingOptions":	[]
					},
					"prebuiltLibs":	{
						"prebuiltIncPath":	[],
						"prebuiltLibPath":	[]
					},
					"isolation":	{
					}
				}]
		}]
}
TRACE::2026-08-06.20:02:58::SCWMssOS::Saving the mss changes C:/Users/Thomas/Desktop/TP_MISTRE/TP_PROCESSEUR/Projet_Vitis/PS_ET_BRAM/zynq_fsbl/zynq_fsbl_bsp/system.mss
TRACE::2026-08-06.20:02:58::SCWMssOS::Found a swdesign opened with the mssfile.
TRACE::2026-08-06.20:02:58::SCWMssOS::Completed writemss as part of save.
TRACE::2026-08-06.20:02:58::SCWMssOS::Commit changes completed.
TRACE::2026-08-06.20:02:58::SCWPlatform::Trying to open the hw design at C:/Users/Thomas/Desktop/TP_MISTRE/TP_PROCESSEUR/Projet_Vitis/PS_ET_BRAM/hw/PS_ET_BRAM.xsa
TRACE::2026-08-06.20:02:58::SCWPlatform::DSA given C:/Users/Thomas/Desktop/TP_MISTRE/TP_PROCESSEUR/Projet_Vitis/PS_ET_BRAM/hw/PS_ET_BRAM.xsa
TRACE::2026-08-06.20:02:58::SCWPlatform::DSA absoulate path C:/Users/Thomas/Desktop/TP_MISTRE/TP_PROCESSEUR/Projet_Vitis/PS_ET_BRAM/hw/PS_ET_BRAM.xsa
TRACE::2026-08-06.20:02:58::SCWPlatform::DSA directory C:/Users/Thomas/Desktop/TP_MISTRE/TP_PROCESSEUR/Projet_Vitis/PS_ET_BRAM/hw
TRACE::2026-08-06.20:02:58::SCWPlatform:: Platform Path C:/Users/Thomas/Desktop/TP_MISTRE/TP_PROCESSEUR/Projet_Vitis/PS_ET_BRAM/hw/PS_ET_BRAM.xsa
TRACE::2026-08-06.20:02:58::SCWPlatform:: Unique name xilinx:zybo-z7-20::0.0
TRACE::2026-08-06.20:02:58::SCWPlatform::Trying to set the existing hwdb with name design_1_wrapper_6
TRACE::2026-08-06.20:02:58::SCWPlatform::Opened existing hwdb design_1_wrapper_6
TRACE::2026-08-06.20:02:58::SCWPlatform::Found the Hw Db part of the input DSA
TRACE::2026-08-06.20:02:58::SCWMssOS::Checking the sw design at  C:/Users/Thomas/Desktop/TP_MISTRE/TP_PROCESSEUR/Projet_Vitis/PS_ET_BRAM/zynq_fsbl/zynq_fsbl_bsp/system.mss
TRACE::2026-08-06.20:02:58::SCWMssOS::DEBUG:  swdes dump  C:/Users/Thomas/Desktop/TP_MISTRE/TP_PROCESSEUR/Projet_Vitis/PS_ET_BRAM/zynq_fsbl/zynq_fsbl_bsp/system.mss|system_1||
C:/Users/Thomas/Desktop/TP_MISTRE/TP_PROCESSEUR/Projet_Vitis/XADC_SingleCh14/ps7_cortexa9_0/standalone_ps7_cortexa9_0/bsp/system.mss|system_0||
C:/Users/Thomas/Desktop/TP_MISTRE/TP_PROCESSEUR/Projet_Vitis/XADC_SingleCh14/zynq_fsbl/zynq_fsbl_bsp/system.mss|system||

TRACE::2026-08-06.20:02:58::SCWMssOS::Sw design exists and opened at  C:/Users/Thomas/Desktop/TP_MISTRE/TP_PROCESSEUR/Projet_Vitis/PS_ET_BRAM/zynq_fsbl/zynq_fsbl_bsp/system.mss
TRACE::2026-08-06.20:02:58::SCWPlatform::Trying to open the hw design at C:/Users/Thomas/Desktop/TP_MISTRE/TP_PROCESSEUR/Projet_Vitis/PS_ET_BRAM/hw/PS_ET_BRAM.xsa
TRACE::2026-08-06.20:02:58::SCWPlatform::DSA given C:/Users/Thomas/Desktop/TP_MISTRE/TP_PROCESSEUR/Projet_Vitis/PS_ET_BRAM/hw/PS_ET_BRAM.xsa
TRACE::2026-08-06.20:02:58::SCWPlatform::DSA absoulate path C:/Users/Thomas/Desktop/TP_MISTRE/TP_PROCESSEUR/Projet_Vitis/PS_ET_BRAM/hw/PS_ET_BRAM.xsa
TRACE::2026-08-06.20:02:58::SCWPlatform::DSA directory C:/Users/Thomas/Desktop/TP_MISTRE/TP_PROCESSEUR/Projet_Vitis/PS_ET_BRAM/hw
TRACE::2026-08-06.20:02:58::SCWPlatform:: Platform Path C:/Users/Thomas/Desktop/TP_MISTRE/TP_PROCESSEUR/Projet_Vitis/PS_ET_BRAM/hw/PS_ET_BRAM.xsa
TRACE::2026-08-06.20:02:58::SCWPlatform:: Unique name xilinx:zybo-z7-20::0.0
TRACE::2026-08-06.20:02:58::SCWPlatform::Trying to set the existing hwdb with name design_1_wrapper_6
TRACE::2026-08-06.20:02:58::SCWPlatform::Opened existing hwdb design_1_wrapper_6
TRACE::2026-08-06.20:02:58::SCWPlatform::Found the Hw Db part of the input DSA
TRACE::2026-08-06.20:02:58::SCWMssOS::Checking the sw design at  C:/Users/Thomas/Desktop/TP_MISTRE/TP_PROCESSEUR/Projet_Vitis/PS_ET_BRAM/zynq_fsbl/zynq_fsbl_bsp/system.mss
TRACE::2026-08-06.20:02:58::SCWMssOS::DEBUG:  swdes dump  C:/Users/Thomas/Desktop/TP_MISTRE/TP_PROCESSEUR/Projet_Vitis/PS_ET_BRAM/zynq_fsbl/zynq_fsbl_bsp/system.mss|system_1||
C:/Users/Thomas/Desktop/TP_MISTRE/TP_PROCESSEUR/Projet_Vitis/XADC_SingleCh14/ps7_cortexa9_0/standalone_ps7_cortexa9_0/bsp/system.mss|system_0||
C:/Users/Thomas/Desktop/TP_MISTRE/TP_PROCESSEUR/Projet_Vitis/XADC_SingleCh14/zynq_fsbl/zynq_fsbl_bsp/system.mss|system||

TRACE::2026-08-06.20:02:58::SCWMssOS::Sw design exists and opened at  C:/Users/Thomas/Desktop/TP_MISTRE/TP_PROCESSEUR/Projet_Vitis/PS_ET_BRAM/zynq_fsbl/zynq_fsbl_bsp/system.mss
TRACE::2026-08-06.20:02:58::SCWPlatform::Trying to open the hw design at C:/Users/Thomas/Desktop/TP_MISTRE/TP_PROCESSEUR/Projet_Vitis/PS_ET_BRAM/hw/PS_ET_BRAM.xsa
TRACE::2026-08-06.20:02:58::SCWPlatform::DSA given C:/Users/Thomas/Desktop/TP_MISTRE/TP_PROCESSEUR/Projet_Vitis/PS_ET_BRAM/hw/PS_ET_BRAM.xsa
TRACE::2026-08-06.20:02:58::SCWPlatform::DSA absoulate path C:/Users/Thomas/Desktop/TP_MISTRE/TP_PROCESSEUR/Projet_Vitis/PS_ET_BRAM/hw/PS_ET_BRAM.xsa
TRACE::2026-08-06.20:02:58::SCWPlatform::DSA directory C:/Users/Thomas/Desktop/TP_MISTRE/TP_PROCESSEUR/Projet_Vitis/PS_ET_BRAM/hw
TRACE::2026-08-06.20:02:58::SCWPlatform:: Platform Path C:/Users/Thomas/Desktop/TP_MISTRE/TP_PROCESSEUR/Projet_Vitis/PS_ET_BRAM/hw/PS_ET_BRAM.xsa
TRACE::2026-08-06.20:02:58::SCWPlatform:: Unique name xilinx:zybo-z7-20::0.0
TRACE::2026-08-06.20:02:58::SCWPlatform::Trying to set the existing hwdb with name design_1_wrapper_6
TRACE::2026-08-06.20:02:58::SCWPlatform::Opened existing hwdb design_1_wrapper_6
TRACE::2026-08-06.20:02:58::SCWPlatform::Found the Hw Db part of the input DSA
TRACE::2026-08-06.20:02:58::SCWMssOS::Checking the sw design at  C:/Users/Thomas/Desktop/TP_MISTRE/TP_PROCESSEUR/Projet_Vitis/PS_ET_BRAM/zynq_fsbl/zynq_fsbl_bsp/system.mss
TRACE::2026-08-06.20:02:58::SCWMssOS::DEBUG:  swdes dump  C:/Users/Thomas/Desktop/TP_MISTRE/TP_PROCESSEUR/Projet_Vitis/PS_ET_BRAM/zynq_fsbl/zynq_fsbl_bsp/system.mss|system_1||
C:/Users/Thomas/Desktop/TP_MISTRE/TP_PROCESSEUR/Projet_Vitis/XADC_SingleCh14/ps7_cortexa9_0/standalone_ps7_cortexa9_0/bsp/system.mss|system_0||
C:/Users/Thomas/Desktop/TP_MISTRE/TP_PROCESSEUR/Projet_Vitis/XADC_SingleCh14/zynq_fsbl/zynq_fsbl_bsp/system.mss|system||

TRACE::2026-08-06.20:02:58::SCWMssOS::Sw design exists and opened at  C:/Users/Thomas/Desktop/TP_MISTRE/TP_PROCESSEUR/Projet_Vitis/PS_ET_BRAM/zynq_fsbl/zynq_fsbl_bsp/system.mss
TRACE::2026-08-06.20:02:58::SCWWriter::formatted JSON is {
	"platformName":	"PS_ET_BRAM",
	"sprVersion":	"2.0",
	"mode":	"gui",
	"dsaType":	"Fixed",
	"platformDesc":	"PS_ET_BRAM",
	"platHandOff":	"<platformDir>.xsa",
	"platIntHandOff":	"<platformDir>/hw/PS_ET_BRAM.xsa",
	"deviceType":	"zynq",
	"platIsPrebuiltAutogen":	"false",
	"platIsNoBootBsp":	"false",
	"platFsblTarget":	"ps7_cortexa9_0",
	"hasFsblMakeHasChanges":	"false",
	"hasPmufwMakeHasChanges":	"false",
	"fsblExtraCompilerFlags":	"-MMD -MP       -mcpu=cortex-a9 -mfpu=vfpv3 -mfloat-abi=hard ",
	"platPreBuiltFlag":	false,
	"platformSamplesDir":	"",
	"platActiveSys":	"PS_ET_BRAM",
	"systems":	[{
			"systemName":	"PS_ET_BRAM",
			"systemDesc":	"PS_ET_BRAM",
			"sysIsBootAutoGen":	"true",
			"systemDispName":	"PS_ET_BRAM",
			"sysActiveDom":	"zynq_fsbl",
			"sysDefaultDom":	"",
			"domains":	[{
					"domainName":	"zynq_fsbl",
					"domainDispName":	"zynq_fsbl",
					"domainDesc":	"FSBL Application BSP - Auto Generated.",
					"processors":	"ps7_cortexa9_0",
					"os":	"standalone",
					"sdxOs":	"standalone",
					"debugEnable":	"",
					"domRuntimes":	["cpp"],
					"swRepo":	"",
					"mssOsVer":	"7.3",
					"mssFile":	"",
					"md5Digest":	"2f9bcde54a58b38f91c3131cb5f14b8b",
					"compatibleApp":	"zynq_fsbl",
					"domType":	"bootDomain",
					"arch":	"32-bit",
					"appSettings":	{
						"appCompilerFlags":	"",
						"appLinkerFlags":	""
					},
					"addedLibs":	["xilffs:4.4", "xilrsa:1.6"],
					"libOptions":	{
						"libsContainingOptions":	[]
					},
					"prebuiltLibs":	{
						"prebuiltIncPath":	[],
						"prebuiltLibPath":	[]
					},
					"isolation":	{
					}
				}]
		}]
}
TRACE::2026-08-06.20:02:58::SCWDomain::checking for install qemu data   : 
TRACE::2026-08-06.20:02:58::SCWDomain:: Using the QEMU Data from install at  : C:/Xilinx/Vitis/2020.2/data/emulation/platforms/zynq/sw/a9_standalone/qemu/
TRACE::2026-08-06.20:02:58::SCWDomain:: Using the QEMU args  from install at  : C:/Xilinx/Vitis/2020.2/data/emulation/platforms/zynq/sw/a9_standalone/qemu/qemu_args.txt
TRACE::2026-08-06.20:02:58::SCWPlatform::Trying to open the hw design at C:/Users/Thomas/Desktop/TP_MISTRE/TP_PROCESSEUR/Projet_Vitis/PS_ET_BRAM/hw/PS_ET_BRAM.xsa
TRACE::2026-08-06.20:02:58::SCWPlatform::DSA given C:/Users/Thomas/Desktop/TP_MISTRE/TP_PROCESSEUR/Projet_Vitis/PS_ET_BRAM/hw/PS_ET_BRAM.xsa
TRACE::2026-08-06.20:02:58::SCWPlatform::DSA absoulate path C:/Users/Thomas/Desktop/TP_MISTRE/TP_PROCESSEUR/Projet_Vitis/PS_ET_BRAM/hw/PS_ET_BRAM.xsa
TRACE::2026-08-06.20:02:58::SCWPlatform::DSA directory C:/Users/Thomas/Desktop/TP_MISTRE/TP_PROCESSEUR/Projet_Vitis/PS_ET_BRAM/hw
TRACE::2026-08-06.20:02:58::SCWPlatform:: Platform Path C:/Users/Thomas/Desktop/TP_MISTRE/TP_PROCESSEUR/Projet_Vitis/PS_ET_BRAM/hw/PS_ET_BRAM.xsa
TRACE::2026-08-06.20:02:58::SCWPlatform:: Unique name xilinx:zybo-z7-20::0.0
TRACE::2026-08-06.20:02:58::SCWPlatform::Trying to set the existing hwdb with name design_1_wrapper_6
TRACE::2026-08-06.20:02:58::SCWPlatform::Opened existing hwdb design_1_wrapper_6
TRACE::2026-08-06.20:02:58::SCWPlatform::Found the Hw Db part of the input DSA
TRACE::2026-08-06.20:02:58::SCWPlatform::Trying to open the hw design at C:/Users/Thomas/Desktop/TP_MISTRE/TP_PROCESSEUR/Projet_Vitis/PS_ET_BRAM/hw/PS_ET_BRAM.xsa
TRACE::2026-08-06.20:02:58::SCWPlatform::DSA given C:/Users/Thomas/Desktop/TP_MISTRE/TP_PROCESSEUR/Projet_Vitis/PS_ET_BRAM/hw/PS_ET_BRAM.xsa
TRACE::2026-08-06.20:02:58::SCWPlatform::DSA absoulate path C:/Users/Thomas/Desktop/TP_MISTRE/TP_PROCESSEUR/Projet_Vitis/PS_ET_BRAM/hw/PS_ET_BRAM.xsa
TRACE::2026-08-06.20:02:58::SCWPlatform::DSA directory C:/Users/Thomas/Desktop/TP_MISTRE/TP_PROCESSEUR/Projet_Vitis/PS_ET_BRAM/hw
TRACE::2026-08-06.20:02:58::SCWPlatform:: Platform Path C:/Users/Thomas/Desktop/TP_MISTRE/TP_PROCESSEUR/Projet_Vitis/PS_ET_BRAM/hw/PS_ET_BRAM.xsa
TRACE::2026-08-06.20:02:58::SCWPlatform:: Unique name xilinx:zybo-z7-20::0.0
TRACE::2026-08-06.20:02:58::SCWPlatform::Trying to set the existing hwdb with name design_1_wrapper_6
TRACE::2026-08-06.20:02:58::SCWPlatform::Opened existing hwdb design_1_wrapper_6
TRACE::2026-08-06.20:02:58::SCWPlatform::Found the Hw Db part of the input DSA
TRACE::2026-08-06.20:02:58::SCWPlatform::Trying to open the hw design at C:/Users/Thomas/Desktop/TP_MISTRE/TP_PROCESSEUR/Projet_Vitis/PS_ET_BRAM/hw/PS_ET_BRAM.xsa
TRACE::2026-08-06.20:02:58::SCWPlatform::DSA given C:/Users/Thomas/Desktop/TP_MISTRE/TP_PROCESSEUR/Projet_Vitis/PS_ET_BRAM/hw/PS_ET_BRAM.xsa
TRACE::2026-08-06.20:02:58::SCWPlatform::DSA absoulate path C:/Users/Thomas/Desktop/TP_MISTRE/TP_PROCESSEUR/Projet_Vitis/PS_ET_BRAM/hw/PS_ET_BRAM.xsa
TRACE::2026-08-06.20:02:58::SCWPlatform::DSA directory C:/Users/Thomas/Desktop/TP_MISTRE/TP_PROCESSEUR/Projet_Vitis/PS_ET_BRAM/hw
TRACE::2026-08-06.20:02:58::SCWPlatform:: Platform Path C:/Users/Thomas/Desktop/TP_MISTRE/TP_PROCESSEUR/Projet_Vitis/PS_ET_BRAM/hw/PS_ET_BRAM.xsa
TRACE::2026-08-06.20:02:58::SCWPlatform:: Unique name xilinx:zybo-z7-20::0.0
TRACE::2026-08-06.20:02:58::SCWPlatform::Trying to set the existing hwdb with name design_1_wrapper_6
TRACE::2026-08-06.20:02:58::SCWPlatform::Opened existing hwdb design_1_wrapper_6
TRACE::2026-08-06.20:02:58::SCWPlatform::Found the Hw Db part of the input DSA
TRACE::2026-08-06.20:02:58::SCWMssOS::Checking the sw design at  C:/Users/Thomas/Desktop/TP_MISTRE/TP_PROCESSEUR/Projet_Vitis/PS_ET_BRAM/ps7_cortexa9_0/standalone_ps7_cortexa9_0/bsp/system.mss
TRACE::2026-08-06.20:02:58::SCWMssOS::DEBUG:  swdes dump  C:/Users/Thomas/Desktop/TP_MISTRE/TP_PROCESSEUR/Projet_Vitis/PS_ET_BRAM/zynq_fsbl/zynq_fsbl_bsp/system.mss|system_1||
C:/Users/Thomas/Desktop/TP_MISTRE/TP_PROCESSEUR/Projet_Vitis/XADC_SingleCh14/ps7_cortexa9_0/standalone_ps7_cortexa9_0/bsp/system.mss|system_0||
C:/Users/Thomas/Desktop/TP_MISTRE/TP_PROCESSEUR/Projet_Vitis/XADC_SingleCh14/zynq_fsbl/zynq_fsbl_bsp/system.mss|system||

TRACE::2026-08-06.20:02:58::SCWMssOS::No sw design opened at  C:/Users/Thomas/Desktop/TP_MISTRE/TP_PROCESSEUR/Projet_Vitis/PS_ET_BRAM/ps7_cortexa9_0/standalone_ps7_cortexa9_0/bsp/system.mss
TRACE::2026-08-06.20:02:58::SCWMssOS::mss does not exists at C:/Users/Thomas/Desktop/TP_MISTRE/TP_PROCESSEUR/Projet_Vitis/PS_ET_BRAM/ps7_cortexa9_0/standalone_ps7_cortexa9_0/bsp/system.mss
TRACE::2026-08-06.20:02:58::SCWMssOS::Creating sw design at  C:/Users/Thomas/Desktop/TP_MISTRE/TP_PROCESSEUR/Projet_Vitis/PS_ET_BRAM/ps7_cortexa9_0/standalone_ps7_cortexa9_0/bsp/system.mss
TRACE::2026-08-06.20:02:58::SCWMssOS::Adding the swdes entry, created swdb C:/Users/Thomas/Desktop/TP_MISTRE/TP_PROCESSEUR/Projet_Vitis/PS_ET_BRAM/ps7_cortexa9_0/standalone_ps7_cortexa9_0/bsp/system.mss with des name C:/Users/Thomas/Desktop/TP_MISTRE/TP_PROCESSEUR/Projet_Vitis/PS_ET_BRAM/ps7_cortexa9_0/standalone_ps7_cortexa9_0/bsp/system.mss
TRACE::2026-08-06.20:02:58::SCWMssOS::updating the scw layer changes to swdes at   C:/Users/Thomas/Desktop/TP_MISTRE/TP_PROCESSEUR/Projet_Vitis/PS_ET_BRAM/ps7_cortexa9_0/standalone_ps7_cortexa9_0/bsp/system.mss
TRACE::2026-08-06.20:02:58::SCWMssOS::Writing mss at C:/Users/Thomas/Desktop/TP_MISTRE/TP_PROCESSEUR/Projet_Vitis/PS_ET_BRAM/ps7_cortexa9_0/standalone_ps7_cortexa9_0/bsp/system.mss
TRACE::2026-08-06.20:02:58::SCWMssOS::Completed writing the mss file at C:/Users/Thomas/Desktop/TP_MISTRE/TP_PROCESSEUR/Projet_Vitis/PS_ET_BRAM/ps7_cortexa9_0/standalone_ps7_cortexa9_0/bsp
TRACE::2026-08-06.20:02:58::SCWMssOS::Picking up changes from newly written mss file into SCW Layer. 
TRACE::2026-08-06.20:02:58::SCWMssOS::Updated the changes from newly written mss file into SCW Layer. 
TRACE::2026-08-06.20:02:58::SCWMssOS::Completed writing the mss file at C:/Users/Thomas/Desktop/TP_MISTRE/TP_PROCESSEUR/Projet_Vitis/PS_ET_BRAM/ps7_cortexa9_0/standalone_ps7_cortexa9_0/bsp
TRACE::2026-08-06.20:02:58::SCWMssOS::Forcing BSP Sources regeneration.
TRACE::2026-08-06.20:02:59::SCWMssOS::Saving the mss changes C:/Users/Thomas/Desktop/TP_MISTRE/TP_PROCESSEUR/Projet_Vitis/PS_ET_BRAM/zynq_fsbl/zynq_fsbl_bsp/system.mss
TRACE::2026-08-06.20:02:59::SCWMssOS::Found a swdesign opened with the mssfile.
TRACE::2026-08-06.20:02:59::SCWMssOS::Completed writemss as part of save.
TRACE::2026-08-06.20:02:59::SCWMssOS::Commit changes completed.
TRACE::2026-08-06.20:02:59::SCWMssOS::Saving the mss changes C:/Users/Thomas/Desktop/TP_MISTRE/TP_PROCESSEUR/Projet_Vitis/PS_ET_BRAM/ps7_cortexa9_0/standalone_ps7_cortexa9_0/bsp/system.mss
TRACE::2026-08-06.20:02:59::SCWMssOS::Found a swdesign opened with the mssfile.
TRACE::2026-08-06.20:02:59::SCWMssOS::Running validate of swdbs.
KEYINFO::2026-08-06.20:02:59::SCWMssOS::Could not open the swdb for C:/Users/Thomas/Desktop/TP_MISTRE/TP_PROCESSEUR/Projet_Vitis/PS_ET_BRAM/ps7_cortexa9_0/standalone_ps7_cortexa9_0/bsp/system.mss
KEYINFO::2026-08-06.20:02:59::SCWMssOS::Could not open the sw design at  C:/Users/Thomas/Desktop/TP_MISTRE/TP_PROCESSEUR/Projet_Vitis/PS_ET_BRAM/ps7_cortexa9_0/standalone_ps7_cortexa9_0/bsp/system.mss
ERROR: [Hsi 55-1558] Software Design C:/Users/Thomas/Desktop/TP_MISTRE/TP_PROCESSEUR/Projet_Vitis/PS_ET_BRAM/ps7_cortexa9_0/standalone_ps7_cortexa9_0/bsp/system.mss is not found

TRACE::2026-08-06.20:02:59::SCWMssOS::Cleared the swdb table entry
TRACE::2026-08-06.20:02:59::SCWMssOS::Adding the swdes entry, mss present, able to open swdb C:/Users/Thomas/Desktop/TP_MISTRE/TP_PROCESSEUR/Projet_Vitis/PS_ET_BRAM/ps7_cortexa9_0/standalone_ps7_cortexa9_0/bsp/system.mss with des name system_2
TRACE::2026-08-06.20:02:59::SCWMssOS::Writing the mss file completed C:/Users/Thomas/Desktop/TP_MISTRE/TP_PROCESSEUR/Projet_Vitis/PS_ET_BRAM/ps7_cortexa9_0/standalone_ps7_cortexa9_0/bsp/system.mss
TRACE::2026-08-06.20:02:59::SCWMssOS::Commit changes completed.
TRACE::2026-08-06.20:02:59::SCWPlatform::Trying to open the hw design at C:/Users/Thomas/Desktop/TP_MISTRE/TP_PROCESSEUR/Projet_Vitis/PS_ET_BRAM/hw/PS_ET_BRAM.xsa
TRACE::2026-08-06.20:02:59::SCWPlatform::DSA given C:/Users/Thomas/Desktop/TP_MISTRE/TP_PROCESSEUR/Projet_Vitis/PS_ET_BRAM/hw/PS_ET_BRAM.xsa
TRACE::2026-08-06.20:02:59::SCWPlatform::DSA absoulate path C:/Users/Thomas/Desktop/TP_MISTRE/TP_PROCESSEUR/Projet_Vitis/PS_ET_BRAM/hw/PS_ET_BRAM.xsa
TRACE::2026-08-06.20:02:59::SCWPlatform::DSA directory C:/Users/Thomas/Desktop/TP_MISTRE/TP_PROCESSEUR/Projet_Vitis/PS_ET_BRAM/hw
TRACE::2026-08-06.20:02:59::SCWPlatform:: Platform Path C:/Users/Thomas/Desktop/TP_MISTRE/TP_PROCESSEUR/Projet_Vitis/PS_ET_BRAM/hw/PS_ET_BRAM.xsa
TRACE::2026-08-06.20:02:59::SCWPlatform:: Unique name xilinx:zybo-z7-20::0.0
TRACE::2026-08-06.20:02:59::SCWPlatform::Trying to set the existing hwdb with name design_1_wrapper_6
TRACE::2026-08-06.20:02:59::SCWPlatform::Opened existing hwdb design_1_wrapper_6
TRACE::2026-08-06.20:02:59::SCWPlatform::Found the Hw Db part of the input DSA
TRACE::2026-08-06.20:02:59::SCWMssOS::Checking the sw design at  C:/Users/Thomas/Desktop/TP_MISTRE/TP_PROCESSEUR/Projet_Vitis/PS_ET_BRAM/zynq_fsbl/zynq_fsbl_bsp/system.mss
TRACE::2026-08-06.20:02:59::SCWMssOS::DEBUG:  swdes dump  C:/Users/Thomas/Desktop/TP_MISTRE/TP_PROCESSEUR/Projet_Vitis/PS_ET_BRAM/ps7_cortexa9_0/standalone_ps7_cortexa9_0/bsp/system.mss|system_2||
C:/Users/Thomas/Desktop/TP_MISTRE/TP_PROCESSEUR/Projet_Vitis/PS_ET_BRAM/zynq_fsbl/zynq_fsbl_bsp/system.mss|system_1||
C:/Users/Thomas/Desktop/TP_MISTRE/TP_PROCESSEUR/Projet_Vitis/XADC_SingleCh14/ps7_cortexa9_0/standalone_ps7_cortexa9_0/bsp/system.mss|system_0||
C:/Users/Thomas/Desktop/TP_MISTRE/TP_PROCESSEUR/Projet_Vitis/XADC_SingleCh14/zynq_fsbl/zynq_fsbl_bsp/system.mss|system||

TRACE::2026-08-06.20:02:59::SCWMssOS::Sw design exists and opened at  C:/Users/Thomas/Desktop/TP_MISTRE/TP_PROCESSEUR/Projet_Vitis/PS_ET_BRAM/zynq_fsbl/zynq_fsbl_bsp/system.mss
TRACE::2026-08-06.20:02:59::SCWPlatform::Trying to open the hw design at C:/Users/Thomas/Desktop/TP_MISTRE/TP_PROCESSEUR/Projet_Vitis/PS_ET_BRAM/hw/PS_ET_BRAM.xsa
TRACE::2026-08-06.20:02:59::SCWPlatform::DSA given C:/Users/Thomas/Desktop/TP_MISTRE/TP_PROCESSEUR/Projet_Vitis/PS_ET_BRAM/hw/PS_ET_BRAM.xsa
TRACE::2026-08-06.20:02:59::SCWPlatform::DSA absoulate path C:/Users/Thomas/Desktop/TP_MISTRE/TP_PROCESSEUR/Projet_Vitis/PS_ET_BRAM/hw/PS_ET_BRAM.xsa
TRACE::2026-08-06.20:02:59::SCWPlatform::DSA directory C:/Users/Thomas/Desktop/TP_MISTRE/TP_PROCESSEUR/Projet_Vitis/PS_ET_BRAM/hw
TRACE::2026-08-06.20:02:59::SCWPlatform:: Platform Path C:/Users/Thomas/Desktop/TP_MISTRE/TP_PROCESSEUR/Projet_Vitis/PS_ET_BRAM/hw/PS_ET_BRAM.xsa
TRACE::2026-08-06.20:02:59::SCWPlatform:: Unique name xilinx:zybo-z7-20::0.0
TRACE::2026-08-06.20:02:59::SCWPlatform::Trying to set the existing hwdb with name design_1_wrapper_6
TRACE::2026-08-06.20:02:59::SCWPlatform::Opened existing hwdb design_1_wrapper_6
TRACE::2026-08-06.20:02:59::SCWPlatform::Found the Hw Db part of the input DSA
TRACE::2026-08-06.20:02:59::SCWMssOS::Checking the sw design at  C:/Users/Thomas/Desktop/TP_MISTRE/TP_PROCESSEUR/Projet_Vitis/PS_ET_BRAM/zynq_fsbl/zynq_fsbl_bsp/system.mss
TRACE::2026-08-06.20:02:59::SCWMssOS::DEBUG:  swdes dump  C:/Users/Thomas/Desktop/TP_MISTRE/TP_PROCESSEUR/Projet_Vitis/PS_ET_BRAM/ps7_cortexa9_0/standalone_ps7_cortexa9_0/bsp/system.mss|system_2||
C:/Users/Thomas/Desktop/TP_MISTRE/TP_PROCESSEUR/Projet_Vitis/PS_ET_BRAM/zynq_fsbl/zynq_fsbl_bsp/system.mss|system_1||
C:/Users/Thomas/Desktop/TP_MISTRE/TP_PROCESSEUR/Projet_Vitis/XADC_SingleCh14/ps7_cortexa9_0/standalone_ps7_cortexa9_0/bsp/system.mss|system_0||
C:/Users/Thomas/Desktop/TP_MISTRE/TP_PROCESSEUR/Projet_Vitis/XADC_SingleCh14/zynq_fsbl/zynq_fsbl_bsp/system.mss|system||

TRACE::2026-08-06.20:02:59::SCWMssOS::Sw design exists and opened at  C:/Users/Thomas/Desktop/TP_MISTRE/TP_PROCESSEUR/Projet_Vitis/PS_ET_BRAM/zynq_fsbl/zynq_fsbl_bsp/system.mss
TRACE::2026-08-06.20:02:59::SCWPlatform::Trying to open the hw design at C:/Users/Thomas/Desktop/TP_MISTRE/TP_PROCESSEUR/Projet_Vitis/PS_ET_BRAM/hw/PS_ET_BRAM.xsa
TRACE::2026-08-06.20:02:59::SCWPlatform::DSA given C:/Users/Thomas/Desktop/TP_MISTRE/TP_PROCESSEUR/Projet_Vitis/PS_ET_BRAM/hw/PS_ET_BRAM.xsa
TRACE::2026-08-06.20:02:59::SCWPlatform::DSA absoulate path C:/Users/Thomas/Desktop/TP_MISTRE/TP_PROCESSEUR/Projet_Vitis/PS_ET_BRAM/hw/PS_ET_BRAM.xsa
TRACE::2026-08-06.20:02:59::SCWPlatform::DSA directory C:/Users/Thomas/Desktop/TP_MISTRE/TP_PROCESSEUR/Projet_Vitis/PS_ET_BRAM/hw
TRACE::2026-08-06.20:02:59::SCWPlatform:: Platform Path C:/Users/Thomas/Desktop/TP_MISTRE/TP_PROCESSEUR/Projet_Vitis/PS_ET_BRAM/hw/PS_ET_BRAM.xsa
TRACE::2026-08-06.20:02:59::SCWPlatform:: Unique name xilinx:zybo-z7-20::0.0
TRACE::2026-08-06.20:02:59::SCWPlatform::Trying to set the existing hwdb with name design_1_wrapper_6
TRACE::2026-08-06.20:02:59::SCWPlatform::Opened existing hwdb design_1_wrapper_6
TRACE::2026-08-06.20:02:59::SCWPlatform::Found the Hw Db part of the input DSA
TRACE::2026-08-06.20:02:59::SCWMssOS::Checking the sw design at  C:/Users/Thomas/Desktop/TP_MISTRE/TP_PROCESSEUR/Projet_Vitis/PS_ET_BRAM/zynq_fsbl/zynq_fsbl_bsp/system.mss
TRACE::2026-08-06.20:02:59::SCWMssOS::DEBUG:  swdes dump  C:/Users/Thomas/Desktop/TP_MISTRE/TP_PROCESSEUR/Projet_Vitis/PS_ET_BRAM/ps7_cortexa9_0/standalone_ps7_cortexa9_0/bsp/system.mss|system_2||
C:/Users/Thomas/Desktop/TP_MISTRE/TP_PROCESSEUR/Projet_Vitis/PS_ET_BRAM/zynq_fsbl/zynq_fsbl_bsp/system.mss|system_1||
C:/Users/Thomas/Desktop/TP_MISTRE/TP_PROCESSEUR/Projet_Vitis/XADC_SingleCh14/ps7_cortexa9_0/standalone_ps7_cortexa9_0/bsp/system.mss|system_0||
C:/Users/Thomas/Desktop/TP_MISTRE/TP_PROCESSEUR/Projet_Vitis/XADC_SingleCh14/zynq_fsbl/zynq_fsbl_bsp/system.mss|system||

TRACE::2026-08-06.20:02:59::SCWMssOS::Sw design exists and opened at  C:/Users/Thomas/Desktop/TP_MISTRE/TP_PROCESSEUR/Projet_Vitis/PS_ET_BRAM/zynq_fsbl/zynq_fsbl_bsp/system.mss
TRACE::2026-08-06.20:02:59::SCWPlatform::Trying to open the hw design at C:/Users/Thomas/Desktop/TP_MISTRE/TP_PROCESSEUR/Projet_Vitis/PS_ET_BRAM/hw/PS_ET_BRAM.xsa
TRACE::2026-08-06.20:02:59::SCWPlatform::DSA given C:/Users/Thomas/Desktop/TP_MISTRE/TP_PROCESSEUR/Projet_Vitis/PS_ET_BRAM/hw/PS_ET_BRAM.xsa
TRACE::2026-08-06.20:02:59::SCWPlatform::DSA absoulate path C:/Users/Thomas/Desktop/TP_MISTRE/TP_PROCESSEUR/Projet_Vitis/PS_ET_BRAM/hw/PS_ET_BRAM.xsa
TRACE::2026-08-06.20:02:59::SCWPlatform::DSA directory C:/Users/Thomas/Desktop/TP_MISTRE/TP_PROCESSEUR/Projet_Vitis/PS_ET_BRAM/hw
TRACE::2026-08-06.20:02:59::SCWPlatform:: Platform Path C:/Users/Thomas/Desktop/TP_MISTRE/TP_PROCESSEUR/Projet_Vitis/PS_ET_BRAM/hw/PS_ET_BRAM.xsa
TRACE::2026-08-06.20:02:59::SCWPlatform:: Unique name xilinx:zybo-z7-20::0.0
TRACE::2026-08-06.20:02:59::SCWPlatform::Trying to set the existing hwdb with name design_1_wrapper_6
TRACE::2026-08-06.20:02:59::SCWPlatform::Opened existing hwdb design_1_wrapper_6
TRACE::2026-08-06.20:02:59::SCWPlatform::Found the Hw Db part of the input DSA
TRACE::2026-08-06.20:02:59::SCWMssOS::Checking the sw design at  C:/Users/Thomas/Desktop/TP_MISTRE/TP_PROCESSEUR/Projet_Vitis/PS_ET_BRAM/ps7_cortexa9_0/standalone_ps7_cortexa9_0/bsp/system.mss
TRACE::2026-08-06.20:02:59::SCWMssOS::DEBUG:  swdes dump  C:/Users/Thomas/Desktop/TP_MISTRE/TP_PROCESSEUR/Projet_Vitis/PS_ET_BRAM/ps7_cortexa9_0/standalone_ps7_cortexa9_0/bsp/system.mss|system_2||
C:/Users/Thomas/Desktop/TP_MISTRE/TP_PROCESSEUR/Projet_Vitis/PS_ET_BRAM/zynq_fsbl/zynq_fsbl_bsp/system.mss|system_1||
C:/Users/Thomas/Desktop/TP_MISTRE/TP_PROCESSEUR/Projet_Vitis/XADC_SingleCh14/ps7_cortexa9_0/standalone_ps7_cortexa9_0/bsp/system.mss|system_0||
C:/Users/Thomas/Desktop/TP_MISTRE/TP_PROCESSEUR/Projet_Vitis/XADC_SingleCh14/zynq_fsbl/zynq_fsbl_bsp/system.mss|system||

TRACE::2026-08-06.20:02:59::SCWMssOS::Sw design exists and opened at  C:/Users/Thomas/Desktop/TP_MISTRE/TP_PROCESSEUR/Projet_Vitis/PS_ET_BRAM/ps7_cortexa9_0/standalone_ps7_cortexa9_0/bsp/system.mss
TRACE::2026-08-06.20:02:59::SCWPlatform::Trying to open the hw design at C:/Users/Thomas/Desktop/TP_MISTRE/TP_PROCESSEUR/Projet_Vitis/PS_ET_BRAM/hw/PS_ET_BRAM.xsa
TRACE::2026-08-06.20:02:59::SCWPlatform::DSA given C:/Users/Thomas/Desktop/TP_MISTRE/TP_PROCESSEUR/Projet_Vitis/PS_ET_BRAM/hw/PS_ET_BRAM.xsa
TRACE::2026-08-06.20:02:59::SCWPlatform::DSA absoulate path C:/Users/Thomas/Desktop/TP_MISTRE/TP_PROCESSEUR/Projet_Vitis/PS_ET_BRAM/hw/PS_ET_BRAM.xsa
TRACE::2026-08-06.20:02:59::SCWPlatform::DSA directory C:/Users/Thomas/Desktop/TP_MISTRE/TP_PROCESSEUR/Projet_Vitis/PS_ET_BRAM/hw
TRACE::2026-08-06.20:02:59::SCWPlatform:: Platform Path C:/Users/Thomas/Desktop/TP_MISTRE/TP_PROCESSEUR/Projet_Vitis/PS_ET_BRAM/hw/PS_ET_BRAM.xsa
TRACE::2026-08-06.20:02:59::SCWPlatform:: Unique name xilinx:zybo-z7-20::0.0
TRACE::2026-08-06.20:02:59::SCWPlatform::Trying to set the existing hwdb with name design_1_wrapper_6
TRACE::2026-08-06.20:02:59::SCWPlatform::Opened existing hwdb design_1_wrapper_6
TRACE::2026-08-06.20:02:59::SCWPlatform::Found the Hw Db part of the input DSA
TRACE::2026-08-06.20:02:59::SCWMssOS::Checking the sw design at  C:/Users/Thomas/Desktop/TP_MISTRE/TP_PROCESSEUR/Projet_Vitis/PS_ET_BRAM/ps7_cortexa9_0/standalone_ps7_cortexa9_0/bsp/system.mss
TRACE::2026-08-06.20:02:59::SCWMssOS::DEBUG:  swdes dump  C:/Users/Thomas/Desktop/TP_MISTRE/TP_PROCESSEUR/Projet_Vitis/PS_ET_BRAM/ps7_cortexa9_0/standalone_ps7_cortexa9_0/bsp/system.mss|system_2||
C:/Users/Thomas/Desktop/TP_MISTRE/TP_PROCESSEUR/Projet_Vitis/PS_ET_BRAM/zynq_fsbl/zynq_fsbl_bsp/system.mss|system_1||
C:/Users/Thomas/Desktop/TP_MISTRE/TP_PROCESSEUR/Projet_Vitis/XADC_SingleCh14/ps7_cortexa9_0/standalone_ps7_cortexa9_0/bsp/system.mss|system_0||
C:/Users/Thomas/Desktop/TP_MISTRE/TP_PROCESSEUR/Projet_Vitis/XADC_SingleCh14/zynq_fsbl/zynq_fsbl_bsp/system.mss|system||

TRACE::2026-08-06.20:02:59::SCWMssOS::Sw design exists and opened at  C:/Users/Thomas/Desktop/TP_MISTRE/TP_PROCESSEUR/Projet_Vitis/PS_ET_BRAM/ps7_cortexa9_0/standalone_ps7_cortexa9_0/bsp/system.mss
TRACE::2026-08-06.20:02:59::SCWPlatform::Trying to open the hw design at C:/Users/Thomas/Desktop/TP_MISTRE/TP_PROCESSEUR/Projet_Vitis/PS_ET_BRAM/hw/PS_ET_BRAM.xsa
TRACE::2026-08-06.20:02:59::SCWPlatform::DSA given C:/Users/Thomas/Desktop/TP_MISTRE/TP_PROCESSEUR/Projet_Vitis/PS_ET_BRAM/hw/PS_ET_BRAM.xsa
TRACE::2026-08-06.20:02:59::SCWPlatform::DSA absoulate path C:/Users/Thomas/Desktop/TP_MISTRE/TP_PROCESSEUR/Projet_Vitis/PS_ET_BRAM/hw/PS_ET_BRAM.xsa
TRACE::2026-08-06.20:02:59::SCWPlatform::DSA directory C:/Users/Thomas/Desktop/TP_MISTRE/TP_PROCESSEUR/Projet_Vitis/PS_ET_BRAM/hw
TRACE::2026-08-06.20:02:59::SCWPlatform:: Platform Path C:/Users/Thomas/Desktop/TP_MISTRE/TP_PROCESSEUR/Projet_Vitis/PS_ET_BRAM/hw/PS_ET_BRAM.xsa
TRACE::2026-08-06.20:02:59::SCWPlatform:: Unique name xilinx:zybo-z7-20::0.0
TRACE::2026-08-06.20:02:59::SCWPlatform::Trying to set the existing hwdb with name design_1_wrapper_6
TRACE::2026-08-06.20:02:59::SCWPlatform::Opened existing hwdb design_1_wrapper_6
TRACE::2026-08-06.20:02:59::SCWPlatform::Found the Hw Db part of the input DSA
TRACE::2026-08-06.20:02:59::SCWMssOS::Checking the sw design at  C:/Users/Thomas/Desktop/TP_MISTRE/TP_PROCESSEUR/Projet_Vitis/PS_ET_BRAM/ps7_cortexa9_0/standalone_ps7_cortexa9_0/bsp/system.mss
TRACE::2026-08-06.20:02:59::SCWMssOS::DEBUG:  swdes dump  C:/Users/Thomas/Desktop/TP_MISTRE/TP_PROCESSEUR/Projet_Vitis/PS_ET_BRAM/ps7_cortexa9_0/standalone_ps7_cortexa9_0/bsp/system.mss|system_2||
C:/Users/Thomas/Desktop/TP_MISTRE/TP_PROCESSEUR/Projet_Vitis/PS_ET_BRAM/zynq_fsbl/zynq_fsbl_bsp/system.mss|system_1||
C:/Users/Thomas/Desktop/TP_MISTRE/TP_PROCESSEUR/Projet_Vitis/XADC_SingleCh14/ps7_cortexa9_0/standalone_ps7_cortexa9_0/bsp/system.mss|system_0||
C:/Users/Thomas/Desktop/TP_MISTRE/TP_PROCESSEUR/Projet_Vitis/XADC_SingleCh14/zynq_fsbl/zynq_fsbl_bsp/system.mss|system||

TRACE::2026-08-06.20:02:59::SCWMssOS::Sw design exists and opened at  C:/Users/Thomas/Desktop/TP_MISTRE/TP_PROCESSEUR/Projet_Vitis/PS_ET_BRAM/ps7_cortexa9_0/standalone_ps7_cortexa9_0/bsp/system.mss
TRACE::2026-08-06.20:02:59::SCWWriter::formatted JSON is {
	"platformName":	"PS_ET_BRAM",
	"sprVersion":	"2.0",
	"mode":	"gui",
	"dsaType":	"Fixed",
	"platformDesc":	"PS_ET_BRAM",
	"platHandOff":	"<platformDir>.xsa",
	"platIntHandOff":	"<platformDir>/hw/PS_ET_BRAM.xsa",
	"deviceType":	"zynq",
	"platIsPrebuiltAutogen":	"false",
	"platIsNoBootBsp":	"false",
	"platFsblTarget":	"ps7_cortexa9_0",
	"hasFsblMakeHasChanges":	"false",
	"hasPmufwMakeHasChanges":	"false",
	"fsblExtraCompilerFlags":	"-MMD -MP       -mcpu=cortex-a9 -mfpu=vfpv3 -mfloat-abi=hard ",
	"platPreBuiltFlag":	false,
	"platformSamplesDir":	"",
	"platActiveSys":	"PS_ET_BRAM",
	"systems":	[{
			"systemName":	"PS_ET_BRAM",
			"systemDesc":	"PS_ET_BRAM",
			"sysIsBootAutoGen":	"true",
			"systemDispName":	"PS_ET_BRAM",
			"sysActiveDom":	"standalone_ps7_cortexa9_0",
			"sysDefaultDom":	"standalone_ps7_cortexa9_0",
			"domains":	[{
					"domainName":	"zynq_fsbl",
					"domainDispName":	"zynq_fsbl",
					"domainDesc":	"FSBL Application BSP - Auto Generated.",
					"processors":	"ps7_cortexa9_0",
					"os":	"standalone",
					"sdxOs":	"standalone",
					"debugEnable":	"",
					"domRuntimes":	["cpp"],
					"swRepo":	"",
					"mssOsVer":	"7.3",
					"mssFile":	"",
					"md5Digest":	"2f9bcde54a58b38f91c3131cb5f14b8b",
					"compatibleApp":	"zynq_fsbl",
					"domType":	"bootDomain",
					"arch":	"32-bit",
					"appSettings":	{
						"appCompilerFlags":	"",
						"appLinkerFlags":	""
					},
					"addedLibs":	["xilffs:4.4", "xilrsa:1.6"],
					"libOptions":	{
						"libsContainingOptions":	[]
					},
					"prebuiltLibs":	{
						"prebuiltIncPath":	[],
						"prebuiltLibPath":	[]
					},
					"isolation":	{
					}
				}, {
					"domainName":	"standalone_ps7_cortexa9_0",
					"domainDispName":	"standalone_ps7_cortexa9_0",
					"domainDesc":	"standalone_ps7_cortexa9_0",
					"processors":	"ps7_cortexa9_0",
					"os":	"standalone",
					"sdxOs":	"standalone",
					"qemuArgs":	"C:/Xilinx/Vitis/2020.2/data/emulation/platforms/zynq/sw/a9_standalone/qemu/qemu_args.txt",
					"qemuData":	"C:/Xilinx/Vitis/2020.2/data/emulation/platforms/zynq/sw/a9_standalone/qemu/",
					"debugEnable":	"False",
					"domRuntimes":	["cpp"],
					"swRepo":	"",
					"mssOsVer":	"7.3",
					"mssFile":	"",
					"md5Digest":	"e4a269bdbbdecbf64af5b45a4a15236f",
					"compatibleApp":	"empty_application",
					"domType":	"mssDomain",
					"arch":	"32-bit",
					"appSettings":	{
						"appCompilerFlags":	"",
						"appLinkerFlags":	""
					},
					"addedLibs":	[],
					"libOptions":	{
						"libsContainingOptions":	[]
					},
					"prebuiltLibs":	{
						"prebuiltIncPath":	[],
						"prebuiltLibPath":	[]
					},
					"isolation":	{
					}
				}]
		}]
}
LOG::2026-08-06.20:02:59::SCWPlatform::Started generating the artifacts platform PS_ET_BRAM
TRACE::2026-08-06.20:02:59::SCWPlatform::Sanity checking of platform is completed
LOG::2026-08-06.20:02:59::SCWPlatform::Started generating the artifacts for system configuration PS_ET_BRAM
LOG::2026-08-06.20:02:59::SCWSystem::Checking the domain zynq_fsbl
LOG::2026-08-06.20:02:59::SCWSystem::Doing application build for :  zynq_fsbl
TRACE::2026-08-06.20:02:59::SCWBDomain::Not a forced makefile updation, No changes are present. 
TRACE::2026-08-06.20:02:59::SCWDomain::Skipping the build for domain :  zynq_fsbl
LOG::2026-08-06.20:02:59::SCWSystem::Checking the domain standalone_ps7_cortexa9_0
LOG::2026-08-06.20:02:59::SCWSystem::Not a boot domain 
LOG::2026-08-06.20:02:59::SCWSystem::Started Processing the domain standalone_ps7_cortexa9_0
TRACE::2026-08-06.20:02:59::SCWDomain::Generating domain artifcats
TRACE::2026-08-06.20:02:59::SCWMssOS::Generating standalone artifcats
TRACE::2026-08-06.20:02:59::SCWMssOS::Copying the qemu file from  C:/Xilinx/Vitis/2020.2/data/emulation/platforms/zynq/sw/a9_standalone/qemu/qemu_args.txt To C:/Users/Thomas/Desktop/TP_MISTRE/TP_PROCESSEUR/Projet_Vitis/PS_ET_BRAM/export/PS_ET_BRAM/sw/PS_ET_BRAM/qemu/
TRACE::2026-08-06.20:02:59::SCWMssOS::Copying the qemu file from  C:/Xilinx/Vitis/2020.2/data/emulation/platforms/zynq/sw/a9_standalone/qemu/qemu_args.txt To C:/Users/Thomas/Desktop/TP_MISTRE/TP_PROCESSEUR/Projet_Vitis/PS_ET_BRAM/export/PS_ET_BRAM/sw/PS_ET_BRAM/standalone_ps7_cortexa9_0/qemu/
TRACE::2026-08-06.20:02:59::SCWMssOS:: Copying the user libraries. 
TRACE::2026-08-06.20:02:59::SCWPlatform::Trying to open the hw design at C:/Users/Thomas/Desktop/TP_MISTRE/TP_PROCESSEUR/Projet_Vitis/PS_ET_BRAM/hw/PS_ET_BRAM.xsa
TRACE::2026-08-06.20:02:59::SCWPlatform::DSA given C:/Users/Thomas/Desktop/TP_MISTRE/TP_PROCESSEUR/Projet_Vitis/PS_ET_BRAM/hw/PS_ET_BRAM.xsa
TRACE::2026-08-06.20:02:59::SCWPlatform::DSA absoulate path C:/Users/Thomas/Desktop/TP_MISTRE/TP_PROCESSEUR/Projet_Vitis/PS_ET_BRAM/hw/PS_ET_BRAM.xsa
TRACE::2026-08-06.20:02:59::SCWPlatform::DSA directory C:/Users/Thomas/Desktop/TP_MISTRE/TP_PROCESSEUR/Projet_Vitis/PS_ET_BRAM/hw
TRACE::2026-08-06.20:02:59::SCWPlatform:: Platform Path C:/Users/Thomas/Desktop/TP_MISTRE/TP_PROCESSEUR/Projet_Vitis/PS_ET_BRAM/hw/PS_ET_BRAM.xsa
TRACE::2026-08-06.20:02:59::SCWPlatform:: Unique name xilinx:zybo-z7-20::0.0
TRACE::2026-08-06.20:02:59::SCWPlatform::Trying to set the existing hwdb with name design_1_wrapper_6
TRACE::2026-08-06.20:02:59::SCWPlatform::Opened existing hwdb design_1_wrapper_6
TRACE::2026-08-06.20:02:59::SCWPlatform::Found the Hw Db part of the input DSA
TRACE::2026-08-06.20:02:59::SCWMssOS::Checking the sw design at  C:/Users/Thomas/Desktop/TP_MISTRE/TP_PROCESSEUR/Projet_Vitis/PS_ET_BRAM/ps7_cortexa9_0/standalone_ps7_cortexa9_0/bsp/system.mss
TRACE::2026-08-06.20:02:59::SCWMssOS::DEBUG:  swdes dump  C:/Users/Thomas/Desktop/TP_MISTRE/TP_PROCESSEUR/Projet_Vitis/PS_ET_BRAM/ps7_cortexa9_0/standalone_ps7_cortexa9_0/bsp/system.mss|system_2||
C:/Users/Thomas/Desktop/TP_MISTRE/TP_PROCESSEUR/Projet_Vitis/PS_ET_BRAM/zynq_fsbl/zynq_fsbl_bsp/system.mss|system_1||
C:/Users/Thomas/Desktop/TP_MISTRE/TP_PROCESSEUR/Projet_Vitis/XADC_SingleCh14/ps7_cortexa9_0/standalone_ps7_cortexa9_0/bsp/system.mss|system_0||
C:/Users/Thomas/Desktop/TP_MISTRE/TP_PROCESSEUR/Projet_Vitis/XADC_SingleCh14/zynq_fsbl/zynq_fsbl_bsp/system.mss|system||

TRACE::2026-08-06.20:02:59::SCWMssOS::Sw design exists and opened at  C:/Users/Thomas/Desktop/TP_MISTRE/TP_PROCESSEUR/Projet_Vitis/PS_ET_BRAM/ps7_cortexa9_0/standalone_ps7_cortexa9_0/bsp/system.mss
TRACE::2026-08-06.20:02:59::SCWMssOS::Completed writing the mss file at C:/Users/Thomas/Desktop/TP_MISTRE/TP_PROCESSEUR/Projet_Vitis/PS_ET_BRAM/ps7_cortexa9_0/standalone_ps7_cortexa9_0/bsp
TRACE::2026-08-06.20:02:59::SCWMssOS::Mss edits present, copying mssfile into export location C:/Users/Thomas/Desktop/TP_MISTRE/TP_PROCESSEUR/Projet_Vitis/PS_ET_BRAM/ps7_cortexa9_0/standalone_ps7_cortexa9_0/bsp/system.mss
TRACE::2026-08-06.20:02:59::SCWMssOS::bsp generated is upto date with the mss file. Skipping bsp generation.
TRACE::2026-08-06.20:02:59::SCWMssOS::BSP is already built. skipping the bsp build ... 
TRACE::2026-08-06.20:02:59::SCWDomain::Skipping the build for domain :  standalone_ps7_cortexa9_0
TRACE::2026-08-06.20:02:59::SCWMssOS::skipping the bsp build ... 
TRACE::2026-08-06.20:02:59::SCWMssOS::Copying to export directory.
TRACE::2026-08-06.20:02:59::SCWMssOS:: Checking if to create the Supporting Applications
TRACE::2026-08-06.20:02:59::SCWMssOS:: No Linux domain exists, trying to generate FSBL 
TRACE::2026-08-06.20:02:59::SCWMssOS:: Completed Standalone Artifacts creation 
LOG::2026-08-06.20:02:59::SCWSystem::Completed Processing the domain standalone_ps7_cortexa9_0
LOG::2026-08-06.20:02:59::SCWSystem::Completed Processing the sysconfig PS_ET_BRAM
LOG::2026-08-06.20:02:59::SCWPlatform::Completed generating the artifacts for system configuration PS_ET_BRAM
TRACE::2026-08-06.20:02:59::SCWPlatform::Started preparing the platform 
TRACE::2026-08-06.20:02:59::SCWSystem::Writing the bif file for system config PS_ET_BRAM
TRACE::2026-08-06.20:02:59::SCWSystem::dir created 
TRACE::2026-08-06.20:02:59::SCWSystem::Writing the bif 
TRACE::2026-08-06.20:02:59::SCWPlatform::Started writing the spfm file 
TRACE::2026-08-06.20:02:59::SCWPlatform::Started writing the xpfm file 
TRACE::2026-08-06.20:02:59::SCWPlatform::Completed generating the platform
TRACE::2026-08-06.20:02:59::SCWMssOS::Saving the mss changes C:/Users/Thomas/Desktop/TP_MISTRE/TP_PROCESSEUR/Projet_Vitis/PS_ET_BRAM/zynq_fsbl/zynq_fsbl_bsp/system.mss
TRACE::2026-08-06.20:02:59::SCWMssOS::Found a swdesign opened with the mssfile.
TRACE::2026-08-06.20:02:59::SCWMssOS::Completed writemss as part of save.
TRACE::2026-08-06.20:02:59::SCWMssOS::Commit changes completed.
TRACE::2026-08-06.20:02:59::SCWMssOS::Saving the mss changes C:/Users/Thomas/Desktop/TP_MISTRE/TP_PROCESSEUR/Projet_Vitis/PS_ET_BRAM/ps7_cortexa9_0/standalone_ps7_cortexa9_0/bsp/system.mss
TRACE::2026-08-06.20:02:59::SCWMssOS::Found a swdesign opened with the mssfile.
TRACE::2026-08-06.20:02:59::SCWMssOS::Completed writemss as part of save.
TRACE::2026-08-06.20:02:59::SCWMssOS::Commit changes completed.
TRACE::2026-08-06.20:02:59::SCWPlatform::Trying to open the hw design at C:/Users/Thomas/Desktop/TP_MISTRE/TP_PROCESSEUR/Projet_Vitis/PS_ET_BRAM/hw/PS_ET_BRAM.xsa
TRACE::2026-08-06.20:02:59::SCWPlatform::DSA given C:/Users/Thomas/Desktop/TP_MISTRE/TP_PROCESSEUR/Projet_Vitis/PS_ET_BRAM/hw/PS_ET_BRAM.xsa
TRACE::2026-08-06.20:02:59::SCWPlatform::DSA absoulate path C:/Users/Thomas/Desktop/TP_MISTRE/TP_PROCESSEUR/Projet_Vitis/PS_ET_BRAM/hw/PS_ET_BRAM.xsa
TRACE::2026-08-06.20:02:59::SCWPlatform::DSA directory C:/Users/Thomas/Desktop/TP_MISTRE/TP_PROCESSEUR/Projet_Vitis/PS_ET_BRAM/hw
TRACE::2026-08-06.20:02:59::SCWPlatform:: Platform Path C:/Users/Thomas/Desktop/TP_MISTRE/TP_PROCESSEUR/Projet_Vitis/PS_ET_BRAM/hw/PS_ET_BRAM.xsa
TRACE::2026-08-06.20:02:59::SCWPlatform:: Unique name xilinx:zybo-z7-20::0.0
TRACE::2026-08-06.20:02:59::SCWPlatform::Trying to set the existing hwdb with name design_1_wrapper_6
TRACE::2026-08-06.20:02:59::SCWPlatform::Opened existing hwdb design_1_wrapper_6
TRACE::2026-08-06.20:02:59::SCWPlatform::Found the Hw Db part of the input DSA
TRACE::2026-08-06.20:02:59::SCWMssOS::Checking the sw design at  C:/Users/Thomas/Desktop/TP_MISTRE/TP_PROCESSEUR/Projet_Vitis/PS_ET_BRAM/zynq_fsbl/zynq_fsbl_bsp/system.mss
TRACE::2026-08-06.20:02:59::SCWMssOS::DEBUG:  swdes dump  C:/Users/Thomas/Desktop/TP_MISTRE/TP_PROCESSEUR/Projet_Vitis/PS_ET_BRAM/ps7_cortexa9_0/standalone_ps7_cortexa9_0/bsp/system.mss|system_2||
C:/Users/Thomas/Desktop/TP_MISTRE/TP_PROCESSEUR/Projet_Vitis/PS_ET_BRAM/zynq_fsbl/zynq_fsbl_bsp/system.mss|system_1||
C:/Users/Thomas/Desktop/TP_MISTRE/TP_PROCESSEUR/Projet_Vitis/XADC_SingleCh14/ps7_cortexa9_0/standalone_ps7_cortexa9_0/bsp/system.mss|system_0||
C:/Users/Thomas/Desktop/TP_MISTRE/TP_PROCESSEUR/Projet_Vitis/XADC_SingleCh14/zynq_fsbl/zynq_fsbl_bsp/system.mss|system||

TRACE::2026-08-06.20:02:59::SCWMssOS::Sw design exists and opened at  C:/Users/Thomas/Desktop/TP_MISTRE/TP_PROCESSEUR/Projet_Vitis/PS_ET_BRAM/zynq_fsbl/zynq_fsbl_bsp/system.mss
TRACE::2026-08-06.20:02:59::SCWPlatform::Trying to open the hw design at C:/Users/Thomas/Desktop/TP_MISTRE/TP_PROCESSEUR/Projet_Vitis/PS_ET_BRAM/hw/PS_ET_BRAM.xsa
TRACE::2026-08-06.20:02:59::SCWPlatform::DSA given C:/Users/Thomas/Desktop/TP_MISTRE/TP_PROCESSEUR/Projet_Vitis/PS_ET_BRAM/hw/PS_ET_BRAM.xsa
TRACE::2026-08-06.20:02:59::SCWPlatform::DSA absoulate path C:/Users/Thomas/Desktop/TP_MISTRE/TP_PROCESSEUR/Projet_Vitis/PS_ET_BRAM/hw/PS_ET_BRAM.xsa
TRACE::2026-08-06.20:02:59::SCWPlatform::DSA directory C:/Users/Thomas/Desktop/TP_MISTRE/TP_PROCESSEUR/Projet_Vitis/PS_ET_BRAM/hw
TRACE::2026-08-06.20:02:59::SCWPlatform:: Platform Path C:/Users/Thomas/Desktop/TP_MISTRE/TP_PROCESSEUR/Projet_Vitis/PS_ET_BRAM/hw/PS_ET_BRAM.xsa
TRACE::2026-08-06.20:02:59::SCWPlatform:: Unique name xilinx:zybo-z7-20::0.0
TRACE::2026-08-06.20:02:59::SCWPlatform::Trying to set the existing hwdb with name design_1_wrapper_6
TRACE::2026-08-06.20:02:59::SCWPlatform::Opened existing hwdb design_1_wrapper_6
TRACE::2026-08-06.20:02:59::SCWPlatform::Found the Hw Db part of the input DSA
TRACE::2026-08-06.20:02:59::SCWMssOS::Checking the sw design at  C:/Users/Thomas/Desktop/TP_MISTRE/TP_PROCESSEUR/Projet_Vitis/PS_ET_BRAM/zynq_fsbl/zynq_fsbl_bsp/system.mss
TRACE::2026-08-06.20:02:59::SCWMssOS::DEBUG:  swdes dump  C:/Users/Thomas/Desktop/TP_MISTRE/TP_PROCESSEUR/Projet_Vitis/PS_ET_BRAM/ps7_cortexa9_0/standalone_ps7_cortexa9_0/bsp/system.mss|system_2||
C:/Users/Thomas/Desktop/TP_MISTRE/TP_PROCESSEUR/Projet_Vitis/PS_ET_BRAM/zynq_fsbl/zynq_fsbl_bsp/system.mss|system_1||
C:/Users/Thomas/Desktop/TP_MISTRE/TP_PROCESSEUR/Projet_Vitis/XADC_SingleCh14/ps7_cortexa9_0/standalone_ps7_cortexa9_0/bsp/system.mss|system_0||
C:/Users/Thomas/Desktop/TP_MISTRE/TP_PROCESSEUR/Projet_Vitis/XADC_SingleCh14/zynq_fsbl/zynq_fsbl_bsp/system.mss|system||

TRACE::2026-08-06.20:02:59::SCWMssOS::Sw design exists and opened at  C:/Users/Thomas/Desktop/TP_MISTRE/TP_PROCESSEUR/Projet_Vitis/PS_ET_BRAM/zynq_fsbl/zynq_fsbl_bsp/system.mss
TRACE::2026-08-06.20:02:59::SCWPlatform::Trying to open the hw design at C:/Users/Thomas/Desktop/TP_MISTRE/TP_PROCESSEUR/Projet_Vitis/PS_ET_BRAM/hw/PS_ET_BRAM.xsa
TRACE::2026-08-06.20:02:59::SCWPlatform::DSA given C:/Users/Thomas/Desktop/TP_MISTRE/TP_PROCESSEUR/Projet_Vitis/PS_ET_BRAM/hw/PS_ET_BRAM.xsa
TRACE::2026-08-06.20:02:59::SCWPlatform::DSA absoulate path C:/Users/Thomas/Desktop/TP_MISTRE/TP_PROCESSEUR/Projet_Vitis/PS_ET_BRAM/hw/PS_ET_BRAM.xsa
TRACE::2026-08-06.20:02:59::SCWPlatform::DSA directory C:/Users/Thomas/Desktop/TP_MISTRE/TP_PROCESSEUR/Projet_Vitis/PS_ET_BRAM/hw
TRACE::2026-08-06.20:02:59::SCWPlatform:: Platform Path C:/Users/Thomas/Desktop/TP_MISTRE/TP_PROCESSEUR/Projet_Vitis/PS_ET_BRAM/hw/PS_ET_BRAM.xsa
TRACE::2026-08-06.20:02:59::SCWPlatform:: Unique name xilinx:zybo-z7-20::0.0
TRACE::2026-08-06.20:02:59::SCWPlatform::Trying to set the existing hwdb with name design_1_wrapper_6
TRACE::2026-08-06.20:02:59::SCWPlatform::Opened existing hwdb design_1_wrapper_6
TRACE::2026-08-06.20:02:59::SCWPlatform::Found the Hw Db part of the input DSA
TRACE::2026-08-06.20:02:59::SCWMssOS::Checking the sw design at  C:/Users/Thomas/Desktop/TP_MISTRE/TP_PROCESSEUR/Projet_Vitis/PS_ET_BRAM/zynq_fsbl/zynq_fsbl_bsp/system.mss
TRACE::2026-08-06.20:02:59::SCWMssOS::DEBUG:  swdes dump  C:/Users/Thomas/Desktop/TP_MISTRE/TP_PROCESSEUR/Projet_Vitis/PS_ET_BRAM/ps7_cortexa9_0/standalone_ps7_cortexa9_0/bsp/system.mss|system_2||
C:/Users/Thomas/Desktop/TP_MISTRE/TP_PROCESSEUR/Projet_Vitis/PS_ET_BRAM/zynq_fsbl/zynq_fsbl_bsp/system.mss|system_1||
C:/Users/Thomas/Desktop/TP_MISTRE/TP_PROCESSEUR/Projet_Vitis/XADC_SingleCh14/ps7_cortexa9_0/standalone_ps7_cortexa9_0/bsp/system.mss|system_0||
C:/Users/Thomas/Desktop/TP_MISTRE/TP_PROCESSEUR/Projet_Vitis/XADC_SingleCh14/zynq_fsbl/zynq_fsbl_bsp/system.mss|system||

TRACE::2026-08-06.20:02:59::SCWMssOS::Sw design exists and opened at  C:/Users/Thomas/Desktop/TP_MISTRE/TP_PROCESSEUR/Projet_Vitis/PS_ET_BRAM/zynq_fsbl/zynq_fsbl_bsp/system.mss
TRACE::2026-08-06.20:02:59::SCWPlatform::Trying to open the hw design at C:/Users/Thomas/Desktop/TP_MISTRE/TP_PROCESSEUR/Projet_Vitis/PS_ET_BRAM/hw/PS_ET_BRAM.xsa
TRACE::2026-08-06.20:02:59::SCWPlatform::DSA given C:/Users/Thomas/Desktop/TP_MISTRE/TP_PROCESSEUR/Projet_Vitis/PS_ET_BRAM/hw/PS_ET_BRAM.xsa
TRACE::2026-08-06.20:02:59::SCWPlatform::DSA absoulate path C:/Users/Thomas/Desktop/TP_MISTRE/TP_PROCESSEUR/Projet_Vitis/PS_ET_BRAM/hw/PS_ET_BRAM.xsa
TRACE::2026-08-06.20:02:59::SCWPlatform::DSA directory C:/Users/Thomas/Desktop/TP_MISTRE/TP_PROCESSEUR/Projet_Vitis/PS_ET_BRAM/hw
TRACE::2026-08-06.20:02:59::SCWPlatform:: Platform Path C:/Users/Thomas/Desktop/TP_MISTRE/TP_PROCESSEUR/Projet_Vitis/PS_ET_BRAM/hw/PS_ET_BRAM.xsa
TRACE::2026-08-06.20:02:59::SCWPlatform:: Unique name xilinx:zybo-z7-20::0.0
TRACE::2026-08-06.20:02:59::SCWPlatform::Trying to set the existing hwdb with name design_1_wrapper_6
TRACE::2026-08-06.20:02:59::SCWPlatform::Opened existing hwdb design_1_wrapper_6
TRACE::2026-08-06.20:02:59::SCWPlatform::Found the Hw Db part of the input DSA
TRACE::2026-08-06.20:02:59::SCWMssOS::Checking the sw design at  C:/Users/Thomas/Desktop/TP_MISTRE/TP_PROCESSEUR/Projet_Vitis/PS_ET_BRAM/ps7_cortexa9_0/standalone_ps7_cortexa9_0/bsp/system.mss
TRACE::2026-08-06.20:02:59::SCWMssOS::DEBUG:  swdes dump  C:/Users/Thomas/Desktop/TP_MISTRE/TP_PROCESSEUR/Projet_Vitis/PS_ET_BRAM/ps7_cortexa9_0/standalone_ps7_cortexa9_0/bsp/system.mss|system_2||
C:/Users/Thomas/Desktop/TP_MISTRE/TP_PROCESSEUR/Projet_Vitis/PS_ET_BRAM/zynq_fsbl/zynq_fsbl_bsp/system.mss|system_1||
C:/Users/Thomas/Desktop/TP_MISTRE/TP_PROCESSEUR/Projet_Vitis/XADC_SingleCh14/ps7_cortexa9_0/standalone_ps7_cortexa9_0/bsp/system.mss|system_0||
C:/Users/Thomas/Desktop/TP_MISTRE/TP_PROCESSEUR/Projet_Vitis/XADC_SingleCh14/zynq_fsbl/zynq_fsbl_bsp/system.mss|system||

TRACE::2026-08-06.20:02:59::SCWMssOS::Sw design exists and opened at  C:/Users/Thomas/Desktop/TP_MISTRE/TP_PROCESSEUR/Projet_Vitis/PS_ET_BRAM/ps7_cortexa9_0/standalone_ps7_cortexa9_0/bsp/system.mss
TRACE::2026-08-06.20:02:59::SCWPlatform::Trying to open the hw design at C:/Users/Thomas/Desktop/TP_MISTRE/TP_PROCESSEUR/Projet_Vitis/PS_ET_BRAM/hw/PS_ET_BRAM.xsa
TRACE::2026-08-06.20:02:59::SCWPlatform::DSA given C:/Users/Thomas/Desktop/TP_MISTRE/TP_PROCESSEUR/Projet_Vitis/PS_ET_BRAM/hw/PS_ET_BRAM.xsa
TRACE::2026-08-06.20:02:59::SCWPlatform::DSA absoulate path C:/Users/Thomas/Desktop/TP_MISTRE/TP_PROCESSEUR/Projet_Vitis/PS_ET_BRAM/hw/PS_ET_BRAM.xsa
TRACE::2026-08-06.20:02:59::SCWPlatform::DSA directory C:/Users/Thomas/Desktop/TP_MISTRE/TP_PROCESSEUR/Projet_Vitis/PS_ET_BRAM/hw
TRACE::2026-08-06.20:02:59::SCWPlatform:: Platform Path C:/Users/Thomas/Desktop/TP_MISTRE/TP_PROCESSEUR/Projet_Vitis/PS_ET_BRAM/hw/PS_ET_BRAM.xsa
TRACE::2026-08-06.20:02:59::SCWPlatform:: Unique name xilinx:zybo-z7-20::0.0
TRACE::2026-08-06.20:02:59::SCWPlatform::Trying to set the existing hwdb with name design_1_wrapper_6
TRACE::2026-08-06.20:02:59::SCWPlatform::Opened existing hwdb design_1_wrapper_6
TRACE::2026-08-06.20:02:59::SCWPlatform::Found the Hw Db part of the input DSA
TRACE::2026-08-06.20:02:59::SCWMssOS::Checking the sw design at  C:/Users/Thomas/Desktop/TP_MISTRE/TP_PROCESSEUR/Projet_Vitis/PS_ET_BRAM/ps7_cortexa9_0/standalone_ps7_cortexa9_0/bsp/system.mss
TRACE::2026-08-06.20:02:59::SCWMssOS::DEBUG:  swdes dump  C:/Users/Thomas/Desktop/TP_MISTRE/TP_PROCESSEUR/Projet_Vitis/PS_ET_BRAM/ps7_cortexa9_0/standalone_ps7_cortexa9_0/bsp/system.mss|system_2||
C:/Users/Thomas/Desktop/TP_MISTRE/TP_PROCESSEUR/Projet_Vitis/PS_ET_BRAM/zynq_fsbl/zynq_fsbl_bsp/system.mss|system_1||
C:/Users/Thomas/Desktop/TP_MISTRE/TP_PROCESSEUR/Projet_Vitis/XADC_SingleCh14/ps7_cortexa9_0/standalone_ps7_cortexa9_0/bsp/system.mss|system_0||
C:/Users/Thomas/Desktop/TP_MISTRE/TP_PROCESSEUR/Projet_Vitis/XADC_SingleCh14/zynq_fsbl/zynq_fsbl_bsp/system.mss|system||

TRACE::2026-08-06.20:02:59::SCWMssOS::Sw design exists and opened at  C:/Users/Thomas/Desktop/TP_MISTRE/TP_PROCESSEUR/Projet_Vitis/PS_ET_BRAM/ps7_cortexa9_0/standalone_ps7_cortexa9_0/bsp/system.mss
TRACE::2026-08-06.20:02:59::SCWPlatform::Trying to open the hw design at C:/Users/Thomas/Desktop/TP_MISTRE/TP_PROCESSEUR/Projet_Vitis/PS_ET_BRAM/hw/PS_ET_BRAM.xsa
TRACE::2026-08-06.20:02:59::SCWPlatform::DSA given C:/Users/Thomas/Desktop/TP_MISTRE/TP_PROCESSEUR/Projet_Vitis/PS_ET_BRAM/hw/PS_ET_BRAM.xsa
TRACE::2026-08-06.20:02:59::SCWPlatform::DSA absoulate path C:/Users/Thomas/Desktop/TP_MISTRE/TP_PROCESSEUR/Projet_Vitis/PS_ET_BRAM/hw/PS_ET_BRAM.xsa
TRACE::2026-08-06.20:02:59::SCWPlatform::DSA directory C:/Users/Thomas/Desktop/TP_MISTRE/TP_PROCESSEUR/Projet_Vitis/PS_ET_BRAM/hw
TRACE::2026-08-06.20:02:59::SCWPlatform:: Platform Path C:/Users/Thomas/Desktop/TP_MISTRE/TP_PROCESSEUR/Projet_Vitis/PS_ET_BRAM/hw/PS_ET_BRAM.xsa
TRACE::2026-08-06.20:02:59::SCWPlatform:: Unique name xilinx:zybo-z7-20::0.0
TRACE::2026-08-06.20:02:59::SCWPlatform::Trying to set the existing hwdb with name design_1_wrapper_6
TRACE::2026-08-06.20:02:59::SCWPlatform::Opened existing hwdb design_1_wrapper_6
TRACE::2026-08-06.20:02:59::SCWPlatform::Found the Hw Db part of the input DSA
TRACE::2026-08-06.20:02:59::SCWMssOS::Checking the sw design at  C:/Users/Thomas/Desktop/TP_MISTRE/TP_PROCESSEUR/Projet_Vitis/PS_ET_BRAM/ps7_cortexa9_0/standalone_ps7_cortexa9_0/bsp/system.mss
TRACE::2026-08-06.20:02:59::SCWMssOS::DEBUG:  swdes dump  C:/Users/Thomas/Desktop/TP_MISTRE/TP_PROCESSEUR/Projet_Vitis/PS_ET_BRAM/ps7_cortexa9_0/standalone_ps7_cortexa9_0/bsp/system.mss|system_2||
C:/Users/Thomas/Desktop/TP_MISTRE/TP_PROCESSEUR/Projet_Vitis/PS_ET_BRAM/zynq_fsbl/zynq_fsbl_bsp/system.mss|system_1||
C:/Users/Thomas/Desktop/TP_MISTRE/TP_PROCESSEUR/Projet_Vitis/XADC_SingleCh14/ps7_cortexa9_0/standalone_ps7_cortexa9_0/bsp/system.mss|system_0||
C:/Users/Thomas/Desktop/TP_MISTRE/TP_PROCESSEUR/Projet_Vitis/XADC_SingleCh14/zynq_fsbl/zynq_fsbl_bsp/system.mss|system||

TRACE::2026-08-06.20:02:59::SCWMssOS::Sw design exists and opened at  C:/Users/Thomas/Desktop/TP_MISTRE/TP_PROCESSEUR/Projet_Vitis/PS_ET_BRAM/ps7_cortexa9_0/standalone_ps7_cortexa9_0/bsp/system.mss
TRACE::2026-08-06.20:02:59::SCWWriter::formatted JSON is {
	"platformName":	"PS_ET_BRAM",
	"sprVersion":	"2.0",
	"mode":	"gui",
	"dsaType":	"Fixed",
	"platformDesc":	"PS_ET_BRAM",
	"platHandOff":	"<platformDir>.xsa",
	"platIntHandOff":	"<platformDir>/hw/PS_ET_BRAM.xsa",
	"deviceType":	"zynq",
	"platIsPrebuiltAutogen":	"false",
	"platIsNoBootBsp":	"false",
	"platFsblTarget":	"ps7_cortexa9_0",
	"hasFsblMakeHasChanges":	"false",
	"hasPmufwMakeHasChanges":	"false",
	"fsblExtraCompilerFlags":	"-MMD -MP       -mcpu=cortex-a9 -mfpu=vfpv3 -mfloat-abi=hard ",
	"platPreBuiltFlag":	false,
	"platformSamplesDir":	"",
	"platActiveSys":	"PS_ET_BRAM",
	"systems":	[{
			"systemName":	"PS_ET_BRAM",
			"systemDesc":	"PS_ET_BRAM",
			"sysIsBootAutoGen":	"true",
			"systemDispName":	"PS_ET_BRAM",
			"sysActiveDom":	"standalone_ps7_cortexa9_0",
			"sysDefaultDom":	"standalone_ps7_cortexa9_0",
			"domains":	[{
					"domainName":	"zynq_fsbl",
					"domainDispName":	"zynq_fsbl",
					"domainDesc":	"FSBL Application BSP - Auto Generated.",
					"processors":	"ps7_cortexa9_0",
					"os":	"standalone",
					"sdxOs":	"standalone",
					"debugEnable":	"",
					"domRuntimes":	["cpp"],
					"swRepo":	"",
					"mssOsVer":	"7.3",
					"mssFile":	"",
					"md5Digest":	"2f9bcde54a58b38f91c3131cb5f14b8b",
					"compatibleApp":	"zynq_fsbl",
					"domType":	"bootDomain",
					"arch":	"32-bit",
					"appSettings":	{
						"appCompilerFlags":	"",
						"appLinkerFlags":	""
					},
					"addedLibs":	["xilffs:4.4", "xilrsa:1.6"],
					"libOptions":	{
						"libsContainingOptions":	[]
					},
					"prebuiltLibs":	{
						"prebuiltIncPath":	[],
						"prebuiltLibPath":	[]
					},
					"isolation":	{
					}
				}, {
					"domainName":	"standalone_ps7_cortexa9_0",
					"domainDispName":	"standalone_ps7_cortexa9_0",
					"domainDesc":	"standalone_ps7_cortexa9_0",
					"processors":	"ps7_cortexa9_0",
					"os":	"standalone",
					"sdxOs":	"standalone",
					"qemuArgs":	"C:/Xilinx/Vitis/2020.2/data/emulation/platforms/zynq/sw/a9_standalone/qemu/qemu_args.txt",
					"qemuData":	"C:/Xilinx/Vitis/2020.2/data/emulation/platforms/zynq/sw/a9_standalone/qemu/",
					"debugEnable":	"False",
					"domRuntimes":	["cpp"],
					"swRepo":	"",
					"mssOsVer":	"7.3",
					"mssFile":	"",
					"md5Digest":	"e4a269bdbbdecbf64af5b45a4a15236f",
					"compatibleApp":	"empty_application",
					"domType":	"mssDomain",
					"arch":	"32-bit",
					"appSettings":	{
						"appCompilerFlags":	"",
						"appLinkerFlags":	""
					},
					"addedLibs":	[],
					"libOptions":	{
						"libsContainingOptions":	[]
					},
					"prebuiltLibs":	{
						"prebuiltIncPath":	[],
						"prebuiltLibPath":	[]
					},
					"isolation":	{
					}
				}]
		}]
}
KEYINFO::2026-08-06.20:02:59::SCWPlatform::updated the xpfm file.
TRACE::2026-08-06.20:02:59::SCWPlatform::Trying to open the hw design at C:/Users/Thomas/Desktop/TP_MISTRE/TP_PROCESSEUR/Projet_Vitis/PS_ET_BRAM/hw/PS_ET_BRAM.xsa
TRACE::2026-08-06.20:02:59::SCWPlatform::DSA given C:/Users/Thomas/Desktop/TP_MISTRE/TP_PROCESSEUR/Projet_Vitis/PS_ET_BRAM/hw/PS_ET_BRAM.xsa
TRACE::2026-08-06.20:02:59::SCWPlatform::DSA absoulate path C:/Users/Thomas/Desktop/TP_MISTRE/TP_PROCESSEUR/Projet_Vitis/PS_ET_BRAM/hw/PS_ET_BRAM.xsa
TRACE::2026-08-06.20:02:59::SCWPlatform::DSA directory C:/Users/Thomas/Desktop/TP_MISTRE/TP_PROCESSEUR/Projet_Vitis/PS_ET_BRAM/hw
TRACE::2026-08-06.20:02:59::SCWPlatform:: Platform Path C:/Users/Thomas/Desktop/TP_MISTRE/TP_PROCESSEUR/Projet_Vitis/PS_ET_BRAM/hw/PS_ET_BRAM.xsa
TRACE::2026-08-06.20:02:59::SCWPlatform:: Unique name xilinx:zybo-z7-20::0.0
TRACE::2026-08-06.20:02:59::SCWPlatform::Trying to set the existing hwdb with name design_1_wrapper_6
TRACE::2026-08-06.20:02:59::SCWPlatform::Opened existing hwdb design_1_wrapper_6
TRACE::2026-08-06.20:02:59::SCWPlatform::Found the Hw Db part of the input DSA
TRACE::2026-08-06.20:02:59::SCWMssOS::Checking the sw design at  C:/Users/Thomas/Desktop/TP_MISTRE/TP_PROCESSEUR/Projet_Vitis/PS_ET_BRAM/ps7_cortexa9_0/standalone_ps7_cortexa9_0/bsp/system.mss
TRACE::2026-08-06.20:02:59::SCWMssOS::DEBUG:  swdes dump  C:/Users/Thomas/Desktop/TP_MISTRE/TP_PROCESSEUR/Projet_Vitis/PS_ET_BRAM/ps7_cortexa9_0/standalone_ps7_cortexa9_0/bsp/system.mss|system_2||
C:/Users/Thomas/Desktop/TP_MISTRE/TP_PROCESSEUR/Projet_Vitis/PS_ET_BRAM/zynq_fsbl/zynq_fsbl_bsp/system.mss|system_1||
C:/Users/Thomas/Desktop/TP_MISTRE/TP_PROCESSEUR/Projet_Vitis/XADC_SingleCh14/ps7_cortexa9_0/standalone_ps7_cortexa9_0/bsp/system.mss|system_0||
C:/Users/Thomas/Desktop/TP_MISTRE/TP_PROCESSEUR/Projet_Vitis/XADC_SingleCh14/zynq_fsbl/zynq_fsbl_bsp/system.mss|system||

TRACE::2026-08-06.20:02:59::SCWMssOS::Sw design exists and opened at  C:/Users/Thomas/Desktop/TP_MISTRE/TP_PROCESSEUR/Projet_Vitis/PS_ET_BRAM/ps7_cortexa9_0/standalone_ps7_cortexa9_0/bsp/system.mss
TRACE::2026-08-06.20:02:59::SCWMssOS::Saving the mss changes C:/Users/Thomas/Desktop/TP_MISTRE/TP_PROCESSEUR/Projet_Vitis/PS_ET_BRAM/zynq_fsbl/zynq_fsbl_bsp/system.mss
TRACE::2026-08-06.20:02:59::SCWMssOS::Found a swdesign opened with the mssfile.
TRACE::2026-08-06.20:02:59::SCWMssOS::Completed writemss as part of save.
TRACE::2026-08-06.20:02:59::SCWMssOS::Commit changes completed.
TRACE::2026-08-06.20:02:59::SCWMssOS::Saving the mss changes C:/Users/Thomas/Desktop/TP_MISTRE/TP_PROCESSEUR/Projet_Vitis/PS_ET_BRAM/ps7_cortexa9_0/standalone_ps7_cortexa9_0/bsp/system.mss
TRACE::2026-08-06.20:02:59::SCWMssOS::Found a swdesign opened with the mssfile.
TRACE::2026-08-06.20:02:59::SCWMssOS::Completed writemss as part of save.
TRACE::2026-08-06.20:02:59::SCWMssOS::Commit changes completed.
TRACE::2026-08-06.20:02:59::SCWPlatform::Trying to open the hw design at C:/Users/Thomas/Desktop/TP_MISTRE/TP_PROCESSEUR/Projet_Vitis/PS_ET_BRAM/hw/PS_ET_BRAM.xsa
TRACE::2026-08-06.20:02:59::SCWPlatform::DSA given C:/Users/Thomas/Desktop/TP_MISTRE/TP_PROCESSEUR/Projet_Vitis/PS_ET_BRAM/hw/PS_ET_BRAM.xsa
TRACE::2026-08-06.20:02:59::SCWPlatform::DSA absoulate path C:/Users/Thomas/Desktop/TP_MISTRE/TP_PROCESSEUR/Projet_Vitis/PS_ET_BRAM/hw/PS_ET_BRAM.xsa
TRACE::2026-08-06.20:02:59::SCWPlatform::DSA directory C:/Users/Thomas/Desktop/TP_MISTRE/TP_PROCESSEUR/Projet_Vitis/PS_ET_BRAM/hw
TRACE::2026-08-06.20:02:59::SCWPlatform:: Platform Path C:/Users/Thomas/Desktop/TP_MISTRE/TP_PROCESSEUR/Projet_Vitis/PS_ET_BRAM/hw/PS_ET_BRAM.xsa
TRACE::2026-08-06.20:02:59::SCWPlatform:: Unique name xilinx:zybo-z7-20::0.0
TRACE::2026-08-06.20:02:59::SCWPlatform::Trying to set the existing hwdb with name design_1_wrapper_6
TRACE::2026-08-06.20:02:59::SCWPlatform::Opened existing hwdb design_1_wrapper_6
TRACE::2026-08-06.20:02:59::SCWPlatform::Found the Hw Db part of the input DSA
TRACE::2026-08-06.20:02:59::SCWMssOS::Checking the sw design at  C:/Users/Thomas/Desktop/TP_MISTRE/TP_PROCESSEUR/Projet_Vitis/PS_ET_BRAM/zynq_fsbl/zynq_fsbl_bsp/system.mss
TRACE::2026-08-06.20:02:59::SCWMssOS::DEBUG:  swdes dump  C:/Users/Thomas/Desktop/TP_MISTRE/TP_PROCESSEUR/Projet_Vitis/PS_ET_BRAM/ps7_cortexa9_0/standalone_ps7_cortexa9_0/bsp/system.mss|system_2||
C:/Users/Thomas/Desktop/TP_MISTRE/TP_PROCESSEUR/Projet_Vitis/PS_ET_BRAM/zynq_fsbl/zynq_fsbl_bsp/system.mss|system_1||
C:/Users/Thomas/Desktop/TP_MISTRE/TP_PROCESSEUR/Projet_Vitis/XADC_SingleCh14/ps7_cortexa9_0/standalone_ps7_cortexa9_0/bsp/system.mss|system_0||
C:/Users/Thomas/Desktop/TP_MISTRE/TP_PROCESSEUR/Projet_Vitis/XADC_SingleCh14/zynq_fsbl/zynq_fsbl_bsp/system.mss|system||

TRACE::2026-08-06.20:02:59::SCWMssOS::Sw design exists and opened at  C:/Users/Thomas/Desktop/TP_MISTRE/TP_PROCESSEUR/Projet_Vitis/PS_ET_BRAM/zynq_fsbl/zynq_fsbl_bsp/system.mss
TRACE::2026-08-06.20:02:59::SCWPlatform::Trying to open the hw design at C:/Users/Thomas/Desktop/TP_MISTRE/TP_PROCESSEUR/Projet_Vitis/PS_ET_BRAM/hw/PS_ET_BRAM.xsa
TRACE::2026-08-06.20:02:59::SCWPlatform::DSA given C:/Users/Thomas/Desktop/TP_MISTRE/TP_PROCESSEUR/Projet_Vitis/PS_ET_BRAM/hw/PS_ET_BRAM.xsa
TRACE::2026-08-06.20:02:59::SCWPlatform::DSA absoulate path C:/Users/Thomas/Desktop/TP_MISTRE/TP_PROCESSEUR/Projet_Vitis/PS_ET_BRAM/hw/PS_ET_BRAM.xsa
TRACE::2026-08-06.20:02:59::SCWPlatform::DSA directory C:/Users/Thomas/Desktop/TP_MISTRE/TP_PROCESSEUR/Projet_Vitis/PS_ET_BRAM/hw
TRACE::2026-08-06.20:02:59::SCWPlatform:: Platform Path C:/Users/Thomas/Desktop/TP_MISTRE/TP_PROCESSEUR/Projet_Vitis/PS_ET_BRAM/hw/PS_ET_BRAM.xsa
TRACE::2026-08-06.20:02:59::SCWPlatform:: Unique name xilinx:zybo-z7-20::0.0
TRACE::2026-08-06.20:02:59::SCWPlatform::Trying to set the existing hwdb with name design_1_wrapper_6
TRACE::2026-08-06.20:02:59::SCWPlatform::Opened existing hwdb design_1_wrapper_6
TRACE::2026-08-06.20:02:59::SCWPlatform::Found the Hw Db part of the input DSA
TRACE::2026-08-06.20:02:59::SCWMssOS::Checking the sw design at  C:/Users/Thomas/Desktop/TP_MISTRE/TP_PROCESSEUR/Projet_Vitis/PS_ET_BRAM/zynq_fsbl/zynq_fsbl_bsp/system.mss
TRACE::2026-08-06.20:02:59::SCWMssOS::DEBUG:  swdes dump  C:/Users/Thomas/Desktop/TP_MISTRE/TP_PROCESSEUR/Projet_Vitis/PS_ET_BRAM/ps7_cortexa9_0/standalone_ps7_cortexa9_0/bsp/system.mss|system_2||
C:/Users/Thomas/Desktop/TP_MISTRE/TP_PROCESSEUR/Projet_Vitis/PS_ET_BRAM/zynq_fsbl/zynq_fsbl_bsp/system.mss|system_1||
C:/Users/Thomas/Desktop/TP_MISTRE/TP_PROCESSEUR/Projet_Vitis/XADC_SingleCh14/ps7_cortexa9_0/standalone_ps7_cortexa9_0/bsp/system.mss|system_0||
C:/Users/Thomas/Desktop/TP_MISTRE/TP_PROCESSEUR/Projet_Vitis/XADC_SingleCh14/zynq_fsbl/zynq_fsbl_bsp/system.mss|system||

TRACE::2026-08-06.20:02:59::SCWMssOS::Sw design exists and opened at  C:/Users/Thomas/Desktop/TP_MISTRE/TP_PROCESSEUR/Projet_Vitis/PS_ET_BRAM/zynq_fsbl/zynq_fsbl_bsp/system.mss
TRACE::2026-08-06.20:02:59::SCWPlatform::Trying to open the hw design at C:/Users/Thomas/Desktop/TP_MISTRE/TP_PROCESSEUR/Projet_Vitis/PS_ET_BRAM/hw/PS_ET_BRAM.xsa
TRACE::2026-08-06.20:02:59::SCWPlatform::DSA given C:/Users/Thomas/Desktop/TP_MISTRE/TP_PROCESSEUR/Projet_Vitis/PS_ET_BRAM/hw/PS_ET_BRAM.xsa
TRACE::2026-08-06.20:02:59::SCWPlatform::DSA absoulate path C:/Users/Thomas/Desktop/TP_MISTRE/TP_PROCESSEUR/Projet_Vitis/PS_ET_BRAM/hw/PS_ET_BRAM.xsa
TRACE::2026-08-06.20:02:59::SCWPlatform::DSA directory C:/Users/Thomas/Desktop/TP_MISTRE/TP_PROCESSEUR/Projet_Vitis/PS_ET_BRAM/hw
TRACE::2026-08-06.20:02:59::SCWPlatform:: Platform Path C:/Users/Thomas/Desktop/TP_MISTRE/TP_PROCESSEUR/Projet_Vitis/PS_ET_BRAM/hw/PS_ET_BRAM.xsa
TRACE::2026-08-06.20:02:59::SCWPlatform:: Unique name xilinx:zybo-z7-20::0.0
TRACE::2026-08-06.20:02:59::SCWPlatform::Trying to set the existing hwdb with name design_1_wrapper_6
TRACE::2026-08-06.20:02:59::SCWPlatform::Opened existing hwdb design_1_wrapper_6
TRACE::2026-08-06.20:02:59::SCWPlatform::Found the Hw Db part of the input DSA
TRACE::2026-08-06.20:02:59::SCWMssOS::Checking the sw design at  C:/Users/Thomas/Desktop/TP_MISTRE/TP_PROCESSEUR/Projet_Vitis/PS_ET_BRAM/zynq_fsbl/zynq_fsbl_bsp/system.mss
TRACE::2026-08-06.20:02:59::SCWMssOS::DEBUG:  swdes dump  C:/Users/Thomas/Desktop/TP_MISTRE/TP_PROCESSEUR/Projet_Vitis/PS_ET_BRAM/ps7_cortexa9_0/standalone_ps7_cortexa9_0/bsp/system.mss|system_2||
C:/Users/Thomas/Desktop/TP_MISTRE/TP_PROCESSEUR/Projet_Vitis/PS_ET_BRAM/zynq_fsbl/zynq_fsbl_bsp/system.mss|system_1||
C:/Users/Thomas/Desktop/TP_MISTRE/TP_PROCESSEUR/Projet_Vitis/XADC_SingleCh14/ps7_cortexa9_0/standalone_ps7_cortexa9_0/bsp/system.mss|system_0||
C:/Users/Thomas/Desktop/TP_MISTRE/TP_PROCESSEUR/Projet_Vitis/XADC_SingleCh14/zynq_fsbl/zynq_fsbl_bsp/system.mss|system||

TRACE::2026-08-06.20:02:59::SCWMssOS::Sw design exists and opened at  C:/Users/Thomas/Desktop/TP_MISTRE/TP_PROCESSEUR/Projet_Vitis/PS_ET_BRAM/zynq_fsbl/zynq_fsbl_bsp/system.mss
TRACE::2026-08-06.20:02:59::SCWPlatform::Trying to open the hw design at C:/Users/Thomas/Desktop/TP_MISTRE/TP_PROCESSEUR/Projet_Vitis/PS_ET_BRAM/hw/PS_ET_BRAM.xsa
TRACE::2026-08-06.20:02:59::SCWPlatform::DSA given C:/Users/Thomas/Desktop/TP_MISTRE/TP_PROCESSEUR/Projet_Vitis/PS_ET_BRAM/hw/PS_ET_BRAM.xsa
TRACE::2026-08-06.20:02:59::SCWPlatform::DSA absoulate path C:/Users/Thomas/Desktop/TP_MISTRE/TP_PROCESSEUR/Projet_Vitis/PS_ET_BRAM/hw/PS_ET_BRAM.xsa
TRACE::2026-08-06.20:02:59::SCWPlatform::DSA directory C:/Users/Thomas/Desktop/TP_MISTRE/TP_PROCESSEUR/Projet_Vitis/PS_ET_BRAM/hw
TRACE::2026-08-06.20:02:59::SCWPlatform:: Platform Path C:/Users/Thomas/Desktop/TP_MISTRE/TP_PROCESSEUR/Projet_Vitis/PS_ET_BRAM/hw/PS_ET_BRAM.xsa
TRACE::2026-08-06.20:02:59::SCWPlatform:: Unique name xilinx:zybo-z7-20::0.0
TRACE::2026-08-06.20:02:59::SCWPlatform::Trying to set the existing hwdb with name design_1_wrapper_6
TRACE::2026-08-06.20:02:59::SCWPlatform::Opened existing hwdb design_1_wrapper_6
TRACE::2026-08-06.20:02:59::SCWPlatform::Found the Hw Db part of the input DSA
TRACE::2026-08-06.20:02:59::SCWMssOS::Checking the sw design at  C:/Users/Thomas/Desktop/TP_MISTRE/TP_PROCESSEUR/Projet_Vitis/PS_ET_BRAM/ps7_cortexa9_0/standalone_ps7_cortexa9_0/bsp/system.mss
TRACE::2026-08-06.20:02:59::SCWMssOS::DEBUG:  swdes dump  C:/Users/Thomas/Desktop/TP_MISTRE/TP_PROCESSEUR/Projet_Vitis/PS_ET_BRAM/ps7_cortexa9_0/standalone_ps7_cortexa9_0/bsp/system.mss|system_2||
C:/Users/Thomas/Desktop/TP_MISTRE/TP_PROCESSEUR/Projet_Vitis/PS_ET_BRAM/zynq_fsbl/zynq_fsbl_bsp/system.mss|system_1||
C:/Users/Thomas/Desktop/TP_MISTRE/TP_PROCESSEUR/Projet_Vitis/XADC_SingleCh14/ps7_cortexa9_0/standalone_ps7_cortexa9_0/bsp/system.mss|system_0||
C:/Users/Thomas/Desktop/TP_MISTRE/TP_PROCESSEUR/Projet_Vitis/XADC_SingleCh14/zynq_fsbl/zynq_fsbl_bsp/system.mss|system||

TRACE::2026-08-06.20:02:59::SCWMssOS::Sw design exists and opened at  C:/Users/Thomas/Desktop/TP_MISTRE/TP_PROCESSEUR/Projet_Vitis/PS_ET_BRAM/ps7_cortexa9_0/standalone_ps7_cortexa9_0/bsp/system.mss
TRACE::2026-08-06.20:02:59::SCWPlatform::Trying to open the hw design at C:/Users/Thomas/Desktop/TP_MISTRE/TP_PROCESSEUR/Projet_Vitis/PS_ET_BRAM/hw/PS_ET_BRAM.xsa
TRACE::2026-08-06.20:02:59::SCWPlatform::DSA given C:/Users/Thomas/Desktop/TP_MISTRE/TP_PROCESSEUR/Projet_Vitis/PS_ET_BRAM/hw/PS_ET_BRAM.xsa
TRACE::2026-08-06.20:02:59::SCWPlatform::DSA absoulate path C:/Users/Thomas/Desktop/TP_MISTRE/TP_PROCESSEUR/Projet_Vitis/PS_ET_BRAM/hw/PS_ET_BRAM.xsa
TRACE::2026-08-06.20:02:59::SCWPlatform::DSA directory C:/Users/Thomas/Desktop/TP_MISTRE/TP_PROCESSEUR/Projet_Vitis/PS_ET_BRAM/hw
TRACE::2026-08-06.20:02:59::SCWPlatform:: Platform Path C:/Users/Thomas/Desktop/TP_MISTRE/TP_PROCESSEUR/Projet_Vitis/PS_ET_BRAM/hw/PS_ET_BRAM.xsa
TRACE::2026-08-06.20:02:59::SCWPlatform:: Unique name xilinx:zybo-z7-20::0.0
TRACE::2026-08-06.20:02:59::SCWPlatform::Trying to set the existing hwdb with name design_1_wrapper_6
TRACE::2026-08-06.20:02:59::SCWPlatform::Opened existing hwdb design_1_wrapper_6
TRACE::2026-08-06.20:02:59::SCWPlatform::Found the Hw Db part of the input DSA
TRACE::2026-08-06.20:02:59::SCWMssOS::Checking the sw design at  C:/Users/Thomas/Desktop/TP_MISTRE/TP_PROCESSEUR/Projet_Vitis/PS_ET_BRAM/ps7_cortexa9_0/standalone_ps7_cortexa9_0/bsp/system.mss
TRACE::2026-08-06.20:02:59::SCWMssOS::DEBUG:  swdes dump  C:/Users/Thomas/Desktop/TP_MISTRE/TP_PROCESSEUR/Projet_Vitis/PS_ET_BRAM/ps7_cortexa9_0/standalone_ps7_cortexa9_0/bsp/system.mss|system_2||
C:/Users/Thomas/Desktop/TP_MISTRE/TP_PROCESSEUR/Projet_Vitis/PS_ET_BRAM/zynq_fsbl/zynq_fsbl_bsp/system.mss|system_1||
C:/Users/Thomas/Desktop/TP_MISTRE/TP_PROCESSEUR/Projet_Vitis/XADC_SingleCh14/ps7_cortexa9_0/standalone_ps7_cortexa9_0/bsp/system.mss|system_0||
C:/Users/Thomas/Desktop/TP_MISTRE/TP_PROCESSEUR/Projet_Vitis/XADC_SingleCh14/zynq_fsbl/zynq_fsbl_bsp/system.mss|system||

TRACE::2026-08-06.20:02:59::SCWMssOS::Sw design exists and opened at  C:/Users/Thomas/Desktop/TP_MISTRE/TP_PROCESSEUR/Projet_Vitis/PS_ET_BRAM/ps7_cortexa9_0/standalone_ps7_cortexa9_0/bsp/system.mss
TRACE::2026-08-06.20:02:59::SCWPlatform::Trying to open the hw design at C:/Users/Thomas/Desktop/TP_MISTRE/TP_PROCESSEUR/Projet_Vitis/PS_ET_BRAM/hw/PS_ET_BRAM.xsa
TRACE::2026-08-06.20:02:59::SCWPlatform::DSA given C:/Users/Thomas/Desktop/TP_MISTRE/TP_PROCESSEUR/Projet_Vitis/PS_ET_BRAM/hw/PS_ET_BRAM.xsa
TRACE::2026-08-06.20:02:59::SCWPlatform::DSA absoulate path C:/Users/Thomas/Desktop/TP_MISTRE/TP_PROCESSEUR/Projet_Vitis/PS_ET_BRAM/hw/PS_ET_BRAM.xsa
TRACE::2026-08-06.20:02:59::SCWPlatform::DSA directory C:/Users/Thomas/Desktop/TP_MISTRE/TP_PROCESSEUR/Projet_Vitis/PS_ET_BRAM/hw
TRACE::2026-08-06.20:02:59::SCWPlatform:: Platform Path C:/Users/Thomas/Desktop/TP_MISTRE/TP_PROCESSEUR/Projet_Vitis/PS_ET_BRAM/hw/PS_ET_BRAM.xsa
TRACE::2026-08-06.20:02:59::SCWPlatform:: Unique name xilinx:zybo-z7-20::0.0
TRACE::2026-08-06.20:02:59::SCWPlatform::Trying to set the existing hwdb with name design_1_wrapper_6
TRACE::2026-08-06.20:02:59::SCWPlatform::Opened existing hwdb design_1_wrapper_6
TRACE::2026-08-06.20:02:59::SCWPlatform::Found the Hw Db part of the input DSA
TRACE::2026-08-06.20:02:59::SCWMssOS::Checking the sw design at  C:/Users/Thomas/Desktop/TP_MISTRE/TP_PROCESSEUR/Projet_Vitis/PS_ET_BRAM/ps7_cortexa9_0/standalone_ps7_cortexa9_0/bsp/system.mss
TRACE::2026-08-06.20:02:59::SCWMssOS::DEBUG:  swdes dump  C:/Users/Thomas/Desktop/TP_MISTRE/TP_PROCESSEUR/Projet_Vitis/PS_ET_BRAM/ps7_cortexa9_0/standalone_ps7_cortexa9_0/bsp/system.mss|system_2||
C:/Users/Thomas/Desktop/TP_MISTRE/TP_PROCESSEUR/Projet_Vitis/PS_ET_BRAM/zynq_fsbl/zynq_fsbl_bsp/system.mss|system_1||
C:/Users/Thomas/Desktop/TP_MISTRE/TP_PROCESSEUR/Projet_Vitis/XADC_SingleCh14/ps7_cortexa9_0/standalone_ps7_cortexa9_0/bsp/system.mss|system_0||
C:/Users/Thomas/Desktop/TP_MISTRE/TP_PROCESSEUR/Projet_Vitis/XADC_SingleCh14/zynq_fsbl/zynq_fsbl_bsp/system.mss|system||

TRACE::2026-08-06.20:02:59::SCWMssOS::Sw design exists and opened at  C:/Users/Thomas/Desktop/TP_MISTRE/TP_PROCESSEUR/Projet_Vitis/PS_ET_BRAM/ps7_cortexa9_0/standalone_ps7_cortexa9_0/bsp/system.mss
TRACE::2026-08-06.20:02:59::SCWWriter::formatted JSON is {
	"platformName":	"PS_ET_BRAM",
	"sprVersion":	"2.0",
	"mode":	"gui",
	"dsaType":	"Fixed",
	"platformDesc":	"PS_ET_BRAM",
	"platHandOff":	"<platformDir>.xsa",
	"platIntHandOff":	"<platformDir>/hw/PS_ET_BRAM.xsa",
	"deviceType":	"zynq",
	"platIsPrebuiltAutogen":	"false",
	"platIsNoBootBsp":	"false",
	"platFsblTarget":	"ps7_cortexa9_0",
	"hasFsblMakeHasChanges":	"false",
	"hasPmufwMakeHasChanges":	"false",
	"fsblExtraCompilerFlags":	"-MMD -MP       -mcpu=cortex-a9 -mfpu=vfpv3 -mfloat-abi=hard ",
	"platPreBuiltFlag":	false,
	"platformSamplesDir":	"",
	"platActiveSys":	"PS_ET_BRAM",
	"systems":	[{
			"systemName":	"PS_ET_BRAM",
			"systemDesc":	"PS_ET_BRAM",
			"sysIsBootAutoGen":	"true",
			"systemDispName":	"PS_ET_BRAM",
			"sysActiveDom":	"standalone_ps7_cortexa9_0",
			"sysDefaultDom":	"standalone_ps7_cortexa9_0",
			"domains":	[{
					"domainName":	"zynq_fsbl",
					"domainDispName":	"zynq_fsbl",
					"domainDesc":	"FSBL Application BSP - Auto Generated.",
					"processors":	"ps7_cortexa9_0",
					"os":	"standalone",
					"sdxOs":	"standalone",
					"debugEnable":	"",
					"domRuntimes":	["cpp"],
					"swRepo":	"",
					"mssOsVer":	"7.3",
					"mssFile":	"",
					"md5Digest":	"2f9bcde54a58b38f91c3131cb5f14b8b",
					"compatibleApp":	"zynq_fsbl",
					"domType":	"bootDomain",
					"arch":	"32-bit",
					"appSettings":	{
						"appCompilerFlags":	"",
						"appLinkerFlags":	""
					},
					"addedLibs":	["xilffs:4.4", "xilrsa:1.6"],
					"libOptions":	{
						"libsContainingOptions":	[]
					},
					"prebuiltLibs":	{
						"prebuiltIncPath":	[],
						"prebuiltLibPath":	[]
					},
					"isolation":	{
					}
				}, {
					"domainName":	"standalone_ps7_cortexa9_0",
					"domainDispName":	"standalone_ps7_cortexa9_0",
					"domainDesc":	"standalone_ps7_cortexa9_0",
					"processors":	"ps7_cortexa9_0",
					"os":	"standalone",
					"sdxOs":	"standalone",
					"qemuArgs":	"C:/Xilinx/Vitis/2020.2/data/emulation/platforms/zynq/sw/a9_standalone/qemu/qemu_args.txt",
					"qemuData":	"C:/Xilinx/Vitis/2020.2/data/emulation/platforms/zynq/sw/a9_standalone/qemu/",
					"debugEnable":	"False",
					"domRuntimes":	["cpp"],
					"swRepo":	"",
					"mssOsVer":	"7.3",
					"mssFile":	"",
					"md5Digest":	"e4a269bdbbdecbf64af5b45a4a15236f",
					"compatibleApp":	"empty_application",
					"domType":	"mssDomain",
					"arch":	"32-bit",
					"appSettings":	{
						"appCompilerFlags":	"",
						"appLinkerFlags":	""
					},
					"addedLibs":	[],
					"libOptions":	{
						"libsContainingOptions":	[]
					},
					"prebuiltLibs":	{
						"prebuiltIncPath":	[],
						"prebuiltLibPath":	[]
					},
					"isolation":	{
					}
				}]
		}]
}
TRACE::2026-08-06.20:02:59::SCWPlatform::Trying to open the hw design at C:/Users/Thomas/Desktop/TP_MISTRE/TP_PROCESSEUR/Projet_Vitis/PS_ET_BRAM/hw/PS_ET_BRAM.xsa
TRACE::2026-08-06.20:02:59::SCWPlatform::DSA given C:/Users/Thomas/Desktop/TP_MISTRE/TP_PROCESSEUR/Projet_Vitis/PS_ET_BRAM/hw/PS_ET_BRAM.xsa
TRACE::2026-08-06.20:02:59::SCWPlatform::DSA absoulate path C:/Users/Thomas/Desktop/TP_MISTRE/TP_PROCESSEUR/Projet_Vitis/PS_ET_BRAM/hw/PS_ET_BRAM.xsa
TRACE::2026-08-06.20:02:59::SCWPlatform::DSA directory C:/Users/Thomas/Desktop/TP_MISTRE/TP_PROCESSEUR/Projet_Vitis/PS_ET_BRAM/hw
TRACE::2026-08-06.20:02:59::SCWPlatform:: Platform Path C:/Users/Thomas/Desktop/TP_MISTRE/TP_PROCESSEUR/Projet_Vitis/PS_ET_BRAM/hw/PS_ET_BRAM.xsa
TRACE::2026-08-06.20:02:59::SCWPlatform:: Unique name xilinx:zybo-z7-20::0.0
TRACE::2026-08-06.20:02:59::SCWPlatform::Trying to set the existing hwdb with name design_1_wrapper_6
TRACE::2026-08-06.20:02:59::SCWPlatform::Opened existing hwdb design_1_wrapper_6
TRACE::2026-08-06.20:02:59::SCWPlatform::Found the Hw Db part of the input DSA
TRACE::2026-08-06.20:02:59::SCWMssOS::Checking the sw design at  C:/Users/Thomas/Desktop/TP_MISTRE/TP_PROCESSEUR/Projet_Vitis/PS_ET_BRAM/ps7_cortexa9_0/standalone_ps7_cortexa9_0/bsp/system.mss
TRACE::2026-08-06.20:02:59::SCWMssOS::DEBUG:  swdes dump  C:/Users/Thomas/Desktop/TP_MISTRE/TP_PROCESSEUR/Projet_Vitis/PS_ET_BRAM/ps7_cortexa9_0/standalone_ps7_cortexa9_0/bsp/system.mss|system_2||
C:/Users/Thomas/Desktop/TP_MISTRE/TP_PROCESSEUR/Projet_Vitis/PS_ET_BRAM/zynq_fsbl/zynq_fsbl_bsp/system.mss|system_1||
C:/Users/Thomas/Desktop/TP_MISTRE/TP_PROCESSEUR/Projet_Vitis/XADC_SingleCh14/ps7_cortexa9_0/standalone_ps7_cortexa9_0/bsp/system.mss|system_0||
C:/Users/Thomas/Desktop/TP_MISTRE/TP_PROCESSEUR/Projet_Vitis/XADC_SingleCh14/zynq_fsbl/zynq_fsbl_bsp/system.mss|system||

TRACE::2026-08-06.20:02:59::SCWMssOS::Sw design exists and opened at  C:/Users/Thomas/Desktop/TP_MISTRE/TP_PROCESSEUR/Projet_Vitis/PS_ET_BRAM/ps7_cortexa9_0/standalone_ps7_cortexa9_0/bsp/system.mss
TRACE::2026-08-06.20:02:59::SCWPlatform::Trying to open the hw design at C:/Users/Thomas/Desktop/TP_MISTRE/TP_PROCESSEUR/Projet_Vitis/PS_ET_BRAM/hw/PS_ET_BRAM.xsa
TRACE::2026-08-06.20:02:59::SCWPlatform::DSA given C:/Users/Thomas/Desktop/TP_MISTRE/TP_PROCESSEUR/Projet_Vitis/PS_ET_BRAM/hw/PS_ET_BRAM.xsa
TRACE::2026-08-06.20:02:59::SCWPlatform::DSA absoulate path C:/Users/Thomas/Desktop/TP_MISTRE/TP_PROCESSEUR/Projet_Vitis/PS_ET_BRAM/hw/PS_ET_BRAM.xsa
TRACE::2026-08-06.20:02:59::SCWPlatform::DSA directory C:/Users/Thomas/Desktop/TP_MISTRE/TP_PROCESSEUR/Projet_Vitis/PS_ET_BRAM/hw
TRACE::2026-08-06.20:02:59::SCWPlatform:: Platform Path C:/Users/Thomas/Desktop/TP_MISTRE/TP_PROCESSEUR/Projet_Vitis/PS_ET_BRAM/hw/PS_ET_BRAM.xsa
TRACE::2026-08-06.20:02:59::SCWPlatform:: Unique name xilinx:zybo-z7-20::0.0
TRACE::2026-08-06.20:02:59::SCWPlatform::Trying to set the existing hwdb with name design_1_wrapper_6
TRACE::2026-08-06.20:02:59::SCWPlatform::Opened existing hwdb design_1_wrapper_6
TRACE::2026-08-06.20:02:59::SCWPlatform::Found the Hw Db part of the input DSA
TRACE::2026-08-06.20:02:59::SCWMssOS::Checking the sw design at  C:/Users/Thomas/Desktop/TP_MISTRE/TP_PROCESSEUR/Projet_Vitis/PS_ET_BRAM/ps7_cortexa9_0/standalone_ps7_cortexa9_0/bsp/system.mss
TRACE::2026-08-06.20:02:59::SCWMssOS::DEBUG:  swdes dump  C:/Users/Thomas/Desktop/TP_MISTRE/TP_PROCESSEUR/Projet_Vitis/PS_ET_BRAM/ps7_cortexa9_0/standalone_ps7_cortexa9_0/bsp/system.mss|system_2||
C:/Users/Thomas/Desktop/TP_MISTRE/TP_PROCESSEUR/Projet_Vitis/PS_ET_BRAM/zynq_fsbl/zynq_fsbl_bsp/system.mss|system_1||
C:/Users/Thomas/Desktop/TP_MISTRE/TP_PROCESSEUR/Projet_Vitis/XADC_SingleCh14/ps7_cortexa9_0/standalone_ps7_cortexa9_0/bsp/system.mss|system_0||
C:/Users/Thomas/Desktop/TP_MISTRE/TP_PROCESSEUR/Projet_Vitis/XADC_SingleCh14/zynq_fsbl/zynq_fsbl_bsp/system.mss|system||

TRACE::2026-08-06.20:02:59::SCWMssOS::Sw design exists and opened at  C:/Users/Thomas/Desktop/TP_MISTRE/TP_PROCESSEUR/Projet_Vitis/PS_ET_BRAM/ps7_cortexa9_0/standalone_ps7_cortexa9_0/bsp/system.mss
TRACE::2026-08-06.20:02:59::SCWMssOS::Saving the mss changes C:/Users/Thomas/Desktop/TP_MISTRE/TP_PROCESSEUR/Projet_Vitis/PS_ET_BRAM/zynq_fsbl/zynq_fsbl_bsp/system.mss
TRACE::2026-08-06.20:02:59::SCWMssOS::Found a swdesign opened with the mssfile.
TRACE::2026-08-06.20:02:59::SCWMssOS::Completed writemss as part of save.
TRACE::2026-08-06.20:02:59::SCWMssOS::Commit changes completed.
TRACE::2026-08-06.20:02:59::SCWMssOS::Saving the mss changes C:/Users/Thomas/Desktop/TP_MISTRE/TP_PROCESSEUR/Projet_Vitis/PS_ET_BRAM/ps7_cortexa9_0/standalone_ps7_cortexa9_0/bsp/system.mss
TRACE::2026-08-06.20:02:59::SCWMssOS::Found a swdesign opened with the mssfile.
TRACE::2026-08-06.20:02:59::SCWMssOS::Completed writemss as part of save.
TRACE::2026-08-06.20:02:59::SCWMssOS::Commit changes completed.
TRACE::2026-08-06.20:02:59::SCWPlatform::Trying to open the hw design at C:/Users/Thomas/Desktop/TP_MISTRE/TP_PROCESSEUR/Projet_Vitis/PS_ET_BRAM/hw/PS_ET_BRAM.xsa
TRACE::2026-08-06.20:02:59::SCWPlatform::DSA given C:/Users/Thomas/Desktop/TP_MISTRE/TP_PROCESSEUR/Projet_Vitis/PS_ET_BRAM/hw/PS_ET_BRAM.xsa
TRACE::2026-08-06.20:02:59::SCWPlatform::DSA absoulate path C:/Users/Thomas/Desktop/TP_MISTRE/TP_PROCESSEUR/Projet_Vitis/PS_ET_BRAM/hw/PS_ET_BRAM.xsa
TRACE::2026-08-06.20:02:59::SCWPlatform::DSA directory C:/Users/Thomas/Desktop/TP_MISTRE/TP_PROCESSEUR/Projet_Vitis/PS_ET_BRAM/hw
TRACE::2026-08-06.20:02:59::SCWPlatform:: Platform Path C:/Users/Thomas/Desktop/TP_MISTRE/TP_PROCESSEUR/Projet_Vitis/PS_ET_BRAM/hw/PS_ET_BRAM.xsa
TRACE::2026-08-06.20:02:59::SCWPlatform:: Unique name xilinx:zybo-z7-20::0.0
TRACE::2026-08-06.20:02:59::SCWPlatform::Trying to set the existing hwdb with name design_1_wrapper_6
TRACE::2026-08-06.20:02:59::SCWPlatform::Opened existing hwdb design_1_wrapper_6
TRACE::2026-08-06.20:02:59::SCWPlatform::Found the Hw Db part of the input DSA
TRACE::2026-08-06.20:02:59::SCWMssOS::Checking the sw design at  C:/Users/Thomas/Desktop/TP_MISTRE/TP_PROCESSEUR/Projet_Vitis/PS_ET_BRAM/zynq_fsbl/zynq_fsbl_bsp/system.mss
TRACE::2026-08-06.20:02:59::SCWMssOS::DEBUG:  swdes dump  C:/Users/Thomas/Desktop/TP_MISTRE/TP_PROCESSEUR/Projet_Vitis/PS_ET_BRAM/ps7_cortexa9_0/standalone_ps7_cortexa9_0/bsp/system.mss|system_2||
C:/Users/Thomas/Desktop/TP_MISTRE/TP_PROCESSEUR/Projet_Vitis/PS_ET_BRAM/zynq_fsbl/zynq_fsbl_bsp/system.mss|system_1||
C:/Users/Thomas/Desktop/TP_MISTRE/TP_PROCESSEUR/Projet_Vitis/XADC_SingleCh14/ps7_cortexa9_0/standalone_ps7_cortexa9_0/bsp/system.mss|system_0||
C:/Users/Thomas/Desktop/TP_MISTRE/TP_PROCESSEUR/Projet_Vitis/XADC_SingleCh14/zynq_fsbl/zynq_fsbl_bsp/system.mss|system||

TRACE::2026-08-06.20:02:59::SCWMssOS::Sw design exists and opened at  C:/Users/Thomas/Desktop/TP_MISTRE/TP_PROCESSEUR/Projet_Vitis/PS_ET_BRAM/zynq_fsbl/zynq_fsbl_bsp/system.mss
TRACE::2026-08-06.20:02:59::SCWPlatform::Trying to open the hw design at C:/Users/Thomas/Desktop/TP_MISTRE/TP_PROCESSEUR/Projet_Vitis/PS_ET_BRAM/hw/PS_ET_BRAM.xsa
TRACE::2026-08-06.20:02:59::SCWPlatform::DSA given C:/Users/Thomas/Desktop/TP_MISTRE/TP_PROCESSEUR/Projet_Vitis/PS_ET_BRAM/hw/PS_ET_BRAM.xsa
TRACE::2026-08-06.20:02:59::SCWPlatform::DSA absoulate path C:/Users/Thomas/Desktop/TP_MISTRE/TP_PROCESSEUR/Projet_Vitis/PS_ET_BRAM/hw/PS_ET_BRAM.xsa
TRACE::2026-08-06.20:02:59::SCWPlatform::DSA directory C:/Users/Thomas/Desktop/TP_MISTRE/TP_PROCESSEUR/Projet_Vitis/PS_ET_BRAM/hw
TRACE::2026-08-06.20:02:59::SCWPlatform:: Platform Path C:/Users/Thomas/Desktop/TP_MISTRE/TP_PROCESSEUR/Projet_Vitis/PS_ET_BRAM/hw/PS_ET_BRAM.xsa
TRACE::2026-08-06.20:02:59::SCWPlatform:: Unique name xilinx:zybo-z7-20::0.0
TRACE::2026-08-06.20:02:59::SCWPlatform::Trying to set the existing hwdb with name design_1_wrapper_6
TRACE::2026-08-06.20:02:59::SCWPlatform::Opened existing hwdb design_1_wrapper_6
TRACE::2026-08-06.20:02:59::SCWPlatform::Found the Hw Db part of the input DSA
TRACE::2026-08-06.20:02:59::SCWMssOS::Checking the sw design at  C:/Users/Thomas/Desktop/TP_MISTRE/TP_PROCESSEUR/Projet_Vitis/PS_ET_BRAM/zynq_fsbl/zynq_fsbl_bsp/system.mss
TRACE::2026-08-06.20:02:59::SCWMssOS::DEBUG:  swdes dump  C:/Users/Thomas/Desktop/TP_MISTRE/TP_PROCESSEUR/Projet_Vitis/PS_ET_BRAM/ps7_cortexa9_0/standalone_ps7_cortexa9_0/bsp/system.mss|system_2||
C:/Users/Thomas/Desktop/TP_MISTRE/TP_PROCESSEUR/Projet_Vitis/PS_ET_BRAM/zynq_fsbl/zynq_fsbl_bsp/system.mss|system_1||
C:/Users/Thomas/Desktop/TP_MISTRE/TP_PROCESSEUR/Projet_Vitis/XADC_SingleCh14/ps7_cortexa9_0/standalone_ps7_cortexa9_0/bsp/system.mss|system_0||
C:/Users/Thomas/Desktop/TP_MISTRE/TP_PROCESSEUR/Projet_Vitis/XADC_SingleCh14/zynq_fsbl/zynq_fsbl_bsp/system.mss|system||

TRACE::2026-08-06.20:02:59::SCWMssOS::Sw design exists and opened at  C:/Users/Thomas/Desktop/TP_MISTRE/TP_PROCESSEUR/Projet_Vitis/PS_ET_BRAM/zynq_fsbl/zynq_fsbl_bsp/system.mss
TRACE::2026-08-06.20:02:59::SCWPlatform::Trying to open the hw design at C:/Users/Thomas/Desktop/TP_MISTRE/TP_PROCESSEUR/Projet_Vitis/PS_ET_BRAM/hw/PS_ET_BRAM.xsa
TRACE::2026-08-06.20:02:59::SCWPlatform::DSA given C:/Users/Thomas/Desktop/TP_MISTRE/TP_PROCESSEUR/Projet_Vitis/PS_ET_BRAM/hw/PS_ET_BRAM.xsa
TRACE::2026-08-06.20:02:59::SCWPlatform::DSA absoulate path C:/Users/Thomas/Desktop/TP_MISTRE/TP_PROCESSEUR/Projet_Vitis/PS_ET_BRAM/hw/PS_ET_BRAM.xsa
TRACE::2026-08-06.20:02:59::SCWPlatform::DSA directory C:/Users/Thomas/Desktop/TP_MISTRE/TP_PROCESSEUR/Projet_Vitis/PS_ET_BRAM/hw
TRACE::2026-08-06.20:02:59::SCWPlatform:: Platform Path C:/Users/Thomas/Desktop/TP_MISTRE/TP_PROCESSEUR/Projet_Vitis/PS_ET_BRAM/hw/PS_ET_BRAM.xsa
TRACE::2026-08-06.20:02:59::SCWPlatform:: Unique name xilinx:zybo-z7-20::0.0
TRACE::2026-08-06.20:02:59::SCWPlatform::Trying to set the existing hwdb with name design_1_wrapper_6
TRACE::2026-08-06.20:02:59::SCWPlatform::Opened existing hwdb design_1_wrapper_6
TRACE::2026-08-06.20:02:59::SCWPlatform::Found the Hw Db part of the input DSA
TRACE::2026-08-06.20:02:59::SCWMssOS::Checking the sw design at  C:/Users/Thomas/Desktop/TP_MISTRE/TP_PROCESSEUR/Projet_Vitis/PS_ET_BRAM/zynq_fsbl/zynq_fsbl_bsp/system.mss
TRACE::2026-08-06.20:02:59::SCWMssOS::DEBUG:  swdes dump  C:/Users/Thomas/Desktop/TP_MISTRE/TP_PROCESSEUR/Projet_Vitis/PS_ET_BRAM/ps7_cortexa9_0/standalone_ps7_cortexa9_0/bsp/system.mss|system_2||
C:/Users/Thomas/Desktop/TP_MISTRE/TP_PROCESSEUR/Projet_Vitis/PS_ET_BRAM/zynq_fsbl/zynq_fsbl_bsp/system.mss|system_1||
C:/Users/Thomas/Desktop/TP_MISTRE/TP_PROCESSEUR/Projet_Vitis/XADC_SingleCh14/ps7_cortexa9_0/standalone_ps7_cortexa9_0/bsp/system.mss|system_0||
C:/Users/Thomas/Desktop/TP_MISTRE/TP_PROCESSEUR/Projet_Vitis/XADC_SingleCh14/zynq_fsbl/zynq_fsbl_bsp/system.mss|system||

TRACE::2026-08-06.20:02:59::SCWMssOS::Sw design exists and opened at  C:/Users/Thomas/Desktop/TP_MISTRE/TP_PROCESSEUR/Projet_Vitis/PS_ET_BRAM/zynq_fsbl/zynq_fsbl_bsp/system.mss
TRACE::2026-08-06.20:02:59::SCWPlatform::Trying to open the hw design at C:/Users/Thomas/Desktop/TP_MISTRE/TP_PROCESSEUR/Projet_Vitis/PS_ET_BRAM/hw/PS_ET_BRAM.xsa
TRACE::2026-08-06.20:02:59::SCWPlatform::DSA given C:/Users/Thomas/Desktop/TP_MISTRE/TP_PROCESSEUR/Projet_Vitis/PS_ET_BRAM/hw/PS_ET_BRAM.xsa
TRACE::2026-08-06.20:02:59::SCWPlatform::DSA absoulate path C:/Users/Thomas/Desktop/TP_MISTRE/TP_PROCESSEUR/Projet_Vitis/PS_ET_BRAM/hw/PS_ET_BRAM.xsa
TRACE::2026-08-06.20:02:59::SCWPlatform::DSA directory C:/Users/Thomas/Desktop/TP_MISTRE/TP_PROCESSEUR/Projet_Vitis/PS_ET_BRAM/hw
TRACE::2026-08-06.20:02:59::SCWPlatform:: Platform Path C:/Users/Thomas/Desktop/TP_MISTRE/TP_PROCESSEUR/Projet_Vitis/PS_ET_BRAM/hw/PS_ET_BRAM.xsa
TRACE::2026-08-06.20:02:59::SCWPlatform:: Unique name xilinx:zybo-z7-20::0.0
TRACE::2026-08-06.20:02:59::SCWPlatform::Trying to set the existing hwdb with name design_1_wrapper_6
TRACE::2026-08-06.20:02:59::SCWPlatform::Opened existing hwdb design_1_wrapper_6
TRACE::2026-08-06.20:02:59::SCWPlatform::Found the Hw Db part of the input DSA
TRACE::2026-08-06.20:02:59::SCWMssOS::Checking the sw design at  C:/Users/Thomas/Desktop/TP_MISTRE/TP_PROCESSEUR/Projet_Vitis/PS_ET_BRAM/ps7_cortexa9_0/standalone_ps7_cortexa9_0/bsp/system.mss
TRACE::2026-08-06.20:02:59::SCWMssOS::DEBUG:  swdes dump  C:/Users/Thomas/Desktop/TP_MISTRE/TP_PROCESSEUR/Projet_Vitis/PS_ET_BRAM/ps7_cortexa9_0/standalone_ps7_cortexa9_0/bsp/system.mss|system_2||
C:/Users/Thomas/Desktop/TP_MISTRE/TP_PROCESSEUR/Projet_Vitis/PS_ET_BRAM/zynq_fsbl/zynq_fsbl_bsp/system.mss|system_1||
C:/Users/Thomas/Desktop/TP_MISTRE/TP_PROCESSEUR/Projet_Vitis/XADC_SingleCh14/ps7_cortexa9_0/standalone_ps7_cortexa9_0/bsp/system.mss|system_0||
C:/Users/Thomas/Desktop/TP_MISTRE/TP_PROCESSEUR/Projet_Vitis/XADC_SingleCh14/zynq_fsbl/zynq_fsbl_bsp/system.mss|system||

TRACE::2026-08-06.20:02:59::SCWMssOS::Sw design exists and opened at  C:/Users/Thomas/Desktop/TP_MISTRE/TP_PROCESSEUR/Projet_Vitis/PS_ET_BRAM/ps7_cortexa9_0/standalone_ps7_cortexa9_0/bsp/system.mss
TRACE::2026-08-06.20:02:59::SCWPlatform::Trying to open the hw design at C:/Users/Thomas/Desktop/TP_MISTRE/TP_PROCESSEUR/Projet_Vitis/PS_ET_BRAM/hw/PS_ET_BRAM.xsa
TRACE::2026-08-06.20:02:59::SCWPlatform::DSA given C:/Users/Thomas/Desktop/TP_MISTRE/TP_PROCESSEUR/Projet_Vitis/PS_ET_BRAM/hw/PS_ET_BRAM.xsa
TRACE::2026-08-06.20:02:59::SCWPlatform::DSA absoulate path C:/Users/Thomas/Desktop/TP_MISTRE/TP_PROCESSEUR/Projet_Vitis/PS_ET_BRAM/hw/PS_ET_BRAM.xsa
TRACE::2026-08-06.20:02:59::SCWPlatform::DSA directory C:/Users/Thomas/Desktop/TP_MISTRE/TP_PROCESSEUR/Projet_Vitis/PS_ET_BRAM/hw
TRACE::2026-08-06.20:02:59::SCWPlatform:: Platform Path C:/Users/Thomas/Desktop/TP_MISTRE/TP_PROCESSEUR/Projet_Vitis/PS_ET_BRAM/hw/PS_ET_BRAM.xsa
TRACE::2026-08-06.20:02:59::SCWPlatform:: Unique name xilinx:zybo-z7-20::0.0
TRACE::2026-08-06.20:02:59::SCWPlatform::Trying to set the existing hwdb with name design_1_wrapper_6
TRACE::2026-08-06.20:02:59::SCWPlatform::Opened existing hwdb design_1_wrapper_6
TRACE::2026-08-06.20:02:59::SCWPlatform::Found the Hw Db part of the input DSA
TRACE::2026-08-06.20:02:59::SCWMssOS::Checking the sw design at  C:/Users/Thomas/Desktop/TP_MISTRE/TP_PROCESSEUR/Projet_Vitis/PS_ET_BRAM/ps7_cortexa9_0/standalone_ps7_cortexa9_0/bsp/system.mss
TRACE::2026-08-06.20:02:59::SCWMssOS::DEBUG:  swdes dump  C:/Users/Thomas/Desktop/TP_MISTRE/TP_PROCESSEUR/Projet_Vitis/PS_ET_BRAM/ps7_cortexa9_0/standalone_ps7_cortexa9_0/bsp/system.mss|system_2||
C:/Users/Thomas/Desktop/TP_MISTRE/TP_PROCESSEUR/Projet_Vitis/PS_ET_BRAM/zynq_fsbl/zynq_fsbl_bsp/system.mss|system_1||
C:/Users/Thomas/Desktop/TP_MISTRE/TP_PROCESSEUR/Projet_Vitis/XADC_SingleCh14/ps7_cortexa9_0/standalone_ps7_cortexa9_0/bsp/system.mss|system_0||
C:/Users/Thomas/Desktop/TP_MISTRE/TP_PROCESSEUR/Projet_Vitis/XADC_SingleCh14/zynq_fsbl/zynq_fsbl_bsp/system.mss|system||

TRACE::2026-08-06.20:02:59::SCWMssOS::Sw design exists and opened at  C:/Users/Thomas/Desktop/TP_MISTRE/TP_PROCESSEUR/Projet_Vitis/PS_ET_BRAM/ps7_cortexa9_0/standalone_ps7_cortexa9_0/bsp/system.mss
TRACE::2026-08-06.20:02:59::SCWPlatform::Trying to open the hw design at C:/Users/Thomas/Desktop/TP_MISTRE/TP_PROCESSEUR/Projet_Vitis/PS_ET_BRAM/hw/PS_ET_BRAM.xsa
TRACE::2026-08-06.20:02:59::SCWPlatform::DSA given C:/Users/Thomas/Desktop/TP_MISTRE/TP_PROCESSEUR/Projet_Vitis/PS_ET_BRAM/hw/PS_ET_BRAM.xsa
TRACE::2026-08-06.20:02:59::SCWPlatform::DSA absoulate path C:/Users/Thomas/Desktop/TP_MISTRE/TP_PROCESSEUR/Projet_Vitis/PS_ET_BRAM/hw/PS_ET_BRAM.xsa
TRACE::2026-08-06.20:02:59::SCWPlatform::DSA directory C:/Users/Thomas/Desktop/TP_MISTRE/TP_PROCESSEUR/Projet_Vitis/PS_ET_BRAM/hw
TRACE::2026-08-06.20:02:59::SCWPlatform:: Platform Path C:/Users/Thomas/Desktop/TP_MISTRE/TP_PROCESSEUR/Projet_Vitis/PS_ET_BRAM/hw/PS_ET_BRAM.xsa
TRACE::2026-08-06.20:02:59::SCWPlatform:: Unique name xilinx:zybo-z7-20::0.0
TRACE::2026-08-06.20:02:59::SCWPlatform::Trying to set the existing hwdb with name design_1_wrapper_6
TRACE::2026-08-06.20:02:59::SCWPlatform::Opened existing hwdb design_1_wrapper_6
TRACE::2026-08-06.20:02:59::SCWPlatform::Found the Hw Db part of the input DSA
TRACE::2026-08-06.20:02:59::SCWMssOS::Checking the sw design at  C:/Users/Thomas/Desktop/TP_MISTRE/TP_PROCESSEUR/Projet_Vitis/PS_ET_BRAM/ps7_cortexa9_0/standalone_ps7_cortexa9_0/bsp/system.mss
TRACE::2026-08-06.20:02:59::SCWMssOS::DEBUG:  swdes dump  C:/Users/Thomas/Desktop/TP_MISTRE/TP_PROCESSEUR/Projet_Vitis/PS_ET_BRAM/ps7_cortexa9_0/standalone_ps7_cortexa9_0/bsp/system.mss|system_2||
C:/Users/Thomas/Desktop/TP_MISTRE/TP_PROCESSEUR/Projet_Vitis/PS_ET_BRAM/zynq_fsbl/zynq_fsbl_bsp/system.mss|system_1||
C:/Users/Thomas/Desktop/TP_MISTRE/TP_PROCESSEUR/Projet_Vitis/XADC_SingleCh14/ps7_cortexa9_0/standalone_ps7_cortexa9_0/bsp/system.mss|system_0||
C:/Users/Thomas/Desktop/TP_MISTRE/TP_PROCESSEUR/Projet_Vitis/XADC_SingleCh14/zynq_fsbl/zynq_fsbl_bsp/system.mss|system||

TRACE::2026-08-06.20:02:59::SCWMssOS::Sw design exists and opened at  C:/Users/Thomas/Desktop/TP_MISTRE/TP_PROCESSEUR/Projet_Vitis/PS_ET_BRAM/ps7_cortexa9_0/standalone_ps7_cortexa9_0/bsp/system.mss
TRACE::2026-08-06.20:02:59::SCWWriter::formatted JSON is {
	"platformName":	"PS_ET_BRAM",
	"sprVersion":	"2.0",
	"mode":	"gui",
	"dsaType":	"Fixed",
	"platformDesc":	"PS_ET_BRAM",
	"platHandOff":	"<platformDir>.xsa",
	"platIntHandOff":	"<platformDir>/hw/PS_ET_BRAM.xsa",
	"deviceType":	"zynq",
	"platIsPrebuiltAutogen":	"false",
	"platIsNoBootBsp":	"false",
	"platFsblTarget":	"ps7_cortexa9_0",
	"hasFsblMakeHasChanges":	"false",
	"hasPmufwMakeHasChanges":	"false",
	"fsblExtraCompilerFlags":	"-MMD -MP       -mcpu=cortex-a9 -mfpu=vfpv3 -mfloat-abi=hard ",
	"platPreBuiltFlag":	false,
	"platformSamplesDir":	"",
	"platActiveSys":	"PS_ET_BRAM",
	"systems":	[{
			"systemName":	"PS_ET_BRAM",
			"systemDesc":	"PS_ET_BRAM",
			"sysIsBootAutoGen":	"true",
			"systemDispName":	"PS_ET_BRAM",
			"sysActiveDom":	"standalone_ps7_cortexa9_0",
			"sysDefaultDom":	"standalone_ps7_cortexa9_0",
			"domains":	[{
					"domainName":	"zynq_fsbl",
					"domainDispName":	"zynq_fsbl",
					"domainDesc":	"FSBL Application BSP - Auto Generated.",
					"processors":	"ps7_cortexa9_0",
					"os":	"standalone",
					"sdxOs":	"standalone",
					"debugEnable":	"",
					"domRuntimes":	["cpp"],
					"swRepo":	"",
					"mssOsVer":	"7.3",
					"mssFile":	"",
					"md5Digest":	"2f9bcde54a58b38f91c3131cb5f14b8b",
					"compatibleApp":	"zynq_fsbl",
					"domType":	"bootDomain",
					"arch":	"32-bit",
					"appSettings":	{
						"appCompilerFlags":	"",
						"appLinkerFlags":	""
					},
					"addedLibs":	["xilffs:4.4", "xilrsa:1.6"],
					"libOptions":	{
						"libsContainingOptions":	[]
					},
					"prebuiltLibs":	{
						"prebuiltIncPath":	[],
						"prebuiltLibPath":	[]
					},
					"isolation":	{
					}
				}, {
					"domainName":	"standalone_ps7_cortexa9_0",
					"domainDispName":	"standalone_ps7_cortexa9_0",
					"domainDesc":	"standalone_ps7_cortexa9_0",
					"processors":	"ps7_cortexa9_0",
					"os":	"standalone",
					"sdxOs":	"standalone",
					"qemuArgs":	"C:/Xilinx/Vitis/2020.2/data/emulation/platforms/zynq/sw/a9_standalone/qemu/qemu_args.txt",
					"qemuData":	"C:/Xilinx/Vitis/2020.2/data/emulation/platforms/zynq/sw/a9_standalone/qemu/",
					"debugEnable":	"False",
					"domRuntimes":	["cpp"],
					"swRepo":	"",
					"mssOsVer":	"7.3",
					"mssFile":	"",
					"md5Digest":	"e4a269bdbbdecbf64af5b45a4a15236f",
					"compatibleApp":	"empty_application",
					"domType":	"mssDomain",
					"arch":	"32-bit",
					"appSettings":	{
						"appCompilerFlags":	"",
						"appLinkerFlags":	""
					},
					"addedLibs":	[],
					"libOptions":	{
						"libsContainingOptions":	[]
					},
					"prebuiltLibs":	{
						"prebuiltIncPath":	[],
						"prebuiltLibPath":	[]
					},
					"isolation":	{
					}
				}]
		}]
}
LOG::2026-08-06.20:02:59::SCWPlatform::Started generating the artifacts platform PS_ET_BRAM
TRACE::2026-08-06.20:02:59::SCWPlatform::Sanity checking of platform is completed
LOG::2026-08-06.20:02:59::SCWPlatform::Started generating the artifacts for system configuration PS_ET_BRAM
LOG::2026-08-06.20:02:59::SCWSystem::Started Processing the domain standalone_ps7_cortexa9_0
TRACE::2026-08-06.20:02:59::SCWDomain::Generating domain artifcats
TRACE::2026-08-06.20:02:59::SCWMssOS::Generating standalone artifcats
TRACE::2026-08-06.20:02:59::SCWMssOS::Copying the qemu file from  C:/Xilinx/Vitis/2020.2/data/emulation/platforms/zynq/sw/a9_standalone/qemu/qemu_args.txt To C:/Users/Thomas/Desktop/TP_MISTRE/TP_PROCESSEUR/Projet_Vitis/PS_ET_BRAM/export/PS_ET_BRAM/sw/PS_ET_BRAM/qemu/
TRACE::2026-08-06.20:02:59::SCWMssOS::Copying the qemu file from  C:/Xilinx/Vitis/2020.2/data/emulation/platforms/zynq/sw/a9_standalone/qemu/qemu_args.txt To C:/Users/Thomas/Desktop/TP_MISTRE/TP_PROCESSEUR/Projet_Vitis/PS_ET_BRAM/export/PS_ET_BRAM/sw/PS_ET_BRAM/standalone_ps7_cortexa9_0/qemu/
TRACE::2026-08-06.20:02:59::SCWMssOS:: Copying the user libraries. 
TRACE::2026-08-06.20:02:59::SCWPlatform::Trying to open the hw design at C:/Users/Thomas/Desktop/TP_MISTRE/TP_PROCESSEUR/Projet_Vitis/PS_ET_BRAM/hw/PS_ET_BRAM.xsa
TRACE::2026-08-06.20:02:59::SCWPlatform::DSA given C:/Users/Thomas/Desktop/TP_MISTRE/TP_PROCESSEUR/Projet_Vitis/PS_ET_BRAM/hw/PS_ET_BRAM.xsa
TRACE::2026-08-06.20:02:59::SCWPlatform::DSA absoulate path C:/Users/Thomas/Desktop/TP_MISTRE/TP_PROCESSEUR/Projet_Vitis/PS_ET_BRAM/hw/PS_ET_BRAM.xsa
TRACE::2026-08-06.20:02:59::SCWPlatform::DSA directory C:/Users/Thomas/Desktop/TP_MISTRE/TP_PROCESSEUR/Projet_Vitis/PS_ET_BRAM/hw
TRACE::2026-08-06.20:02:59::SCWPlatform:: Platform Path C:/Users/Thomas/Desktop/TP_MISTRE/TP_PROCESSEUR/Projet_Vitis/PS_ET_BRAM/hw/PS_ET_BRAM.xsa
TRACE::2026-08-06.20:02:59::SCWPlatform:: Unique name xilinx:zybo-z7-20::0.0
TRACE::2026-08-06.20:02:59::SCWPlatform::Trying to set the existing hwdb with name design_1_wrapper_6
TRACE::2026-08-06.20:02:59::SCWPlatform::Opened existing hwdb design_1_wrapper_6
TRACE::2026-08-06.20:02:59::SCWPlatform::Found the Hw Db part of the input DSA
TRACE::2026-08-06.20:02:59::SCWMssOS::Checking the sw design at  C:/Users/Thomas/Desktop/TP_MISTRE/TP_PROCESSEUR/Projet_Vitis/PS_ET_BRAM/ps7_cortexa9_0/standalone_ps7_cortexa9_0/bsp/system.mss
TRACE::2026-08-06.20:02:59::SCWMssOS::DEBUG:  swdes dump  C:/Users/Thomas/Desktop/TP_MISTRE/TP_PROCESSEUR/Projet_Vitis/PS_ET_BRAM/ps7_cortexa9_0/standalone_ps7_cortexa9_0/bsp/system.mss|system_2||
C:/Users/Thomas/Desktop/TP_MISTRE/TP_PROCESSEUR/Projet_Vitis/PS_ET_BRAM/zynq_fsbl/zynq_fsbl_bsp/system.mss|system_1||
C:/Users/Thomas/Desktop/TP_MISTRE/TP_PROCESSEUR/Projet_Vitis/XADC_SingleCh14/ps7_cortexa9_0/standalone_ps7_cortexa9_0/bsp/system.mss|system_0||
C:/Users/Thomas/Desktop/TP_MISTRE/TP_PROCESSEUR/Projet_Vitis/XADC_SingleCh14/zynq_fsbl/zynq_fsbl_bsp/system.mss|system||

TRACE::2026-08-06.20:02:59::SCWMssOS::Sw design exists and opened at  C:/Users/Thomas/Desktop/TP_MISTRE/TP_PROCESSEUR/Projet_Vitis/PS_ET_BRAM/ps7_cortexa9_0/standalone_ps7_cortexa9_0/bsp/system.mss
TRACE::2026-08-06.20:02:59::SCWMssOS::Completed writing the mss file at C:/Users/Thomas/Desktop/TP_MISTRE/TP_PROCESSEUR/Projet_Vitis/PS_ET_BRAM/ps7_cortexa9_0/standalone_ps7_cortexa9_0/bsp
TRACE::2026-08-06.20:02:59::SCWMssOS::Mss edits present, copying mssfile into export location C:/Users/Thomas/Desktop/TP_MISTRE/TP_PROCESSEUR/Projet_Vitis/PS_ET_BRAM/ps7_cortexa9_0/standalone_ps7_cortexa9_0/bsp/system.mss
TRACE::2026-08-06.20:02:59::SCWMssOS::bsp generated is upto date with the mss file. Skipping bsp generation.
TRACE::2026-08-06.20:02:59::SCWMssOS::BSP is already built. skipping the bsp build ... 
TRACE::2026-08-06.20:02:59::SCWDomain::Building the domain as part of full build :  standalone_ps7_cortexa9_0
TRACE::2026-08-06.20:02:59::SCWMssOS::skipping the bsp build ... 
TRACE::2026-08-06.20:02:59::SCWMssOS::Copying to export directory.
TRACE::2026-08-06.20:02:59::SCWMssOS:: Checking if to create the Supporting Applications
TRACE::2026-08-06.20:02:59::SCWMssOS:: No Linux domain exists, trying to generate FSBL 
TRACE::2026-08-06.20:02:59::SCWMssOS:: Completed Standalone Artifacts creation 
LOG::2026-08-06.20:02:59::SCWSystem::Completed Processing the domain standalone_ps7_cortexa9_0
LOG::2026-08-06.20:02:59::SCWSystem::Completed Processing the sysconfig PS_ET_BRAM
LOG::2026-08-06.20:02:59::SCWPlatform::Completed generating the artifacts for system configuration PS_ET_BRAM
TRACE::2026-08-06.20:02:59::SCWPlatform::Started preparing the platform 
TRACE::2026-08-06.20:02:59::SCWSystem::Writing the bif file for system config PS_ET_BRAM
TRACE::2026-08-06.20:02:59::SCWSystem::dir created 
TRACE::2026-08-06.20:02:59::SCWSystem::Writing the bif 
TRACE::2026-08-06.20:02:59::SCWPlatform::Started writing the spfm file 
TRACE::2026-08-06.20:02:59::SCWPlatform::Started writing the xpfm file 
TRACE::2026-08-06.20:02:59::SCWPlatform::Completed generating the platform
TRACE::2026-08-06.20:02:59::SCWMssOS::Saving the mss changes C:/Users/Thomas/Desktop/TP_MISTRE/TP_PROCESSEUR/Projet_Vitis/PS_ET_BRAM/zynq_fsbl/zynq_fsbl_bsp/system.mss
TRACE::2026-08-06.20:02:59::SCWMssOS::Found a swdesign opened with the mssfile.
TRACE::2026-08-06.20:02:59::SCWMssOS::Completed writemss as part of save.
TRACE::2026-08-06.20:02:59::SCWMssOS::Commit changes completed.
TRACE::2026-08-06.20:02:59::SCWMssOS::Saving the mss changes C:/Users/Thomas/Desktop/TP_MISTRE/TP_PROCESSEUR/Projet_Vitis/PS_ET_BRAM/ps7_cortexa9_0/standalone_ps7_cortexa9_0/bsp/system.mss
TRACE::2026-08-06.20:02:59::SCWMssOS::Found a swdesign opened with the mssfile.
TRACE::2026-08-06.20:02:59::SCWMssOS::Completed writemss as part of save.
TRACE::2026-08-06.20:02:59::SCWMssOS::Commit changes completed.
TRACE::2026-08-06.20:02:59::SCWPlatform::Trying to open the hw design at C:/Users/Thomas/Desktop/TP_MISTRE/TP_PROCESSEUR/Projet_Vitis/PS_ET_BRAM/hw/PS_ET_BRAM.xsa
TRACE::2026-08-06.20:02:59::SCWPlatform::DSA given C:/Users/Thomas/Desktop/TP_MISTRE/TP_PROCESSEUR/Projet_Vitis/PS_ET_BRAM/hw/PS_ET_BRAM.xsa
TRACE::2026-08-06.20:02:59::SCWPlatform::DSA absoulate path C:/Users/Thomas/Desktop/TP_MISTRE/TP_PROCESSEUR/Projet_Vitis/PS_ET_BRAM/hw/PS_ET_BRAM.xsa
TRACE::2026-08-06.20:02:59::SCWPlatform::DSA directory C:/Users/Thomas/Desktop/TP_MISTRE/TP_PROCESSEUR/Projet_Vitis/PS_ET_BRAM/hw
TRACE::2026-08-06.20:02:59::SCWPlatform:: Platform Path C:/Users/Thomas/Desktop/TP_MISTRE/TP_PROCESSEUR/Projet_Vitis/PS_ET_BRAM/hw/PS_ET_BRAM.xsa
TRACE::2026-08-06.20:02:59::SCWPlatform:: Unique name xilinx:zybo-z7-20::0.0
TRACE::2026-08-06.20:02:59::SCWPlatform::Trying to set the existing hwdb with name design_1_wrapper_6
TRACE::2026-08-06.20:02:59::SCWPlatform::Opened existing hwdb design_1_wrapper_6
TRACE::2026-08-06.20:02:59::SCWPlatform::Found the Hw Db part of the input DSA
TRACE::2026-08-06.20:02:59::SCWMssOS::Checking the sw design at  C:/Users/Thomas/Desktop/TP_MISTRE/TP_PROCESSEUR/Projet_Vitis/PS_ET_BRAM/zynq_fsbl/zynq_fsbl_bsp/system.mss
TRACE::2026-08-06.20:02:59::SCWMssOS::DEBUG:  swdes dump  C:/Users/Thomas/Desktop/TP_MISTRE/TP_PROCESSEUR/Projet_Vitis/PS_ET_BRAM/ps7_cortexa9_0/standalone_ps7_cortexa9_0/bsp/system.mss|system_2||
C:/Users/Thomas/Desktop/TP_MISTRE/TP_PROCESSEUR/Projet_Vitis/PS_ET_BRAM/zynq_fsbl/zynq_fsbl_bsp/system.mss|system_1||
C:/Users/Thomas/Desktop/TP_MISTRE/TP_PROCESSEUR/Projet_Vitis/XADC_SingleCh14/ps7_cortexa9_0/standalone_ps7_cortexa9_0/bsp/system.mss|system_0||
C:/Users/Thomas/Desktop/TP_MISTRE/TP_PROCESSEUR/Projet_Vitis/XADC_SingleCh14/zynq_fsbl/zynq_fsbl_bsp/system.mss|system||

TRACE::2026-08-06.20:02:59::SCWMssOS::Sw design exists and opened at  C:/Users/Thomas/Desktop/TP_MISTRE/TP_PROCESSEUR/Projet_Vitis/PS_ET_BRAM/zynq_fsbl/zynq_fsbl_bsp/system.mss
TRACE::2026-08-06.20:02:59::SCWPlatform::Trying to open the hw design at C:/Users/Thomas/Desktop/TP_MISTRE/TP_PROCESSEUR/Projet_Vitis/PS_ET_BRAM/hw/PS_ET_BRAM.xsa
TRACE::2026-08-06.20:02:59::SCWPlatform::DSA given C:/Users/Thomas/Desktop/TP_MISTRE/TP_PROCESSEUR/Projet_Vitis/PS_ET_BRAM/hw/PS_ET_BRAM.xsa
TRACE::2026-08-06.20:02:59::SCWPlatform::DSA absoulate path C:/Users/Thomas/Desktop/TP_MISTRE/TP_PROCESSEUR/Projet_Vitis/PS_ET_BRAM/hw/PS_ET_BRAM.xsa
TRACE::2026-08-06.20:02:59::SCWPlatform::DSA directory C:/Users/Thomas/Desktop/TP_MISTRE/TP_PROCESSEUR/Projet_Vitis/PS_ET_BRAM/hw
TRACE::2026-08-06.20:02:59::SCWPlatform:: Platform Path C:/Users/Thomas/Desktop/TP_MISTRE/TP_PROCESSEUR/Projet_Vitis/PS_ET_BRAM/hw/PS_ET_BRAM.xsa
TRACE::2026-08-06.20:02:59::SCWPlatform:: Unique name xilinx:zybo-z7-20::0.0
TRACE::2026-08-06.20:02:59::SCWPlatform::Trying to set the existing hwdb with name design_1_wrapper_6
TRACE::2026-08-06.20:02:59::SCWPlatform::Opened existing hwdb design_1_wrapper_6
TRACE::2026-08-06.20:02:59::SCWPlatform::Found the Hw Db part of the input DSA
TRACE::2026-08-06.20:02:59::SCWMssOS::Checking the sw design at  C:/Users/Thomas/Desktop/TP_MISTRE/TP_PROCESSEUR/Projet_Vitis/PS_ET_BRAM/zynq_fsbl/zynq_fsbl_bsp/system.mss
TRACE::2026-08-06.20:02:59::SCWMssOS::DEBUG:  swdes dump  C:/Users/Thomas/Desktop/TP_MISTRE/TP_PROCESSEUR/Projet_Vitis/PS_ET_BRAM/ps7_cortexa9_0/standalone_ps7_cortexa9_0/bsp/system.mss|system_2||
C:/Users/Thomas/Desktop/TP_MISTRE/TP_PROCESSEUR/Projet_Vitis/PS_ET_BRAM/zynq_fsbl/zynq_fsbl_bsp/system.mss|system_1||
C:/Users/Thomas/Desktop/TP_MISTRE/TP_PROCESSEUR/Projet_Vitis/XADC_SingleCh14/ps7_cortexa9_0/standalone_ps7_cortexa9_0/bsp/system.mss|system_0||
C:/Users/Thomas/Desktop/TP_MISTRE/TP_PROCESSEUR/Projet_Vitis/XADC_SingleCh14/zynq_fsbl/zynq_fsbl_bsp/system.mss|system||

TRACE::2026-08-06.20:02:59::SCWMssOS::Sw design exists and opened at  C:/Users/Thomas/Desktop/TP_MISTRE/TP_PROCESSEUR/Projet_Vitis/PS_ET_BRAM/zynq_fsbl/zynq_fsbl_bsp/system.mss
TRACE::2026-08-06.20:02:59::SCWPlatform::Trying to open the hw design at C:/Users/Thomas/Desktop/TP_MISTRE/TP_PROCESSEUR/Projet_Vitis/PS_ET_BRAM/hw/PS_ET_BRAM.xsa
TRACE::2026-08-06.20:02:59::SCWPlatform::DSA given C:/Users/Thomas/Desktop/TP_MISTRE/TP_PROCESSEUR/Projet_Vitis/PS_ET_BRAM/hw/PS_ET_BRAM.xsa
TRACE::2026-08-06.20:02:59::SCWPlatform::DSA absoulate path C:/Users/Thomas/Desktop/TP_MISTRE/TP_PROCESSEUR/Projet_Vitis/PS_ET_BRAM/hw/PS_ET_BRAM.xsa
TRACE::2026-08-06.20:02:59::SCWPlatform::DSA directory C:/Users/Thomas/Desktop/TP_MISTRE/TP_PROCESSEUR/Projet_Vitis/PS_ET_BRAM/hw
TRACE::2026-08-06.20:02:59::SCWPlatform:: Platform Path C:/Users/Thomas/Desktop/TP_MISTRE/TP_PROCESSEUR/Projet_Vitis/PS_ET_BRAM/hw/PS_ET_BRAM.xsa
TRACE::2026-08-06.20:02:59::SCWPlatform:: Unique name xilinx:zybo-z7-20::0.0
TRACE::2026-08-06.20:02:59::SCWPlatform::Trying to set the existing hwdb with name design_1_wrapper_6
TRACE::2026-08-06.20:02:59::SCWPlatform::Opened existing hwdb design_1_wrapper_6
TRACE::2026-08-06.20:02:59::SCWPlatform::Found the Hw Db part of the input DSA
TRACE::2026-08-06.20:02:59::SCWMssOS::Checking the sw design at  C:/Users/Thomas/Desktop/TP_MISTRE/TP_PROCESSEUR/Projet_Vitis/PS_ET_BRAM/zynq_fsbl/zynq_fsbl_bsp/system.mss
TRACE::2026-08-06.20:02:59::SCWMssOS::DEBUG:  swdes dump  C:/Users/Thomas/Desktop/TP_MISTRE/TP_PROCESSEUR/Projet_Vitis/PS_ET_BRAM/ps7_cortexa9_0/standalone_ps7_cortexa9_0/bsp/system.mss|system_2||
C:/Users/Thomas/Desktop/TP_MISTRE/TP_PROCESSEUR/Projet_Vitis/PS_ET_BRAM/zynq_fsbl/zynq_fsbl_bsp/system.mss|system_1||
C:/Users/Thomas/Desktop/TP_MISTRE/TP_PROCESSEUR/Projet_Vitis/XADC_SingleCh14/ps7_cortexa9_0/standalone_ps7_cortexa9_0/bsp/system.mss|system_0||
C:/Users/Thomas/Desktop/TP_MISTRE/TP_PROCESSEUR/Projet_Vitis/XADC_SingleCh14/zynq_fsbl/zynq_fsbl_bsp/system.mss|system||

TRACE::2026-08-06.20:02:59::SCWMssOS::Sw design exists and opened at  C:/Users/Thomas/Desktop/TP_MISTRE/TP_PROCESSEUR/Projet_Vitis/PS_ET_BRAM/zynq_fsbl/zynq_fsbl_bsp/system.mss
TRACE::2026-08-06.20:02:59::SCWPlatform::Trying to open the hw design at C:/Users/Thomas/Desktop/TP_MISTRE/TP_PROCESSEUR/Projet_Vitis/PS_ET_BRAM/hw/PS_ET_BRAM.xsa
TRACE::2026-08-06.20:02:59::SCWPlatform::DSA given C:/Users/Thomas/Desktop/TP_MISTRE/TP_PROCESSEUR/Projet_Vitis/PS_ET_BRAM/hw/PS_ET_BRAM.xsa
TRACE::2026-08-06.20:02:59::SCWPlatform::DSA absoulate path C:/Users/Thomas/Desktop/TP_MISTRE/TP_PROCESSEUR/Projet_Vitis/PS_ET_BRAM/hw/PS_ET_BRAM.xsa
TRACE::2026-08-06.20:02:59::SCWPlatform::DSA directory C:/Users/Thomas/Desktop/TP_MISTRE/TP_PROCESSEUR/Projet_Vitis/PS_ET_BRAM/hw
TRACE::2026-08-06.20:02:59::SCWPlatform:: Platform Path C:/Users/Thomas/Desktop/TP_MISTRE/TP_PROCESSEUR/Projet_Vitis/PS_ET_BRAM/hw/PS_ET_BRAM.xsa
TRACE::2026-08-06.20:02:59::SCWPlatform:: Unique name xilinx:zybo-z7-20::0.0
TRACE::2026-08-06.20:02:59::SCWPlatform::Trying to set the existing hwdb with name design_1_wrapper_6
TRACE::2026-08-06.20:02:59::SCWPlatform::Opened existing hwdb design_1_wrapper_6
TRACE::2026-08-06.20:02:59::SCWPlatform::Found the Hw Db part of the input DSA
TRACE::2026-08-06.20:02:59::SCWMssOS::Checking the sw design at  C:/Users/Thomas/Desktop/TP_MISTRE/TP_PROCESSEUR/Projet_Vitis/PS_ET_BRAM/ps7_cortexa9_0/standalone_ps7_cortexa9_0/bsp/system.mss
TRACE::2026-08-06.20:02:59::SCWMssOS::DEBUG:  swdes dump  C:/Users/Thomas/Desktop/TP_MISTRE/TP_PROCESSEUR/Projet_Vitis/PS_ET_BRAM/ps7_cortexa9_0/standalone_ps7_cortexa9_0/bsp/system.mss|system_2||
C:/Users/Thomas/Desktop/TP_MISTRE/TP_PROCESSEUR/Projet_Vitis/PS_ET_BRAM/zynq_fsbl/zynq_fsbl_bsp/system.mss|system_1||
C:/Users/Thomas/Desktop/TP_MISTRE/TP_PROCESSEUR/Projet_Vitis/XADC_SingleCh14/ps7_cortexa9_0/standalone_ps7_cortexa9_0/bsp/system.mss|system_0||
C:/Users/Thomas/Desktop/TP_MISTRE/TP_PROCESSEUR/Projet_Vitis/XADC_SingleCh14/zynq_fsbl/zynq_fsbl_bsp/system.mss|system||

TRACE::2026-08-06.20:02:59::SCWMssOS::Sw design exists and opened at  C:/Users/Thomas/Desktop/TP_MISTRE/TP_PROCESSEUR/Projet_Vitis/PS_ET_BRAM/ps7_cortexa9_0/standalone_ps7_cortexa9_0/bsp/system.mss
TRACE::2026-08-06.20:02:59::SCWPlatform::Trying to open the hw design at C:/Users/Thomas/Desktop/TP_MISTRE/TP_PROCESSEUR/Projet_Vitis/PS_ET_BRAM/hw/PS_ET_BRAM.xsa
TRACE::2026-08-06.20:02:59::SCWPlatform::DSA given C:/Users/Thomas/Desktop/TP_MISTRE/TP_PROCESSEUR/Projet_Vitis/PS_ET_BRAM/hw/PS_ET_BRAM.xsa
TRACE::2026-08-06.20:02:59::SCWPlatform::DSA absoulate path C:/Users/Thomas/Desktop/TP_MISTRE/TP_PROCESSEUR/Projet_Vitis/PS_ET_BRAM/hw/PS_ET_BRAM.xsa
TRACE::2026-08-06.20:02:59::SCWPlatform::DSA directory C:/Users/Thomas/Desktop/TP_MISTRE/TP_PROCESSEUR/Projet_Vitis/PS_ET_BRAM/hw
TRACE::2026-08-06.20:02:59::SCWPlatform:: Platform Path C:/Users/Thomas/Desktop/TP_MISTRE/TP_PROCESSEUR/Projet_Vitis/PS_ET_BRAM/hw/PS_ET_BRAM.xsa
TRACE::2026-08-06.20:02:59::SCWPlatform:: Unique name xilinx:zybo-z7-20::0.0
TRACE::2026-08-06.20:02:59::SCWPlatform::Trying to set the existing hwdb with name design_1_wrapper_6
TRACE::2026-08-06.20:02:59::SCWPlatform::Opened existing hwdb design_1_wrapper_6
TRACE::2026-08-06.20:02:59::SCWPlatform::Found the Hw Db part of the input DSA
TRACE::2026-08-06.20:02:59::SCWMssOS::Checking the sw design at  C:/Users/Thomas/Desktop/TP_MISTRE/TP_PROCESSEUR/Projet_Vitis/PS_ET_BRAM/ps7_cortexa9_0/standalone_ps7_cortexa9_0/bsp/system.mss
TRACE::2026-08-06.20:02:59::SCWMssOS::DEBUG:  swdes dump  C:/Users/Thomas/Desktop/TP_MISTRE/TP_PROCESSEUR/Projet_Vitis/PS_ET_BRAM/ps7_cortexa9_0/standalone_ps7_cortexa9_0/bsp/system.mss|system_2||
C:/Users/Thomas/Desktop/TP_MISTRE/TP_PROCESSEUR/Projet_Vitis/PS_ET_BRAM/zynq_fsbl/zynq_fsbl_bsp/system.mss|system_1||
C:/Users/Thomas/Desktop/TP_MISTRE/TP_PROCESSEUR/Projet_Vitis/XADC_SingleCh14/ps7_cortexa9_0/standalone_ps7_cortexa9_0/bsp/system.mss|system_0||
C:/Users/Thomas/Desktop/TP_MISTRE/TP_PROCESSEUR/Projet_Vitis/XADC_SingleCh14/zynq_fsbl/zynq_fsbl_bsp/system.mss|system||

TRACE::2026-08-06.20:02:59::SCWMssOS::Sw design exists and opened at  C:/Users/Thomas/Desktop/TP_MISTRE/TP_PROCESSEUR/Projet_Vitis/PS_ET_BRAM/ps7_cortexa9_0/standalone_ps7_cortexa9_0/bsp/system.mss
TRACE::2026-08-06.20:02:59::SCWPlatform::Trying to open the hw design at C:/Users/Thomas/Desktop/TP_MISTRE/TP_PROCESSEUR/Projet_Vitis/PS_ET_BRAM/hw/PS_ET_BRAM.xsa
TRACE::2026-08-06.20:02:59::SCWPlatform::DSA given C:/Users/Thomas/Desktop/TP_MISTRE/TP_PROCESSEUR/Projet_Vitis/PS_ET_BRAM/hw/PS_ET_BRAM.xsa
TRACE::2026-08-06.20:02:59::SCWPlatform::DSA absoulate path C:/Users/Thomas/Desktop/TP_MISTRE/TP_PROCESSEUR/Projet_Vitis/PS_ET_BRAM/hw/PS_ET_BRAM.xsa
TRACE::2026-08-06.20:02:59::SCWPlatform::DSA directory C:/Users/Thomas/Desktop/TP_MISTRE/TP_PROCESSEUR/Projet_Vitis/PS_ET_BRAM/hw
TRACE::2026-08-06.20:02:59::SCWPlatform:: Platform Path C:/Users/Thomas/Desktop/TP_MISTRE/TP_PROCESSEUR/Projet_Vitis/PS_ET_BRAM/hw/PS_ET_BRAM.xsa
TRACE::2026-08-06.20:02:59::SCWPlatform:: Unique name xilinx:zybo-z7-20::0.0
TRACE::2026-08-06.20:02:59::SCWPlatform::Trying to set the existing hwdb with name design_1_wrapper_6
TRACE::2026-08-06.20:02:59::SCWPlatform::Opened existing hwdb design_1_wrapper_6
TRACE::2026-08-06.20:02:59::SCWPlatform::Found the Hw Db part of the input DSA
TRACE::2026-08-06.20:02:59::SCWMssOS::Checking the sw design at  C:/Users/Thomas/Desktop/TP_MISTRE/TP_PROCESSEUR/Projet_Vitis/PS_ET_BRAM/ps7_cortexa9_0/standalone_ps7_cortexa9_0/bsp/system.mss
TRACE::2026-08-06.20:02:59::SCWMssOS::DEBUG:  swdes dump  C:/Users/Thomas/Desktop/TP_MISTRE/TP_PROCESSEUR/Projet_Vitis/PS_ET_BRAM/ps7_cortexa9_0/standalone_ps7_cortexa9_0/bsp/system.mss|system_2||
C:/Users/Thomas/Desktop/TP_MISTRE/TP_PROCESSEUR/Projet_Vitis/PS_ET_BRAM/zynq_fsbl/zynq_fsbl_bsp/system.mss|system_1||
C:/Users/Thomas/Desktop/TP_MISTRE/TP_PROCESSEUR/Projet_Vitis/XADC_SingleCh14/ps7_cortexa9_0/standalone_ps7_cortexa9_0/bsp/system.mss|system_0||
C:/Users/Thomas/Desktop/TP_MISTRE/TP_PROCESSEUR/Projet_Vitis/XADC_SingleCh14/zynq_fsbl/zynq_fsbl_bsp/system.mss|system||

TRACE::2026-08-06.20:02:59::SCWMssOS::Sw design exists and opened at  C:/Users/Thomas/Desktop/TP_MISTRE/TP_PROCESSEUR/Projet_Vitis/PS_ET_BRAM/ps7_cortexa9_0/standalone_ps7_cortexa9_0/bsp/system.mss
TRACE::2026-08-06.20:02:59::SCWWriter::formatted JSON is {
	"platformName":	"PS_ET_BRAM",
	"sprVersion":	"2.0",
	"mode":	"gui",
	"dsaType":	"Fixed",
	"platformDesc":	"PS_ET_BRAM",
	"platHandOff":	"<platformDir>.xsa",
	"platIntHandOff":	"<platformDir>/hw/PS_ET_BRAM.xsa",
	"deviceType":	"zynq",
	"platIsPrebuiltAutogen":	"false",
	"platIsNoBootBsp":	"false",
	"platFsblTarget":	"ps7_cortexa9_0",
	"hasFsblMakeHasChanges":	"false",
	"hasPmufwMakeHasChanges":	"false",
	"fsblExtraCompilerFlags":	"-MMD -MP       -mcpu=cortex-a9 -mfpu=vfpv3 -mfloat-abi=hard ",
	"platPreBuiltFlag":	false,
	"platformSamplesDir":	"",
	"platActiveSys":	"PS_ET_BRAM",
	"systems":	[{
			"systemName":	"PS_ET_BRAM",
			"systemDesc":	"PS_ET_BRAM",
			"sysIsBootAutoGen":	"true",
			"systemDispName":	"PS_ET_BRAM",
			"sysActiveDom":	"standalone_ps7_cortexa9_0",
			"sysDefaultDom":	"standalone_ps7_cortexa9_0",
			"domains":	[{
					"domainName":	"zynq_fsbl",
					"domainDispName":	"zynq_fsbl",
					"domainDesc":	"FSBL Application BSP - Auto Generated.",
					"processors":	"ps7_cortexa9_0",
					"os":	"standalone",
					"sdxOs":	"standalone",
					"debugEnable":	"",
					"domRuntimes":	["cpp"],
					"swRepo":	"",
					"mssOsVer":	"7.3",
					"mssFile":	"",
					"md5Digest":	"2f9bcde54a58b38f91c3131cb5f14b8b",
					"compatibleApp":	"zynq_fsbl",
					"domType":	"bootDomain",
					"arch":	"32-bit",
					"appSettings":	{
						"appCompilerFlags":	"",
						"appLinkerFlags":	""
					},
					"addedLibs":	["xilffs:4.4", "xilrsa:1.6"],
					"libOptions":	{
						"libsContainingOptions":	[]
					},
					"prebuiltLibs":	{
						"prebuiltIncPath":	[],
						"prebuiltLibPath":	[]
					},
					"isolation":	{
					}
				}, {
					"domainName":	"standalone_ps7_cortexa9_0",
					"domainDispName":	"standalone_ps7_cortexa9_0",
					"domainDesc":	"standalone_ps7_cortexa9_0",
					"processors":	"ps7_cortexa9_0",
					"os":	"standalone",
					"sdxOs":	"standalone",
					"qemuArgs":	"C:/Xilinx/Vitis/2020.2/data/emulation/platforms/zynq/sw/a9_standalone/qemu/qemu_args.txt",
					"qemuData":	"C:/Xilinx/Vitis/2020.2/data/emulation/platforms/zynq/sw/a9_standalone/qemu/",
					"debugEnable":	"False",
					"domRuntimes":	["cpp"],
					"swRepo":	"",
					"mssOsVer":	"7.3",
					"mssFile":	"",
					"md5Digest":	"e4a269bdbbdecbf64af5b45a4a15236f",
					"compatibleApp":	"empty_application",
					"domType":	"mssDomain",
					"arch":	"32-bit",
					"appSettings":	{
						"appCompilerFlags":	"",
						"appLinkerFlags":	""
					},
					"addedLibs":	[],
					"libOptions":	{
						"libsContainingOptions":	[]
					},
					"prebuiltLibs":	{
						"prebuiltIncPath":	[],
						"prebuiltLibPath":	[]
					},
					"isolation":	{
					}
				}]
		}]
}
KEYINFO::2026-08-06.20:02:59::SCWPlatform::updated the xpfm file.
LOG::2026-08-06.20:06:58::SCWPlatform::Started generating the artifacts platform PS_ET_BRAM
TRACE::2026-08-06.20:06:58::SCWPlatform::Sanity checking of platform is completed
LOG::2026-08-06.20:06:58::SCWPlatform::Started generating the artifacts for system configuration PS_ET_BRAM
LOG::2026-08-06.20:06:58::SCWSystem::Checking the domain zynq_fsbl
LOG::2026-08-06.20:06:58::SCWSystem::Doing application build for :  zynq_fsbl
TRACE::2026-08-06.20:06:58::SCWBDomain::Not a forced makefile updation, No changes are present. 
TRACE::2026-08-06.20:06:58::SCWDomain::Building the domain as part of full build :  zynq_fsbl
TRACE::2026-08-06.20:06:58::SCWPlatform::Trying to open the hw design at C:/Users/Thomas/Desktop/TP_MISTRE/TP_PROCESSEUR/Projet_Vitis/PS_ET_BRAM/hw/PS_ET_BRAM.xsa
TRACE::2026-08-06.20:06:58::SCWPlatform::DSA given C:/Users/Thomas/Desktop/TP_MISTRE/TP_PROCESSEUR/Projet_Vitis/PS_ET_BRAM/hw/PS_ET_BRAM.xsa
TRACE::2026-08-06.20:06:58::SCWPlatform::DSA absoulate path C:/Users/Thomas/Desktop/TP_MISTRE/TP_PROCESSEUR/Projet_Vitis/PS_ET_BRAM/hw/PS_ET_BRAM.xsa
TRACE::2026-08-06.20:06:58::SCWPlatform::DSA directory C:/Users/Thomas/Desktop/TP_MISTRE/TP_PROCESSEUR/Projet_Vitis/PS_ET_BRAM/hw
TRACE::2026-08-06.20:06:58::SCWPlatform:: Platform Path C:/Users/Thomas/Desktop/TP_MISTRE/TP_PROCESSEUR/Projet_Vitis/PS_ET_BRAM/hw/PS_ET_BRAM.xsa
TRACE::2026-08-06.20:06:58::SCWPlatform:: Unique name xilinx:zybo-z7-20::0.0
TRACE::2026-08-06.20:06:58::SCWPlatform::Trying to set the existing hwdb with name design_1_wrapper_6
TRACE::2026-08-06.20:06:58::SCWPlatform::Opened existing hwdb design_1_wrapper_6
TRACE::2026-08-06.20:06:58::SCWPlatform::Found the Hw Db part of the input DSA
TRACE::2026-08-06.20:06:58::SCWMssOS::Checking the sw design at  C:/Users/Thomas/Desktop/TP_MISTRE/TP_PROCESSEUR/Projet_Vitis/PS_ET_BRAM/zynq_fsbl/zynq_fsbl_bsp/system.mss
TRACE::2026-08-06.20:06:58::SCWMssOS::DEBUG:  swdes dump  C:/Users/Thomas/Desktop/TP_MISTRE/TP_PROCESSEUR/Projet_Vitis/PS_ET_BRAM/ps7_cortexa9_0/standalone_ps7_cortexa9_0/bsp/system.mss|system_2||
C:/Users/Thomas/Desktop/TP_MISTRE/TP_PROCESSEUR/Projet_Vitis/PS_ET_BRAM/zynq_fsbl/zynq_fsbl_bsp/system.mss|system_1||
C:/Users/Thomas/Desktop/TP_MISTRE/TP_PROCESSEUR/Projet_Vitis/XADC_SingleCh14/ps7_cortexa9_0/standalone_ps7_cortexa9_0/bsp/system.mss|system_0||
C:/Users/Thomas/Desktop/TP_MISTRE/TP_PROCESSEUR/Projet_Vitis/XADC_SingleCh14/zynq_fsbl/zynq_fsbl_bsp/system.mss|system||

TRACE::2026-08-06.20:06:58::SCWMssOS::Sw design exists and opened at  C:/Users/Thomas/Desktop/TP_MISTRE/TP_PROCESSEUR/Projet_Vitis/PS_ET_BRAM/zynq_fsbl/zynq_fsbl_bsp/system.mss
TRACE::2026-08-06.20:06:58::SCWBDomain::Completed writing the mss file at C:/Users/Thomas/Desktop/TP_MISTRE/TP_PROCESSEUR/Projet_Vitis/PS_ET_BRAM/zynq_fsbl/zynq_fsbl_bsp
TRACE::2026-08-06.20:06:58::SCWBDomain::bsp generated is upto date with the mss file. Skipping bsp generation.
TRACE::2026-08-06.20:06:58::SCWBDomain::Not a forced makefile updation, No changes are present. 
TRACE::2026-08-06.20:06:58::SCWBDomain::System Command Ran  C:&  cd  C:/Users/Thomas/Desktop/TP_MISTRE/TP_PROCESSEUR/Projet_Vitis/PS_ET_BRAM/zynq_fsbl& make -C  zynq_fsbl_bsp & make 
TRACE::2026-08-06.20:06:58::SCWBDomain::make: Entering directory 'C:/Users/Thomas/Desktop/TP_MISTRE/TP_PROCESSEUR/Projet_Vitis/PS_ET_BRAM/zynq_fsbl/zynq_fsbl_bsp'

TRACE::2026-08-06.20:06:58::SCWBDomain::make --no-print-directory seq_libs

TRACE::2026-08-06.20:06:58::SCWBDomain::"Running Make include in ps7_cortexa9_0/libsrc/bram_v4_5/src"

TRACE::2026-08-06.20:06:58::SCWBDomain::make -C ps7_cortexa9_0/libsrc/bram_v4_5/src -s include  "SHELL=CMD" "COMPILER=arm-none-eabi-gcc" "ASSEMBLER=arm-none-eabi-as" "
TRACE::2026-08-06.20:06:58::SCWBDomain::ARCHIVER=arm-none-eabi-ar" "COMPILER_FLAGS=  -O2 -c" "EXTRA_COMPILER_FLAGS=-mcpu=cortex-a9 -mfpu=vfpv3 -mfloat-abi=hard -nostar
TRACE::2026-08-06.20:06:58::SCWBDomain::tfiles -g -Wall -Wextra"

TRACE::2026-08-06.20:06:58::SCWBDomain::"Running Make include in ps7_cortexa9_0/libsrc/coresightps_dcc_v1_8/src"

TRACE::2026-08-06.20:06:58::SCWBDomain::make -C ps7_cortexa9_0/libsrc/coresightps_dcc_v1_8/src -s include  "SHELL=CMD" "COMPILER=arm-none-eabi-gcc" "ASSEMBLER=arm-none
TRACE::2026-08-06.20:06:58::SCWBDomain::-eabi-as" "ARCHIVER=arm-none-eabi-ar" "COMPILER_FLAGS=  -O2 -c" "EXTRA_COMPILER_FLAGS=-mcpu=cortex-a9 -mfpu=vfpv3 -mfloat-abi=h
TRACE::2026-08-06.20:06:58::SCWBDomain::ard -nostartfiles -g -Wall -Wextra"

TRACE::2026-08-06.20:06:58::SCWBDomain::"Running Make include in ps7_cortexa9_0/libsrc/cpu_cortexa9_v2_10/src"

TRACE::2026-08-06.20:06:58::SCWBDomain::make -C ps7_cortexa9_0/libsrc/cpu_cortexa9_v2_10/src -s include  "SHELL=CMD" "COMPILER=arm-none-eabi-gcc" "ASSEMBLER=arm-none-e
TRACE::2026-08-06.20:06:58::SCWBDomain::abi-as" "ARCHIVER=arm-none-eabi-ar" "COMPILER_FLAGS=  -O2 -c" "EXTRA_COMPILER_FLAGS=-mcpu=cortex-a9 -mfpu=vfpv3 -mfloat-abi=har
TRACE::2026-08-06.20:06:58::SCWBDomain::d -nostartfiles -g -Wall -Wextra"

TRACE::2026-08-06.20:06:58::SCWBDomain::"Running Make include in ps7_cortexa9_0/libsrc/ddrps_v1_2/src"

TRACE::2026-08-06.20:06:58::SCWBDomain::make -C ps7_cortexa9_0/libsrc/ddrps_v1_2/src -s include  "SHELL=CMD" "COMPILER=arm-none-eabi-gcc" "ASSEMBLER=arm-none-eabi-as" 
TRACE::2026-08-06.20:06:58::SCWBDomain::"ARCHIVER=arm-none-eabi-ar" "COMPILER_FLAGS=  -O2 -c" "EXTRA_COMPILER_FLAGS=-mcpu=cortex-a9 -mfpu=vfpv3 -mfloat-abi=hard -nosta
TRACE::2026-08-06.20:06:58::SCWBDomain::rtfiles -g -Wall -Wextra"

TRACE::2026-08-06.20:06:58::SCWBDomain::"Running Make include in ps7_cortexa9_0/libsrc/devcfg_v3_7/src"

TRACE::2026-08-06.20:06:58::SCWBDomain::make -C ps7_cortexa9_0/libsrc/devcfg_v3_7/src -s include  "SHELL=CMD" "COMPILER=arm-none-eabi-gcc" "ASSEMBLER=arm-none-eabi-as"
TRACE::2026-08-06.20:06:58::SCWBDomain:: "ARCHIVER=arm-none-eabi-ar" "COMPILER_FLAGS=  -O2 -c" "EXTRA_COMPILER_FLAGS=-mcpu=cortex-a9 -mfpu=vfpv3 -mfloat-abi=hard -nost
TRACE::2026-08-06.20:06:58::SCWBDomain::artfiles -g -Wall -Wextra"

TRACE::2026-08-06.20:06:58::SCWBDomain::"Running Make include in ps7_cortexa9_0/libsrc/dmaps_v2_7/src"

TRACE::2026-08-06.20:06:58::SCWBDomain::make -C ps7_cortexa9_0/libsrc/dmaps_v2_7/src -s include  "SHELL=CMD" "COMPILER=arm-none-eabi-gcc" "ASSEMBLER=arm-none-eabi-as" 
TRACE::2026-08-06.20:06:58::SCWBDomain::"ARCHIVER=arm-none-eabi-ar" "COMPILER_FLAGS=  -O2 -c" "EXTRA_COMPILER_FLAGS=-mcpu=cortex-a9 -mfpu=vfpv3 -mfloat-abi=hard -nosta
TRACE::2026-08-06.20:06:58::SCWBDomain::rtfiles -g -Wall -Wextra"

TRACE::2026-08-06.20:06:58::SCWBDomain::"Running Make include in ps7_cortexa9_0/libsrc/emacps_v3_12/src"

TRACE::2026-08-06.20:06:58::SCWBDomain::make -C ps7_cortexa9_0/libsrc/emacps_v3_12/src -s include  "SHELL=CMD" "COMPILER=arm-none-eabi-gcc" "ASSEMBLER=arm-none-eabi-as
TRACE::2026-08-06.20:06:58::SCWBDomain::" "ARCHIVER=arm-none-eabi-ar" "COMPILER_FLAGS=  -O2 -c" "EXTRA_COMPILER_FLAGS=-mcpu=cortex-a9 -mfpu=vfpv3 -mfloat-abi=hard -nos
TRACE::2026-08-06.20:06:58::SCWBDomain::tartfiles -g -Wall -Wextra"

TRACE::2026-08-06.20:06:58::SCWBDomain::"Running Make include in ps7_cortexa9_0/libsrc/gpiops_v3_8/src"

TRACE::2026-08-06.20:06:58::SCWBDomain::make -C ps7_cortexa9_0/libsrc/gpiops_v3_8/src -s include  "SHELL=CMD" "COMPILER=arm-none-eabi-gcc" "ASSEMBLER=arm-none-eabi-as"
TRACE::2026-08-06.20:06:58::SCWBDomain:: "ARCHIVER=arm-none-eabi-ar" "COMPILER_FLAGS=  -O2 -c" "EXTRA_COMPILER_FLAGS=-mcpu=cortex-a9 -mfpu=vfpv3 -mfloat-abi=hard -nost
TRACE::2026-08-06.20:06:58::SCWBDomain::artfiles -g -Wall -Wextra"

TRACE::2026-08-06.20:06:58::SCWBDomain::"Running Make include in ps7_cortexa9_0/libsrc/qspips_v3_8/src"

TRACE::2026-08-06.20:06:58::SCWBDomain::make -C ps7_cortexa9_0/libsrc/qspips_v3_8/src -s include  "SHELL=CMD" "COMPILER=arm-none-eabi-gcc" "ASSEMBLER=arm-none-eabi-as"
TRACE::2026-08-06.20:06:58::SCWBDomain:: "ARCHIVER=arm-none-eabi-ar" "COMPILER_FLAGS=  -O2 -c" "EXTRA_COMPILER_FLAGS=-mcpu=cortex-a9 -mfpu=vfpv3 -mfloat-abi=hard -nost
TRACE::2026-08-06.20:06:58::SCWBDomain::artfiles -g -Wall -Wextra"

TRACE::2026-08-06.20:06:58::SCWBDomain::"Running Make include in ps7_cortexa9_0/libsrc/scugic_v4_3/src"

TRACE::2026-08-06.20:06:58::SCWBDomain::make -C ps7_cortexa9_0/libsrc/scugic_v4_3/src -s include  "SHELL=CMD" "COMPILER=arm-none-eabi-gcc" "ASSEMBLER=arm-none-eabi-as"
TRACE::2026-08-06.20:06:58::SCWBDomain:: "ARCHIVER=arm-none-eabi-ar" "COMPILER_FLAGS=  -O2 -c" "EXTRA_COMPILER_FLAGS=-mcpu=cortex-a9 -mfpu=vfpv3 -mfloat-abi=hard -nost
TRACE::2026-08-06.20:06:58::SCWBDomain::artfiles -g -Wall -Wextra"

TRACE::2026-08-06.20:06:59::SCWBDomain::"Running Make include in ps7_cortexa9_0/libsrc/scutimer_v2_3/src"

TRACE::2026-08-06.20:06:59::SCWBDomain::make -C ps7_cortexa9_0/libsrc/scutimer_v2_3/src -s include  "SHELL=CMD" "COMPILER=arm-none-eabi-gcc" "ASSEMBLER=arm-none-eabi-a
TRACE::2026-08-06.20:06:59::SCWBDomain::s" "ARCHIVER=arm-none-eabi-ar" "COMPILER_FLAGS=  -O2 -c" "EXTRA_COMPILER_FLAGS=-mcpu=cortex-a9 -mfpu=vfpv3 -mfloat-abi=hard -no
TRACE::2026-08-06.20:06:59::SCWBDomain::startfiles -g -Wall -Wextra"

TRACE::2026-08-06.20:06:59::SCWBDomain::"Running Make include in ps7_cortexa9_0/libsrc/scuwdt_v2_3/src"

TRACE::2026-08-06.20:06:59::SCWBDomain::make -C ps7_cortexa9_0/libsrc/scuwdt_v2_3/src -s include  "SHELL=CMD" "COMPILER=arm-none-eabi-gcc" "ASSEMBLER=arm-none-eabi-as"
TRACE::2026-08-06.20:06:59::SCWBDomain:: "ARCHIVER=arm-none-eabi-ar" "COMPILER_FLAGS=  -O2 -c" "EXTRA_COMPILER_FLAGS=-mcpu=cortex-a9 -mfpu=vfpv3 -mfloat-abi=hard -nost
TRACE::2026-08-06.20:06:59::SCWBDomain::artfiles -g -Wall -Wextra"

TRACE::2026-08-06.20:06:59::SCWBDomain::"Running Make include in ps7_cortexa9_0/libsrc/sdps_v3_10/src"

TRACE::2026-08-06.20:06:59::SCWBDomain::make -C ps7_cortexa9_0/libsrc/sdps_v3_10/src -s include  "SHELL=CMD" "COMPILER=arm-none-eabi-gcc" "ASSEMBLER=arm-none-eabi-as" 
TRACE::2026-08-06.20:06:59::SCWBDomain::"ARCHIVER=arm-none-eabi-ar" "COMPILER_FLAGS=  -O2 -c" "EXTRA_COMPILER_FLAGS=-mcpu=cortex-a9 -mfpu=vfpv3 -mfloat-abi=hard -nosta
TRACE::2026-08-06.20:06:59::SCWBDomain::rtfiles -g -Wall -Wextra"

TRACE::2026-08-06.20:06:59::SCWBDomain::"Running Make include in ps7_cortexa9_0/libsrc/standalone_v7_3/src"

TRACE::2026-08-06.20:06:59::SCWBDomain::make -C ps7_cortexa9_0/libsrc/standalone_v7_3/src -s include  "SHELL=CMD" "COMPILER=arm-none-eabi-gcc" "ASSEMBLER=arm-none-eabi
TRACE::2026-08-06.20:06:59::SCWBDomain::-as" "ARCHIVER=arm-none-eabi-ar" "COMPILER_FLAGS=  -O2 -c" "EXTRA_COMPILER_FLAGS=-mcpu=cortex-a9 -mfpu=vfpv3 -mfloat-abi=hard -
TRACE::2026-08-06.20:06:59::SCWBDomain::nostartfiles -g -Wall -Wextra"

TRACE::2026-08-06.20:06:59::SCWBDomain::"Running Make include in ps7_cortexa9_0/libsrc/uartps_v3_10/src"

TRACE::2026-08-06.20:06:59::SCWBDomain::make -C ps7_cortexa9_0/libsrc/uartps_v3_10/src -s include  "SHELL=CMD" "COMPILER=arm-none-eabi-gcc" "ASSEMBLER=arm-none-eabi-as
TRACE::2026-08-06.20:06:59::SCWBDomain::" "ARCHIVER=arm-none-eabi-ar" "COMPILER_FLAGS=  -O2 -c" "EXTRA_COMPILER_FLAGS=-mcpu=cortex-a9 -mfpu=vfpv3 -mfloat-abi=hard -nos
TRACE::2026-08-06.20:06:59::SCWBDomain::tartfiles -g -Wall -Wextra"

TRACE::2026-08-06.20:07:00::SCWBDomain::"Running Make include in ps7_cortexa9_0/libsrc/usbps_v2_6/src"

TRACE::2026-08-06.20:07:00::SCWBDomain::make -C ps7_cortexa9_0/libsrc/usbps_v2_6/src -s include  "SHELL=CMD" "COMPILER=arm-none-eabi-gcc" "ASSEMBLER=arm-none-eabi-as" 
TRACE::2026-08-06.20:07:00::SCWBDomain::"ARCHIVER=arm-none-eabi-ar" "COMPILER_FLAGS=  -O2 -c" "EXTRA_COMPILER_FLAGS=-mcpu=cortex-a9 -mfpu=vfpv3 -mfloat-abi=hard -nosta
TRACE::2026-08-06.20:07:00::SCWBDomain::rtfiles -g -Wall -Wextra"

TRACE::2026-08-06.20:07:00::SCWBDomain::"Running Make include in ps7_cortexa9_0/libsrc/xadcps_v2_5/src"

TRACE::2026-08-06.20:07:00::SCWBDomain::make -C ps7_cortexa9_0/libsrc/xadcps_v2_5/src -s include  "SHELL=CMD" "COMPILER=arm-none-eabi-gcc" "ASSEMBLER=arm-none-eabi-as"
TRACE::2026-08-06.20:07:00::SCWBDomain:: "ARCHIVER=arm-none-eabi-ar" "COMPILER_FLAGS=  -O2 -c" "EXTRA_COMPILER_FLAGS=-mcpu=cortex-a9 -mfpu=vfpv3 -mfloat-abi=hard -nost
TRACE::2026-08-06.20:07:00::SCWBDomain::artfiles -g -Wall -Wextra"

TRACE::2026-08-06.20:07:00::SCWBDomain::"Running Make include in ps7_cortexa9_0/libsrc/xilffs_v4_4/src"

TRACE::2026-08-06.20:07:00::SCWBDomain::make -C ps7_cortexa9_0/libsrc/xilffs_v4_4/src -s include  "SHELL=CMD" "COMPILER=arm-none-eabi-gcc" "ASSEMBLER=arm-none-eabi-as"
TRACE::2026-08-06.20:07:00::SCWBDomain:: "ARCHIVER=arm-none-eabi-ar" "COMPILER_FLAGS=  -O2 -c" "EXTRA_COMPILER_FLAGS=-mcpu=cortex-a9 -mfpu=vfpv3 -mfloat-abi=hard -nost
TRACE::2026-08-06.20:07:00::SCWBDomain::artfiles -g -Wall -Wextra"

TRACE::2026-08-06.20:07:00::SCWBDomain::"Running Make include in ps7_cortexa9_0/libsrc/xilrsa_v1_6/src"

TRACE::2026-08-06.20:07:00::SCWBDomain::make -C ps7_cortexa9_0/libsrc/xilrsa_v1_6/src -s include  "SHELL=CMD" "COMPILER=arm-none-eabi-gcc" "ASSEMBLER=arm-none-eabi-as"
TRACE::2026-08-06.20:07:00::SCWBDomain:: "ARCHIVER=arm-none-eabi-ar" "COMPILER_FLAGS=  -O2 -c" "EXTRA_COMPILER_FLAGS=-mcpu=cortex-a9 -mfpu=vfpv3 -mfloat-abi=hard -nost
TRACE::2026-08-06.20:07:00::SCWBDomain::artfiles -g -Wall -Wextra"

TRACE::2026-08-06.20:07:00::SCWBDomain::"Running Make libs in ps7_cortexa9_0/libsrc/xilrsa_v1_6/src"

TRACE::2026-08-06.20:07:00::SCWBDomain::make -C ps7_cortexa9_0/libsrc/xilrsa_v1_6/src -s libs  "SHELL=CMD" "COMPILER=arm-none-eabi-gcc" "ASSEMBLER=arm-none-eabi-as" "A
TRACE::2026-08-06.20:07:00::SCWBDomain::RCHIVER=arm-none-eabi-ar" "COMPILER_FLAGS=  -O2 -c" "EXTRA_COMPILER_FLAGS=-mcpu=cortex-a9 -mfpu=vfpv3 -mfloat-abi=hard -nostart
TRACE::2026-08-06.20:07:00::SCWBDomain::files -g -Wall -Wextra"

TRACE::2026-08-06.20:07:00::SCWBDomain::'Finished building libraries sequentially.'

TRACE::2026-08-06.20:07:00::SCWBDomain::make -j --no-print-directory par_libs

TRACE::2026-08-06.20:07:00::SCWBDomain::"Running Make include in ps7_cortexa9_0/libsrc/bram_v4_5/src"

TRACE::2026-08-06.20:07:00::SCWBDomain::make -C ps7_cortexa9_0/libsrc/bram_v4_5/src -s include  "SHELL=CMD" "COMPILER=arm-none-eabi-gcc" "ASSEMBLER=arm-none-eabi-as" "
TRACE::2026-08-06.20:07:00::SCWBDomain::ARCHIVER=arm-none-eabi-ar" "COMPILER_FLAGS=  -O2 -c" "EXTRA_COMPILER_FLAGS=-mcpu=cortex-a9 -mfpu=vfpv3 -mfloat-abi=hard -nostar
TRACE::2026-08-06.20:07:00::SCWBDomain::tfiles -g -Wall -Wextra"

TRACE::2026-08-06.20:07:00::SCWBDomain::"Running Make include in ps7_cortexa9_0/libsrc/coresightps_dcc_v1_8/src"

TRACE::2026-08-06.20:07:00::SCWBDomain::make -C ps7_cortexa9_0/libsrc/coresightps_dcc_v1_8/src -s include  "SHELL=CMD" "COMPILER=arm-none-eabi-gcc" "ASSEMBLER=arm-none
TRACE::2026-08-06.20:07:00::SCWBDomain::-eabi-as" "ARCHIVER=arm-none-eabi-ar" "COMPILER_FLAGS=  -O2 -c" "EXTRA_COMPILER_FLAGS=-mcpu=cortex-a9 -mfpu=vfpv3 -mfloat-abi=h
TRACE::2026-08-06.20:07:00::SCWBDomain::ard -nostartfiles -g -Wall -Wextra"

TRACE::2026-08-06.20:07:00::SCWBDomain::"Running Make include in ps7_cortexa9_0/libsrc/cpu_cortexa9_v2_10/src"

TRACE::2026-08-06.20:07:00::SCWBDomain::make -C ps7_cortexa9_0/libsrc/cpu_cortexa9_v2_10/src -s include  "SHELL=CMD" "COMPILER=arm-none-eabi-gcc" "ASSEMBLER=arm-none-e
TRACE::2026-08-06.20:07:00::SCWBDomain::abi-as" "ARCHIVER=arm-none-eabi-ar" "COMPILER_FLAGS=  -O2 -c" "EXTRA_COMPILER_FLAGS=-mcpu=cortex-a9 -mfpu=vfpv3 -mfloat-abi=har
TRACE::2026-08-06.20:07:00::SCWBDomain::d -nostartfiles -g -Wall -Wextra"

TRACE::2026-08-06.20:07:00::SCWBDomain::"Running Make include in ps7_cortexa9_0/libsrc/ddrps_v1_2/src"

TRACE::2026-08-06.20:07:00::SCWBDomain::make -C ps7_cortexa9_0/libsrc/ddrps_v1_2/src -s include  "SHELL=CMD" "COMPILER=arm-none-eabi-gcc" "ASSEMBLER=arm-none-eabi-as" 
TRACE::2026-08-06.20:07:00::SCWBDomain::"ARCHIVER=arm-none-eabi-ar" "COMPILER_FLAGS=  -O2 -c" "EXTRA_COMPILER_FLAGS=-mcpu=cortex-a9 -mfpu=vfpv3 -mfloat-abi=hard -nosta
TRACE::2026-08-06.20:07:00::SCWBDomain::rtfiles -g -Wall -Wextra"

TRACE::2026-08-06.20:07:00::SCWBDomain::"Running Make include in ps7_cortexa9_0/libsrc/devcfg_v3_7/src"

TRACE::2026-08-06.20:07:00::SCWBDomain::make -C ps7_cortexa9_0/libsrc/devcfg_v3_7/src -s include  "SHELL=CMD" "COMPILER=arm-none-eabi-gcc" "ASSEMBLER=arm-none-eabi-as"
TRACE::2026-08-06.20:07:00::SCWBDomain:: "ARCHIVER=arm-none-eabi-ar" "COMPILER_FLAGS=  -O2 -c" "EXTRA_COMPILER_FLAGS=-mcpu=cortex-a9 -mfpu=vfpv3 -mfloat-abi=hard -nost
TRACE::2026-08-06.20:07:00::SCWBDomain::artfiles -g -Wall -Wextra"

TRACE::2026-08-06.20:07:00::SCWBDomain::"Running Make include in ps7_cortexa9_0/libsrc/dmaps_v2_7/src"

TRACE::2026-08-06.20:07:00::SCWBDomain::make -C ps7_cortexa9_0/libsrc/dmaps_v2_7/src -s include  "SHELL=CMD" "COMPILER=arm-none-eabi-gcc" "ASSEMBLER=arm-none-eabi-as" 
TRACE::2026-08-06.20:07:00::SCWBDomain::"ARCHIVER=arm-none-eabi-ar" "COMPILER_FLAGS=  -O2 -c" "EXTRA_COMPILER_FLAGS=-mcpu=cortex-a9 -mfpu=vfpv3 -mfloat-abi=hard -nosta
TRACE::2026-08-06.20:07:00::SCWBDomain::rtfiles -g -Wall -Wextra"

TRACE::2026-08-06.20:07:00::SCWBDomain::"Running Make include in ps7_cortexa9_0/libsrc/emacps_v3_12/src"

TRACE::2026-08-06.20:07:00::SCWBDomain::make -C ps7_cortexa9_0/libsrc/emacps_v3_12/src -s include  "SHELL=CMD" "COMPILER=arm-none-eabi-gcc" "ASSEMBLER=arm-none-eabi-as
TRACE::2026-08-06.20:07:00::SCWBDomain::" "ARCHIVER=arm-none-eabi-ar" "COMPILER_FLAGS=  -O2 -c" "EXTRA_COMPILER_FLAGS=-mcpu=cortex-a9 -mfpu=vfpv3 -mfloat-abi=hard -nos
TRACE::2026-08-06.20:07:00::SCWBDomain::tartfiles -g -Wall -Wextra"

TRACE::2026-08-06.20:07:00::SCWBDomain::"Running Make include in ps7_cortexa9_0/libsrc/gpiops_v3_8/src"

TRACE::2026-08-06.20:07:00::SCWBDomain::make -C ps7_cortexa9_0/libsrc/gpiops_v3_8/src -s include  "SHELL=CMD" "COMPILER=arm-none-eabi-gcc" "ASSEMBLER=arm-none-eabi-as"
TRACE::2026-08-06.20:07:00::SCWBDomain:: "ARCHIVER=arm-none-eabi-ar" "COMPILER_FLAGS=  -O2 -c" "EXTRA_COMPILER_FLAGS=-mcpu=cortex-a9 -mfpu=vfpv3 -mfloat-abi=hard -nost
TRACE::2026-08-06.20:07:00::SCWBDomain::artfiles -g -Wall -Wextra"

TRACE::2026-08-06.20:07:00::SCWBDomain::"Running Make include in ps7_cortexa9_0/libsrc/qspips_v3_8/src"

TRACE::2026-08-06.20:07:00::SCWBDomain::make -C ps7_cortexa9_0/libsrc/qspips_v3_8/src -s include  "SHELL=CMD" "COMPILER=arm-none-eabi-gcc" "ASSEMBLER=arm-none-eabi-as"
TRACE::2026-08-06.20:07:00::SCWBDomain:: "ARCHIVER=arm-none-eabi-ar" "COMPILER_FLAGS=  -O2 -c" "EXTRA_COMPILER_FLAGS=-mcpu=cortex-a9 -mfpu=vfpv3 -mfloat-abi=hard -nost
TRACE::2026-08-06.20:07:00::SCWBDomain::artfiles -g -Wall -Wextra"

TRACE::2026-08-06.20:07:00::SCWBDomain::"Running Make include in ps7_cortexa9_0/libsrc/scugic_v4_3/src"

TRACE::2026-08-06.20:07:00::SCWBDomain::make -C ps7_cortexa9_0/libsrc/scugic_v4_3/src -s include  "SHELL=CMD" "COMPILER=arm-none-eabi-gcc" "ASSEMBLER=arm-none-eabi-as"
TRACE::2026-08-06.20:07:00::SCWBDomain:: "ARCHIVER=arm-none-eabi-ar" "COMPILER_FLAGS=  -O2 -c" "EXTRA_COMPILER_FLAGS=-mcpu=cortex-a9 -mfpu=vfpv3 -mfloat-abi=hard -nost
TRACE::2026-08-06.20:07:00::SCWBDomain::artfiles -g -Wall -Wextra"

TRACE::2026-08-06.20:07:00::SCWBDomain::"Running Make include in ps7_cortexa9_0/libsrc/scutimer_v2_3/src"

TRACE::2026-08-06.20:07:00::SCWBDomain::make -C ps7_cortexa9_0/libsrc/scutimer_v2_3/src -s include  "SHELL=CMD" "COMPILER=arm-none-eabi-gcc" "ASSEMBLER=arm-none-eabi-a
TRACE::2026-08-06.20:07:00::SCWBDomain::s" "ARCHIVER=arm-none-eabi-ar" "COMPILER_FLAGS=  -O2 -c" "EXTRA_COMPILER_FLAGS=-mcpu=cortex-a9 -mfpu=vfpv3 -mfloat-abi=hard -no
TRACE::2026-08-06.20:07:00::SCWBDomain::startfiles -g -Wall -Wextra"

TRACE::2026-08-06.20:07:00::SCWBDomain::"Running Make include in ps7_cortexa9_0/libsrc/scuwdt_v2_3/src"

TRACE::2026-08-06.20:07:00::SCWBDomain::make -C ps7_cortexa9_0/libsrc/scuwdt_v2_3/src -s include  "SHELL=CMD" "COMPILER=arm-none-eabi-gcc" "ASSEMBLER=arm-none-eabi-as"
TRACE::2026-08-06.20:07:00::SCWBDomain:: "ARCHIVER=arm-none-eabi-ar" "COMPILER_FLAGS=  -O2 -c" "EXTRA_COMPILER_FLAGS=-mcpu=cortex-a9 -mfpu=vfpv3 -mfloat-abi=hard -nost
TRACE::2026-08-06.20:07:00::SCWBDomain::artfiles -g -Wall -Wextra"

TRACE::2026-08-06.20:07:00::SCWBDomain::"Running Make include in ps7_cortexa9_0/libsrc/sdps_v3_10/src"

TRACE::2026-08-06.20:07:00::SCWBDomain::make -C ps7_cortexa9_0/libsrc/sdps_v3_10/src -s include  "SHELL=CMD" "COMPILER=arm-none-eabi-gcc" "ASSEMBLER=arm-none-eabi-as" 
TRACE::2026-08-06.20:07:00::SCWBDomain::"ARCHIVER=arm-none-eabi-ar" "COMPILER_FLAGS=  -O2 -c" "EXTRA_COMPILER_FLAGS=-mcpu=cortex-a9 -mfpu=vfpv3 -mfloat-abi=hard -nosta
TRACE::2026-08-06.20:07:00::SCWBDomain::rtfiles -g -Wall -Wextra"

TRACE::2026-08-06.20:07:00::SCWBDomain::"Running Make include in ps7_cortexa9_0/libsrc/standalone_v7_3/src"

TRACE::2026-08-06.20:07:00::SCWBDomain::make -C ps7_cortexa9_0/libsrc/standalone_v7_3/src -s include  "SHELL=CMD" "COMPILER=arm-none-eabi-gcc" "ASSEMBLER=arm-none-eabi
TRACE::2026-08-06.20:07:00::SCWBDomain::-as" "ARCHIVER=arm-none-eabi-ar" "COMPILER_FLAGS=  -O2 -c" "EXTRA_COMPILER_FLAGS=-mcpu=cortex-a9 -mfpu=vfpv3 -mfloat-abi=hard -
TRACE::2026-08-06.20:07:00::SCWBDomain::nostartfiles -g -Wall -Wextra"

TRACE::2026-08-06.20:07:00::SCWBDomain::"Running Make include in ps7_cortexa9_0/libsrc/uartps_v3_10/src"

TRACE::2026-08-06.20:07:00::SCWBDomain::make -C ps7_cortexa9_0/libsrc/uartps_v3_10/src -s include  "SHELL=CMD" "COMPILER=arm-none-eabi-gcc" "ASSEMBLER=arm-none-eabi-as
TRACE::2026-08-06.20:07:00::SCWBDomain::" "ARCHIVER=arm-none-eabi-ar" "COMPILER_FLAGS=  -O2 -c" "EXTRA_COMPILER_FLAGS=-mcpu=cortex-a9 -mfpu=vfpv3 -mfloat-abi=hard -nos
TRACE::2026-08-06.20:07:00::SCWBDomain::tartfiles -g -Wall -Wextra"

TRACE::2026-08-06.20:07:00::SCWBDomain::"Running Make include in ps7_cortexa9_0/libsrc/usbps_v2_6/src"

TRACE::2026-08-06.20:07:00::SCWBDomain::make -C ps7_cortexa9_0/libsrc/usbps_v2_6/src -s include  "SHELL=CMD" "COMPILER=arm-none-eabi-gcc" "ASSEMBLER=arm-none-eabi-as" 
TRACE::2026-08-06.20:07:00::SCWBDomain::"ARCHIVER=arm-none-eabi-ar" "COMPILER_FLAGS=  -O2 -c" "EXTRA_COMPILER_FLAGS=-mcpu=cortex-a9 -mfpu=vfpv3 -mfloat-abi=hard -nosta
TRACE::2026-08-06.20:07:00::SCWBDomain::rtfiles -g -Wall -Wextra"

TRACE::2026-08-06.20:07:00::SCWBDomain::"Running Make include in ps7_cortexa9_0/libsrc/xadcps_v2_5/src"

TRACE::2026-08-06.20:07:00::SCWBDomain::make -C ps7_cortexa9_0/libsrc/xadcps_v2_5/src -s include  "SHELL=CMD" "COMPILER=arm-none-eabi-gcc" "ASSEMBLER=arm-none-eabi-as"
TRACE::2026-08-06.20:07:00::SCWBDomain:: "ARCHIVER=arm-none-eabi-ar" "COMPILER_FLAGS=  -O2 -c" "EXTRA_COMPILER_FLAGS=-mcpu=cortex-a9 -mfpu=vfpv3 -mfloat-abi=hard -nost
TRACE::2026-08-06.20:07:00::SCWBDomain::artfiles -g -Wall -Wextra"

TRACE::2026-08-06.20:07:00::SCWBDomain::"Running Make include in ps7_cortexa9_0/libsrc/xilffs_v4_4/src"

TRACE::2026-08-06.20:07:00::SCWBDomain::make -C ps7_cortexa9_0/libsrc/xilffs_v4_4/src -s include  "SHELL=CMD" "COMPILER=arm-none-eabi-gcc" "ASSEMBLER=arm-none-eabi-as"
TRACE::2026-08-06.20:07:00::SCWBDomain:: "ARCHIVER=arm-none-eabi-ar" "COMPILER_FLAGS=  -O2 -c" "EXTRA_COMPILER_FLAGS=-mcpu=cortex-a9 -mfpu=vfpv3 -mfloat-abi=hard -nost
TRACE::2026-08-06.20:07:00::SCWBDomain::artfiles -g -Wall -Wextra"

TRACE::2026-08-06.20:07:00::SCWBDomain::"Running Make include in ps7_cortexa9_0/libsrc/xilrsa_v1_6/src"

TRACE::2026-08-06.20:07:00::SCWBDomain::make -C ps7_cortexa9_0/libsrc/xilrsa_v1_6/src -s include  "SHELL=CMD" "COMPILER=arm-none-eabi-gcc" "ASSEMBLER=arm-none-eabi-as"
TRACE::2026-08-06.20:07:00::SCWBDomain:: "ARCHIVER=arm-none-eabi-ar" "COMPILER_FLAGS=  -O2 -c" "EXTRA_COMPILER_FLAGS=-mcpu=cortex-a9 -mfpu=vfpv3 -mfloat-abi=hard -nost
TRACE::2026-08-06.20:07:00::SCWBDomain::artfiles -g -Wall -Wextra"

TRACE::2026-08-06.20:07:00::SCWBDomain::"Running Make libs in ps7_cortexa9_0/libsrc/bram_v4_5/src"

TRACE::2026-08-06.20:07:00::SCWBDomain::make -C ps7_cortexa9_0/libsrc/bram_v4_5/src -s libs  "SHELL=CMD" "COMPILER=arm-none-eabi-gcc" "ASSEMBLER=arm-none-eabi-as" "ARC
TRACE::2026-08-06.20:07:00::SCWBDomain::HIVER=arm-none-eabi-ar" "COMPILER_FLAGS=  -O2 -c" "EXTRA_COMPILER_FLAGS=-mcpu=cortex-a9 -mfpu=vfpv3 -mfloat-abi=hard -nostartfi
TRACE::2026-08-06.20:07:00::SCWBDomain::les -g -Wall -Wextra"

TRACE::2026-08-06.20:07:00::SCWBDomain::"Running Make libs in ps7_cortexa9_0/libsrc/coresightps_dcc_v1_8/src"

TRACE::2026-08-06.20:07:00::SCWBDomain::make -C ps7_cortexa9_0/libsrc/coresightps_dcc_v1_8/src -s libs  "SHELL=CMD" "COMPILER=arm-none-eabi-gcc" "ASSEMBLER=arm-none-ea
TRACE::2026-08-06.20:07:00::SCWBDomain::bi-as" "ARCHIVER=arm-none-eabi-ar" "COMPILER_FLAGS=  -O2 -c" "EXTRA_COMPILER_FLAGS=-mcpu=cortex-a9 -mfpu=vfpv3 -mfloat-abi=hard
TRACE::2026-08-06.20:07:00::SCWBDomain:: -nostartfiles -g -Wall -Wextra"

TRACE::2026-08-06.20:07:00::SCWBDomain::"Running Make libs in ps7_cortexa9_0/libsrc/cpu_cortexa9_v2_10/src"

TRACE::2026-08-06.20:07:00::SCWBDomain::make -C ps7_cortexa9_0/libsrc/cpu_cortexa9_v2_10/src -s libs  "SHELL=CMD" "COMPILER=arm-none-eabi-gcc" "ASSEMBLER=arm-none-eabi
TRACE::2026-08-06.20:07:00::SCWBDomain::-as" "ARCHIVER=arm-none-eabi-ar" "COMPILER_FLAGS=  -O2 -c" "EXTRA_COMPILER_FLAGS=-mcpu=cortex-a9 -mfpu=vfpv3 -mfloat-abi=hard -
TRACE::2026-08-06.20:07:00::SCWBDomain::nostartfiles -g -Wall -Wextra"

TRACE::2026-08-06.20:07:00::SCWBDomain::"Running Make libs in ps7_cortexa9_0/libsrc/ddrps_v1_2/src"

TRACE::2026-08-06.20:07:00::SCWBDomain::make -C ps7_cortexa9_0/libsrc/ddrps_v1_2/src -s libs  "SHELL=CMD" "COMPILER=arm-none-eabi-gcc" "ASSEMBLER=arm-none-eabi-as" "AR
TRACE::2026-08-06.20:07:00::SCWBDomain::CHIVER=arm-none-eabi-ar" "COMPILER_FLAGS=  -O2 -c" "EXTRA_COMPILER_FLAGS=-mcpu=cortex-a9 -mfpu=vfpv3 -mfloat-abi=hard -nostartf
TRACE::2026-08-06.20:07:00::SCWBDomain::iles -g -Wall -Wextra"

TRACE::2026-08-06.20:07:00::SCWBDomain::"Running Make libs in ps7_cortexa9_0/libsrc/devcfg_v3_7/src"

TRACE::2026-08-06.20:07:01::SCWBDomain::make -C ps7_cortexa9_0/libsrc/devcfg_v3_7/src -s libs  "SHELL=CMD" "COMPILER=arm-none-eabi-gcc" "ASSEMBLER=arm-none-eabi-as" "A
TRACE::2026-08-06.20:07:01::SCWBDomain::RCHIVER=arm-none-eabi-ar" "COMPILER_FLAGS=  -O2 -c" "EXTRA_COMPILER_FLAGS=-mcpu=cortex-a9 -mfpu=vfpv3 -mfloat-abi=hard -nostart
TRACE::2026-08-06.20:07:01::SCWBDomain::files -g -Wall -Wextra"

TRACE::2026-08-06.20:07:01::SCWBDomain::"Running Make libs in ps7_cortexa9_0/libsrc/dmaps_v2_7/src"

TRACE::2026-08-06.20:07:01::SCWBDomain::make -C ps7_cortexa9_0/libsrc/dmaps_v2_7/src -s libs  "SHELL=CMD" "COMPILER=arm-none-eabi-gcc" "ASSEMBLER=arm-none-eabi-as" "AR
TRACE::2026-08-06.20:07:01::SCWBDomain::CHIVER=arm-none-eabi-ar" "COMPILER_FLAGS=  -O2 -c" "EXTRA_COMPILER_FLAGS=-mcpu=cortex-a9 -mfpu=vfpv3 -mfloat-abi=hard -nostartf
TRACE::2026-08-06.20:07:01::SCWBDomain::iles -g -Wall -Wextra"

TRACE::2026-08-06.20:07:01::SCWBDomain::"Running Make libs in ps7_cortexa9_0/libsrc/emacps_v3_12/src"

TRACE::2026-08-06.20:07:01::SCWBDomain::make -C ps7_cortexa9_0/libsrc/emacps_v3_12/src -s libs  "SHELL=CMD" "COMPILER=arm-none-eabi-gcc" "ASSEMBLER=arm-none-eabi-as" "
TRACE::2026-08-06.20:07:01::SCWBDomain::ARCHIVER=arm-none-eabi-ar" "COMPILER_FLAGS=  -O2 -c" "EXTRA_COMPILER_FLAGS=-mcpu=cortex-a9 -mfpu=vfpv3 -mfloat-abi=hard -nostar
TRACE::2026-08-06.20:07:01::SCWBDomain::tfiles -g -Wall -Wextra"

TRACE::2026-08-06.20:07:01::SCWBDomain::"Running Make libs in ps7_cortexa9_0/libsrc/gpiops_v3_8/src"

TRACE::2026-08-06.20:07:01::SCWBDomain::make -C ps7_cortexa9_0/libsrc/gpiops_v3_8/src -s libs  "SHELL=CMD" "COMPILER=arm-none-eabi-gcc" "ASSEMBLER=arm-none-eabi-as" "A
TRACE::2026-08-06.20:07:01::SCWBDomain::RCHIVER=arm-none-eabi-ar" "COMPILER_FLAGS=  -O2 -c" "EXTRA_COMPILER_FLAGS=-mcpu=cortex-a9 -mfpu=vfpv3 -mfloat-abi=hard -nostart
TRACE::2026-08-06.20:07:01::SCWBDomain::files -g -Wall -Wextra"

TRACE::2026-08-06.20:07:01::SCWBDomain::"Running Make libs in ps7_cortexa9_0/libsrc/qspips_v3_8/src"

TRACE::2026-08-06.20:07:01::SCWBDomain::make -C ps7_cortexa9_0/libsrc/qspips_v3_8/src -s libs  "SHELL=CMD" "COMPILER=arm-none-eabi-gcc" "ASSEMBLER=arm-none-eabi-as" "A
TRACE::2026-08-06.20:07:01::SCWBDomain::RCHIVER=arm-none-eabi-ar" "COMPILER_FLAGS=  -O2 -c" "EXTRA_COMPILER_FLAGS=-mcpu=cortex-a9 -mfpu=vfpv3 -mfloat-abi=hard -nostart
TRACE::2026-08-06.20:07:01::SCWBDomain::files -g -Wall -Wextra"

TRACE::2026-08-06.20:07:01::SCWBDomain::"Running Make libs in ps7_cortexa9_0/libsrc/scugic_v4_3/src"

TRACE::2026-08-06.20:07:01::SCWBDomain::make -C ps7_cortexa9_0/libsrc/scugic_v4_3/src -s libs  "SHELL=CMD" "COMPILER=arm-none-eabi-gcc" "ASSEMBLER=arm-none-eabi-as" "A
TRACE::2026-08-06.20:07:01::SCWBDomain::RCHIVER=arm-none-eabi-ar" "COMPILER_FLAGS=  -O2 -c" "EXTRA_COMPILER_FLAGS=-mcpu=cortex-a9 -mfpu=vfpv3 -mfloat-abi=hard -nostart
TRACE::2026-08-06.20:07:01::SCWBDomain::files -g -Wall -Wextra"

TRACE::2026-08-06.20:07:01::SCWBDomain::"Running Make libs in ps7_cortexa9_0/libsrc/scutimer_v2_3/src"

TRACE::2026-08-06.20:07:01::SCWBDomain::make -C ps7_cortexa9_0/libsrc/scutimer_v2_3/src -s libs  "SHELL=CMD" "COMPILER=arm-none-eabi-gcc" "ASSEMBLER=arm-none-eabi-as" 
TRACE::2026-08-06.20:07:01::SCWBDomain::"ARCHIVER=arm-none-eabi-ar" "COMPILER_FLAGS=  -O2 -c" "EXTRA_COMPILER_FLAGS=-mcpu=cortex-a9 -mfpu=vfpv3 -mfloat-abi=hard -nosta
TRACE::2026-08-06.20:07:01::SCWBDomain::rtfiles -g -Wall -Wextra"

TRACE::2026-08-06.20:07:01::SCWBDomain::"Running Make libs in ps7_cortexa9_0/libsrc/scuwdt_v2_3/src"

TRACE::2026-08-06.20:07:01::SCWBDomain::"Running Make libs in ps7_cortexa9_0/libsrc/sdps_v3_10/src"

TRACE::2026-08-06.20:07:01::SCWBDomain::"Running Make libs in ps7_cortexa9_0/libsrc/standalone_v7_3/src"

TRACE::2026-08-06.20:07:01::SCWBDomain::"Running Make libs in ps7_cortexa9_0/libsrc/uartps_v3_10/src"

TRACE::2026-08-06.20:07:01::SCWBDomain::"Running Make libs in ps7_cortexa9_0/libsrc/usbps_v2_6/src"

TRACE::2026-08-06.20:07:01::SCWBDomain::"Running Make libs in ps7_cortexa9_0/libsrc/xadcps_v2_5/src"

TRACE::2026-08-06.20:07:01::SCWBDomain::make -C ps7_cortexa9_0/libsrc/scuwdt_v2_3/src -s libs  "SHELL=CMD" "COMPILER=arm-none-eabi-gcc" "ASSEMBLER=arm-none-eabi-as" "A
TRACE::2026-08-06.20:07:01::SCWBDomain::RCHIVER=arm-none-eabi-ar" "COMPILER_FLAGS=  -O2 -c" "EXTRA_COMPILER_FLAGS=-mcpu=cortex-a9 -mfpu=vfpv3 -mfloat-abi=hard -nostart
TRACE::2026-08-06.20:07:01::SCWBDomain::files -g -Wall -Wextra"

TRACE::2026-08-06.20:07:01::SCWBDomain::make -C ps7_cortexa9_0/libsrc/sdps_v3_10/src -s libs  "SHELL=CMD" "COMPILER=arm-none-eabi-gcc" "ASSEMBLER=arm-none-eabi-as" "AR
TRACE::2026-08-06.20:07:01::SCWBDomain::CHIVER=arm-none-eabi-ar" "COMPILER_FLAGS=  -O2 -c" "EXTRA_COMPILER_FLAGS=-mcpu=cortex-a9 -mfpu=vfpv3 -mfloat-abi=hard -nostartf
TRACE::2026-08-06.20:07:01::SCWBDomain::iles -g -Wall -Wextra"

TRACE::2026-08-06.20:07:01::SCWBDomain::"Running Make libs in ps7_cortexa9_0/libsrc/xilffs_v4_4/src"

TRACE::2026-08-06.20:07:01::SCWBDomain::make -C ps7_cortexa9_0/libsrc/standalone_v7_3/src -s libs  "SHELL=CMD" "COMPILER=arm-none-eabi-gcc" "ASSEMBLER=arm-none-eabi-as
TRACE::2026-08-06.20:07:01::SCWBDomain::" "ARCHIVER=arm-none-eabi-ar" "COMPILER_FLAGS=  -O2 -c" "EXTRA_COMPILER_FLAGS=-mcpu=cortex-a9 -mfpu=vfpv3 -mfloat-abi=hard -nos
TRACE::2026-08-06.20:07:01::SCWBDomain::tartfiles -g -Wall -Wextra"

TRACE::2026-08-06.20:07:01::SCWBDomain::make -C ps7_cortexa9_0/libsrc/uartps_v3_10/src -s libs  "SHELL=CMD" "COMPILER=arm-none-eabi-gcc" "ASSEMBLER=arm-none-eabi-as" "
TRACE::2026-08-06.20:07:01::SCWBDomain::ARCHIVER=arm-none-eabi-ar" "COMPILER_FLAGS=  -O2 -c" "EXTRA_COMPILER_FLAGS=-mcpu=cortex-a9 -mfpu=vfpv3 -mfloat-abi=hard -nostar
TRACE::2026-08-06.20:07:01::SCWBDomain::tfiles -g -Wall -Wextra"

TRACE::2026-08-06.20:07:01::SCWBDomain::make -C ps7_cortexa9_0/libsrc/usbps_v2_6/src -s libs  "SHELL=CMD" "COMPILER=arm-none-eabi-gcc" "ASSEMBLER=arm-none-eabi-as" "AR
TRACE::2026-08-06.20:07:01::SCWBDomain::CHIVER=arm-none-eabi-ar" "COMPILER_FLAGS=  -O2 -c" "EXTRA_COMPILER_FLAGS=-mcpu=cortex-a9 -mfpu=vfpv3 -mfloat-abi=hard -nostartf
TRACE::2026-08-06.20:07:01::SCWBDomain::iles -g -Wall -Wextra"

TRACE::2026-08-06.20:07:01::SCWBDomain::make -C ps7_cortexa9_0/libsrc/xadcps_v2_5/src -s libs  "SHELL=CMD" "COMPILER=arm-none-eabi-gcc" "ASSEMBLER=arm-none-eabi-as" "A
TRACE::2026-08-06.20:07:01::SCWBDomain::RCHIVER=arm-none-eabi-ar" "COMPILER_FLAGS=  -O2 -c" "EXTRA_COMPILER_FLAGS=-mcpu=cortex-a9 -mfpu=vfpv3 -mfloat-abi=hard -nostart
TRACE::2026-08-06.20:07:01::SCWBDomain::files -g -Wall -Wextra"

TRACE::2026-08-06.20:07:01::SCWBDomain::make -C ps7_cortexa9_0/libsrc/xilffs_v4_4/src -s libs  "SHELL=CMD" "COMPILER=arm-none-eabi-gcc" "ASSEMBLER=arm-none-eabi-as" "A
TRACE::2026-08-06.20:07:01::SCWBDomain::RCHIVER=arm-none-eabi-ar" "COMPILER_FLAGS=  -O2 -c" "EXTRA_COMPILER_FLAGS=-mcpu=cortex-a9 -mfpu=vfpv3 -mfloat-abi=hard -nostart
TRACE::2026-08-06.20:07:01::SCWBDomain::files -g -Wall -Wextra"

TRACE::2026-08-06.20:07:02::SCWBDomain::'Finished building libraries parallelly.'

TRACE::2026-08-06.20:07:02::SCWBDomain::make --no-print-directory archive

TRACE::2026-08-06.20:07:02::SCWBDomain::arm-none-eabi-ar -r  ps7_cortexa9_0/lib/libxil.a ps7_cortexa9_0/lib/xadcps_selftest.o ps7_cortexa9_0/lib/xplatform_info.o ps7_c
TRACE::2026-08-06.20:07:02::SCWBDomain::ortexa9_0/lib/xil_mem.o ps7_cortexa9_0/lib/_exit.o ps7_cortexa9_0/lib/isatty.o ps7_cortexa9_0/lib/xusbps_sinit.o ps7_cortexa9_0
TRACE::2026-08-06.20:07:02::SCWBDomain::/lib/xdevcfg_hw.o ps7_cortexa9_0/lib/xil_sleeptimer.o ps7_cortexa9_0/lib/xqspips_options.o ps7_cortexa9_0/lib/xdmaps_g.o ps7_co
TRACE::2026-08-06.20:07:02::SCWBDomain::rtexa9_0/lib/xscutimer_g.o ps7_cortexa9_0/lib/xsdps_options.o ps7_cortexa9_0/lib/xil_misc_psreset_api.o ps7_cortexa9_0/lib/xdma
TRACE::2026-08-06.20:07:02::SCWBDomain::ps_sinit.o ps7_cortexa9_0/lib/xscutimer_sinit.o ps7_cortexa9_0/lib/xemacps_hw.o ps7_cortexa9_0/lib/inbyte.o ps7_cortexa9_0/lib/
TRACE::2026-08-06.20:07:02::SCWBDomain::xdmaps_selftest.o ps7_cortexa9_0/lib/xbram_g.o ps7_cortexa9_0/lib/putnum.o ps7_cortexa9_0/lib/xadcps_intr.o ps7_cortexa9_0/lib/
TRACE::2026-08-06.20:07:02::SCWBDomain::xgpiops_g.o ps7_cortexa9_0/lib/xsdps.o ps7_cortexa9_0/lib/close.o ps7_cortexa9_0/lib/xgpiops_intr.o ps7_cortexa9_0/lib/xemacps_
TRACE::2026-08-06.20:07:02::SCWBDomain::g.o ps7_cortexa9_0/lib/xbram_selftest.o ps7_cortexa9_0/lib/xgpiops_sinit.o ps7_cortexa9_0/lib/xgpiops_selftest.o ps7_cortexa9_0
TRACE::2026-08-06.20:07:02::SCWBDomain::/lib/xscuwdt.o ps7_cortexa9_0/lib/xil_clocking.o ps7_cortexa9_0/lib/xil_printf.o ps7_cortexa9_0/lib/kill.o ps7_cortexa9_0/lib/x
TRACE::2026-08-06.20:07:02::SCWBDomain::uartps_g.o ps7_cortexa9_0/lib/xadcps.o ps7_cortexa9_0/lib/xuartps_sinit.o ps7_cortexa9_0/lib/xuartps_selftest.o ps7_cortexa9_0/
TRACE::2026-08-06.20:07:02::SCWBDomain::lib/outbyte.o ps7_cortexa9_0/lib/lseek.o ps7_cortexa9_0/lib/xgpiops_hw.o ps7_cortexa9_0/lib/xl2cc_counter.o ps7_cortexa9_0/lib/
TRACE::2026-08-06.20:07:02::SCWBDomain::asm_vectors.o ps7_cortexa9_0/lib/abort.o ps7_cortexa9_0/lib/xscugic_intr.o ps7_cortexa9_0/lib/getpid.o ps7_cortexa9_0/lib/xil_t
TRACE::2026-08-06.20:07:02::SCWBDomain::estcache.o ps7_cortexa9_0/lib/xdevcfg_sinit.o ps7_cortexa9_0/lib/xgpiops.o ps7_cortexa9_0/lib/xscutimer.o ps7_cortexa9_0/lib/xd
TRACE::2026-08-06.20:07:02::SCWBDomain::evcfg_selftest.o ps7_cortexa9_0/lib/xpm_counter.o ps7_cortexa9_0/lib/xbram.o ps7_cortexa9_0/lib/xemacps_sinit.o ps7_cortexa9_0/
TRACE::2026-08-06.20:07:02::SCWBDomain::lib/xqspips_g.o ps7_cortexa9_0/lib/xusbps.o ps7_cortexa9_0/lib/xusbps_endpoint.o ps7_cortexa9_0/lib/xusbps_g.o ps7_cortexa9_0/l
TRACE::2026-08-06.20:07:02::SCWBDomain::ib/xsdps_sinit.o ps7_cortexa9_0/lib/_sbrk.o ps7_cortexa9_0/lib/xqspips_selftest.o ps7_cortexa9_0/lib/xil_exception.o ps7_cortex
TRACE::2026-08-06.20:07:02::SCWBDomain::a9_0/lib/xil_testmem.o ps7_cortexa9_0/lib/xemacps_control.o ps7_cortexa9_0/lib/open.o ps7_cortexa9_0/lib/xil_assert.o ps7_corte
TRACE::2026-08-06.20:07:02::SCWBDomain::xa9_0/lib/xusbps_intr.o ps7_cortexa9_0/lib/xsdps_host.o ps7_cortexa9_0/lib/xcoresightpsdcc.o ps7_cortexa9_0/lib/xscugic_hw.o ps
TRACE::2026-08-06.20:07:02::SCWBDomain::7_cortexa9_0/lib/xuartps.o ps7_cortexa9_0/lib/sleep.o ps7_cortexa9_0/lib/cpputest_time.o ps7_cortexa9_0/lib/_open.o ps7_cortexa
TRACE::2026-08-06.20:07:02::SCWBDomain::9_0/lib/fcntl.o ps7_cortexa9_0/lib/print.o ps7_cortexa9_0/lib/read.o ps7_cortexa9_0/lib/xdevcfg.o ps7_cortexa9_0/lib/xqspips.o 
TRACE::2026-08-06.20:07:02::SCWBDomain::ps7_cortexa9_0/lib/xbram_sinit.o ps7_cortexa9_0/lib/xemacps.o ps7_cortexa9_0/lib/xil_cache.o ps7_cortexa9_0/lib/xil_testio.o ps
TRACE::2026-08-06.20:07:02::SCWBDomain::7_cortexa9_0/lib/unlink.o ps7_cortexa9_0/lib/translation_table.o ps7_cortexa9_0/lib/write.o ps7_cortexa9_0/lib/xil_mmu.o ps7_co
TRACE::2026-08-06.20:07:02::SCWBDomain::rtexa9_0/lib/boot.o ps7_cortexa9_0/lib/xemacps_bdring.o ps7_cortexa9_0/lib/cpu_init.o ps7_cortexa9_0/lib/vectors.o ps7_cortexa9
TRACE::2026-08-06.20:07:02::SCWBDomain::_0/lib/usleep.o ps7_cortexa9_0/lib/xbram_intr.o ps7_cortexa9_0/lib/xil_sleepcommon.o ps7_cortexa9_0/lib/xscugic_g.o ps7_cortexa
TRACE::2026-08-06.20:07:02::SCWBDomain::9_0/lib/xscugic_sinit.o ps7_cortexa9_0/lib/xdevcfg_g.o ps7_cortexa9_0/lib/xtime_l.o ps7_cortexa9_0/lib/xdmaps.o ps7_cortexa9_0/
TRACE::2026-08-06.20:07:02::SCWBDomain::lib/xscugic_selftest.o ps7_cortexa9_0/lib/xil_util.o ps7_cortexa9_0/lib/xuartps_intr.o ps7_cortexa9_0/lib/xsdps_card.o ps7_cort
TRACE::2026-08-06.20:07:02::SCWBDomain::exa9_0/lib/xdmaps_hw.o ps7_cortexa9_0/lib/sbrk.o ps7_cortexa9_0/lib/xusbps_hw.o ps7_cortexa9_0/lib/xsdps_g.o ps7_cortexa9_0/lib
TRACE::2026-08-06.20:07:02::SCWBDomain::/fstat.o ps7_cortexa9_0/lib/xqspips_hw.o ps7_cortexa9_0/lib/errno.o ps7_cortexa9_0/lib/xscutimer_selftest.o ps7_cortexa9_0/lib/
TRACE::2026-08-06.20:07:02::SCWBDomain::xdevcfg_intr.o ps7_cortexa9_0/lib/xuartps_options.o ps7_cortexa9_0/lib/xscuwdt_g.o ps7_cortexa9_0/lib/xscuwdt_sinit.o ps7_corte
TRACE::2026-08-06.20:07:02::SCWBDomain::xa9_0/lib/xemacps_intr.o ps7_cortexa9_0/lib/xscuwdt_selftest.o ps7_cortexa9_0/lib/xil-crt0.o ps7_cortexa9_0/lib/xscugic.o ps7_c
TRACE::2026-08-06.20:07:02::SCWBDomain::ortexa9_0/lib/xuartps_hw.o ps7_cortexa9_0/lib/xadcps_g.o ps7_cortexa9_0/lib/xqspips_sinit.o ps7_cortexa9_0/lib/xadcps_sinit.o

TRACE::2026-08-06.20:07:02::SCWBDomain::'Finished building libraries'

TRACE::2026-08-06.20:07:02::SCWBDomain::make: Leaving directory 'C:/Users/Thomas/Desktop/TP_MISTRE/TP_PROCESSEUR/Projet_Vitis/PS_ET_BRAM/zynq_fsbl/zynq_fsbl_bsp'

TRACE::2026-08-06.20:07:02::SCWBDomain::arm-none-eabi-gcc -MMD -MP       -mcpu=cortex-a9 -mfpu=vfpv3 -mfloat-abi=hard   -O2 -c -c sd.c -o sd.o -Izynq_fsbl_bsp/ps7_cort
TRACE::2026-08-06.20:07:02::SCWBDomain::exa9_0/include -I.

TRACE::2026-08-06.20:07:03::SCWBDomain::arm-none-eabi-gcc -MMD -MP       -mcpu=cortex-a9 -mfpu=vfpv3 -mfloat-abi=hard   -O2 -c -c nand.c -o nand.o -Izynq_fsbl_bsp/ps7_
TRACE::2026-08-06.20:07:03::SCWBDomain::cortexa9_0/include -I.

TRACE::2026-08-06.20:07:03::SCWBDomain::arm-none-eabi-gcc -MMD -MP       -mcpu=cortex-a9 -mfpu=vfpv3 -mfloat-abi=hard   -O2 -c -c nor.c -o nor.o -Izynq_fsbl_bsp/ps7_co
TRACE::2026-08-06.20:07:03::SCWBDomain::rtexa9_0/include -I.

TRACE::2026-08-06.20:07:03::SCWBDomain::arm-none-eabi-gcc -MMD -MP       -mcpu=cortex-a9 -mfpu=vfpv3 -mfloat-abi=hard   -O2 -c -c image_mover.c -o image_mover.o -Izynq
TRACE::2026-08-06.20:07:03::SCWBDomain::_fsbl_bsp/ps7_cortexa9_0/include -I.

TRACE::2026-08-06.20:07:03::SCWBDomain::arm-none-eabi-gcc -MMD -MP       -mcpu=cortex-a9 -mfpu=vfpv3 -mfloat-abi=hard   -O2 -c -c md5.c -o md5.o -Izynq_fsbl_bsp/ps7_co
TRACE::2026-08-06.20:07:03::SCWBDomain::rtexa9_0/include -I.

TRACE::2026-08-06.20:07:03::SCWBDomain::arm-none-eabi-gcc -MMD -MP       -mcpu=cortex-a9 -mfpu=vfpv3 -mfloat-abi=hard   -O2 -c -c fsbl_hooks.c -o fsbl_hooks.o -Izynq_f
TRACE::2026-08-06.20:07:03::SCWBDomain::sbl_bsp/ps7_cortexa9_0/include -I.

TRACE::2026-08-06.20:07:03::SCWBDomain::arm-none-eabi-gcc -MMD -MP       -mcpu=cortex-a9 -mfpu=vfpv3 -mfloat-abi=hard   -O2 -c -c main.c -o main.o -Izynq_fsbl_bsp/ps7_
TRACE::2026-08-06.20:07:03::SCWBDomain::cortexa9_0/include -I.

TRACE::2026-08-06.20:07:03::SCWBDomain::arm-none-eabi-gcc -MMD -MP       -mcpu=cortex-a9 -mfpu=vfpv3 -mfloat-abi=hard   -O2 -c -c rsa.c -o rsa.o -Izynq_fsbl_bsp/ps7_co
TRACE::2026-08-06.20:07:03::SCWBDomain::rtexa9_0/include -I.

TRACE::2026-08-06.20:07:03::SCWBDomain::arm-none-eabi-gcc -MMD -MP       -mcpu=cortex-a9 -mfpu=vfpv3 -mfloat-abi=hard   -O2 -c -c qspi.c -o qspi.o -Izynq_fsbl_bsp/ps7_
TRACE::2026-08-06.20:07:03::SCWBDomain::cortexa9_0/include -I.

TRACE::2026-08-06.20:07:03::SCWBDomain::arm-none-eabi-gcc -MMD -MP       -mcpu=cortex-a9 -mfpu=vfpv3 -mfloat-abi=hard   -O2 -c -c ps7_init.c -o ps7_init.o -Izynq_fsbl_
TRACE::2026-08-06.20:07:03::SCWBDomain::bsp/ps7_cortexa9_0/include -I.

TRACE::2026-08-06.20:07:03::SCWBDomain::arm-none-eabi-gcc -MMD -MP       -mcpu=cortex-a9 -mfpu=vfpv3 -mfloat-abi=hard   -O2 -c -c pcap.c -o pcap.o -Izynq_fsbl_bsp/ps7_
TRACE::2026-08-06.20:07:03::SCWBDomain::cortexa9_0/include -I.

TRACE::2026-08-06.20:07:03::SCWBDomain::arm-none-eabi-gcc -MMD -MP       -mcpu=cortex-a9 -mfpu=vfpv3 -mfloat-abi=hard   -O2 -c -c fsbl_handoff.S -o fsbl_handoff.o -Izy
TRACE::2026-08-06.20:07:03::SCWBDomain::nq_fsbl_bsp/ps7_cortexa9_0/include -I.

TRACE::2026-08-06.20:07:03::SCWBDomain::arm-none-eabi-gcc -o fsbl.elf  sd.o  nand.o  nor.o  image_mover.o  md5.o  fsbl_hooks.o  main.o  rsa.o  qspi.o  ps7_init.o  pcap
TRACE::2026-08-06.20:07:03::SCWBDomain::.o  fsbl_handoff.o -MMD -MP       -mcpu=cortex-a9 -mfpu=vfpv3 -mfloat-abi=hard   -mcpu=cortex-a9 -mfpu=vfpv3 -mfloat-abi=hard -
TRACE::2026-08-06.20:07:03::SCWBDomain::Wl,-build-id=none -specs=Xilinx.spec  -lrsa -Wl,--start-group,-lxil,-lgcc,-lc,--end-group -Wl,--start-group,-lxilffs,-lxil,-lgc
TRACE::2026-08-06.20:07:03::SCWBDomain::c,-lc,--end-group -Wl,--start-group,-lrsa,-lxil,-lgcc,-lc,--end-group                                    -Wl,--gc-sections -Lzy
TRACE::2026-08-06.20:07:03::SCWBDomain::nq_fsbl_bsp/ps7_cortexa9_0/lib -L./ -Tlscript.ld

LOG::2026-08-06.20:07:03::SCWSystem::Checking the domain standalone_ps7_cortexa9_0
LOG::2026-08-06.20:07:03::SCWSystem::Not a boot domain 
LOG::2026-08-06.20:07:03::SCWSystem::Started Processing the domain standalone_ps7_cortexa9_0
TRACE::2026-08-06.20:07:03::SCWDomain::Generating domain artifcats
TRACE::2026-08-06.20:07:03::SCWMssOS::Generating standalone artifcats
TRACE::2026-08-06.20:07:03::SCWMssOS::Copying the qemu file from  C:/Xilinx/Vitis/2020.2/data/emulation/platforms/zynq/sw/a9_standalone/qemu/qemu_args.txt To C:/Users/Thomas/Desktop/TP_MISTRE/TP_PROCESSEUR/Projet_Vitis/PS_ET_BRAM/export/PS_ET_BRAM/sw/PS_ET_BRAM/qemu/
TRACE::2026-08-06.20:07:03::SCWMssOS::Copying the qemu file from  C:/Xilinx/Vitis/2020.2/data/emulation/platforms/zynq/sw/a9_standalone/qemu/qemu_args.txt To C:/Users/Thomas/Desktop/TP_MISTRE/TP_PROCESSEUR/Projet_Vitis/PS_ET_BRAM/export/PS_ET_BRAM/sw/PS_ET_BRAM/standalone_ps7_cortexa9_0/qemu/
TRACE::2026-08-06.20:07:03::SCWMssOS:: Copying the user libraries. 
TRACE::2026-08-06.20:07:03::SCWPlatform::Trying to open the hw design at C:/Users/Thomas/Desktop/TP_MISTRE/TP_PROCESSEUR/Projet_Vitis/PS_ET_BRAM/hw/PS_ET_BRAM.xsa
TRACE::2026-08-06.20:07:03::SCWPlatform::DSA given C:/Users/Thomas/Desktop/TP_MISTRE/TP_PROCESSEUR/Projet_Vitis/PS_ET_BRAM/hw/PS_ET_BRAM.xsa
TRACE::2026-08-06.20:07:03::SCWPlatform::DSA absoulate path C:/Users/Thomas/Desktop/TP_MISTRE/TP_PROCESSEUR/Projet_Vitis/PS_ET_BRAM/hw/PS_ET_BRAM.xsa
TRACE::2026-08-06.20:07:03::SCWPlatform::DSA directory C:/Users/Thomas/Desktop/TP_MISTRE/TP_PROCESSEUR/Projet_Vitis/PS_ET_BRAM/hw
TRACE::2026-08-06.20:07:03::SCWPlatform:: Platform Path C:/Users/Thomas/Desktop/TP_MISTRE/TP_PROCESSEUR/Projet_Vitis/PS_ET_BRAM/hw/PS_ET_BRAM.xsa
TRACE::2026-08-06.20:07:03::SCWPlatform:: Unique name xilinx:zybo-z7-20::0.0
TRACE::2026-08-06.20:07:03::SCWPlatform::Trying to set the existing hwdb with name design_1_wrapper_6
TRACE::2026-08-06.20:07:03::SCWPlatform::Opened existing hwdb design_1_wrapper_6
TRACE::2026-08-06.20:07:03::SCWPlatform::Found the Hw Db part of the input DSA
TRACE::2026-08-06.20:07:03::SCWMssOS::Checking the sw design at  C:/Users/Thomas/Desktop/TP_MISTRE/TP_PROCESSEUR/Projet_Vitis/PS_ET_BRAM/ps7_cortexa9_0/standalone_ps7_cortexa9_0/bsp/system.mss
TRACE::2026-08-06.20:07:03::SCWMssOS::DEBUG:  swdes dump  C:/Users/Thomas/Desktop/TP_MISTRE/TP_PROCESSEUR/Projet_Vitis/PS_ET_BRAM/ps7_cortexa9_0/standalone_ps7_cortexa9_0/bsp/system.mss|system_2||
C:/Users/Thomas/Desktop/TP_MISTRE/TP_PROCESSEUR/Projet_Vitis/PS_ET_BRAM/zynq_fsbl/zynq_fsbl_bsp/system.mss|system_1||
C:/Users/Thomas/Desktop/TP_MISTRE/TP_PROCESSEUR/Projet_Vitis/XADC_SingleCh14/ps7_cortexa9_0/standalone_ps7_cortexa9_0/bsp/system.mss|system_0||
C:/Users/Thomas/Desktop/TP_MISTRE/TP_PROCESSEUR/Projet_Vitis/XADC_SingleCh14/zynq_fsbl/zynq_fsbl_bsp/system.mss|system||

TRACE::2026-08-06.20:07:03::SCWMssOS::Sw design exists and opened at  C:/Users/Thomas/Desktop/TP_MISTRE/TP_PROCESSEUR/Projet_Vitis/PS_ET_BRAM/ps7_cortexa9_0/standalone_ps7_cortexa9_0/bsp/system.mss
TRACE::2026-08-06.20:07:03::SCWMssOS::Completed writing the mss file at C:/Users/Thomas/Desktop/TP_MISTRE/TP_PROCESSEUR/Projet_Vitis/PS_ET_BRAM/ps7_cortexa9_0/standalone_ps7_cortexa9_0/bsp
TRACE::2026-08-06.20:07:03::SCWMssOS::Mss edits present, copying mssfile into export location C:/Users/Thomas/Desktop/TP_MISTRE/TP_PROCESSEUR/Projet_Vitis/PS_ET_BRAM/ps7_cortexa9_0/standalone_ps7_cortexa9_0/bsp/system.mss
TRACE::2026-08-06.20:07:03::SCWMssOS::bsp generated is upto date with the mss file. Skipping bsp generation.
TRACE::2026-08-06.20:07:03::SCWMssOS::BSP is already built. skipping the bsp build ... 
TRACE::2026-08-06.20:07:03::SCWDomain::Building the domain as part of full build :  standalone_ps7_cortexa9_0
TRACE::2026-08-06.20:07:03::SCWMssOS::doing bsp build ... 
TRACE::2026-08-06.20:07:03::SCWMssOS::System Command Ran  C: & cd  C:/Users/Thomas/Desktop/TP_MISTRE/TP_PROCESSEUR/Projet_Vitis/PS_ET_BRAM/ps7_cortexa9_0/standalone_ps7_cortexa9_0/bsp & make 
TRACE::2026-08-06.20:07:03::SCWMssOS::make --no-print-directory seq_libs

TRACE::2026-08-06.20:07:04::SCWMssOS::'Finished building libraries sequentially.'

TRACE::2026-08-06.20:07:04::SCWMssOS::make -j --no-print-directory par_libs

TRACE::2026-08-06.20:07:04::SCWMssOS::"Running Make include in ps7_cortexa9_0/libsrc/bram_v4_5/src"

TRACE::2026-08-06.20:07:04::SCWMssOS::make -C ps7_cortexa9_0/libsrc/bram_v4_5/src -s include  "SHELL=CMD" "COMPILER=arm-none-eabi-gcc" "ASSEMBLER=arm-none-eabi-as" "
TRACE::2026-08-06.20:07:04::SCWMssOS::ARCHIVER=arm-none-eabi-ar" "COMPILER_FLAGS=  -O2 -c" "EXTRA_COMPILER_FLAGS=-mcpu=cortex-a9 -mfpu=vfpv3 -mfloat-abi=hard -nostar
TRACE::2026-08-06.20:07:04::SCWMssOS::tfiles -g -Wall -Wextra"

TRACE::2026-08-06.20:07:04::SCWMssOS::"Running Make include in ps7_cortexa9_0/libsrc/coresightps_dcc_v1_8/src"

TRACE::2026-08-06.20:07:04::SCWMssOS::make -C ps7_cortexa9_0/libsrc/coresightps_dcc_v1_8/src -s include  "SHELL=CMD" "COMPILER=arm-none-eabi-gcc" "ASSEMBLER=arm-none
TRACE::2026-08-06.20:07:04::SCWMssOS::-eabi-as" "ARCHIVER=arm-none-eabi-ar" "COMPILER_FLAGS=  -O2 -c" "EXTRA_COMPILER_FLAGS=-mcpu=cortex-a9 -mfpu=vfpv3 -mfloat-abi=h
TRACE::2026-08-06.20:07:04::SCWMssOS::ard -nostartfiles -g -Wall -Wextra"

TRACE::2026-08-06.20:07:04::SCWMssOS::"Running Make include in ps7_cortexa9_0/libsrc/cpu_cortexa9_v2_10/src"

TRACE::2026-08-06.20:07:04::SCWMssOS::make -C ps7_cortexa9_0/libsrc/cpu_cortexa9_v2_10/src -s include  "SHELL=CMD" "COMPILER=arm-none-eabi-gcc" "ASSEMBLER=arm-none-e
TRACE::2026-08-06.20:07:04::SCWMssOS::abi-as" "ARCHIVER=arm-none-eabi-ar" "COMPILER_FLAGS=  -O2 -c" "EXTRA_COMPILER_FLAGS=-mcpu=cortex-a9 -mfpu=vfpv3 -mfloat-abi=har
TRACE::2026-08-06.20:07:04::SCWMssOS::d -nostartfiles -g -Wall -Wextra"

TRACE::2026-08-06.20:07:04::SCWMssOS::"Running Make include in ps7_cortexa9_0/libsrc/ddrps_v1_2/src"

TRACE::2026-08-06.20:07:04::SCWMssOS::make -C ps7_cortexa9_0/libsrc/ddrps_v1_2/src -s include  "SHELL=CMD" "COMPILER=arm-none-eabi-gcc" "ASSEMBLER=arm-none-eabi-as" 
TRACE::2026-08-06.20:07:04::SCWMssOS::"ARCHIVER=arm-none-eabi-ar" "COMPILER_FLAGS=  -O2 -c" "EXTRA_COMPILER_FLAGS=-mcpu=cortex-a9 -mfpu=vfpv3 -mfloat-abi=hard -nosta
TRACE::2026-08-06.20:07:04::SCWMssOS::rtfiles -g -Wall -Wextra"

TRACE::2026-08-06.20:07:04::SCWMssOS::"Running Make include in ps7_cortexa9_0/libsrc/devcfg_v3_7/src"

TRACE::2026-08-06.20:07:04::SCWMssOS::make -C ps7_cortexa9_0/libsrc/devcfg_v3_7/src -s include  "SHELL=CMD" "COMPILER=arm-none-eabi-gcc" "ASSEMBLER=arm-none-eabi-as"
TRACE::2026-08-06.20:07:04::SCWMssOS:: "ARCHIVER=arm-none-eabi-ar" "COMPILER_FLAGS=  -O2 -c" "EXTRA_COMPILER_FLAGS=-mcpu=cortex-a9 -mfpu=vfpv3 -mfloat-abi=hard -nost
TRACE::2026-08-06.20:07:04::SCWMssOS::artfiles -g -Wall -Wextra"

TRACE::2026-08-06.20:07:04::SCWMssOS::"Running Make include in ps7_cortexa9_0/libsrc/dmaps_v2_7/src"

TRACE::2026-08-06.20:07:04::SCWMssOS::make -C ps7_cortexa9_0/libsrc/dmaps_v2_7/src -s include  "SHELL=CMD" "COMPILER=arm-none-eabi-gcc" "ASSEMBLER=arm-none-eabi-as" 
TRACE::2026-08-06.20:07:04::SCWMssOS::"ARCHIVER=arm-none-eabi-ar" "COMPILER_FLAGS=  -O2 -c" "EXTRA_COMPILER_FLAGS=-mcpu=cortex-a9 -mfpu=vfpv3 -mfloat-abi=hard -nosta
TRACE::2026-08-06.20:07:04::SCWMssOS::rtfiles -g -Wall -Wextra"

TRACE::2026-08-06.20:07:04::SCWMssOS::"Running Make include in ps7_cortexa9_0/libsrc/emacps_v3_12/src"

TRACE::2026-08-06.20:07:04::SCWMssOS::make -C ps7_cortexa9_0/libsrc/emacps_v3_12/src -s include  "SHELL=CMD" "COMPILER=arm-none-eabi-gcc" "ASSEMBLER=arm-none-eabi-as
TRACE::2026-08-06.20:07:04::SCWMssOS::" "ARCHIVER=arm-none-eabi-ar" "COMPILER_FLAGS=  -O2 -c" "EXTRA_COMPILER_FLAGS=-mcpu=cortex-a9 -mfpu=vfpv3 -mfloat-abi=hard -nos
TRACE::2026-08-06.20:07:04::SCWMssOS::tartfiles -g -Wall -Wextra"

TRACE::2026-08-06.20:07:04::SCWMssOS::"Running Make include in ps7_cortexa9_0/libsrc/gpiops_v3_8/src"

TRACE::2026-08-06.20:07:04::SCWMssOS::make -C ps7_cortexa9_0/libsrc/gpiops_v3_8/src -s include  "SHELL=CMD" "COMPILER=arm-none-eabi-gcc" "ASSEMBLER=arm-none-eabi-as"
TRACE::2026-08-06.20:07:04::SCWMssOS:: "ARCHIVER=arm-none-eabi-ar" "COMPILER_FLAGS=  -O2 -c" "EXTRA_COMPILER_FLAGS=-mcpu=cortex-a9 -mfpu=vfpv3 -mfloat-abi=hard -nost
TRACE::2026-08-06.20:07:04::SCWMssOS::artfiles -g -Wall -Wextra"

TRACE::2026-08-06.20:07:04::SCWMssOS::"Running Make include in ps7_cortexa9_0/libsrc/qspips_v3_8/src"

TRACE::2026-08-06.20:07:04::SCWMssOS::make -C ps7_cortexa9_0/libsrc/qspips_v3_8/src -s include  "SHELL=CMD" "COMPILER=arm-none-eabi-gcc" "ASSEMBLER=arm-none-eabi-as"
TRACE::2026-08-06.20:07:04::SCWMssOS:: "ARCHIVER=arm-none-eabi-ar" "COMPILER_FLAGS=  -O2 -c" "EXTRA_COMPILER_FLAGS=-mcpu=cortex-a9 -mfpu=vfpv3 -mfloat-abi=hard -nost
TRACE::2026-08-06.20:07:04::SCWMssOS::artfiles -g -Wall -Wextra"

TRACE::2026-08-06.20:07:04::SCWMssOS::"Running Make include in ps7_cortexa9_0/libsrc/scugic_v4_3/src"

TRACE::2026-08-06.20:07:04::SCWMssOS::make -C ps7_cortexa9_0/libsrc/scugic_v4_3/src -s include  "SHELL=CMD" "COMPILER=arm-none-eabi-gcc" "ASSEMBLER=arm-none-eabi-as"
TRACE::2026-08-06.20:07:04::SCWMssOS:: "ARCHIVER=arm-none-eabi-ar" "COMPILER_FLAGS=  -O2 -c" "EXTRA_COMPILER_FLAGS=-mcpu=cortex-a9 -mfpu=vfpv3 -mfloat-abi=hard -nost
TRACE::2026-08-06.20:07:04::SCWMssOS::artfiles -g -Wall -Wextra"

TRACE::2026-08-06.20:07:04::SCWMssOS::"Running Make include in ps7_cortexa9_0/libsrc/scutimer_v2_3/src"

TRACE::2026-08-06.20:07:04::SCWMssOS::make -C ps7_cortexa9_0/libsrc/scutimer_v2_3/src -s include  "SHELL=CMD" "COMPILER=arm-none-eabi-gcc" "ASSEMBLER=arm-none-eabi-a
TRACE::2026-08-06.20:07:04::SCWMssOS::s" "ARCHIVER=arm-none-eabi-ar" "COMPILER_FLAGS=  -O2 -c" "EXTRA_COMPILER_FLAGS=-mcpu=cortex-a9 -mfpu=vfpv3 -mfloat-abi=hard -no
TRACE::2026-08-06.20:07:04::SCWMssOS::startfiles -g -Wall -Wextra"

TRACE::2026-08-06.20:07:04::SCWMssOS::"Running Make include in ps7_cortexa9_0/libsrc/scuwdt_v2_3/src"

TRACE::2026-08-06.20:07:04::SCWMssOS::make -C ps7_cortexa9_0/libsrc/scuwdt_v2_3/src -s include  "SHELL=CMD" "COMPILER=arm-none-eabi-gcc" "ASSEMBLER=arm-none-eabi-as"
TRACE::2026-08-06.20:07:04::SCWMssOS:: "ARCHIVER=arm-none-eabi-ar" "COMPILER_FLAGS=  -O2 -c" "EXTRA_COMPILER_FLAGS=-mcpu=cortex-a9 -mfpu=vfpv3 -mfloat-abi=hard -nost
TRACE::2026-08-06.20:07:04::SCWMssOS::artfiles -g -Wall -Wextra"

TRACE::2026-08-06.20:07:04::SCWMssOS::"Running Make include in ps7_cortexa9_0/libsrc/sdps_v3_10/src"

TRACE::2026-08-06.20:07:04::SCWMssOS::make -C ps7_cortexa9_0/libsrc/sdps_v3_10/src -s include  "SHELL=CMD" "COMPILER=arm-none-eabi-gcc" "ASSEMBLER=arm-none-eabi-as" 
TRACE::2026-08-06.20:07:04::SCWMssOS::"ARCHIVER=arm-none-eabi-ar" "COMPILER_FLAGS=  -O2 -c" "EXTRA_COMPILER_FLAGS=-mcpu=cortex-a9 -mfpu=vfpv3 -mfloat-abi=hard -nosta
TRACE::2026-08-06.20:07:04::SCWMssOS::rtfiles -g -Wall -Wextra"

TRACE::2026-08-06.20:07:04::SCWMssOS::"Running Make include in ps7_cortexa9_0/libsrc/standalone_v7_3/src"

TRACE::2026-08-06.20:07:04::SCWMssOS::make -C ps7_cortexa9_0/libsrc/standalone_v7_3/src -s include  "SHELL=CMD" "COMPILER=arm-none-eabi-gcc" "ASSEMBLER=arm-none-eabi
TRACE::2026-08-06.20:07:04::SCWMssOS::-as" "ARCHIVER=arm-none-eabi-ar" "COMPILER_FLAGS=  -O2 -c" "EXTRA_COMPILER_FLAGS=-mcpu=cortex-a9 -mfpu=vfpv3 -mfloat-abi=hard -
TRACE::2026-08-06.20:07:04::SCWMssOS::nostartfiles -g -Wall -Wextra"

TRACE::2026-08-06.20:07:04::SCWMssOS::"Running Make include in ps7_cortexa9_0/libsrc/uartps_v3_10/src"

TRACE::2026-08-06.20:07:04::SCWMssOS::make -C ps7_cortexa9_0/libsrc/uartps_v3_10/src -s include  "SHELL=CMD" "COMPILER=arm-none-eabi-gcc" "ASSEMBLER=arm-none-eabi-as
TRACE::2026-08-06.20:07:04::SCWMssOS::" "ARCHIVER=arm-none-eabi-ar" "COMPILER_FLAGS=  -O2 -c" "EXTRA_COMPILER_FLAGS=-mcpu=cortex-a9 -mfpu=vfpv3 -mfloat-abi=hard -nos
TRACE::2026-08-06.20:07:04::SCWMssOS::tartfiles -g -Wall -Wextra"

TRACE::2026-08-06.20:07:04::SCWMssOS::"Running Make include in ps7_cortexa9_0/libsrc/usbps_v2_6/src"

TRACE::2026-08-06.20:07:04::SCWMssOS::make -C ps7_cortexa9_0/libsrc/usbps_v2_6/src -s include  "SHELL=CMD" "COMPILER=arm-none-eabi-gcc" "ASSEMBLER=arm-none-eabi-as" 
TRACE::2026-08-06.20:07:04::SCWMssOS::"ARCHIVER=arm-none-eabi-ar" "COMPILER_FLAGS=  -O2 -c" "EXTRA_COMPILER_FLAGS=-mcpu=cortex-a9 -mfpu=vfpv3 -mfloat-abi=hard -nosta
TRACE::2026-08-06.20:07:04::SCWMssOS::rtfiles -g -Wall -Wextra"

TRACE::2026-08-06.20:07:04::SCWMssOS::"Running Make include in ps7_cortexa9_0/libsrc/xadcps_v2_5/src"

TRACE::2026-08-06.20:07:04::SCWMssOS::make -C ps7_cortexa9_0/libsrc/xadcps_v2_5/src -s include  "SHELL=CMD" "COMPILER=arm-none-eabi-gcc" "ASSEMBLER=arm-none-eabi-as"
TRACE::2026-08-06.20:07:04::SCWMssOS:: "ARCHIVER=arm-none-eabi-ar" "COMPILER_FLAGS=  -O2 -c" "EXTRA_COMPILER_FLAGS=-mcpu=cortex-a9 -mfpu=vfpv3 -mfloat-abi=hard -nost
TRACE::2026-08-06.20:07:04::SCWMssOS::artfiles -g -Wall -Wextra"

TRACE::2026-08-06.20:07:04::SCWMssOS::"Running Make libs in ps7_cortexa9_0/libsrc/bram_v4_5/src"

TRACE::2026-08-06.20:07:04::SCWMssOS::make -C ps7_cortexa9_0/libsrc/bram_v4_5/src -s libs  "SHELL=CMD" "COMPILER=arm-none-eabi-gcc" "ASSEMBLER=arm-none-eabi-as" "ARC
TRACE::2026-08-06.20:07:04::SCWMssOS::HIVER=arm-none-eabi-ar" "COMPILER_FLAGS=  -O2 -c" "EXTRA_COMPILER_FLAGS=-mcpu=cortex-a9 -mfpu=vfpv3 -mfloat-abi=hard -nostartfi
TRACE::2026-08-06.20:07:04::SCWMssOS::les -g -Wall -Wextra"

TRACE::2026-08-06.20:07:04::SCWMssOS::"Running Make libs in ps7_cortexa9_0/libsrc/coresightps_dcc_v1_8/src"

TRACE::2026-08-06.20:07:04::SCWMssOS::make -C ps7_cortexa9_0/libsrc/coresightps_dcc_v1_8/src -s libs  "SHELL=CMD" "COMPILER=arm-none-eabi-gcc" "ASSEMBLER=arm-none-ea
TRACE::2026-08-06.20:07:04::SCWMssOS::bi-as" "ARCHIVER=arm-none-eabi-ar" "COMPILER_FLAGS=  -O2 -c" "EXTRA_COMPILER_FLAGS=-mcpu=cortex-a9 -mfpu=vfpv3 -mfloat-abi=hard
TRACE::2026-08-06.20:07:04::SCWMssOS:: -nostartfiles -g -Wall -Wextra"

TRACE::2026-08-06.20:07:04::SCWMssOS::"Running Make libs in ps7_cortexa9_0/libsrc/cpu_cortexa9_v2_10/src"

TRACE::2026-08-06.20:07:04::SCWMssOS::make -C ps7_cortexa9_0/libsrc/cpu_cortexa9_v2_10/src -s libs  "SHELL=CMD" "COMPILER=arm-none-eabi-gcc" "ASSEMBLER=arm-none-eabi
TRACE::2026-08-06.20:07:04::SCWMssOS::-as" "ARCHIVER=arm-none-eabi-ar" "COMPILER_FLAGS=  -O2 -c" "EXTRA_COMPILER_FLAGS=-mcpu=cortex-a9 -mfpu=vfpv3 -mfloat-abi=hard -
TRACE::2026-08-06.20:07:04::SCWMssOS::nostartfiles -g -Wall -Wextra"

TRACE::2026-08-06.20:07:04::SCWMssOS::"Running Make libs in ps7_cortexa9_0/libsrc/ddrps_v1_2/src"

TRACE::2026-08-06.20:07:04::SCWMssOS::make -C ps7_cortexa9_0/libsrc/ddrps_v1_2/src -s libs  "SHELL=CMD" "COMPILER=arm-none-eabi-gcc" "ASSEMBLER=arm-none-eabi-as" "AR
TRACE::2026-08-06.20:07:04::SCWMssOS::CHIVER=arm-none-eabi-ar" "COMPILER_FLAGS=  -O2 -c" "EXTRA_COMPILER_FLAGS=-mcpu=cortex-a9 -mfpu=vfpv3 -mfloat-abi=hard -nostartf
TRACE::2026-08-06.20:07:04::SCWMssOS::iles -g -Wall -Wextra"

TRACE::2026-08-06.20:07:04::SCWMssOS::"Running Make libs in ps7_cortexa9_0/libsrc/devcfg_v3_7/src"

TRACE::2026-08-06.20:07:04::SCWMssOS::make -C ps7_cortexa9_0/libsrc/devcfg_v3_7/src -s libs  "SHELL=CMD" "COMPILER=arm-none-eabi-gcc" "ASSEMBLER=arm-none-eabi-as" "A
TRACE::2026-08-06.20:07:04::SCWMssOS::RCHIVER=arm-none-eabi-ar" "COMPILER_FLAGS=  -O2 -c" "EXTRA_COMPILER_FLAGS=-mcpu=cortex-a9 -mfpu=vfpv3 -mfloat-abi=hard -nostart
TRACE::2026-08-06.20:07:04::SCWMssOS::files -g -Wall -Wextra"

TRACE::2026-08-06.20:07:04::SCWMssOS::"Running Make libs in ps7_cortexa9_0/libsrc/dmaps_v2_7/src"

TRACE::2026-08-06.20:07:04::SCWMssOS::make -C ps7_cortexa9_0/libsrc/dmaps_v2_7/src -s libs  "SHELL=CMD" "COMPILER=arm-none-eabi-gcc" "ASSEMBLER=arm-none-eabi-as" "AR
TRACE::2026-08-06.20:07:04::SCWMssOS::CHIVER=arm-none-eabi-ar" "COMPILER_FLAGS=  -O2 -c" "EXTRA_COMPILER_FLAGS=-mcpu=cortex-a9 -mfpu=vfpv3 -mfloat-abi=hard -nostartf
TRACE::2026-08-06.20:07:04::SCWMssOS::iles -g -Wall -Wextra"

TRACE::2026-08-06.20:07:04::SCWMssOS::"Running Make libs in ps7_cortexa9_0/libsrc/emacps_v3_12/src"

TRACE::2026-08-06.20:07:04::SCWMssOS::make -C ps7_cortexa9_0/libsrc/emacps_v3_12/src -s libs  "SHELL=CMD" "COMPILER=arm-none-eabi-gcc" "ASSEMBLER=arm-none-eabi-as" "
TRACE::2026-08-06.20:07:04::SCWMssOS::ARCHIVER=arm-none-eabi-ar" "COMPILER_FLAGS=  -O2 -c" "EXTRA_COMPILER_FLAGS=-mcpu=cortex-a9 -mfpu=vfpv3 -mfloat-abi=hard -nostar
TRACE::2026-08-06.20:07:04::SCWMssOS::tfiles -g -Wall -Wextra"

TRACE::2026-08-06.20:07:04::SCWMssOS::"Running Make libs in ps7_cortexa9_0/libsrc/gpiops_v3_8/src"

TRACE::2026-08-06.20:07:04::SCWMssOS::make -C ps7_cortexa9_0/libsrc/gpiops_v3_8/src -s libs  "SHELL=CMD" "COMPILER=arm-none-eabi-gcc" "ASSEMBLER=arm-none-eabi-as" "A
TRACE::2026-08-06.20:07:04::SCWMssOS::RCHIVER=arm-none-eabi-ar" "COMPILER_FLAGS=  -O2 -c" "EXTRA_COMPILER_FLAGS=-mcpu=cortex-a9 -mfpu=vfpv3 -mfloat-abi=hard -nostart
TRACE::2026-08-06.20:07:04::SCWMssOS::files -g -Wall -Wextra"

TRACE::2026-08-06.20:07:04::SCWMssOS::"Running Make libs in ps7_cortexa9_0/libsrc/qspips_v3_8/src"

TRACE::2026-08-06.20:07:04::SCWMssOS::make -C ps7_cortexa9_0/libsrc/qspips_v3_8/src -s libs  "SHELL=CMD" "COMPILER=arm-none-eabi-gcc" "ASSEMBLER=arm-none-eabi-as" "A
TRACE::2026-08-06.20:07:04::SCWMssOS::RCHIVER=arm-none-eabi-ar" "COMPILER_FLAGS=  -O2 -c" "EXTRA_COMPILER_FLAGS=-mcpu=cortex-a9 -mfpu=vfpv3 -mfloat-abi=hard -nostart
TRACE::2026-08-06.20:07:04::SCWMssOS::files -g -Wall -Wextra"

TRACE::2026-08-06.20:07:04::SCWMssOS::"Running Make libs in ps7_cortexa9_0/libsrc/scugic_v4_3/src"

TRACE::2026-08-06.20:07:05::SCWMssOS::make -C ps7_cortexa9_0/libsrc/scugic_v4_3/src -s libs  "SHELL=CMD" "COMPILER=arm-none-eabi-gcc" "ASSEMBLER=arm-none-eabi-as" "A
TRACE::2026-08-06.20:07:05::SCWMssOS::RCHIVER=arm-none-eabi-ar" "COMPILER_FLAGS=  -O2 -c" "EXTRA_COMPILER_FLAGS=-mcpu=cortex-a9 -mfpu=vfpv3 -mfloat-abi=hard -nostart
TRACE::2026-08-06.20:07:05::SCWMssOS::files -g -Wall -Wextra"

TRACE::2026-08-06.20:07:05::SCWMssOS::"Running Make libs in ps7_cortexa9_0/libsrc/scuwdt_v2_3/src"

TRACE::2026-08-06.20:07:05::SCWMssOS::"Running Make libs in ps7_cortexa9_0/libsrc/scutimer_v2_3/src"

TRACE::2026-08-06.20:07:05::SCWMssOS::"Running Make libs in ps7_cortexa9_0/libsrc/sdps_v3_10/src"

TRACE::2026-08-06.20:07:05::SCWMssOS::"Running Make libs in ps7_cortexa9_0/libsrc/usbps_v2_6/src"

TRACE::2026-08-06.20:07:05::SCWMssOS::"Running Make libs in ps7_cortexa9_0/libsrc/uartps_v3_10/src"

TRACE::2026-08-06.20:07:05::SCWMssOS::"Running Make libs in ps7_cortexa9_0/libsrc/standalone_v7_3/src"

TRACE::2026-08-06.20:07:05::SCWMssOS::make -C ps7_cortexa9_0/libsrc/scutimer_v2_3/src -s libs  "SHELL=CMD" "COMPILER=arm-none-eabi-gcc" "ASSEMBLER=arm-none-eabi-as" 
TRACE::2026-08-06.20:07:05::SCWMssOS::"ARCHIVER=arm-none-eabi-ar" "COMPILER_FLAGS=  -O2 -c" "EXTRA_COMPILER_FLAGS=-mcpu=cortex-a9 -mfpu=vfpv3 -mfloat-abi=hard -nosta
TRACE::2026-08-06.20:07:05::SCWMssOS::rtfiles -g -Wall -Wextra"

TRACE::2026-08-06.20:07:05::SCWMssOS::make -C ps7_cortexa9_0/libsrc/scuwdt_v2_3/src -s libs  "SHELL=CMD" "COMPILER=arm-none-eabi-gcc" "ASSEMBLER=arm-none-eabi-as" "A
TRACE::2026-08-06.20:07:05::SCWMssOS::RCHIVER=arm-none-eabi-ar" "COMPILER_FLAGS=  -O2 -c" "EXTRA_COMPILER_FLAGS=-mcpu=cortex-a9 -mfpu=vfpv3 -mfloat-abi=hard -nostart
TRACE::2026-08-06.20:07:05::SCWMssOS::files -g -Wall -Wextra"

TRACE::2026-08-06.20:07:05::SCWMssOS::make -C ps7_cortexa9_0/libsrc/sdps_v3_10/src -s libs  "SHELL=CMD" "COMPILER=arm-none-eabi-gcc" "ASSEMBLER=arm-none-eabi-as" "AR
TRACE::2026-08-06.20:07:05::SCWMssOS::CHIVER=arm-none-eabi-ar" "COMPILER_FLAGS=  -O2 -c" "EXTRA_COMPILER_FLAGS=-mcpu=cortex-a9 -mfpu=vfpv3 -mfloat-abi=hard -nostartf
TRACE::2026-08-06.20:07:05::SCWMssOS::iles -g -Wall -Wextra"

TRACE::2026-08-06.20:07:05::SCWMssOS::make -C ps7_cortexa9_0/libsrc/standalone_v7_3/src -s libs  "SHELL=CMD" "COMPILER=arm-none-eabi-gcc" "ASSEMBLER=arm-none-eabi-as
TRACE::2026-08-06.20:07:05::SCWMssOS::" "ARCHIVER=arm-none-eabi-ar" "COMPILER_FLAGS=  -O2 -c" "EXTRA_COMPILER_FLAGS=-mcpu=cortex-a9 -mfpu=vfpv3 -mfloat-abi=hard -nos
TRACE::2026-08-06.20:07:05::SCWMssOS::tartfiles -g -Wall -Wextra"

TRACE::2026-08-06.20:07:05::SCWMssOS::make -C ps7_cortexa9_0/libsrc/uartps_v3_10/src -s libs  "SHELL=CMD" "COMPILER=arm-none-eabi-gcc" "ASSEMBLER=arm-none-eabi-as" "
TRACE::2026-08-06.20:07:05::SCWMssOS::ARCHIVER=arm-none-eabi-ar" "COMPILER_FLAGS=  -O2 -c" "EXTRA_COMPILER_FLAGS=-mcpu=cortex-a9 -mfpu=vfpv3 -mfloat-abi=hard -nostar
TRACE::2026-08-06.20:07:05::SCWMssOS::tfiles -g -Wall -Wextra"

TRACE::2026-08-06.20:07:05::SCWMssOS::make -C ps7_cortexa9_0/libsrc/usbps_v2_6/src -s libs  "SHELL=CMD" "COMPILER=arm-none-eabi-gcc" "ASSEMBLER=arm-none-eabi-as" "AR
TRACE::2026-08-06.20:07:05::SCWMssOS::CHIVER=arm-none-eabi-ar" "COMPILER_FLAGS=  -O2 -c" "EXTRA_COMPILER_FLAGS=-mcpu=cortex-a9 -mfpu=vfpv3 -mfloat-abi=hard -nostartf
TRACE::2026-08-06.20:07:05::SCWMssOS::iles -g -Wall -Wextra"

TRACE::2026-08-06.20:07:05::SCWMssOS::"Running Make libs in ps7_cortexa9_0/libsrc/xadcps_v2_5/src"

TRACE::2026-08-06.20:07:05::SCWMssOS::make -C ps7_cortexa9_0/libsrc/xadcps_v2_5/src -s libs  "SHELL=CMD" "COMPILER=arm-none-eabi-gcc" "ASSEMBLER=arm-none-eabi-as" "A
TRACE::2026-08-06.20:07:05::SCWMssOS::RCHIVER=arm-none-eabi-ar" "COMPILER_FLAGS=  -O2 -c" "EXTRA_COMPILER_FLAGS=-mcpu=cortex-a9 -mfpu=vfpv3 -mfloat-abi=hard -nostart
TRACE::2026-08-06.20:07:05::SCWMssOS::files -g -Wall -Wextra"

TRACE::2026-08-06.20:07:06::SCWMssOS::'Finished building libraries parallelly.'

TRACE::2026-08-06.20:07:06::SCWMssOS::make --no-print-directory archive

TRACE::2026-08-06.20:07:06::SCWMssOS::arm-none-eabi-ar -r  ps7_cortexa9_0/lib/libxil.a ps7_cortexa9_0/lib/xadcps_selftest.o ps7_cortexa9_0/lib/xplatform_info.o ps7_c
TRACE::2026-08-06.20:07:06::SCWMssOS::ortexa9_0/lib/xil_mem.o ps7_cortexa9_0/lib/_exit.o ps7_cortexa9_0/lib/isatty.o ps7_cortexa9_0/lib/xusbps_sinit.o ps7_cortexa9_0
TRACE::2026-08-06.20:07:06::SCWMssOS::/lib/xdevcfg_hw.o ps7_cortexa9_0/lib/xil_sleeptimer.o ps7_cortexa9_0/lib/xqspips_options.o ps7_cortexa9_0/lib/xdmaps_g.o ps7_co
TRACE::2026-08-06.20:07:06::SCWMssOS::rtexa9_0/lib/xscutimer_g.o ps7_cortexa9_0/lib/xsdps_options.o ps7_cortexa9_0/lib/xil_misc_psreset_api.o ps7_cortexa9_0/lib/xdma
TRACE::2026-08-06.20:07:06::SCWMssOS::ps_sinit.o ps7_cortexa9_0/lib/xscutimer_sinit.o ps7_cortexa9_0/lib/xemacps_hw.o ps7_cortexa9_0/lib/inbyte.o ps7_cortexa9_0/lib/
TRACE::2026-08-06.20:07:06::SCWMssOS::xdmaps_selftest.o ps7_cortexa9_0/lib/xbram_g.o ps7_cortexa9_0/lib/putnum.o ps7_cortexa9_0/lib/xbram_sinit.o ps7_cortexa9_0/lib/
TRACE::2026-08-06.20:07:06::SCWMssOS::xgpiops_g.o ps7_cortexa9_0/lib/xsdps.o ps7_cortexa9_0/lib/close.o ps7_cortexa9_0/lib/xgpiops_intr.o ps7_cortexa9_0/lib/xemacps_
TRACE::2026-08-06.20:07:06::SCWMssOS::g.o ps7_cortexa9_0/lib/xbram_selftest.o ps7_cortexa9_0/lib/xgpiops_sinit.o ps7_cortexa9_0/lib/xgpiops_selftest.o ps7_cortexa9_0
TRACE::2026-08-06.20:07:06::SCWMssOS::/lib/xscuwdt.o ps7_cortexa9_0/lib/xil_clocking.o ps7_cortexa9_0/lib/xil_printf.o ps7_cortexa9_0/lib/kill.o ps7_cortexa9_0/lib/x
TRACE::2026-08-06.20:07:06::SCWMssOS::uartps_g.o ps7_cortexa9_0/lib/xadcps.o ps7_cortexa9_0/lib/xuartps_sinit.o ps7_cortexa9_0/lib/xuartps_selftest.o ps7_cortexa9_0/
TRACE::2026-08-06.20:07:06::SCWMssOS::lib/outbyte.o ps7_cortexa9_0/lib/lseek.o ps7_cortexa9_0/lib/xgpiops_hw.o ps7_cortexa9_0/lib/xl2cc_counter.o ps7_cortexa9_0/lib/
TRACE::2026-08-06.20:07:06::SCWMssOS::asm_vectors.o ps7_cortexa9_0/lib/abort.o ps7_cortexa9_0/lib/xscugic_intr.o ps7_cortexa9_0/lib/getpid.o ps7_cortexa9_0/lib/xil_t
TRACE::2026-08-06.20:07:06::SCWMssOS::estcache.o ps7_cortexa9_0/lib/xdevcfg_sinit.o ps7_cortexa9_0/lib/xgpiops.o ps7_cortexa9_0/lib/xscutimer.o ps7_cortexa9_0/lib/xd
TRACE::2026-08-06.20:07:06::SCWMssOS::evcfg_selftest.o ps7_cortexa9_0/lib/xpm_counter.o ps7_cortexa9_0/lib/xbram.o ps7_cortexa9_0/lib/xemacps_sinit.o ps7_cortexa9_0/
TRACE::2026-08-06.20:07:06::SCWMssOS::lib/xqspips_g.o ps7_cortexa9_0/lib/xusbps.o ps7_cortexa9_0/lib/xusbps_endpoint.o ps7_cortexa9_0/lib/xusbps_g.o ps7_cortexa9_0/l
TRACE::2026-08-06.20:07:06::SCWMssOS::ib/xsdps_sinit.o ps7_cortexa9_0/lib/_sbrk.o ps7_cortexa9_0/lib/xqspips_selftest.o ps7_cortexa9_0/lib/xil_exception.o ps7_cortex
TRACE::2026-08-06.20:07:06::SCWMssOS::a9_0/lib/xil_testmem.o ps7_cortexa9_0/lib/xemacps_control.o ps7_cortexa9_0/lib/open.o ps7_cortexa9_0/lib/xil_assert.o ps7_corte
TRACE::2026-08-06.20:07:06::SCWMssOS::xa9_0/lib/xusbps_intr.o ps7_cortexa9_0/lib/xsdps_host.o ps7_cortexa9_0/lib/xcoresightpsdcc.o ps7_cortexa9_0/lib/xscugic_hw.o ps
TRACE::2026-08-06.20:07:06::SCWMssOS::7_cortexa9_0/lib/xuartps.o ps7_cortexa9_0/lib/sleep.o ps7_cortexa9_0/lib/cpputest_time.o ps7_cortexa9_0/lib/_open.o ps7_cortexa
TRACE::2026-08-06.20:07:06::SCWMssOS::9_0/lib/fcntl.o ps7_cortexa9_0/lib/print.o ps7_cortexa9_0/lib/read.o ps7_cortexa9_0/lib/xdevcfg.o ps7_cortexa9_0/lib/xadcps_int
TRACE::2026-08-06.20:07:06::SCWMssOS::r.o ps7_cortexa9_0/lib/xqspips.o ps7_cortexa9_0/lib/xemacps.o ps7_cortexa9_0/lib/xil_cache.o ps7_cortexa9_0/lib/xil_testio.o ps
TRACE::2026-08-06.20:07:06::SCWMssOS::7_cortexa9_0/lib/unlink.o ps7_cortexa9_0/lib/translation_table.o ps7_cortexa9_0/lib/write.o ps7_cortexa9_0/lib/xil_mmu.o ps7_co
TRACE::2026-08-06.20:07:06::SCWMssOS::rtexa9_0/lib/boot.o ps7_cortexa9_0/lib/xemacps_bdring.o ps7_cortexa9_0/lib/cpu_init.o ps7_cortexa9_0/lib/vectors.o ps7_cortexa9
TRACE::2026-08-06.20:07:06::SCWMssOS::_0/lib/usleep.o ps7_cortexa9_0/lib/xbram_intr.o ps7_cortexa9_0/lib/xil_sleepcommon.o ps7_cortexa9_0/lib/xscugic_g.o ps7_cortexa
TRACE::2026-08-06.20:07:06::SCWMssOS::9_0/lib/xscugic_sinit.o ps7_cortexa9_0/lib/xdevcfg_g.o ps7_cortexa9_0/lib/xtime_l.o ps7_cortexa9_0/lib/xdmaps.o ps7_cortexa9_0/
TRACE::2026-08-06.20:07:06::SCWMssOS::lib/xscugic_selftest.o ps7_cortexa9_0/lib/xil_util.o ps7_cortexa9_0/lib/xuartps_intr.o ps7_cortexa9_0/lib/xsdps_card.o ps7_cort
TRACE::2026-08-06.20:07:06::SCWMssOS::exa9_0/lib/xdmaps_hw.o ps7_cortexa9_0/lib/sbrk.o ps7_cortexa9_0/lib/xusbps_hw.o ps7_cortexa9_0/lib/xsdps_g.o ps7_cortexa9_0/lib
TRACE::2026-08-06.20:07:06::SCWMssOS::/fstat.o ps7_cortexa9_0/lib/xqspips_hw.o ps7_cortexa9_0/lib/errno.o ps7_cortexa9_0/lib/xscutimer_selftest.o ps7_cortexa9_0/lib/
TRACE::2026-08-06.20:07:06::SCWMssOS::xdevcfg_intr.o ps7_cortexa9_0/lib/xuartps_options.o ps7_cortexa9_0/lib/xscuwdt_g.o ps7_cortexa9_0/lib/xscuwdt_sinit.o ps7_corte
TRACE::2026-08-06.20:07:06::SCWMssOS::xa9_0/lib/xemacps_intr.o ps7_cortexa9_0/lib/xscuwdt_selftest.o ps7_cortexa9_0/lib/xil-crt0.o ps7_cortexa9_0/lib/xscugic.o ps7_c
TRACE::2026-08-06.20:07:06::SCWMssOS::ortexa9_0/lib/xuartps_hw.o ps7_cortexa9_0/lib/xadcps_g.o ps7_cortexa9_0/lib/xqspips_sinit.o ps7_cortexa9_0/lib/xadcps_sinit.o

TRACE::2026-08-06.20:07:06::SCWMssOS::'Finished building libraries'

TRACE::2026-08-06.20:07:06::SCWMssOS::Copying to export directory.
TRACE::2026-08-06.20:07:07::SCWMssOS:: Checking if to create the Supporting Applications
TRACE::2026-08-06.20:07:07::SCWMssOS:: No Linux domain exists, trying to generate FSBL 
LOG::2026-08-06.20:07:07::SCWSystem::Completed Processing the domain standalone_ps7_cortexa9_0
LOG::2026-08-06.20:07:07::SCWSystem::Completed Processing the sysconfig PS_ET_BRAM
LOG::2026-08-06.20:07:07::SCWPlatform::Completed generating the artifacts for system configuration PS_ET_BRAM
TRACE::2026-08-06.20:07:07::SCWPlatform::Started preparing the platform 
TRACE::2026-08-06.20:07:07::SCWSystem::Writing the bif file for system config PS_ET_BRAM
TRACE::2026-08-06.20:07:07::SCWSystem::dir created 
TRACE::2026-08-06.20:07:07::SCWSystem::Writing the bif 
TRACE::2026-08-06.20:07:07::SCWPlatform::Started writing the spfm file 
TRACE::2026-08-06.20:07:07::SCWPlatform::Started writing the xpfm file 
TRACE::2026-08-06.20:07:07::SCWPlatform::Completed generating the platform
TRACE::2026-08-06.20:07:07::SCWMssOS::Saving the mss changes C:/Users/Thomas/Desktop/TP_MISTRE/TP_PROCESSEUR/Projet_Vitis/PS_ET_BRAM/zynq_fsbl/zynq_fsbl_bsp/system.mss
TRACE::2026-08-06.20:07:07::SCWMssOS::Found a swdesign opened with the mssfile.
TRACE::2026-08-06.20:07:07::SCWMssOS::Completed writemss as part of save.
TRACE::2026-08-06.20:07:07::SCWMssOS::Commit changes completed.
TRACE::2026-08-06.20:07:07::SCWMssOS::Saving the mss changes C:/Users/Thomas/Desktop/TP_MISTRE/TP_PROCESSEUR/Projet_Vitis/PS_ET_BRAM/ps7_cortexa9_0/standalone_ps7_cortexa9_0/bsp/system.mss
TRACE::2026-08-06.20:07:07::SCWMssOS::Found a swdesign opened with the mssfile.
TRACE::2026-08-06.20:07:07::SCWMssOS::Completed writemss as part of save.
TRACE::2026-08-06.20:07:07::SCWMssOS::Commit changes completed.
TRACE::2026-08-06.20:07:07::SCWPlatform::Trying to open the hw design at C:/Users/Thomas/Desktop/TP_MISTRE/TP_PROCESSEUR/Projet_Vitis/PS_ET_BRAM/hw/PS_ET_BRAM.xsa
TRACE::2026-08-06.20:07:07::SCWPlatform::DSA given C:/Users/Thomas/Desktop/TP_MISTRE/TP_PROCESSEUR/Projet_Vitis/PS_ET_BRAM/hw/PS_ET_BRAM.xsa
TRACE::2026-08-06.20:07:07::SCWPlatform::DSA absoulate path C:/Users/Thomas/Desktop/TP_MISTRE/TP_PROCESSEUR/Projet_Vitis/PS_ET_BRAM/hw/PS_ET_BRAM.xsa
TRACE::2026-08-06.20:07:07::SCWPlatform::DSA directory C:/Users/Thomas/Desktop/TP_MISTRE/TP_PROCESSEUR/Projet_Vitis/PS_ET_BRAM/hw
TRACE::2026-08-06.20:07:07::SCWPlatform:: Platform Path C:/Users/Thomas/Desktop/TP_MISTRE/TP_PROCESSEUR/Projet_Vitis/PS_ET_BRAM/hw/PS_ET_BRAM.xsa
TRACE::2026-08-06.20:07:07::SCWPlatform:: Unique name xilinx:zybo-z7-20::0.0
TRACE::2026-08-06.20:07:07::SCWPlatform::Trying to set the existing hwdb with name design_1_wrapper_6
TRACE::2026-08-06.20:07:07::SCWPlatform::Opened existing hwdb design_1_wrapper_6
TRACE::2026-08-06.20:07:07::SCWPlatform::Found the Hw Db part of the input DSA
TRACE::2026-08-06.20:07:07::SCWMssOS::Checking the sw design at  C:/Users/Thomas/Desktop/TP_MISTRE/TP_PROCESSEUR/Projet_Vitis/PS_ET_BRAM/zynq_fsbl/zynq_fsbl_bsp/system.mss
TRACE::2026-08-06.20:07:07::SCWMssOS::DEBUG:  swdes dump  C:/Users/Thomas/Desktop/TP_MISTRE/TP_PROCESSEUR/Projet_Vitis/PS_ET_BRAM/ps7_cortexa9_0/standalone_ps7_cortexa9_0/bsp/system.mss|system_2||
C:/Users/Thomas/Desktop/TP_MISTRE/TP_PROCESSEUR/Projet_Vitis/PS_ET_BRAM/zynq_fsbl/zynq_fsbl_bsp/system.mss|system_1||
C:/Users/Thomas/Desktop/TP_MISTRE/TP_PROCESSEUR/Projet_Vitis/XADC_SingleCh14/ps7_cortexa9_0/standalone_ps7_cortexa9_0/bsp/system.mss|system_0||
C:/Users/Thomas/Desktop/TP_MISTRE/TP_PROCESSEUR/Projet_Vitis/XADC_SingleCh14/zynq_fsbl/zynq_fsbl_bsp/system.mss|system||

TRACE::2026-08-06.20:07:07::SCWMssOS::Sw design exists and opened at  C:/Users/Thomas/Desktop/TP_MISTRE/TP_PROCESSEUR/Projet_Vitis/PS_ET_BRAM/zynq_fsbl/zynq_fsbl_bsp/system.mss
TRACE::2026-08-06.20:07:07::SCWPlatform::Trying to open the hw design at C:/Users/Thomas/Desktop/TP_MISTRE/TP_PROCESSEUR/Projet_Vitis/PS_ET_BRAM/hw/PS_ET_BRAM.xsa
TRACE::2026-08-06.20:07:07::SCWPlatform::DSA given C:/Users/Thomas/Desktop/TP_MISTRE/TP_PROCESSEUR/Projet_Vitis/PS_ET_BRAM/hw/PS_ET_BRAM.xsa
TRACE::2026-08-06.20:07:07::SCWPlatform::DSA absoulate path C:/Users/Thomas/Desktop/TP_MISTRE/TP_PROCESSEUR/Projet_Vitis/PS_ET_BRAM/hw/PS_ET_BRAM.xsa
TRACE::2026-08-06.20:07:07::SCWPlatform::DSA directory C:/Users/Thomas/Desktop/TP_MISTRE/TP_PROCESSEUR/Projet_Vitis/PS_ET_BRAM/hw
TRACE::2026-08-06.20:07:07::SCWPlatform:: Platform Path C:/Users/Thomas/Desktop/TP_MISTRE/TP_PROCESSEUR/Projet_Vitis/PS_ET_BRAM/hw/PS_ET_BRAM.xsa
TRACE::2026-08-06.20:07:07::SCWPlatform:: Unique name xilinx:zybo-z7-20::0.0
TRACE::2026-08-06.20:07:07::SCWPlatform::Trying to set the existing hwdb with name design_1_wrapper_6
TRACE::2026-08-06.20:07:07::SCWPlatform::Opened existing hwdb design_1_wrapper_6
TRACE::2026-08-06.20:07:07::SCWPlatform::Found the Hw Db part of the input DSA
TRACE::2026-08-06.20:07:07::SCWMssOS::Checking the sw design at  C:/Users/Thomas/Desktop/TP_MISTRE/TP_PROCESSEUR/Projet_Vitis/PS_ET_BRAM/zynq_fsbl/zynq_fsbl_bsp/system.mss
TRACE::2026-08-06.20:07:07::SCWMssOS::DEBUG:  swdes dump  C:/Users/Thomas/Desktop/TP_MISTRE/TP_PROCESSEUR/Projet_Vitis/PS_ET_BRAM/ps7_cortexa9_0/standalone_ps7_cortexa9_0/bsp/system.mss|system_2||
C:/Users/Thomas/Desktop/TP_MISTRE/TP_PROCESSEUR/Projet_Vitis/PS_ET_BRAM/zynq_fsbl/zynq_fsbl_bsp/system.mss|system_1||
C:/Users/Thomas/Desktop/TP_MISTRE/TP_PROCESSEUR/Projet_Vitis/XADC_SingleCh14/ps7_cortexa9_0/standalone_ps7_cortexa9_0/bsp/system.mss|system_0||
C:/Users/Thomas/Desktop/TP_MISTRE/TP_PROCESSEUR/Projet_Vitis/XADC_SingleCh14/zynq_fsbl/zynq_fsbl_bsp/system.mss|system||

TRACE::2026-08-06.20:07:07::SCWMssOS::Sw design exists and opened at  C:/Users/Thomas/Desktop/TP_MISTRE/TP_PROCESSEUR/Projet_Vitis/PS_ET_BRAM/zynq_fsbl/zynq_fsbl_bsp/system.mss
TRACE::2026-08-06.20:07:07::SCWPlatform::Trying to open the hw design at C:/Users/Thomas/Desktop/TP_MISTRE/TP_PROCESSEUR/Projet_Vitis/PS_ET_BRAM/hw/PS_ET_BRAM.xsa
TRACE::2026-08-06.20:07:07::SCWPlatform::DSA given C:/Users/Thomas/Desktop/TP_MISTRE/TP_PROCESSEUR/Projet_Vitis/PS_ET_BRAM/hw/PS_ET_BRAM.xsa
TRACE::2026-08-06.20:07:07::SCWPlatform::DSA absoulate path C:/Users/Thomas/Desktop/TP_MISTRE/TP_PROCESSEUR/Projet_Vitis/PS_ET_BRAM/hw/PS_ET_BRAM.xsa
TRACE::2026-08-06.20:07:07::SCWPlatform::DSA directory C:/Users/Thomas/Desktop/TP_MISTRE/TP_PROCESSEUR/Projet_Vitis/PS_ET_BRAM/hw
TRACE::2026-08-06.20:07:07::SCWPlatform:: Platform Path C:/Users/Thomas/Desktop/TP_MISTRE/TP_PROCESSEUR/Projet_Vitis/PS_ET_BRAM/hw/PS_ET_BRAM.xsa
TRACE::2026-08-06.20:07:07::SCWPlatform:: Unique name xilinx:zybo-z7-20::0.0
TRACE::2026-08-06.20:07:07::SCWPlatform::Trying to set the existing hwdb with name design_1_wrapper_6
TRACE::2026-08-06.20:07:07::SCWPlatform::Opened existing hwdb design_1_wrapper_6
TRACE::2026-08-06.20:07:07::SCWPlatform::Found the Hw Db part of the input DSA
TRACE::2026-08-06.20:07:07::SCWMssOS::Checking the sw design at  C:/Users/Thomas/Desktop/TP_MISTRE/TP_PROCESSEUR/Projet_Vitis/PS_ET_BRAM/zynq_fsbl/zynq_fsbl_bsp/system.mss
TRACE::2026-08-06.20:07:07::SCWMssOS::DEBUG:  swdes dump  C:/Users/Thomas/Desktop/TP_MISTRE/TP_PROCESSEUR/Projet_Vitis/PS_ET_BRAM/ps7_cortexa9_0/standalone_ps7_cortexa9_0/bsp/system.mss|system_2||
C:/Users/Thomas/Desktop/TP_MISTRE/TP_PROCESSEUR/Projet_Vitis/PS_ET_BRAM/zynq_fsbl/zynq_fsbl_bsp/system.mss|system_1||
C:/Users/Thomas/Desktop/TP_MISTRE/TP_PROCESSEUR/Projet_Vitis/XADC_SingleCh14/ps7_cortexa9_0/standalone_ps7_cortexa9_0/bsp/system.mss|system_0||
C:/Users/Thomas/Desktop/TP_MISTRE/TP_PROCESSEUR/Projet_Vitis/XADC_SingleCh14/zynq_fsbl/zynq_fsbl_bsp/system.mss|system||

TRACE::2026-08-06.20:07:07::SCWMssOS::Sw design exists and opened at  C:/Users/Thomas/Desktop/TP_MISTRE/TP_PROCESSEUR/Projet_Vitis/PS_ET_BRAM/zynq_fsbl/zynq_fsbl_bsp/system.mss
TRACE::2026-08-06.20:07:07::SCWPlatform::Trying to open the hw design at C:/Users/Thomas/Desktop/TP_MISTRE/TP_PROCESSEUR/Projet_Vitis/PS_ET_BRAM/hw/PS_ET_BRAM.xsa
TRACE::2026-08-06.20:07:07::SCWPlatform::DSA given C:/Users/Thomas/Desktop/TP_MISTRE/TP_PROCESSEUR/Projet_Vitis/PS_ET_BRAM/hw/PS_ET_BRAM.xsa
TRACE::2026-08-06.20:07:07::SCWPlatform::DSA absoulate path C:/Users/Thomas/Desktop/TP_MISTRE/TP_PROCESSEUR/Projet_Vitis/PS_ET_BRAM/hw/PS_ET_BRAM.xsa
TRACE::2026-08-06.20:07:07::SCWPlatform::DSA directory C:/Users/Thomas/Desktop/TP_MISTRE/TP_PROCESSEUR/Projet_Vitis/PS_ET_BRAM/hw
TRACE::2026-08-06.20:07:07::SCWPlatform:: Platform Path C:/Users/Thomas/Desktop/TP_MISTRE/TP_PROCESSEUR/Projet_Vitis/PS_ET_BRAM/hw/PS_ET_BRAM.xsa
TRACE::2026-08-06.20:07:07::SCWPlatform:: Unique name xilinx:zybo-z7-20::0.0
TRACE::2026-08-06.20:07:07::SCWPlatform::Trying to set the existing hwdb with name design_1_wrapper_6
TRACE::2026-08-06.20:07:07::SCWPlatform::Opened existing hwdb design_1_wrapper_6
TRACE::2026-08-06.20:07:07::SCWPlatform::Found the Hw Db part of the input DSA
TRACE::2026-08-06.20:07:07::SCWMssOS::Checking the sw design at  C:/Users/Thomas/Desktop/TP_MISTRE/TP_PROCESSEUR/Projet_Vitis/PS_ET_BRAM/ps7_cortexa9_0/standalone_ps7_cortexa9_0/bsp/system.mss
TRACE::2026-08-06.20:07:07::SCWMssOS::DEBUG:  swdes dump  C:/Users/Thomas/Desktop/TP_MISTRE/TP_PROCESSEUR/Projet_Vitis/PS_ET_BRAM/ps7_cortexa9_0/standalone_ps7_cortexa9_0/bsp/system.mss|system_2||
C:/Users/Thomas/Desktop/TP_MISTRE/TP_PROCESSEUR/Projet_Vitis/PS_ET_BRAM/zynq_fsbl/zynq_fsbl_bsp/system.mss|system_1||
C:/Users/Thomas/Desktop/TP_MISTRE/TP_PROCESSEUR/Projet_Vitis/XADC_SingleCh14/ps7_cortexa9_0/standalone_ps7_cortexa9_0/bsp/system.mss|system_0||
C:/Users/Thomas/Desktop/TP_MISTRE/TP_PROCESSEUR/Projet_Vitis/XADC_SingleCh14/zynq_fsbl/zynq_fsbl_bsp/system.mss|system||

TRACE::2026-08-06.20:07:07::SCWMssOS::Sw design exists and opened at  C:/Users/Thomas/Desktop/TP_MISTRE/TP_PROCESSEUR/Projet_Vitis/PS_ET_BRAM/ps7_cortexa9_0/standalone_ps7_cortexa9_0/bsp/system.mss
TRACE::2026-08-06.20:07:07::SCWPlatform::Trying to open the hw design at C:/Users/Thomas/Desktop/TP_MISTRE/TP_PROCESSEUR/Projet_Vitis/PS_ET_BRAM/hw/PS_ET_BRAM.xsa
TRACE::2026-08-06.20:07:07::SCWPlatform::DSA given C:/Users/Thomas/Desktop/TP_MISTRE/TP_PROCESSEUR/Projet_Vitis/PS_ET_BRAM/hw/PS_ET_BRAM.xsa
TRACE::2026-08-06.20:07:07::SCWPlatform::DSA absoulate path C:/Users/Thomas/Desktop/TP_MISTRE/TP_PROCESSEUR/Projet_Vitis/PS_ET_BRAM/hw/PS_ET_BRAM.xsa
TRACE::2026-08-06.20:07:07::SCWPlatform::DSA directory C:/Users/Thomas/Desktop/TP_MISTRE/TP_PROCESSEUR/Projet_Vitis/PS_ET_BRAM/hw
TRACE::2026-08-06.20:07:07::SCWPlatform:: Platform Path C:/Users/Thomas/Desktop/TP_MISTRE/TP_PROCESSEUR/Projet_Vitis/PS_ET_BRAM/hw/PS_ET_BRAM.xsa
TRACE::2026-08-06.20:07:07::SCWPlatform:: Unique name xilinx:zybo-z7-20::0.0
TRACE::2026-08-06.20:07:07::SCWPlatform::Trying to set the existing hwdb with name design_1_wrapper_6
TRACE::2026-08-06.20:07:07::SCWPlatform::Opened existing hwdb design_1_wrapper_6
TRACE::2026-08-06.20:07:07::SCWPlatform::Found the Hw Db part of the input DSA
TRACE::2026-08-06.20:07:07::SCWMssOS::Checking the sw design at  C:/Users/Thomas/Desktop/TP_MISTRE/TP_PROCESSEUR/Projet_Vitis/PS_ET_BRAM/ps7_cortexa9_0/standalone_ps7_cortexa9_0/bsp/system.mss
TRACE::2026-08-06.20:07:07::SCWMssOS::DEBUG:  swdes dump  C:/Users/Thomas/Desktop/TP_MISTRE/TP_PROCESSEUR/Projet_Vitis/PS_ET_BRAM/ps7_cortexa9_0/standalone_ps7_cortexa9_0/bsp/system.mss|system_2||
C:/Users/Thomas/Desktop/TP_MISTRE/TP_PROCESSEUR/Projet_Vitis/PS_ET_BRAM/zynq_fsbl/zynq_fsbl_bsp/system.mss|system_1||
C:/Users/Thomas/Desktop/TP_MISTRE/TP_PROCESSEUR/Projet_Vitis/XADC_SingleCh14/ps7_cortexa9_0/standalone_ps7_cortexa9_0/bsp/system.mss|system_0||
C:/Users/Thomas/Desktop/TP_MISTRE/TP_PROCESSEUR/Projet_Vitis/XADC_SingleCh14/zynq_fsbl/zynq_fsbl_bsp/system.mss|system||

TRACE::2026-08-06.20:07:07::SCWMssOS::Sw design exists and opened at  C:/Users/Thomas/Desktop/TP_MISTRE/TP_PROCESSEUR/Projet_Vitis/PS_ET_BRAM/ps7_cortexa9_0/standalone_ps7_cortexa9_0/bsp/system.mss
TRACE::2026-08-06.20:07:07::SCWPlatform::Trying to open the hw design at C:/Users/Thomas/Desktop/TP_MISTRE/TP_PROCESSEUR/Projet_Vitis/PS_ET_BRAM/hw/PS_ET_BRAM.xsa
TRACE::2026-08-06.20:07:07::SCWPlatform::DSA given C:/Users/Thomas/Desktop/TP_MISTRE/TP_PROCESSEUR/Projet_Vitis/PS_ET_BRAM/hw/PS_ET_BRAM.xsa
TRACE::2026-08-06.20:07:07::SCWPlatform::DSA absoulate path C:/Users/Thomas/Desktop/TP_MISTRE/TP_PROCESSEUR/Projet_Vitis/PS_ET_BRAM/hw/PS_ET_BRAM.xsa
TRACE::2026-08-06.20:07:07::SCWPlatform::DSA directory C:/Users/Thomas/Desktop/TP_MISTRE/TP_PROCESSEUR/Projet_Vitis/PS_ET_BRAM/hw
TRACE::2026-08-06.20:07:07::SCWPlatform:: Platform Path C:/Users/Thomas/Desktop/TP_MISTRE/TP_PROCESSEUR/Projet_Vitis/PS_ET_BRAM/hw/PS_ET_BRAM.xsa
TRACE::2026-08-06.20:07:07::SCWPlatform:: Unique name xilinx:zybo-z7-20::0.0
TRACE::2026-08-06.20:07:07::SCWPlatform::Trying to set the existing hwdb with name design_1_wrapper_6
TRACE::2026-08-06.20:07:07::SCWPlatform::Opened existing hwdb design_1_wrapper_6
TRACE::2026-08-06.20:07:07::SCWPlatform::Found the Hw Db part of the input DSA
TRACE::2026-08-06.20:07:07::SCWMssOS::Checking the sw design at  C:/Users/Thomas/Desktop/TP_MISTRE/TP_PROCESSEUR/Projet_Vitis/PS_ET_BRAM/ps7_cortexa9_0/standalone_ps7_cortexa9_0/bsp/system.mss
TRACE::2026-08-06.20:07:07::SCWMssOS::DEBUG:  swdes dump  C:/Users/Thomas/Desktop/TP_MISTRE/TP_PROCESSEUR/Projet_Vitis/PS_ET_BRAM/ps7_cortexa9_0/standalone_ps7_cortexa9_0/bsp/system.mss|system_2||
C:/Users/Thomas/Desktop/TP_MISTRE/TP_PROCESSEUR/Projet_Vitis/PS_ET_BRAM/zynq_fsbl/zynq_fsbl_bsp/system.mss|system_1||
C:/Users/Thomas/Desktop/TP_MISTRE/TP_PROCESSEUR/Projet_Vitis/XADC_SingleCh14/ps7_cortexa9_0/standalone_ps7_cortexa9_0/bsp/system.mss|system_0||
C:/Users/Thomas/Desktop/TP_MISTRE/TP_PROCESSEUR/Projet_Vitis/XADC_SingleCh14/zynq_fsbl/zynq_fsbl_bsp/system.mss|system||

TRACE::2026-08-06.20:07:07::SCWMssOS::Sw design exists and opened at  C:/Users/Thomas/Desktop/TP_MISTRE/TP_PROCESSEUR/Projet_Vitis/PS_ET_BRAM/ps7_cortexa9_0/standalone_ps7_cortexa9_0/bsp/system.mss
TRACE::2026-08-06.20:07:07::SCWWriter::formatted JSON is {
	"platformName":	"PS_ET_BRAM",
	"sprVersion":	"2.0",
	"mode":	"gui",
	"dsaType":	"Fixed",
	"platformDesc":	"PS_ET_BRAM",
	"platHandOff":	"<platformDir>.xsa",
	"platIntHandOff":	"<platformDir>/hw/PS_ET_BRAM.xsa",
	"deviceType":	"zynq",
	"platIsPrebuiltAutogen":	"false",
	"platIsNoBootBsp":	"false",
	"platFsblTarget":	"ps7_cortexa9_0",
	"hasFsblMakeHasChanges":	"false",
	"hasPmufwMakeHasChanges":	"false",
	"fsblExtraCompilerFlags":	"-MMD -MP       -mcpu=cortex-a9 -mfpu=vfpv3 -mfloat-abi=hard ",
	"platPreBuiltFlag":	false,
	"platformSamplesDir":	"",
	"platActiveSys":	"PS_ET_BRAM",
	"systems":	[{
			"systemName":	"PS_ET_BRAM",
			"systemDesc":	"PS_ET_BRAM",
			"sysIsBootAutoGen":	"true",
			"systemDispName":	"PS_ET_BRAM",
			"sysActiveDom":	"standalone_ps7_cortexa9_0",
			"sysDefaultDom":	"standalone_ps7_cortexa9_0",
			"domains":	[{
					"domainName":	"zynq_fsbl",
					"domainDispName":	"zynq_fsbl",
					"domainDesc":	"FSBL Application BSP - Auto Generated.",
					"processors":	"ps7_cortexa9_0",
					"os":	"standalone",
					"sdxOs":	"standalone",
					"debugEnable":	"",
					"domRuntimes":	["cpp"],
					"swRepo":	"",
					"mssOsVer":	"7.3",
					"mssFile":	"",
					"md5Digest":	"2f9bcde54a58b38f91c3131cb5f14b8b",
					"compatibleApp":	"zynq_fsbl",
					"domType":	"bootDomain",
					"arch":	"32-bit",
					"appSettings":	{
						"appCompilerFlags":	"",
						"appLinkerFlags":	""
					},
					"addedLibs":	["xilffs:4.4", "xilrsa:1.6"],
					"libOptions":	{
						"libsContainingOptions":	[]
					},
					"prebuiltLibs":	{
						"prebuiltIncPath":	[],
						"prebuiltLibPath":	[]
					},
					"isolation":	{
					}
				}, {
					"domainName":	"standalone_ps7_cortexa9_0",
					"domainDispName":	"standalone_ps7_cortexa9_0",
					"domainDesc":	"standalone_ps7_cortexa9_0",
					"processors":	"ps7_cortexa9_0",
					"os":	"standalone",
					"sdxOs":	"standalone",
					"qemuArgs":	"C:/Xilinx/Vitis/2020.2/data/emulation/platforms/zynq/sw/a9_standalone/qemu/qemu_args.txt",
					"qemuData":	"C:/Xilinx/Vitis/2020.2/data/emulation/platforms/zynq/sw/a9_standalone/qemu/",
					"debugEnable":	"False",
					"domRuntimes":	["cpp"],
					"swRepo":	"",
					"mssOsVer":	"7.3",
					"mssFile":	"",
					"md5Digest":	"e4a269bdbbdecbf64af5b45a4a15236f",
					"compatibleApp":	"empty_application",
					"domType":	"mssDomain",
					"arch":	"32-bit",
					"appSettings":	{
						"appCompilerFlags":	"",
						"appLinkerFlags":	""
					},
					"addedLibs":	[],
					"libOptions":	{
						"libsContainingOptions":	[]
					},
					"prebuiltLibs":	{
						"prebuiltIncPath":	[],
						"prebuiltLibPath":	[]
					},
					"isolation":	{
					}
				}]
		}]
}
KEYINFO::2026-08-06.20:07:07::SCWPlatform::updated the xpfm file.
TRACE::2026-08-06.20:07:07::SCWPlatform::Trying to open the hw design at C:/Users/Thomas/Desktop/TP_MISTRE/TP_PROCESSEUR/Projet_Vitis/PS_ET_BRAM/hw/PS_ET_BRAM.xsa
TRACE::2026-08-06.20:07:07::SCWPlatform::DSA given C:/Users/Thomas/Desktop/TP_MISTRE/TP_PROCESSEUR/Projet_Vitis/PS_ET_BRAM/hw/PS_ET_BRAM.xsa
TRACE::2026-08-06.20:07:07::SCWPlatform::DSA absoulate path C:/Users/Thomas/Desktop/TP_MISTRE/TP_PROCESSEUR/Projet_Vitis/PS_ET_BRAM/hw/PS_ET_BRAM.xsa
TRACE::2026-08-06.20:07:07::SCWPlatform::DSA directory C:/Users/Thomas/Desktop/TP_MISTRE/TP_PROCESSEUR/Projet_Vitis/PS_ET_BRAM/hw
TRACE::2026-08-06.20:07:07::SCWPlatform:: Platform Path C:/Users/Thomas/Desktop/TP_MISTRE/TP_PROCESSEUR/Projet_Vitis/PS_ET_BRAM/hw/PS_ET_BRAM.xsa
TRACE::2026-08-06.20:07:07::SCWPlatform:: Unique name xilinx:zybo-z7-20::0.0
TRACE::2026-08-06.20:07:07::SCWPlatform::Trying to set the existing hwdb with name design_1_wrapper_6
TRACE::2026-08-06.20:07:07::SCWPlatform::Opened existing hwdb design_1_wrapper_6
TRACE::2026-08-06.20:07:07::SCWPlatform::Found the Hw Db part of the input DSA
TRACE::2026-08-06.20:07:07::SCWMssOS::Checking the sw design at  C:/Users/Thomas/Desktop/TP_MISTRE/TP_PROCESSEUR/Projet_Vitis/PS_ET_BRAM/ps7_cortexa9_0/standalone_ps7_cortexa9_0/bsp/system.mss
TRACE::2026-08-06.20:07:07::SCWMssOS::DEBUG:  swdes dump  C:/Users/Thomas/Desktop/TP_MISTRE/TP_PROCESSEUR/Projet_Vitis/PS_ET_BRAM/ps7_cortexa9_0/standalone_ps7_cortexa9_0/bsp/system.mss|system_2||
C:/Users/Thomas/Desktop/TP_MISTRE/TP_PROCESSEUR/Projet_Vitis/PS_ET_BRAM/zynq_fsbl/zynq_fsbl_bsp/system.mss|system_1||
C:/Users/Thomas/Desktop/TP_MISTRE/TP_PROCESSEUR/Projet_Vitis/XADC_SingleCh14/ps7_cortexa9_0/standalone_ps7_cortexa9_0/bsp/system.mss|system_0||
C:/Users/Thomas/Desktop/TP_MISTRE/TP_PROCESSEUR/Projet_Vitis/XADC_SingleCh14/zynq_fsbl/zynq_fsbl_bsp/system.mss|system||

TRACE::2026-08-06.20:07:07::SCWMssOS::Sw design exists and opened at  C:/Users/Thomas/Desktop/TP_MISTRE/TP_PROCESSEUR/Projet_Vitis/PS_ET_BRAM/ps7_cortexa9_0/standalone_ps7_cortexa9_0/bsp/system.mss
