TRACE::2026-08-04.15:17:34::SCWPlatform::Trying to open the hw design at C:/Users/Thomas/Desktop/TP_MISTRE/TP_PROCESSEUR/Projet_Vitis/PS_Only_ZyboZ7/hw/PS_Only_ZyboZ7.xsa
TRACE::2026-08-04.15:17:34::SCWPlatform::DSA given C:/Users/Thomas/Desktop/TP_MISTRE/TP_PROCESSEUR/Projet_Vitis/PS_Only_ZyboZ7/hw/PS_Only_ZyboZ7.xsa
TRACE::2026-08-04.15:17:34::SCWPlatform::DSA absoulate path C:/Users/Thomas/Desktop/TP_MISTRE/TP_PROCESSEUR/Projet_Vitis/PS_Only_ZyboZ7/hw/PS_Only_ZyboZ7.xsa
TRACE::2026-08-04.15:17:36::SCWPlatform::DSA directory C:/Users/Thomas/Desktop/TP_MISTRE/TP_PROCESSEUR/Projet_Vitis/PS_Only_ZyboZ7/hw
TRACE::2026-08-04.15:17:36::SCWPlatform:: Platform Path C:/Users/Thomas/Desktop/TP_MISTRE/TP_PROCESSEUR/Projet_Vitis/PS_Only_ZyboZ7/hw/PS_Only_ZyboZ7.xsa
TRACE::2026-08-04.15:17:36::SCWPlatform:: Unique name xilinx:zybo-z7-20::0.0
TRACE::2026-08-04.15:17:36::SCWPlatform::Do not have an existing db opened. 
TRACE::2026-08-04.15:17:37::SCWPlatform::Opened new HwDB with name design_1_wrapper_0
TRACE::2026-08-04.15:17:37::SCWWriter::formatted JSON is {
	"platformName":	"PS_Only_ZyboZ7",
	"sprVersion":	"2.0",
	"mode":	"gui",
	"dsaType":	"Fixed",
	"platformDesc":	"PS_Only_ZyboZ7",
	"platHandOff":	"<platformDir>.xsa",
	"platIntHandOff":	"<platformDir>/hw/PS_Only_ZyboZ7.xsa",
	"deviceType":	"zynq",
	"platIsPrebuiltAutogen":	"false",
	"platIsNoBootBsp":	"false",
	"hasFsblMakeHasChanges":	"false",
	"hasPmufwMakeHasChanges":	"false",
	"platPreBuiltFlag":	false,
	"platformSamplesDir":	""
}
TRACE::2026-08-04.15:17:37::SCWWriter::formatted JSON is {
	"platformName":	"PS_Only_ZyboZ7",
	"sprVersion":	"2.0",
	"mode":	"gui",
	"dsaType":	"Fixed",
	"platformDesc":	"PS_Only_ZyboZ7",
	"platHandOff":	"<platformDir>.xsa",
	"platIntHandOff":	"<platformDir>/hw/PS_Only_ZyboZ7.xsa",
	"deviceType":	"zynq",
	"platIsPrebuiltAutogen":	"false",
	"platIsNoBootBsp":	"false",
	"hasFsblMakeHasChanges":	"false",
	"hasPmufwMakeHasChanges":	"false",
	"platPreBuiltFlag":	false,
	"platformSamplesDir":	"",
	"platActiveSys":	"PS_Only_ZyboZ7",
	"systems":	[{
			"systemName":	"PS_Only_ZyboZ7",
			"systemDesc":	"PS_Only_ZyboZ7",
			"sysIsBootAutoGen":	"true",
			"systemDispName":	"PS_Only_ZyboZ7"
		}]
}
TRACE::2026-08-04.15:17:37::SCWPlatform::Boot application domains not present, creating them
TRACE::2026-08-04.15:17:37::SCWDomain::checking for install qemu data   : 
TRACE::2026-08-04.15:17:37::SCWDomain:: Using the QEMU Data from install at  : C:/Xilinx/Vitis/2020.2/data/emulation/platforms/zynq/sw/a9_standalone/qemu/
TRACE::2026-08-04.15:17:37::SCWDomain:: Using the QEMU args  from install at  : C:/Xilinx/Vitis/2020.2/data/emulation/platforms/zynq/sw/a9_standalone/qemu/qemu_args.txt
TRACE::2026-08-04.15:17:37::SCWPlatform::Trying to open the hw design at C:/Users/Thomas/Desktop/TP_MISTRE/TP_PROCESSEUR/Projet_Vitis/PS_Only_ZyboZ7/hw/PS_Only_ZyboZ7.xsa
TRACE::2026-08-04.15:17:37::SCWPlatform::DSA given C:/Users/Thomas/Desktop/TP_MISTRE/TP_PROCESSEUR/Projet_Vitis/PS_Only_ZyboZ7/hw/PS_Only_ZyboZ7.xsa
TRACE::2026-08-04.15:17:37::SCWPlatform::DSA absoulate path C:/Users/Thomas/Desktop/TP_MISTRE/TP_PROCESSEUR/Projet_Vitis/PS_Only_ZyboZ7/hw/PS_Only_ZyboZ7.xsa
TRACE::2026-08-04.15:17:37::SCWPlatform::DSA directory C:/Users/Thomas/Desktop/TP_MISTRE/TP_PROCESSEUR/Projet_Vitis/PS_Only_ZyboZ7/hw
TRACE::2026-08-04.15:17:37::SCWPlatform:: Platform Path C:/Users/Thomas/Desktop/TP_MISTRE/TP_PROCESSEUR/Projet_Vitis/PS_Only_ZyboZ7/hw/PS_Only_ZyboZ7.xsa
TRACE::2026-08-04.15:17:37::SCWPlatform:: Unique name xilinx:zybo-z7-20::0.0
TRACE::2026-08-04.15:17:37::SCWPlatform::Trying to set the existing hwdb with name design_1_wrapper_0
TRACE::2026-08-04.15:17:37::SCWPlatform::Opened existing hwdb design_1_wrapper_0
TRACE::2026-08-04.15:17:37::SCWPlatform::Found the Hw Db part of the input DSA
TRACE::2026-08-04.15:17:37::SCWPlatform::Trying to open the hw design at C:/Users/Thomas/Desktop/TP_MISTRE/TP_PROCESSEUR/Projet_Vitis/PS_Only_ZyboZ7/hw/PS_Only_ZyboZ7.xsa
TRACE::2026-08-04.15:17:37::SCWPlatform::DSA given C:/Users/Thomas/Desktop/TP_MISTRE/TP_PROCESSEUR/Projet_Vitis/PS_Only_ZyboZ7/hw/PS_Only_ZyboZ7.xsa
TRACE::2026-08-04.15:17:37::SCWPlatform::DSA absoulate path C:/Users/Thomas/Desktop/TP_MISTRE/TP_PROCESSEUR/Projet_Vitis/PS_Only_ZyboZ7/hw/PS_Only_ZyboZ7.xsa
TRACE::2026-08-04.15:17:37::SCWPlatform::DSA directory C:/Users/Thomas/Desktop/TP_MISTRE/TP_PROCESSEUR/Projet_Vitis/PS_Only_ZyboZ7/hw
TRACE::2026-08-04.15:17:37::SCWPlatform:: Platform Path C:/Users/Thomas/Desktop/TP_MISTRE/TP_PROCESSEUR/Projet_Vitis/PS_Only_ZyboZ7/hw/PS_Only_ZyboZ7.xsa
TRACE::2026-08-04.15:17:37::SCWPlatform:: Unique name xilinx:zybo-z7-20::0.0
TRACE::2026-08-04.15:17:37::SCWPlatform::Trying to set the existing hwdb with name design_1_wrapper_0
TRACE::2026-08-04.15:17:37::SCWPlatform::Opened existing hwdb design_1_wrapper_0
TRACE::2026-08-04.15:17:37::SCWPlatform::Found the Hw Db part of the input DSA
TRACE::2026-08-04.15:17:37::SCWPlatform::Trying to open the hw design at C:/Users/Thomas/Desktop/TP_MISTRE/TP_PROCESSEUR/Projet_Vitis/PS_Only_ZyboZ7/hw/PS_Only_ZyboZ7.xsa
TRACE::2026-08-04.15:17:37::SCWPlatform::DSA given C:/Users/Thomas/Desktop/TP_MISTRE/TP_PROCESSEUR/Projet_Vitis/PS_Only_ZyboZ7/hw/PS_Only_ZyboZ7.xsa
TRACE::2026-08-04.15:17:37::SCWPlatform::DSA absoulate path C:/Users/Thomas/Desktop/TP_MISTRE/TP_PROCESSEUR/Projet_Vitis/PS_Only_ZyboZ7/hw/PS_Only_ZyboZ7.xsa
TRACE::2026-08-04.15:17:37::SCWPlatform::DSA directory C:/Users/Thomas/Desktop/TP_MISTRE/TP_PROCESSEUR/Projet_Vitis/PS_Only_ZyboZ7/hw
TRACE::2026-08-04.15:17:37::SCWPlatform:: Platform Path C:/Users/Thomas/Desktop/TP_MISTRE/TP_PROCESSEUR/Projet_Vitis/PS_Only_ZyboZ7/hw/PS_Only_ZyboZ7.xsa
TRACE::2026-08-04.15:17:37::SCWPlatform:: Unique name xilinx:zybo-z7-20::0.0
TRACE::2026-08-04.15:17:37::SCWPlatform::Trying to set the existing hwdb with name design_1_wrapper_0
TRACE::2026-08-04.15:17:37::SCWPlatform::Opened existing hwdb design_1_wrapper_0
TRACE::2026-08-04.15:17:37::SCWPlatform::Found the Hw Db part of the input DSA
TRACE::2026-08-04.15:17:37::SCWPlatform::Boot application domain added for zynq_fsbl
TRACE::2026-08-04.15:17:37::SCWPlatform::Generating the sources  .
TRACE::2026-08-04.15:17:37::SCWBDomain::Generating boot domain sources.
TRACE::2026-08-04.15:17:37::SCWBDomain:: Generating the zynq_fsbl Application.
TRACE::2026-08-04.15:17:37::SCWPlatform::Trying to open the hw design at C:/Users/Thomas/Desktop/TP_MISTRE/TP_PROCESSEUR/Projet_Vitis/PS_Only_ZyboZ7/hw/PS_Only_ZyboZ7.xsa
TRACE::2026-08-04.15:17:37::SCWPlatform::DSA given C:/Users/Thomas/Desktop/TP_MISTRE/TP_PROCESSEUR/Projet_Vitis/PS_Only_ZyboZ7/hw/PS_Only_ZyboZ7.xsa
TRACE::2026-08-04.15:17:37::SCWPlatform::DSA absoulate path C:/Users/Thomas/Desktop/TP_MISTRE/TP_PROCESSEUR/Projet_Vitis/PS_Only_ZyboZ7/hw/PS_Only_ZyboZ7.xsa
TRACE::2026-08-04.15:17:37::SCWPlatform::DSA directory C:/Users/Thomas/Desktop/TP_MISTRE/TP_PROCESSEUR/Projet_Vitis/PS_Only_ZyboZ7/hw
TRACE::2026-08-04.15:17:37::SCWPlatform:: Platform Path C:/Users/Thomas/Desktop/TP_MISTRE/TP_PROCESSEUR/Projet_Vitis/PS_Only_ZyboZ7/hw/PS_Only_ZyboZ7.xsa
TRACE::2026-08-04.15:17:37::SCWPlatform:: Unique name xilinx:zybo-z7-20::0.0
TRACE::2026-08-04.15:17:37::SCWPlatform::Trying to set the existing hwdb with name design_1_wrapper_0
TRACE::2026-08-04.15:17:37::SCWPlatform::Opened existing hwdb design_1_wrapper_0
TRACE::2026-08-04.15:17:37::SCWPlatform::Found the Hw Db part of the input DSA
TRACE::2026-08-04.15:17:37::SCWMssOS::Checking the sw design at  C:/Users/Thomas/Desktop/TP_MISTRE/TP_PROCESSEUR/Projet_Vitis/PS_Only_ZyboZ7/zynq_fsbl/zynq_fsbl_bsp/system.mss
TRACE::2026-08-04.15:17:37::SCWMssOS::DEBUG:  swdes dump  
TRACE::2026-08-04.15:17:37::SCWMssOS::No sw design opened at  C:/Users/Thomas/Desktop/TP_MISTRE/TP_PROCESSEUR/Projet_Vitis/PS_Only_ZyboZ7/zynq_fsbl/zynq_fsbl_bsp/system.mss
TRACE::2026-08-04.15:17:37::SCWMssOS::mss does not exists at C:/Users/Thomas/Desktop/TP_MISTRE/TP_PROCESSEUR/Projet_Vitis/PS_Only_ZyboZ7/zynq_fsbl/zynq_fsbl_bsp/system.mss
TRACE::2026-08-04.15:17:37::SCWMssOS::Creating sw design at  C:/Users/Thomas/Desktop/TP_MISTRE/TP_PROCESSEUR/Projet_Vitis/PS_Only_ZyboZ7/zynq_fsbl/zynq_fsbl_bsp/system.mss
TRACE::2026-08-04.15:17:37::SCWMssOS::Adding the swdes entry, created swdb C:/Users/Thomas/Desktop/TP_MISTRE/TP_PROCESSEUR/Projet_Vitis/PS_Only_ZyboZ7/zynq_fsbl/zynq_fsbl_bsp/system.mss with des name C:/Users/Thomas/Desktop/TP_MISTRE/TP_PROCESSEUR/Projet_Vitis/PS_Only_ZyboZ7/zynq_fsbl/zynq_fsbl_bsp/system.mss
TRACE::2026-08-04.15:17:37::SCWMssOS::updating the scw layer changes to swdes at   C:/Users/Thomas/Desktop/TP_MISTRE/TP_PROCESSEUR/Projet_Vitis/PS_Only_ZyboZ7/zynq_fsbl/zynq_fsbl_bsp/system.mss
TRACE::2026-08-04.15:17:37::SCWMssOS::Writing mss at C:/Users/Thomas/Desktop/TP_MISTRE/TP_PROCESSEUR/Projet_Vitis/PS_Only_ZyboZ7/zynq_fsbl/zynq_fsbl_bsp/system.mss
TRACE::2026-08-04.15:17:37::SCWMssOS::Completed writing the mss file at C:/Users/Thomas/Desktop/TP_MISTRE/TP_PROCESSEUR/Projet_Vitis/PS_Only_ZyboZ7/zynq_fsbl/zynq_fsbl_bsp
TRACE::2026-08-04.15:17:37::SCWMssOS::Picking up changes from newly written mss file into SCW Layer. 
TRACE::2026-08-04.15:17:37::SCWMssOS::Updated the changes from newly written mss file into SCW Layer. 
TRACE::2026-08-04.15:17:37::SCWBDomain::Completed writing the mss file at C:/Users/Thomas/Desktop/TP_MISTRE/TP_PROCESSEUR/Projet_Vitis/PS_Only_ZyboZ7/zynq_fsbl/zynq_fsbl_bsp
TRACE::2026-08-04.15:17:42::SCWPlatform::Generating sources Done.
TRACE::2026-08-04.15:17:42::SCWPlatform::Trying to open the hw design at C:/Users/Thomas/Desktop/TP_MISTRE/TP_PROCESSEUR/Projet_Vitis/PS_Only_ZyboZ7/hw/PS_Only_ZyboZ7.xsa
TRACE::2026-08-04.15:17:42::SCWPlatform::DSA given C:/Users/Thomas/Desktop/TP_MISTRE/TP_PROCESSEUR/Projet_Vitis/PS_Only_ZyboZ7/hw/PS_Only_ZyboZ7.xsa
TRACE::2026-08-04.15:17:42::SCWPlatform::DSA absoulate path C:/Users/Thomas/Desktop/TP_MISTRE/TP_PROCESSEUR/Projet_Vitis/PS_Only_ZyboZ7/hw/PS_Only_ZyboZ7.xsa
TRACE::2026-08-04.15:17:42::SCWPlatform::DSA directory C:/Users/Thomas/Desktop/TP_MISTRE/TP_PROCESSEUR/Projet_Vitis/PS_Only_ZyboZ7/hw
TRACE::2026-08-04.15:17:42::SCWPlatform:: Platform Path C:/Users/Thomas/Desktop/TP_MISTRE/TP_PROCESSEUR/Projet_Vitis/PS_Only_ZyboZ7/hw/PS_Only_ZyboZ7.xsa
TRACE::2026-08-04.15:17:42::SCWPlatform:: Unique name xilinx:zybo-z7-20::0.0
TRACE::2026-08-04.15:17:42::SCWPlatform::Trying to set the existing hwdb with name design_1_wrapper_0
TRACE::2026-08-04.15:17:42::SCWPlatform::Opened existing hwdb design_1_wrapper_0
TRACE::2026-08-04.15:17:42::SCWPlatform::Found the Hw Db part of the input DSA
TRACE::2026-08-04.15:17:42::SCWMssOS::Checking the sw design at  C:/Users/Thomas/Desktop/TP_MISTRE/TP_PROCESSEUR/Projet_Vitis/PS_Only_ZyboZ7/zynq_fsbl/zynq_fsbl_bsp/system.mss
TRACE::2026-08-04.15:17:42::SCWMssOS::DEBUG:  swdes dump  C:/Users/Thomas/Desktop/TP_MISTRE/TP_PROCESSEUR/Projet_Vitis/PS_Only_ZyboZ7/zynq_fsbl/zynq_fsbl_bsp/system.mss|C:/Users/Thomas/Desktop/TP_MISTRE/TP_PROCESSEUR/Projet_Vitis/PS_Only_ZyboZ7/zynq_fsbl/zynq_fsbl_bsp/system.mss||

KEYINFO::2026-08-04.15:17:42::SCWMssOS::Could not open the swdb for C:/Users/Thomas/Desktop/TP_MISTRE/TP_PROCESSEUR/Projet_Vitis/PS_Only_ZyboZ7/zynq_fsbl/zynq_fsbl_bsp/system.mss
KEYINFO::2026-08-04.15:17:42::SCWMssOS::Could not open the sw design at  C:/Users/Thomas/Desktop/TP_MISTRE/TP_PROCESSEUR/Projet_Vitis/PS_Only_ZyboZ7/zynq_fsbl/zynq_fsbl_bsp/system.mss
ERROR: [Hsi 55-1558] Software Design C:/Users/Thomas/Desktop/TP_MISTRE/TP_PROCESSEUR/Projet_Vitis/PS_Only_ZyboZ7/zynq_fsbl/zynq_fsbl_bsp/system.mss is not found

TRACE::2026-08-04.15:17:42::SCWMssOS::Cleared the swdb table entry
TRACE::2026-08-04.15:17:42::SCWMssOS::No sw design opened at  C:/Users/Thomas/Desktop/TP_MISTRE/TP_PROCESSEUR/Projet_Vitis/PS_Only_ZyboZ7/zynq_fsbl/zynq_fsbl_bsp/system.mss
TRACE::2026-08-04.15:17:42::SCWMssOS::mss exists loading the mss file  C:/Users/Thomas/Desktop/TP_MISTRE/TP_PROCESSEUR/Projet_Vitis/PS_Only_ZyboZ7/zynq_fsbl/zynq_fsbl_bsp/system.mss
TRACE::2026-08-04.15:17:42::SCWMssOS::Opened the sw design from mss  C:/Users/Thomas/Desktop/TP_MISTRE/TP_PROCESSEUR/Projet_Vitis/PS_Only_ZyboZ7/zynq_fsbl/zynq_fsbl_bsp/system.mss
TRACE::2026-08-04.15:17:42::SCWMssOS::Adding the swdes entry C:/Users/Thomas/Desktop/TP_MISTRE/TP_PROCESSEUR/Projet_Vitis/PS_Only_ZyboZ7/zynq_fsbl/zynq_fsbl_bsp/system.mss with des name system
TRACE::2026-08-04.15:17:42::SCWMssOS::updating the scw layer about changes
TRACE::2026-08-04.15:17:42::SCWMssOS::Opened the sw design.  C:/Users/Thomas/Desktop/TP_MISTRE/TP_PROCESSEUR/Projet_Vitis/PS_Only_ZyboZ7/zynq_fsbl/zynq_fsbl_bsp/system.mss
TRACE::2026-08-04.15:17:42::SCWMssOS::Saving the mss changes C:/Users/Thomas/Desktop/TP_MISTRE/TP_PROCESSEUR/Projet_Vitis/PS_Only_ZyboZ7/zynq_fsbl/zynq_fsbl_bsp/system.mss
TRACE::2026-08-04.15:17:42::SCWMssOS::Found a swdesign opened with the mssfile.
TRACE::2026-08-04.15:17:42::SCWMssOS::Completed writemss as part of save.
TRACE::2026-08-04.15:17:42::SCWMssOS::Commit changes completed.
TRACE::2026-08-04.15:17:42::SCWPlatform::Trying to open the hw design at C:/Users/Thomas/Desktop/TP_MISTRE/TP_PROCESSEUR/Projet_Vitis/PS_Only_ZyboZ7/hw/PS_Only_ZyboZ7.xsa
TRACE::2026-08-04.15:17:42::SCWPlatform::DSA given C:/Users/Thomas/Desktop/TP_MISTRE/TP_PROCESSEUR/Projet_Vitis/PS_Only_ZyboZ7/hw/PS_Only_ZyboZ7.xsa
TRACE::2026-08-04.15:17:42::SCWPlatform::DSA absoulate path C:/Users/Thomas/Desktop/TP_MISTRE/TP_PROCESSEUR/Projet_Vitis/PS_Only_ZyboZ7/hw/PS_Only_ZyboZ7.xsa
TRACE::2026-08-04.15:17:42::SCWPlatform::DSA directory C:/Users/Thomas/Desktop/TP_MISTRE/TP_PROCESSEUR/Projet_Vitis/PS_Only_ZyboZ7/hw
TRACE::2026-08-04.15:17:42::SCWPlatform:: Platform Path C:/Users/Thomas/Desktop/TP_MISTRE/TP_PROCESSEUR/Projet_Vitis/PS_Only_ZyboZ7/hw/PS_Only_ZyboZ7.xsa
TRACE::2026-08-04.15:17:42::SCWPlatform:: Unique name xilinx:zybo-z7-20::0.0
TRACE::2026-08-04.15:17:42::SCWPlatform::Trying to set the existing hwdb with name design_1_wrapper_0
TRACE::2026-08-04.15:17:42::SCWPlatform::Opened existing hwdb design_1_wrapper_0
TRACE::2026-08-04.15:17:42::SCWPlatform::Found the Hw Db part of the input DSA
TRACE::2026-08-04.15:17:42::SCWMssOS::Checking the sw design at  C:/Users/Thomas/Desktop/TP_MISTRE/TP_PROCESSEUR/Projet_Vitis/PS_Only_ZyboZ7/zynq_fsbl/zynq_fsbl_bsp/system.mss
TRACE::2026-08-04.15:17:42::SCWMssOS::DEBUG:  swdes dump  C:/Users/Thomas/Desktop/TP_MISTRE/TP_PROCESSEUR/Projet_Vitis/PS_Only_ZyboZ7/zynq_fsbl/zynq_fsbl_bsp/system.mss|system||

TRACE::2026-08-04.15:17:42::SCWMssOS::Sw design exists and opened at  C:/Users/Thomas/Desktop/TP_MISTRE/TP_PROCESSEUR/Projet_Vitis/PS_Only_ZyboZ7/zynq_fsbl/zynq_fsbl_bsp/system.mss
TRACE::2026-08-04.15:17:42::SCWPlatform::Trying to open the hw design at C:/Users/Thomas/Desktop/TP_MISTRE/TP_PROCESSEUR/Projet_Vitis/PS_Only_ZyboZ7/hw/PS_Only_ZyboZ7.xsa
TRACE::2026-08-04.15:17:42::SCWPlatform::DSA given C:/Users/Thomas/Desktop/TP_MISTRE/TP_PROCESSEUR/Projet_Vitis/PS_Only_ZyboZ7/hw/PS_Only_ZyboZ7.xsa
TRACE::2026-08-04.15:17:42::SCWPlatform::DSA absoulate path C:/Users/Thomas/Desktop/TP_MISTRE/TP_PROCESSEUR/Projet_Vitis/PS_Only_ZyboZ7/hw/PS_Only_ZyboZ7.xsa
TRACE::2026-08-04.15:17:42::SCWPlatform::DSA directory C:/Users/Thomas/Desktop/TP_MISTRE/TP_PROCESSEUR/Projet_Vitis/PS_Only_ZyboZ7/hw
TRACE::2026-08-04.15:17:42::SCWPlatform:: Platform Path C:/Users/Thomas/Desktop/TP_MISTRE/TP_PROCESSEUR/Projet_Vitis/PS_Only_ZyboZ7/hw/PS_Only_ZyboZ7.xsa
TRACE::2026-08-04.15:17:42::SCWPlatform:: Unique name xilinx:zybo-z7-20::0.0
TRACE::2026-08-04.15:17:42::SCWPlatform::Trying to set the existing hwdb with name design_1_wrapper_0
TRACE::2026-08-04.15:17:42::SCWPlatform::Opened existing hwdb design_1_wrapper_0
TRACE::2026-08-04.15:17:42::SCWPlatform::Found the Hw Db part of the input DSA
TRACE::2026-08-04.15:17:42::SCWMssOS::Checking the sw design at  C:/Users/Thomas/Desktop/TP_MISTRE/TP_PROCESSEUR/Projet_Vitis/PS_Only_ZyboZ7/zynq_fsbl/zynq_fsbl_bsp/system.mss
TRACE::2026-08-04.15:17:42::SCWMssOS::DEBUG:  swdes dump  C:/Users/Thomas/Desktop/TP_MISTRE/TP_PROCESSEUR/Projet_Vitis/PS_Only_ZyboZ7/zynq_fsbl/zynq_fsbl_bsp/system.mss|system||

TRACE::2026-08-04.15:17:42::SCWMssOS::Sw design exists and opened at  C:/Users/Thomas/Desktop/TP_MISTRE/TP_PROCESSEUR/Projet_Vitis/PS_Only_ZyboZ7/zynq_fsbl/zynq_fsbl_bsp/system.mss
TRACE::2026-08-04.15:17:42::SCWPlatform::Trying to open the hw design at C:/Users/Thomas/Desktop/TP_MISTRE/TP_PROCESSEUR/Projet_Vitis/PS_Only_ZyboZ7/hw/PS_Only_ZyboZ7.xsa
TRACE::2026-08-04.15:17:42::SCWPlatform::DSA given C:/Users/Thomas/Desktop/TP_MISTRE/TP_PROCESSEUR/Projet_Vitis/PS_Only_ZyboZ7/hw/PS_Only_ZyboZ7.xsa
TRACE::2026-08-04.15:17:42::SCWPlatform::DSA absoulate path C:/Users/Thomas/Desktop/TP_MISTRE/TP_PROCESSEUR/Projet_Vitis/PS_Only_ZyboZ7/hw/PS_Only_ZyboZ7.xsa
TRACE::2026-08-04.15:17:42::SCWPlatform::DSA directory C:/Users/Thomas/Desktop/TP_MISTRE/TP_PROCESSEUR/Projet_Vitis/PS_Only_ZyboZ7/hw
TRACE::2026-08-04.15:17:42::SCWPlatform:: Platform Path C:/Users/Thomas/Desktop/TP_MISTRE/TP_PROCESSEUR/Projet_Vitis/PS_Only_ZyboZ7/hw/PS_Only_ZyboZ7.xsa
TRACE::2026-08-04.15:17:42::SCWPlatform:: Unique name xilinx:zybo-z7-20::0.0
TRACE::2026-08-04.15:17:42::SCWPlatform::Trying to set the existing hwdb with name design_1_wrapper_0
TRACE::2026-08-04.15:17:42::SCWPlatform::Opened existing hwdb design_1_wrapper_0
TRACE::2026-08-04.15:17:42::SCWPlatform::Found the Hw Db part of the input DSA
TRACE::2026-08-04.15:17:42::SCWMssOS::Checking the sw design at  C:/Users/Thomas/Desktop/TP_MISTRE/TP_PROCESSEUR/Projet_Vitis/PS_Only_ZyboZ7/zynq_fsbl/zynq_fsbl_bsp/system.mss
TRACE::2026-08-04.15:17:42::SCWMssOS::DEBUG:  swdes dump  C:/Users/Thomas/Desktop/TP_MISTRE/TP_PROCESSEUR/Projet_Vitis/PS_Only_ZyboZ7/zynq_fsbl/zynq_fsbl_bsp/system.mss|system||

TRACE::2026-08-04.15:17:42::SCWMssOS::Sw design exists and opened at  C:/Users/Thomas/Desktop/TP_MISTRE/TP_PROCESSEUR/Projet_Vitis/PS_Only_ZyboZ7/zynq_fsbl/zynq_fsbl_bsp/system.mss
TRACE::2026-08-04.15:17:42::SCWWriter::formatted JSON is {
	"platformName":	"PS_Only_ZyboZ7",
	"sprVersion":	"2.0",
	"mode":	"gui",
	"dsaType":	"Fixed",
	"platformDesc":	"PS_Only_ZyboZ7",
	"platHandOff":	"<platformDir>.xsa",
	"platIntHandOff":	"<platformDir>/hw/PS_Only_ZyboZ7.xsa",
	"deviceType":	"zynq",
	"platIsPrebuiltAutogen":	"false",
	"platIsNoBootBsp":	"false",
	"platFsblTarget":	"ps7_cortexa9_0",
	"hasFsblMakeHasChanges":	"false",
	"hasPmufwMakeHasChanges":	"false",
	"fsblExtraCompilerFlags":	"-MMD -MP       -mcpu=cortex-a9 -mfpu=vfpv3 -mfloat-abi=hard ",
	"platPreBuiltFlag":	false,
	"platformSamplesDir":	"",
	"platActiveSys":	"PS_Only_ZyboZ7",
	"systems":	[{
			"systemName":	"PS_Only_ZyboZ7",
			"systemDesc":	"PS_Only_ZyboZ7",
			"sysIsBootAutoGen":	"true",
			"systemDispName":	"PS_Only_ZyboZ7",
			"sysActiveDom":	"zynq_fsbl",
			"sysDefaultDom":	"",
			"domains":	[{
					"domainName":	"zynq_fsbl",
					"domainDispName":	"zynq_fsbl",
					"domainDesc":	"FSBL Application BSP - Auto Generated.",
					"processors":	"ps7_cortexa9_0",
					"os":	"standalone",
					"sdxOs":	"standalone",
					"debugEnable":	"",
					"domRuntimes":	["cpp"],
					"swRepo":	"",
					"mssOsVer":	"7.3",
					"mssFile":	"",
					"md5Digest":	"d4dce1e3283be35b8cb204de15302e33",
					"compatibleApp":	"zynq_fsbl",
					"domType":	"bootDomain",
					"arch":	"32-bit",
					"appSettings":	{
						"appCompilerFlags":	"",
						"appLinkerFlags":	""
					},
					"addedLibs":	["xilffs:4.4", "xilrsa:1.6"],
					"libOptions":	{
						"libsContainingOptions":	[]
					},
					"prebuiltLibs":	{
						"prebuiltIncPath":	[],
						"prebuiltLibPath":	[]
					},
					"isolation":	{
					}
				}]
		}]
}
TRACE::2026-08-04.15:17:42::SCWMssOS::Saving the mss changes C:/Users/Thomas/Desktop/TP_MISTRE/TP_PROCESSEUR/Projet_Vitis/PS_Only_ZyboZ7/zynq_fsbl/zynq_fsbl_bsp/system.mss
TRACE::2026-08-04.15:17:42::SCWMssOS::Found a swdesign opened with the mssfile.
TRACE::2026-08-04.15:17:42::SCWMssOS::Completed writemss as part of save.
TRACE::2026-08-04.15:17:42::SCWMssOS::Commit changes completed.
TRACE::2026-08-04.15:17:42::SCWPlatform::Trying to open the hw design at C:/Users/Thomas/Desktop/TP_MISTRE/TP_PROCESSEUR/Projet_Vitis/PS_Only_ZyboZ7/hw/PS_Only_ZyboZ7.xsa
TRACE::2026-08-04.15:17:42::SCWPlatform::DSA given C:/Users/Thomas/Desktop/TP_MISTRE/TP_PROCESSEUR/Projet_Vitis/PS_Only_ZyboZ7/hw/PS_Only_ZyboZ7.xsa
TRACE::2026-08-04.15:17:42::SCWPlatform::DSA absoulate path C:/Users/Thomas/Desktop/TP_MISTRE/TP_PROCESSEUR/Projet_Vitis/PS_Only_ZyboZ7/hw/PS_Only_ZyboZ7.xsa
TRACE::2026-08-04.15:17:42::SCWPlatform::DSA directory C:/Users/Thomas/Desktop/TP_MISTRE/TP_PROCESSEUR/Projet_Vitis/PS_Only_ZyboZ7/hw
TRACE::2026-08-04.15:17:42::SCWPlatform:: Platform Path C:/Users/Thomas/Desktop/TP_MISTRE/TP_PROCESSEUR/Projet_Vitis/PS_Only_ZyboZ7/hw/PS_Only_ZyboZ7.xsa
TRACE::2026-08-04.15:17:42::SCWPlatform:: Unique name xilinx:zybo-z7-20::0.0
TRACE::2026-08-04.15:17:42::SCWPlatform::Trying to set the existing hwdb with name design_1_wrapper_0
TRACE::2026-08-04.15:17:42::SCWPlatform::Opened existing hwdb design_1_wrapper_0
TRACE::2026-08-04.15:17:42::SCWPlatform::Found the Hw Db part of the input DSA
TRACE::2026-08-04.15:17:42::SCWMssOS::Checking the sw design at  C:/Users/Thomas/Desktop/TP_MISTRE/TP_PROCESSEUR/Projet_Vitis/PS_Only_ZyboZ7/zynq_fsbl/zynq_fsbl_bsp/system.mss
TRACE::2026-08-04.15:17:42::SCWMssOS::DEBUG:  swdes dump  C:/Users/Thomas/Desktop/TP_MISTRE/TP_PROCESSEUR/Projet_Vitis/PS_Only_ZyboZ7/zynq_fsbl/zynq_fsbl_bsp/system.mss|system||

TRACE::2026-08-04.15:17:42::SCWMssOS::Sw design exists and opened at  C:/Users/Thomas/Desktop/TP_MISTRE/TP_PROCESSEUR/Projet_Vitis/PS_Only_ZyboZ7/zynq_fsbl/zynq_fsbl_bsp/system.mss
TRACE::2026-08-04.15:17:42::SCWPlatform::Trying to open the hw design at C:/Users/Thomas/Desktop/TP_MISTRE/TP_PROCESSEUR/Projet_Vitis/PS_Only_ZyboZ7/hw/PS_Only_ZyboZ7.xsa
TRACE::2026-08-04.15:17:42::SCWPlatform::DSA given C:/Users/Thomas/Desktop/TP_MISTRE/TP_PROCESSEUR/Projet_Vitis/PS_Only_ZyboZ7/hw/PS_Only_ZyboZ7.xsa
TRACE::2026-08-04.15:17:42::SCWPlatform::DSA absoulate path C:/Users/Thomas/Desktop/TP_MISTRE/TP_PROCESSEUR/Projet_Vitis/PS_Only_ZyboZ7/hw/PS_Only_ZyboZ7.xsa
TRACE::2026-08-04.15:17:42::SCWPlatform::DSA directory C:/Users/Thomas/Desktop/TP_MISTRE/TP_PROCESSEUR/Projet_Vitis/PS_Only_ZyboZ7/hw
TRACE::2026-08-04.15:17:42::SCWPlatform:: Platform Path C:/Users/Thomas/Desktop/TP_MISTRE/TP_PROCESSEUR/Projet_Vitis/PS_Only_ZyboZ7/hw/PS_Only_ZyboZ7.xsa
TRACE::2026-08-04.15:17:42::SCWPlatform:: Unique name xilinx:zybo-z7-20::0.0
TRACE::2026-08-04.15:17:42::SCWPlatform::Trying to set the existing hwdb with name design_1_wrapper_0
TRACE::2026-08-04.15:17:42::SCWPlatform::Opened existing hwdb design_1_wrapper_0
TRACE::2026-08-04.15:17:42::SCWPlatform::Found the Hw Db part of the input DSA
TRACE::2026-08-04.15:17:42::SCWMssOS::Checking the sw design at  C:/Users/Thomas/Desktop/TP_MISTRE/TP_PROCESSEUR/Projet_Vitis/PS_Only_ZyboZ7/zynq_fsbl/zynq_fsbl_bsp/system.mss
TRACE::2026-08-04.15:17:42::SCWMssOS::DEBUG:  swdes dump  C:/Users/Thomas/Desktop/TP_MISTRE/TP_PROCESSEUR/Projet_Vitis/PS_Only_ZyboZ7/zynq_fsbl/zynq_fsbl_bsp/system.mss|system||

TRACE::2026-08-04.15:17:42::SCWMssOS::Sw design exists and opened at  C:/Users/Thomas/Desktop/TP_MISTRE/TP_PROCESSEUR/Projet_Vitis/PS_Only_ZyboZ7/zynq_fsbl/zynq_fsbl_bsp/system.mss
TRACE::2026-08-04.15:17:42::SCWPlatform::Trying to open the hw design at C:/Users/Thomas/Desktop/TP_MISTRE/TP_PROCESSEUR/Projet_Vitis/PS_Only_ZyboZ7/hw/PS_Only_ZyboZ7.xsa
TRACE::2026-08-04.15:17:42::SCWPlatform::DSA given C:/Users/Thomas/Desktop/TP_MISTRE/TP_PROCESSEUR/Projet_Vitis/PS_Only_ZyboZ7/hw/PS_Only_ZyboZ7.xsa
TRACE::2026-08-04.15:17:42::SCWPlatform::DSA absoulate path C:/Users/Thomas/Desktop/TP_MISTRE/TP_PROCESSEUR/Projet_Vitis/PS_Only_ZyboZ7/hw/PS_Only_ZyboZ7.xsa
TRACE::2026-08-04.15:17:42::SCWPlatform::DSA directory C:/Users/Thomas/Desktop/TP_MISTRE/TP_PROCESSEUR/Projet_Vitis/PS_Only_ZyboZ7/hw
TRACE::2026-08-04.15:17:42::SCWPlatform:: Platform Path C:/Users/Thomas/Desktop/TP_MISTRE/TP_PROCESSEUR/Projet_Vitis/PS_Only_ZyboZ7/hw/PS_Only_ZyboZ7.xsa
TRACE::2026-08-04.15:17:42::SCWPlatform:: Unique name xilinx:zybo-z7-20::0.0
TRACE::2026-08-04.15:17:42::SCWPlatform::Trying to set the existing hwdb with name design_1_wrapper_0
TRACE::2026-08-04.15:17:42::SCWPlatform::Opened existing hwdb design_1_wrapper_0
TRACE::2026-08-04.15:17:42::SCWPlatform::Found the Hw Db part of the input DSA
TRACE::2026-08-04.15:17:42::SCWMssOS::Checking the sw design at  C:/Users/Thomas/Desktop/TP_MISTRE/TP_PROCESSEUR/Projet_Vitis/PS_Only_ZyboZ7/zynq_fsbl/zynq_fsbl_bsp/system.mss
TRACE::2026-08-04.15:17:42::SCWMssOS::DEBUG:  swdes dump  C:/Users/Thomas/Desktop/TP_MISTRE/TP_PROCESSEUR/Projet_Vitis/PS_Only_ZyboZ7/zynq_fsbl/zynq_fsbl_bsp/system.mss|system||

TRACE::2026-08-04.15:17:42::SCWMssOS::Sw design exists and opened at  C:/Users/Thomas/Desktop/TP_MISTRE/TP_PROCESSEUR/Projet_Vitis/PS_Only_ZyboZ7/zynq_fsbl/zynq_fsbl_bsp/system.mss
TRACE::2026-08-04.15:17:42::SCWWriter::formatted JSON is {
	"platformName":	"PS_Only_ZyboZ7",
	"sprVersion":	"2.0",
	"mode":	"gui",
	"dsaType":	"Fixed",
	"platformDesc":	"PS_Only_ZyboZ7",
	"platHandOff":	"<platformDir>.xsa",
	"platIntHandOff":	"<platformDir>/hw/PS_Only_ZyboZ7.xsa",
	"deviceType":	"zynq",
	"platIsPrebuiltAutogen":	"false",
	"platIsNoBootBsp":	"false",
	"platFsblTarget":	"ps7_cortexa9_0",
	"hasFsblMakeHasChanges":	"false",
	"hasPmufwMakeHasChanges":	"false",
	"fsblExtraCompilerFlags":	"-MMD -MP       -mcpu=cortex-a9 -mfpu=vfpv3 -mfloat-abi=hard ",
	"platPreBuiltFlag":	false,
	"platformSamplesDir":	"",
	"platActiveSys":	"PS_Only_ZyboZ7",
	"systems":	[{
			"systemName":	"PS_Only_ZyboZ7",
			"systemDesc":	"PS_Only_ZyboZ7",
			"sysIsBootAutoGen":	"true",
			"systemDispName":	"PS_Only_ZyboZ7",
			"sysActiveDom":	"zynq_fsbl",
			"sysDefaultDom":	"",
			"domains":	[{
					"domainName":	"zynq_fsbl",
					"domainDispName":	"zynq_fsbl",
					"domainDesc":	"FSBL Application BSP - Auto Generated.",
					"processors":	"ps7_cortexa9_0",
					"os":	"standalone",
					"sdxOs":	"standalone",
					"debugEnable":	"",
					"domRuntimes":	["cpp"],
					"swRepo":	"",
					"mssOsVer":	"7.3",
					"mssFile":	"",
					"md5Digest":	"d4dce1e3283be35b8cb204de15302e33",
					"compatibleApp":	"zynq_fsbl",
					"domType":	"bootDomain",
					"arch":	"32-bit",
					"appSettings":	{
						"appCompilerFlags":	"",
						"appLinkerFlags":	""
					},
					"addedLibs":	["xilffs:4.4", "xilrsa:1.6"],
					"libOptions":	{
						"libsContainingOptions":	[]
					},
					"prebuiltLibs":	{
						"prebuiltIncPath":	[],
						"prebuiltLibPath":	[]
					},
					"isolation":	{
					}
				}]
		}]
}
TRACE::2026-08-04.15:17:42::SCWDomain::checking for install qemu data   : 
TRACE::2026-08-04.15:17:42::SCWDomain:: Using the QEMU Data from install at  : C:/Xilinx/Vitis/2020.2/data/emulation/platforms/zynq/sw/a9_standalone/qemu/
TRACE::2026-08-04.15:17:42::SCWDomain:: Using the QEMU args  from install at  : C:/Xilinx/Vitis/2020.2/data/emulation/platforms/zynq/sw/a9_standalone/qemu/qemu_args.txt
TRACE::2026-08-04.15:17:42::SCWPlatform::Trying to open the hw design at C:/Users/Thomas/Desktop/TP_MISTRE/TP_PROCESSEUR/Projet_Vitis/PS_Only_ZyboZ7/hw/PS_Only_ZyboZ7.xsa
TRACE::2026-08-04.15:17:42::SCWPlatform::DSA given C:/Users/Thomas/Desktop/TP_MISTRE/TP_PROCESSEUR/Projet_Vitis/PS_Only_ZyboZ7/hw/PS_Only_ZyboZ7.xsa
TRACE::2026-08-04.15:17:42::SCWPlatform::DSA absoulate path C:/Users/Thomas/Desktop/TP_MISTRE/TP_PROCESSEUR/Projet_Vitis/PS_Only_ZyboZ7/hw/PS_Only_ZyboZ7.xsa
TRACE::2026-08-04.15:17:42::SCWPlatform::DSA directory C:/Users/Thomas/Desktop/TP_MISTRE/TP_PROCESSEUR/Projet_Vitis/PS_Only_ZyboZ7/hw
TRACE::2026-08-04.15:17:42::SCWPlatform:: Platform Path C:/Users/Thomas/Desktop/TP_MISTRE/TP_PROCESSEUR/Projet_Vitis/PS_Only_ZyboZ7/hw/PS_Only_ZyboZ7.xsa
TRACE::2026-08-04.15:17:42::SCWPlatform:: Unique name xilinx:zybo-z7-20::0.0
TRACE::2026-08-04.15:17:42::SCWPlatform::Trying to set the existing hwdb with name design_1_wrapper_0
TRACE::2026-08-04.15:17:42::SCWPlatform::Opened existing hwdb design_1_wrapper_0
TRACE::2026-08-04.15:17:42::SCWPlatform::Found the Hw Db part of the input DSA
TRACE::2026-08-04.15:17:42::SCWPlatform::Trying to open the hw design at C:/Users/Thomas/Desktop/TP_MISTRE/TP_PROCESSEUR/Projet_Vitis/PS_Only_ZyboZ7/hw/PS_Only_ZyboZ7.xsa
TRACE::2026-08-04.15:17:42::SCWPlatform::DSA given C:/Users/Thomas/Desktop/TP_MISTRE/TP_PROCESSEUR/Projet_Vitis/PS_Only_ZyboZ7/hw/PS_Only_ZyboZ7.xsa
TRACE::2026-08-04.15:17:42::SCWPlatform::DSA absoulate path C:/Users/Thomas/Desktop/TP_MISTRE/TP_PROCESSEUR/Projet_Vitis/PS_Only_ZyboZ7/hw/PS_Only_ZyboZ7.xsa
TRACE::2026-08-04.15:17:42::SCWPlatform::DSA directory C:/Users/Thomas/Desktop/TP_MISTRE/TP_PROCESSEUR/Projet_Vitis/PS_Only_ZyboZ7/hw
TRACE::2026-08-04.15:17:42::SCWPlatform:: Platform Path C:/Users/Thomas/Desktop/TP_MISTRE/TP_PROCESSEUR/Projet_Vitis/PS_Only_ZyboZ7/hw/PS_Only_ZyboZ7.xsa
TRACE::2026-08-04.15:17:42::SCWPlatform:: Unique name xilinx:zybo-z7-20::0.0
TRACE::2026-08-04.15:17:42::SCWPlatform::Trying to set the existing hwdb with name design_1_wrapper_0
TRACE::2026-08-04.15:17:42::SCWPlatform::Opened existing hwdb design_1_wrapper_0
TRACE::2026-08-04.15:17:42::SCWPlatform::Found the Hw Db part of the input DSA
TRACE::2026-08-04.15:17:42::SCWPlatform::Trying to open the hw design at C:/Users/Thomas/Desktop/TP_MISTRE/TP_PROCESSEUR/Projet_Vitis/PS_Only_ZyboZ7/hw/PS_Only_ZyboZ7.xsa
TRACE::2026-08-04.15:17:42::SCWPlatform::DSA given C:/Users/Thomas/Desktop/TP_MISTRE/TP_PROCESSEUR/Projet_Vitis/PS_Only_ZyboZ7/hw/PS_Only_ZyboZ7.xsa
TRACE::2026-08-04.15:17:42::SCWPlatform::DSA absoulate path C:/Users/Thomas/Desktop/TP_MISTRE/TP_PROCESSEUR/Projet_Vitis/PS_Only_ZyboZ7/hw/PS_Only_ZyboZ7.xsa
TRACE::2026-08-04.15:17:42::SCWPlatform::DSA directory C:/Users/Thomas/Desktop/TP_MISTRE/TP_PROCESSEUR/Projet_Vitis/PS_Only_ZyboZ7/hw
TRACE::2026-08-04.15:17:42::SCWPlatform:: Platform Path C:/Users/Thomas/Desktop/TP_MISTRE/TP_PROCESSEUR/Projet_Vitis/PS_Only_ZyboZ7/hw/PS_Only_ZyboZ7.xsa
TRACE::2026-08-04.15:17:42::SCWPlatform:: Unique name xilinx:zybo-z7-20::0.0
TRACE::2026-08-04.15:17:42::SCWPlatform::Trying to set the existing hwdb with name design_1_wrapper_0
TRACE::2026-08-04.15:17:42::SCWPlatform::Opened existing hwdb design_1_wrapper_0
TRACE::2026-08-04.15:17:42::SCWPlatform::Found the Hw Db part of the input DSA
TRACE::2026-08-04.15:17:42::SCWMssOS::Checking the sw design at  C:/Users/Thomas/Desktop/TP_MISTRE/TP_PROCESSEUR/Projet_Vitis/PS_Only_ZyboZ7/ps7_cortexa9_0/standalone_ps7_cortexa9_0/bsp/system.mss
TRACE::2026-08-04.15:17:42::SCWMssOS::DEBUG:  swdes dump  C:/Users/Thomas/Desktop/TP_MISTRE/TP_PROCESSEUR/Projet_Vitis/PS_Only_ZyboZ7/zynq_fsbl/zynq_fsbl_bsp/system.mss|system||

TRACE::2026-08-04.15:17:42::SCWMssOS::No sw design opened at  C:/Users/Thomas/Desktop/TP_MISTRE/TP_PROCESSEUR/Projet_Vitis/PS_Only_ZyboZ7/ps7_cortexa9_0/standalone_ps7_cortexa9_0/bsp/system.mss
TRACE::2026-08-04.15:17:42::SCWMssOS::mss does not exists at C:/Users/Thomas/Desktop/TP_MISTRE/TP_PROCESSEUR/Projet_Vitis/PS_Only_ZyboZ7/ps7_cortexa9_0/standalone_ps7_cortexa9_0/bsp/system.mss
TRACE::2026-08-04.15:17:42::SCWMssOS::Creating sw design at  C:/Users/Thomas/Desktop/TP_MISTRE/TP_PROCESSEUR/Projet_Vitis/PS_Only_ZyboZ7/ps7_cortexa9_0/standalone_ps7_cortexa9_0/bsp/system.mss
TRACE::2026-08-04.15:17:42::SCWMssOS::Adding the swdes entry, created swdb C:/Users/Thomas/Desktop/TP_MISTRE/TP_PROCESSEUR/Projet_Vitis/PS_Only_ZyboZ7/ps7_cortexa9_0/standalone_ps7_cortexa9_0/bsp/system.mss with des name C:/Users/Thomas/Desktop/TP_MISTRE/TP_PROCESSEUR/Projet_Vitis/PS_Only_ZyboZ7/ps7_cortexa9_0/standalone_ps7_cortexa9_0/bsp/system.mss
TRACE::2026-08-04.15:17:42::SCWMssOS::updating the scw layer changes to swdes at   C:/Users/Thomas/Desktop/TP_MISTRE/TP_PROCESSEUR/Projet_Vitis/PS_Only_ZyboZ7/ps7_cortexa9_0/standalone_ps7_cortexa9_0/bsp/system.mss
TRACE::2026-08-04.15:17:42::SCWMssOS::Writing mss at C:/Users/Thomas/Desktop/TP_MISTRE/TP_PROCESSEUR/Projet_Vitis/PS_Only_ZyboZ7/ps7_cortexa9_0/standalone_ps7_cortexa9_0/bsp/system.mss
TRACE::2026-08-04.15:17:42::SCWMssOS::Completed writing the mss file at C:/Users/Thomas/Desktop/TP_MISTRE/TP_PROCESSEUR/Projet_Vitis/PS_Only_ZyboZ7/ps7_cortexa9_0/standalone_ps7_cortexa9_0/bsp
TRACE::2026-08-04.15:17:42::SCWMssOS::Picking up changes from newly written mss file into SCW Layer. 
TRACE::2026-08-04.15:17:42::SCWMssOS::Updated the changes from newly written mss file into SCW Layer. 
TRACE::2026-08-04.15:17:42::SCWMssOS::Completed writing the mss file at C:/Users/Thomas/Desktop/TP_MISTRE/TP_PROCESSEUR/Projet_Vitis/PS_Only_ZyboZ7/ps7_cortexa9_0/standalone_ps7_cortexa9_0/bsp
TRACE::2026-08-04.15:17:42::SCWMssOS::Forcing BSP Sources regeneration.
TRACE::2026-08-04.15:17:43::SCWMssOS::Saving the mss changes C:/Users/Thomas/Desktop/TP_MISTRE/TP_PROCESSEUR/Projet_Vitis/PS_Only_ZyboZ7/zynq_fsbl/zynq_fsbl_bsp/system.mss
TRACE::2026-08-04.15:17:43::SCWMssOS::Found a swdesign opened with the mssfile.
TRACE::2026-08-04.15:17:43::SCWMssOS::Completed writemss as part of save.
TRACE::2026-08-04.15:17:43::SCWMssOS::Commit changes completed.
TRACE::2026-08-04.15:17:43::SCWMssOS::Saving the mss changes C:/Users/Thomas/Desktop/TP_MISTRE/TP_PROCESSEUR/Projet_Vitis/PS_Only_ZyboZ7/ps7_cortexa9_0/standalone_ps7_cortexa9_0/bsp/system.mss
TRACE::2026-08-04.15:17:43::SCWMssOS::Found a swdesign opened with the mssfile.
TRACE::2026-08-04.15:17:43::SCWMssOS::Running validate of swdbs.
KEYINFO::2026-08-04.15:17:43::SCWMssOS::Could not open the swdb for C:/Users/Thomas/Desktop/TP_MISTRE/TP_PROCESSEUR/Projet_Vitis/PS_Only_ZyboZ7/ps7_cortexa9_0/standalone_ps7_cortexa9_0/bsp/system.mss
KEYINFO::2026-08-04.15:17:43::SCWMssOS::Could not open the sw design at  C:/Users/Thomas/Desktop/TP_MISTRE/TP_PROCESSEUR/Projet_Vitis/PS_Only_ZyboZ7/ps7_cortexa9_0/standalone_ps7_cortexa9_0/bsp/system.mss
ERROR: [Hsi 55-1558] Software Design C:/Users/Thomas/Desktop/TP_MISTRE/TP_PROCESSEUR/Projet_Vitis/PS_Only_ZyboZ7/ps7_cortexa9_0/standalone_ps7_cortexa9_0/bsp/system.mss is not found

TRACE::2026-08-04.15:17:43::SCWMssOS::Cleared the swdb table entry
TRACE::2026-08-04.15:17:43::SCWMssOS::Adding the swdes entry, mss present, able to open swdb C:/Users/Thomas/Desktop/TP_MISTRE/TP_PROCESSEUR/Projet_Vitis/PS_Only_ZyboZ7/ps7_cortexa9_0/standalone_ps7_cortexa9_0/bsp/system.mss with des name system_0
TRACE::2026-08-04.15:17:43::SCWMssOS::Writing the mss file completed C:/Users/Thomas/Desktop/TP_MISTRE/TP_PROCESSEUR/Projet_Vitis/PS_Only_ZyboZ7/ps7_cortexa9_0/standalone_ps7_cortexa9_0/bsp/system.mss
TRACE::2026-08-04.15:17:43::SCWMssOS::Commit changes completed.
TRACE::2026-08-04.15:17:43::SCWPlatform::Trying to open the hw design at C:/Users/Thomas/Desktop/TP_MISTRE/TP_PROCESSEUR/Projet_Vitis/PS_Only_ZyboZ7/hw/PS_Only_ZyboZ7.xsa
TRACE::2026-08-04.15:17:43::SCWPlatform::DSA given C:/Users/Thomas/Desktop/TP_MISTRE/TP_PROCESSEUR/Projet_Vitis/PS_Only_ZyboZ7/hw/PS_Only_ZyboZ7.xsa
TRACE::2026-08-04.15:17:43::SCWPlatform::DSA absoulate path C:/Users/Thomas/Desktop/TP_MISTRE/TP_PROCESSEUR/Projet_Vitis/PS_Only_ZyboZ7/hw/PS_Only_ZyboZ7.xsa
TRACE::2026-08-04.15:17:43::SCWPlatform::DSA directory C:/Users/Thomas/Desktop/TP_MISTRE/TP_PROCESSEUR/Projet_Vitis/PS_Only_ZyboZ7/hw
TRACE::2026-08-04.15:17:43::SCWPlatform:: Platform Path C:/Users/Thomas/Desktop/TP_MISTRE/TP_PROCESSEUR/Projet_Vitis/PS_Only_ZyboZ7/hw/PS_Only_ZyboZ7.xsa
TRACE::2026-08-04.15:17:43::SCWPlatform:: Unique name xilinx:zybo-z7-20::0.0
TRACE::2026-08-04.15:17:43::SCWPlatform::Trying to set the existing hwdb with name design_1_wrapper_0
TRACE::2026-08-04.15:17:43::SCWPlatform::Opened existing hwdb design_1_wrapper_0
TRACE::2026-08-04.15:17:43::SCWPlatform::Found the Hw Db part of the input DSA
TRACE::2026-08-04.15:17:43::SCWMssOS::Checking the sw design at  C:/Users/Thomas/Desktop/TP_MISTRE/TP_PROCESSEUR/Projet_Vitis/PS_Only_ZyboZ7/zynq_fsbl/zynq_fsbl_bsp/system.mss
TRACE::2026-08-04.15:17:43::SCWMssOS::DEBUG:  swdes dump  C:/Users/Thomas/Desktop/TP_MISTRE/TP_PROCESSEUR/Projet_Vitis/PS_Only_ZyboZ7/ps7_cortexa9_0/standalone_ps7_cortexa9_0/bsp/system.mss|system_0||
C:/Users/Thomas/Desktop/TP_MISTRE/TP_PROCESSEUR/Projet_Vitis/PS_Only_ZyboZ7/zynq_fsbl/zynq_fsbl_bsp/system.mss|system||

TRACE::2026-08-04.15:17:43::SCWMssOS::Sw design exists and opened at  C:/Users/Thomas/Desktop/TP_MISTRE/TP_PROCESSEUR/Projet_Vitis/PS_Only_ZyboZ7/zynq_fsbl/zynq_fsbl_bsp/system.mss
TRACE::2026-08-04.15:17:43::SCWPlatform::Trying to open the hw design at C:/Users/Thomas/Desktop/TP_MISTRE/TP_PROCESSEUR/Projet_Vitis/PS_Only_ZyboZ7/hw/PS_Only_ZyboZ7.xsa
TRACE::2026-08-04.15:17:43::SCWPlatform::DSA given C:/Users/Thomas/Desktop/TP_MISTRE/TP_PROCESSEUR/Projet_Vitis/PS_Only_ZyboZ7/hw/PS_Only_ZyboZ7.xsa
TRACE::2026-08-04.15:17:43::SCWPlatform::DSA absoulate path C:/Users/Thomas/Desktop/TP_MISTRE/TP_PROCESSEUR/Projet_Vitis/PS_Only_ZyboZ7/hw/PS_Only_ZyboZ7.xsa
TRACE::2026-08-04.15:17:43::SCWPlatform::DSA directory C:/Users/Thomas/Desktop/TP_MISTRE/TP_PROCESSEUR/Projet_Vitis/PS_Only_ZyboZ7/hw
TRACE::2026-08-04.15:17:43::SCWPlatform:: Platform Path C:/Users/Thomas/Desktop/TP_MISTRE/TP_PROCESSEUR/Projet_Vitis/PS_Only_ZyboZ7/hw/PS_Only_ZyboZ7.xsa
TRACE::2026-08-04.15:17:43::SCWPlatform:: Unique name xilinx:zybo-z7-20::0.0
TRACE::2026-08-04.15:17:43::SCWPlatform::Trying to set the existing hwdb with name design_1_wrapper_0
TRACE::2026-08-04.15:17:43::SCWPlatform::Opened existing hwdb design_1_wrapper_0
TRACE::2026-08-04.15:17:43::SCWPlatform::Found the Hw Db part of the input DSA
TRACE::2026-08-04.15:17:43::SCWMssOS::Checking the sw design at  C:/Users/Thomas/Desktop/TP_MISTRE/TP_PROCESSEUR/Projet_Vitis/PS_Only_ZyboZ7/zynq_fsbl/zynq_fsbl_bsp/system.mss
TRACE::2026-08-04.15:17:43::SCWMssOS::DEBUG:  swdes dump  C:/Users/Thomas/Desktop/TP_MISTRE/TP_PROCESSEUR/Projet_Vitis/PS_Only_ZyboZ7/ps7_cortexa9_0/standalone_ps7_cortexa9_0/bsp/system.mss|system_0||
C:/Users/Thomas/Desktop/TP_MISTRE/TP_PROCESSEUR/Projet_Vitis/PS_Only_ZyboZ7/zynq_fsbl/zynq_fsbl_bsp/system.mss|system||

TRACE::2026-08-04.15:17:43::SCWMssOS::Sw design exists and opened at  C:/Users/Thomas/Desktop/TP_MISTRE/TP_PROCESSEUR/Projet_Vitis/PS_Only_ZyboZ7/zynq_fsbl/zynq_fsbl_bsp/system.mss
TRACE::2026-08-04.15:17:43::SCWPlatform::Trying to open the hw design at C:/Users/Thomas/Desktop/TP_MISTRE/TP_PROCESSEUR/Projet_Vitis/PS_Only_ZyboZ7/hw/PS_Only_ZyboZ7.xsa
TRACE::2026-08-04.15:17:43::SCWPlatform::DSA given C:/Users/Thomas/Desktop/TP_MISTRE/TP_PROCESSEUR/Projet_Vitis/PS_Only_ZyboZ7/hw/PS_Only_ZyboZ7.xsa
TRACE::2026-08-04.15:17:43::SCWPlatform::DSA absoulate path C:/Users/Thomas/Desktop/TP_MISTRE/TP_PROCESSEUR/Projet_Vitis/PS_Only_ZyboZ7/hw/PS_Only_ZyboZ7.xsa
TRACE::2026-08-04.15:17:43::SCWPlatform::DSA directory C:/Users/Thomas/Desktop/TP_MISTRE/TP_PROCESSEUR/Projet_Vitis/PS_Only_ZyboZ7/hw
TRACE::2026-08-04.15:17:43::SCWPlatform:: Platform Path C:/Users/Thomas/Desktop/TP_MISTRE/TP_PROCESSEUR/Projet_Vitis/PS_Only_ZyboZ7/hw/PS_Only_ZyboZ7.xsa
TRACE::2026-08-04.15:17:43::SCWPlatform:: Unique name xilinx:zybo-z7-20::0.0
TRACE::2026-08-04.15:17:43::SCWPlatform::Trying to set the existing hwdb with name design_1_wrapper_0
TRACE::2026-08-04.15:17:43::SCWPlatform::Opened existing hwdb design_1_wrapper_0
TRACE::2026-08-04.15:17:43::SCWPlatform::Found the Hw Db part of the input DSA
TRACE::2026-08-04.15:17:43::SCWMssOS::Checking the sw design at  C:/Users/Thomas/Desktop/TP_MISTRE/TP_PROCESSEUR/Projet_Vitis/PS_Only_ZyboZ7/zynq_fsbl/zynq_fsbl_bsp/system.mss
TRACE::2026-08-04.15:17:43::SCWMssOS::DEBUG:  swdes dump  C:/Users/Thomas/Desktop/TP_MISTRE/TP_PROCESSEUR/Projet_Vitis/PS_Only_ZyboZ7/ps7_cortexa9_0/standalone_ps7_cortexa9_0/bsp/system.mss|system_0||
C:/Users/Thomas/Desktop/TP_MISTRE/TP_PROCESSEUR/Projet_Vitis/PS_Only_ZyboZ7/zynq_fsbl/zynq_fsbl_bsp/system.mss|system||

TRACE::2026-08-04.15:17:43::SCWMssOS::Sw design exists and opened at  C:/Users/Thomas/Desktop/TP_MISTRE/TP_PROCESSEUR/Projet_Vitis/PS_Only_ZyboZ7/zynq_fsbl/zynq_fsbl_bsp/system.mss
TRACE::2026-08-04.15:17:43::SCWPlatform::Trying to open the hw design at C:/Users/Thomas/Desktop/TP_MISTRE/TP_PROCESSEUR/Projet_Vitis/PS_Only_ZyboZ7/hw/PS_Only_ZyboZ7.xsa
TRACE::2026-08-04.15:17:43::SCWPlatform::DSA given C:/Users/Thomas/Desktop/TP_MISTRE/TP_PROCESSEUR/Projet_Vitis/PS_Only_ZyboZ7/hw/PS_Only_ZyboZ7.xsa
TRACE::2026-08-04.15:17:43::SCWPlatform::DSA absoulate path C:/Users/Thomas/Desktop/TP_MISTRE/TP_PROCESSEUR/Projet_Vitis/PS_Only_ZyboZ7/hw/PS_Only_ZyboZ7.xsa
TRACE::2026-08-04.15:17:43::SCWPlatform::DSA directory C:/Users/Thomas/Desktop/TP_MISTRE/TP_PROCESSEUR/Projet_Vitis/PS_Only_ZyboZ7/hw
TRACE::2026-08-04.15:17:43::SCWPlatform:: Platform Path C:/Users/Thomas/Desktop/TP_MISTRE/TP_PROCESSEUR/Projet_Vitis/PS_Only_ZyboZ7/hw/PS_Only_ZyboZ7.xsa
TRACE::2026-08-04.15:17:43::SCWPlatform:: Unique name xilinx:zybo-z7-20::0.0
TRACE::2026-08-04.15:17:43::SCWPlatform::Trying to set the existing hwdb with name design_1_wrapper_0
TRACE::2026-08-04.15:17:43::SCWPlatform::Opened existing hwdb design_1_wrapper_0
TRACE::2026-08-04.15:17:43::SCWPlatform::Found the Hw Db part of the input DSA
TRACE::2026-08-04.15:17:43::SCWMssOS::Checking the sw design at  C:/Users/Thomas/Desktop/TP_MISTRE/TP_PROCESSEUR/Projet_Vitis/PS_Only_ZyboZ7/ps7_cortexa9_0/standalone_ps7_cortexa9_0/bsp/system.mss
TRACE::2026-08-04.15:17:43::SCWMssOS::DEBUG:  swdes dump  C:/Users/Thomas/Desktop/TP_MISTRE/TP_PROCESSEUR/Projet_Vitis/PS_Only_ZyboZ7/ps7_cortexa9_0/standalone_ps7_cortexa9_0/bsp/system.mss|system_0||
C:/Users/Thomas/Desktop/TP_MISTRE/TP_PROCESSEUR/Projet_Vitis/PS_Only_ZyboZ7/zynq_fsbl/zynq_fsbl_bsp/system.mss|system||

TRACE::2026-08-04.15:17:43::SCWMssOS::Sw design exists and opened at  C:/Users/Thomas/Desktop/TP_MISTRE/TP_PROCESSEUR/Projet_Vitis/PS_Only_ZyboZ7/ps7_cortexa9_0/standalone_ps7_cortexa9_0/bsp/system.mss
TRACE::2026-08-04.15:17:43::SCWPlatform::Trying to open the hw design at C:/Users/Thomas/Desktop/TP_MISTRE/TP_PROCESSEUR/Projet_Vitis/PS_Only_ZyboZ7/hw/PS_Only_ZyboZ7.xsa
TRACE::2026-08-04.15:17:43::SCWPlatform::DSA given C:/Users/Thomas/Desktop/TP_MISTRE/TP_PROCESSEUR/Projet_Vitis/PS_Only_ZyboZ7/hw/PS_Only_ZyboZ7.xsa
TRACE::2026-08-04.15:17:43::SCWPlatform::DSA absoulate path C:/Users/Thomas/Desktop/TP_MISTRE/TP_PROCESSEUR/Projet_Vitis/PS_Only_ZyboZ7/hw/PS_Only_ZyboZ7.xsa
TRACE::2026-08-04.15:17:43::SCWPlatform::DSA directory C:/Users/Thomas/Desktop/TP_MISTRE/TP_PROCESSEUR/Projet_Vitis/PS_Only_ZyboZ7/hw
TRACE::2026-08-04.15:17:43::SCWPlatform:: Platform Path C:/Users/Thomas/Desktop/TP_MISTRE/TP_PROCESSEUR/Projet_Vitis/PS_Only_ZyboZ7/hw/PS_Only_ZyboZ7.xsa
TRACE::2026-08-04.15:17:43::SCWPlatform:: Unique name xilinx:zybo-z7-20::0.0
TRACE::2026-08-04.15:17:43::SCWPlatform::Trying to set the existing hwdb with name design_1_wrapper_0
TRACE::2026-08-04.15:17:43::SCWPlatform::Opened existing hwdb design_1_wrapper_0
TRACE::2026-08-04.15:17:43::SCWPlatform::Found the Hw Db part of the input DSA
TRACE::2026-08-04.15:17:43::SCWMssOS::Checking the sw design at  C:/Users/Thomas/Desktop/TP_MISTRE/TP_PROCESSEUR/Projet_Vitis/PS_Only_ZyboZ7/ps7_cortexa9_0/standalone_ps7_cortexa9_0/bsp/system.mss
TRACE::2026-08-04.15:17:43::SCWMssOS::DEBUG:  swdes dump  C:/Users/Thomas/Desktop/TP_MISTRE/TP_PROCESSEUR/Projet_Vitis/PS_Only_ZyboZ7/ps7_cortexa9_0/standalone_ps7_cortexa9_0/bsp/system.mss|system_0||
C:/Users/Thomas/Desktop/TP_MISTRE/TP_PROCESSEUR/Projet_Vitis/PS_Only_ZyboZ7/zynq_fsbl/zynq_fsbl_bsp/system.mss|system||

TRACE::2026-08-04.15:17:43::SCWMssOS::Sw design exists and opened at  C:/Users/Thomas/Desktop/TP_MISTRE/TP_PROCESSEUR/Projet_Vitis/PS_Only_ZyboZ7/ps7_cortexa9_0/standalone_ps7_cortexa9_0/bsp/system.mss
TRACE::2026-08-04.15:17:43::SCWPlatform::Trying to open the hw design at C:/Users/Thomas/Desktop/TP_MISTRE/TP_PROCESSEUR/Projet_Vitis/PS_Only_ZyboZ7/hw/PS_Only_ZyboZ7.xsa
TRACE::2026-08-04.15:17:43::SCWPlatform::DSA given C:/Users/Thomas/Desktop/TP_MISTRE/TP_PROCESSEUR/Projet_Vitis/PS_Only_ZyboZ7/hw/PS_Only_ZyboZ7.xsa
TRACE::2026-08-04.15:17:43::SCWPlatform::DSA absoulate path C:/Users/Thomas/Desktop/TP_MISTRE/TP_PROCESSEUR/Projet_Vitis/PS_Only_ZyboZ7/hw/PS_Only_ZyboZ7.xsa
TRACE::2026-08-04.15:17:43::SCWPlatform::DSA directory C:/Users/Thomas/Desktop/TP_MISTRE/TP_PROCESSEUR/Projet_Vitis/PS_Only_ZyboZ7/hw
TRACE::2026-08-04.15:17:43::SCWPlatform:: Platform Path C:/Users/Thomas/Desktop/TP_MISTRE/TP_PROCESSEUR/Projet_Vitis/PS_Only_ZyboZ7/hw/PS_Only_ZyboZ7.xsa
TRACE::2026-08-04.15:17:43::SCWPlatform:: Unique name xilinx:zybo-z7-20::0.0
TRACE::2026-08-04.15:17:43::SCWPlatform::Trying to set the existing hwdb with name design_1_wrapper_0
TRACE::2026-08-04.15:17:43::SCWPlatform::Opened existing hwdb design_1_wrapper_0
TRACE::2026-08-04.15:17:43::SCWPlatform::Found the Hw Db part of the input DSA
TRACE::2026-08-04.15:17:43::SCWMssOS::Checking the sw design at  C:/Users/Thomas/Desktop/TP_MISTRE/TP_PROCESSEUR/Projet_Vitis/PS_Only_ZyboZ7/ps7_cortexa9_0/standalone_ps7_cortexa9_0/bsp/system.mss
TRACE::2026-08-04.15:17:43::SCWMssOS::DEBUG:  swdes dump  C:/Users/Thomas/Desktop/TP_MISTRE/TP_PROCESSEUR/Projet_Vitis/PS_Only_ZyboZ7/ps7_cortexa9_0/standalone_ps7_cortexa9_0/bsp/system.mss|system_0||
C:/Users/Thomas/Desktop/TP_MISTRE/TP_PROCESSEUR/Projet_Vitis/PS_Only_ZyboZ7/zynq_fsbl/zynq_fsbl_bsp/system.mss|system||

TRACE::2026-08-04.15:17:43::SCWMssOS::Sw design exists and opened at  C:/Users/Thomas/Desktop/TP_MISTRE/TP_PROCESSEUR/Projet_Vitis/PS_Only_ZyboZ7/ps7_cortexa9_0/standalone_ps7_cortexa9_0/bsp/system.mss
TRACE::2026-08-04.15:17:43::SCWWriter::formatted JSON is {
	"platformName":	"PS_Only_ZyboZ7",
	"sprVersion":	"2.0",
	"mode":	"gui",
	"dsaType":	"Fixed",
	"platformDesc":	"PS_Only_ZyboZ7",
	"platHandOff":	"<platformDir>.xsa",
	"platIntHandOff":	"<platformDir>/hw/PS_Only_ZyboZ7.xsa",
	"deviceType":	"zynq",
	"platIsPrebuiltAutogen":	"false",
	"platIsNoBootBsp":	"false",
	"platFsblTarget":	"ps7_cortexa9_0",
	"hasFsblMakeHasChanges":	"false",
	"hasPmufwMakeHasChanges":	"false",
	"fsblExtraCompilerFlags":	"-MMD -MP       -mcpu=cortex-a9 -mfpu=vfpv3 -mfloat-abi=hard ",
	"platPreBuiltFlag":	false,
	"platformSamplesDir":	"",
	"platActiveSys":	"PS_Only_ZyboZ7",
	"systems":	[{
			"systemName":	"PS_Only_ZyboZ7",
			"systemDesc":	"PS_Only_ZyboZ7",
			"sysIsBootAutoGen":	"true",
			"systemDispName":	"PS_Only_ZyboZ7",
			"sysActiveDom":	"standalone_ps7_cortexa9_0",
			"sysDefaultDom":	"standalone_ps7_cortexa9_0",
			"domains":	[{
					"domainName":	"zynq_fsbl",
					"domainDispName":	"zynq_fsbl",
					"domainDesc":	"FSBL Application BSP - Auto Generated.",
					"processors":	"ps7_cortexa9_0",
					"os":	"standalone",
					"sdxOs":	"standalone",
					"debugEnable":	"",
					"domRuntimes":	["cpp"],
					"swRepo":	"",
					"mssOsVer":	"7.3",
					"mssFile":	"",
					"md5Digest":	"d4dce1e3283be35b8cb204de15302e33",
					"compatibleApp":	"zynq_fsbl",
					"domType":	"bootDomain",
					"arch":	"32-bit",
					"appSettings":	{
						"appCompilerFlags":	"",
						"appLinkerFlags":	""
					},
					"addedLibs":	["xilffs:4.4", "xilrsa:1.6"],
					"libOptions":	{
						"libsContainingOptions":	[]
					},
					"prebuiltLibs":	{
						"prebuiltIncPath":	[],
						"prebuiltLibPath":	[]
					},
					"isolation":	{
					}
				}, {
					"domainName":	"standalone_ps7_cortexa9_0",
					"domainDispName":	"standalone_ps7_cortexa9_0",
					"domainDesc":	"standalone_ps7_cortexa9_0",
					"processors":	"ps7_cortexa9_0",
					"os":	"standalone",
					"sdxOs":	"standalone",
					"qemuArgs":	"C:/Xilinx/Vitis/2020.2/data/emulation/platforms/zynq/sw/a9_standalone/qemu/qemu_args.txt",
					"qemuData":	"C:/Xilinx/Vitis/2020.2/data/emulation/platforms/zynq/sw/a9_standalone/qemu/",
					"debugEnable":	"False",
					"domRuntimes":	["cpp"],
					"swRepo":	"",
					"mssOsVer":	"7.3",
					"mssFile":	"",
					"md5Digest":	"ea3a8c353fcc4eb0b32c84eda9a1f60f",
					"compatibleApp":	"hello_world",
					"domType":	"mssDomain",
					"arch":	"32-bit",
					"appSettings":	{
						"appCompilerFlags":	"",
						"appLinkerFlags":	""
					},
					"addedLibs":	[],
					"libOptions":	{
						"libsContainingOptions":	[]
					},
					"prebuiltLibs":	{
						"prebuiltIncPath":	[],
						"prebuiltLibPath":	[]
					},
					"isolation":	{
					}
				}]
		}]
}
LOG::2026-08-04.15:17:43::SCWPlatform::Started generating the artifacts platform PS_Only_ZyboZ7
TRACE::2026-08-04.15:17:43::SCWPlatform::Sanity checking of platform is completed
LOG::2026-08-04.15:17:43::SCWPlatform::Started generating the artifacts for system configuration PS_Only_ZyboZ7
LOG::2026-08-04.15:17:43::SCWSystem::Checking the domain zynq_fsbl
LOG::2026-08-04.15:17:43::SCWSystem::Doing application build for :  zynq_fsbl
TRACE::2026-08-04.15:17:43::SCWBDomain::Not a forced makefile updation, No changes are present. 
TRACE::2026-08-04.15:17:43::SCWDomain::Skipping the build for domain :  zynq_fsbl
LOG::2026-08-04.15:17:43::SCWSystem::Checking the domain standalone_ps7_cortexa9_0
LOG::2026-08-04.15:17:43::SCWSystem::Not a boot domain 
LOG::2026-08-04.15:17:43::SCWSystem::Started Processing the domain standalone_ps7_cortexa9_0
TRACE::2026-08-04.15:17:43::SCWDomain::Generating domain artifcats
TRACE::2026-08-04.15:17:43::SCWMssOS::Generating standalone artifcats
TRACE::2026-08-04.15:17:43::SCWMssOS::Copying the qemu file from  C:/Xilinx/Vitis/2020.2/data/emulation/platforms/zynq/sw/a9_standalone/qemu/qemu_args.txt To C:/Users/Thomas/Desktop/TP_MISTRE/TP_PROCESSEUR/Projet_Vitis/PS_Only_ZyboZ7/export/PS_Only_ZyboZ7/sw/PS_Only_ZyboZ7/qemu/
TRACE::2026-08-04.15:17:43::SCWMssOS::Copying the qemu file from  C:/Xilinx/Vitis/2020.2/data/emulation/platforms/zynq/sw/a9_standalone/qemu/qemu_args.txt To C:/Users/Thomas/Desktop/TP_MISTRE/TP_PROCESSEUR/Projet_Vitis/PS_Only_ZyboZ7/export/PS_Only_ZyboZ7/sw/PS_Only_ZyboZ7/standalone_ps7_cortexa9_0/qemu/
TRACE::2026-08-04.15:17:43::SCWMssOS:: Copying the user libraries. 
TRACE::2026-08-04.15:17:43::SCWPlatform::Trying to open the hw design at C:/Users/Thomas/Desktop/TP_MISTRE/TP_PROCESSEUR/Projet_Vitis/PS_Only_ZyboZ7/hw/PS_Only_ZyboZ7.xsa
TRACE::2026-08-04.15:17:43::SCWPlatform::DSA given C:/Users/Thomas/Desktop/TP_MISTRE/TP_PROCESSEUR/Projet_Vitis/PS_Only_ZyboZ7/hw/PS_Only_ZyboZ7.xsa
TRACE::2026-08-04.15:17:43::SCWPlatform::DSA absoulate path C:/Users/Thomas/Desktop/TP_MISTRE/TP_PROCESSEUR/Projet_Vitis/PS_Only_ZyboZ7/hw/PS_Only_ZyboZ7.xsa
TRACE::2026-08-04.15:17:43::SCWPlatform::DSA directory C:/Users/Thomas/Desktop/TP_MISTRE/TP_PROCESSEUR/Projet_Vitis/PS_Only_ZyboZ7/hw
TRACE::2026-08-04.15:17:43::SCWPlatform:: Platform Path C:/Users/Thomas/Desktop/TP_MISTRE/TP_PROCESSEUR/Projet_Vitis/PS_Only_ZyboZ7/hw/PS_Only_ZyboZ7.xsa
TRACE::2026-08-04.15:17:43::SCWPlatform:: Unique name xilinx:zybo-z7-20::0.0
TRACE::2026-08-04.15:17:43::SCWPlatform::Trying to set the existing hwdb with name design_1_wrapper_0
TRACE::2026-08-04.15:17:43::SCWPlatform::Opened existing hwdb design_1_wrapper_0
TRACE::2026-08-04.15:17:43::SCWPlatform::Found the Hw Db part of the input DSA
TRACE::2026-08-04.15:17:43::SCWMssOS::Checking the sw design at  C:/Users/Thomas/Desktop/TP_MISTRE/TP_PROCESSEUR/Projet_Vitis/PS_Only_ZyboZ7/ps7_cortexa9_0/standalone_ps7_cortexa9_0/bsp/system.mss
TRACE::2026-08-04.15:17:43::SCWMssOS::DEBUG:  swdes dump  C:/Users/Thomas/Desktop/TP_MISTRE/TP_PROCESSEUR/Projet_Vitis/PS_Only_ZyboZ7/ps7_cortexa9_0/standalone_ps7_cortexa9_0/bsp/system.mss|system_0||
C:/Users/Thomas/Desktop/TP_MISTRE/TP_PROCESSEUR/Projet_Vitis/PS_Only_ZyboZ7/zynq_fsbl/zynq_fsbl_bsp/system.mss|system||

TRACE::2026-08-04.15:17:43::SCWMssOS::Sw design exists and opened at  C:/Users/Thomas/Desktop/TP_MISTRE/TP_PROCESSEUR/Projet_Vitis/PS_Only_ZyboZ7/ps7_cortexa9_0/standalone_ps7_cortexa9_0/bsp/system.mss
TRACE::2026-08-04.15:17:43::SCWMssOS::Completed writing the mss file at C:/Users/Thomas/Desktop/TP_MISTRE/TP_PROCESSEUR/Projet_Vitis/PS_Only_ZyboZ7/ps7_cortexa9_0/standalone_ps7_cortexa9_0/bsp
TRACE::2026-08-04.15:17:43::SCWMssOS::Mss edits present, copying mssfile into export location C:/Users/Thomas/Desktop/TP_MISTRE/TP_PROCESSEUR/Projet_Vitis/PS_Only_ZyboZ7/ps7_cortexa9_0/standalone_ps7_cortexa9_0/bsp/system.mss
TRACE::2026-08-04.15:17:43::SCWMssOS::bsp generated is upto date with the mss file. Skipping bsp generation.
TRACE::2026-08-04.15:17:43::SCWMssOS::BSP is already built. skipping the bsp build ... 
TRACE::2026-08-04.15:17:43::SCWDomain::Skipping the build for domain :  standalone_ps7_cortexa9_0
TRACE::2026-08-04.15:17:43::SCWMssOS::skipping the bsp build ... 
TRACE::2026-08-04.15:17:43::SCWMssOS::Copying to export directory.
TRACE::2026-08-04.15:17:43::SCWMssOS:: Checking if to create the Supporting Applications
TRACE::2026-08-04.15:17:43::SCWMssOS:: No Linux domain exists, trying to generate FSBL 
TRACE::2026-08-04.15:17:43::SCWMssOS:: Completed Standalone Artifacts creation 
LOG::2026-08-04.15:17:43::SCWSystem::Completed Processing the domain standalone_ps7_cortexa9_0
LOG::2026-08-04.15:17:43::SCWSystem::Completed Processing the sysconfig PS_Only_ZyboZ7
LOG::2026-08-04.15:17:43::SCWPlatform::Completed generating the artifacts for system configuration PS_Only_ZyboZ7
TRACE::2026-08-04.15:17:43::SCWPlatform::Started preparing the platform 
TRACE::2026-08-04.15:17:43::SCWSystem::Writing the bif file for system config PS_Only_ZyboZ7
TRACE::2026-08-04.15:17:43::SCWSystem::dir created 
TRACE::2026-08-04.15:17:43::SCWSystem::Writing the bif 
TRACE::2026-08-04.15:17:43::SCWPlatform::Started writing the spfm file 
TRACE::2026-08-04.15:17:43::SCWPlatform::Started writing the xpfm file 
TRACE::2026-08-04.15:17:43::SCWPlatform::Completed generating the platform
TRACE::2026-08-04.15:17:43::SCWMssOS::Saving the mss changes C:/Users/Thomas/Desktop/TP_MISTRE/TP_PROCESSEUR/Projet_Vitis/PS_Only_ZyboZ7/zynq_fsbl/zynq_fsbl_bsp/system.mss
TRACE::2026-08-04.15:17:43::SCWMssOS::Found a swdesign opened with the mssfile.
TRACE::2026-08-04.15:17:43::SCWMssOS::Completed writemss as part of save.
TRACE::2026-08-04.15:17:43::SCWMssOS::Commit changes completed.
TRACE::2026-08-04.15:17:43::SCWMssOS::Saving the mss changes C:/Users/Thomas/Desktop/TP_MISTRE/TP_PROCESSEUR/Projet_Vitis/PS_Only_ZyboZ7/ps7_cortexa9_0/standalone_ps7_cortexa9_0/bsp/system.mss
TRACE::2026-08-04.15:17:43::SCWMssOS::Found a swdesign opened with the mssfile.
TRACE::2026-08-04.15:17:43::SCWMssOS::Completed writemss as part of save.
TRACE::2026-08-04.15:17:43::SCWMssOS::Commit changes completed.
TRACE::2026-08-04.15:17:43::SCWPlatform::Trying to open the hw design at C:/Users/Thomas/Desktop/TP_MISTRE/TP_PROCESSEUR/Projet_Vitis/PS_Only_ZyboZ7/hw/PS_Only_ZyboZ7.xsa
TRACE::2026-08-04.15:17:43::SCWPlatform::DSA given C:/Users/Thomas/Desktop/TP_MISTRE/TP_PROCESSEUR/Projet_Vitis/PS_Only_ZyboZ7/hw/PS_Only_ZyboZ7.xsa
TRACE::2026-08-04.15:17:43::SCWPlatform::DSA absoulate path C:/Users/Thomas/Desktop/TP_MISTRE/TP_PROCESSEUR/Projet_Vitis/PS_Only_ZyboZ7/hw/PS_Only_ZyboZ7.xsa
TRACE::2026-08-04.15:17:43::SCWPlatform::DSA directory C:/Users/Thomas/Desktop/TP_MISTRE/TP_PROCESSEUR/Projet_Vitis/PS_Only_ZyboZ7/hw
TRACE::2026-08-04.15:17:43::SCWPlatform:: Platform Path C:/Users/Thomas/Desktop/TP_MISTRE/TP_PROCESSEUR/Projet_Vitis/PS_Only_ZyboZ7/hw/PS_Only_ZyboZ7.xsa
TRACE::2026-08-04.15:17:43::SCWPlatform:: Unique name xilinx:zybo-z7-20::0.0
TRACE::2026-08-04.15:17:43::SCWPlatform::Trying to set the existing hwdb with name design_1_wrapper_0
TRACE::2026-08-04.15:17:43::SCWPlatform::Opened existing hwdb design_1_wrapper_0
TRACE::2026-08-04.15:17:43::SCWPlatform::Found the Hw Db part of the input DSA
TRACE::2026-08-04.15:17:43::SCWMssOS::Checking the sw design at  C:/Users/Thomas/Desktop/TP_MISTRE/TP_PROCESSEUR/Projet_Vitis/PS_Only_ZyboZ7/zynq_fsbl/zynq_fsbl_bsp/system.mss
TRACE::2026-08-04.15:17:43::SCWMssOS::DEBUG:  swdes dump  C:/Users/Thomas/Desktop/TP_MISTRE/TP_PROCESSEUR/Projet_Vitis/PS_Only_ZyboZ7/ps7_cortexa9_0/standalone_ps7_cortexa9_0/bsp/system.mss|system_0||
C:/Users/Thomas/Desktop/TP_MISTRE/TP_PROCESSEUR/Projet_Vitis/PS_Only_ZyboZ7/zynq_fsbl/zynq_fsbl_bsp/system.mss|system||

TRACE::2026-08-04.15:17:43::SCWMssOS::Sw design exists and opened at  C:/Users/Thomas/Desktop/TP_MISTRE/TP_PROCESSEUR/Projet_Vitis/PS_Only_ZyboZ7/zynq_fsbl/zynq_fsbl_bsp/system.mss
TRACE::2026-08-04.15:17:43::SCWPlatform::Trying to open the hw design at C:/Users/Thomas/Desktop/TP_MISTRE/TP_PROCESSEUR/Projet_Vitis/PS_Only_ZyboZ7/hw/PS_Only_ZyboZ7.xsa
TRACE::2026-08-04.15:17:43::SCWPlatform::DSA given C:/Users/Thomas/Desktop/TP_MISTRE/TP_PROCESSEUR/Projet_Vitis/PS_Only_ZyboZ7/hw/PS_Only_ZyboZ7.xsa
TRACE::2026-08-04.15:17:43::SCWPlatform::DSA absoulate path C:/Users/Thomas/Desktop/TP_MISTRE/TP_PROCESSEUR/Projet_Vitis/PS_Only_ZyboZ7/hw/PS_Only_ZyboZ7.xsa
TRACE::2026-08-04.15:17:43::SCWPlatform::DSA directory C:/Users/Thomas/Desktop/TP_MISTRE/TP_PROCESSEUR/Projet_Vitis/PS_Only_ZyboZ7/hw
TRACE::2026-08-04.15:17:43::SCWPlatform:: Platform Path C:/Users/Thomas/Desktop/TP_MISTRE/TP_PROCESSEUR/Projet_Vitis/PS_Only_ZyboZ7/hw/PS_Only_ZyboZ7.xsa
TRACE::2026-08-04.15:17:43::SCWPlatform:: Unique name xilinx:zybo-z7-20::0.0
TRACE::2026-08-04.15:17:43::SCWPlatform::Trying to set the existing hwdb with name design_1_wrapper_0
TRACE::2026-08-04.15:17:43::SCWPlatform::Opened existing hwdb design_1_wrapper_0
TRACE::2026-08-04.15:17:43::SCWPlatform::Found the Hw Db part of the input DSA
TRACE::2026-08-04.15:17:43::SCWMssOS::Checking the sw design at  C:/Users/Thomas/Desktop/TP_MISTRE/TP_PROCESSEUR/Projet_Vitis/PS_Only_ZyboZ7/zynq_fsbl/zynq_fsbl_bsp/system.mss
TRACE::2026-08-04.15:17:43::SCWMssOS::DEBUG:  swdes dump  C:/Users/Thomas/Desktop/TP_MISTRE/TP_PROCESSEUR/Projet_Vitis/PS_Only_ZyboZ7/ps7_cortexa9_0/standalone_ps7_cortexa9_0/bsp/system.mss|system_0||
C:/Users/Thomas/Desktop/TP_MISTRE/TP_PROCESSEUR/Projet_Vitis/PS_Only_ZyboZ7/zynq_fsbl/zynq_fsbl_bsp/system.mss|system||

TRACE::2026-08-04.15:17:43::SCWMssOS::Sw design exists and opened at  C:/Users/Thomas/Desktop/TP_MISTRE/TP_PROCESSEUR/Projet_Vitis/PS_Only_ZyboZ7/zynq_fsbl/zynq_fsbl_bsp/system.mss
TRACE::2026-08-04.15:17:43::SCWPlatform::Trying to open the hw design at C:/Users/Thomas/Desktop/TP_MISTRE/TP_PROCESSEUR/Projet_Vitis/PS_Only_ZyboZ7/hw/PS_Only_ZyboZ7.xsa
TRACE::2026-08-04.15:17:43::SCWPlatform::DSA given C:/Users/Thomas/Desktop/TP_MISTRE/TP_PROCESSEUR/Projet_Vitis/PS_Only_ZyboZ7/hw/PS_Only_ZyboZ7.xsa
TRACE::2026-08-04.15:17:43::SCWPlatform::DSA absoulate path C:/Users/Thomas/Desktop/TP_MISTRE/TP_PROCESSEUR/Projet_Vitis/PS_Only_ZyboZ7/hw/PS_Only_ZyboZ7.xsa
TRACE::2026-08-04.15:17:43::SCWPlatform::DSA directory C:/Users/Thomas/Desktop/TP_MISTRE/TP_PROCESSEUR/Projet_Vitis/PS_Only_ZyboZ7/hw
TRACE::2026-08-04.15:17:43::SCWPlatform:: Platform Path C:/Users/Thomas/Desktop/TP_MISTRE/TP_PROCESSEUR/Projet_Vitis/PS_Only_ZyboZ7/hw/PS_Only_ZyboZ7.xsa
TRACE::2026-08-04.15:17:43::SCWPlatform:: Unique name xilinx:zybo-z7-20::0.0
TRACE::2026-08-04.15:17:43::SCWPlatform::Trying to set the existing hwdb with name design_1_wrapper_0
TRACE::2026-08-04.15:17:43::SCWPlatform::Opened existing hwdb design_1_wrapper_0
TRACE::2026-08-04.15:17:43::SCWPlatform::Found the Hw Db part of the input DSA
TRACE::2026-08-04.15:17:43::SCWMssOS::Checking the sw design at  C:/Users/Thomas/Desktop/TP_MISTRE/TP_PROCESSEUR/Projet_Vitis/PS_Only_ZyboZ7/zynq_fsbl/zynq_fsbl_bsp/system.mss
TRACE::2026-08-04.15:17:43::SCWMssOS::DEBUG:  swdes dump  C:/Users/Thomas/Desktop/TP_MISTRE/TP_PROCESSEUR/Projet_Vitis/PS_Only_ZyboZ7/ps7_cortexa9_0/standalone_ps7_cortexa9_0/bsp/system.mss|system_0||
C:/Users/Thomas/Desktop/TP_MISTRE/TP_PROCESSEUR/Projet_Vitis/PS_Only_ZyboZ7/zynq_fsbl/zynq_fsbl_bsp/system.mss|system||

TRACE::2026-08-04.15:17:43::SCWMssOS::Sw design exists and opened at  C:/Users/Thomas/Desktop/TP_MISTRE/TP_PROCESSEUR/Projet_Vitis/PS_Only_ZyboZ7/zynq_fsbl/zynq_fsbl_bsp/system.mss
TRACE::2026-08-04.15:17:43::SCWPlatform::Trying to open the hw design at C:/Users/Thomas/Desktop/TP_MISTRE/TP_PROCESSEUR/Projet_Vitis/PS_Only_ZyboZ7/hw/PS_Only_ZyboZ7.xsa
TRACE::2026-08-04.15:17:43::SCWPlatform::DSA given C:/Users/Thomas/Desktop/TP_MISTRE/TP_PROCESSEUR/Projet_Vitis/PS_Only_ZyboZ7/hw/PS_Only_ZyboZ7.xsa
TRACE::2026-08-04.15:17:43::SCWPlatform::DSA absoulate path C:/Users/Thomas/Desktop/TP_MISTRE/TP_PROCESSEUR/Projet_Vitis/PS_Only_ZyboZ7/hw/PS_Only_ZyboZ7.xsa
TRACE::2026-08-04.15:17:43::SCWPlatform::DSA directory C:/Users/Thomas/Desktop/TP_MISTRE/TP_PROCESSEUR/Projet_Vitis/PS_Only_ZyboZ7/hw
TRACE::2026-08-04.15:17:43::SCWPlatform:: Platform Path C:/Users/Thomas/Desktop/TP_MISTRE/TP_PROCESSEUR/Projet_Vitis/PS_Only_ZyboZ7/hw/PS_Only_ZyboZ7.xsa
TRACE::2026-08-04.15:17:43::SCWPlatform:: Unique name xilinx:zybo-z7-20::0.0
TRACE::2026-08-04.15:17:43::SCWPlatform::Trying to set the existing hwdb with name design_1_wrapper_0
TRACE::2026-08-04.15:17:43::SCWPlatform::Opened existing hwdb design_1_wrapper_0
TRACE::2026-08-04.15:17:43::SCWPlatform::Found the Hw Db part of the input DSA
TRACE::2026-08-04.15:17:43::SCWMssOS::Checking the sw design at  C:/Users/Thomas/Desktop/TP_MISTRE/TP_PROCESSEUR/Projet_Vitis/PS_Only_ZyboZ7/ps7_cortexa9_0/standalone_ps7_cortexa9_0/bsp/system.mss
TRACE::2026-08-04.15:17:43::SCWMssOS::DEBUG:  swdes dump  C:/Users/Thomas/Desktop/TP_MISTRE/TP_PROCESSEUR/Projet_Vitis/PS_Only_ZyboZ7/ps7_cortexa9_0/standalone_ps7_cortexa9_0/bsp/system.mss|system_0||
C:/Users/Thomas/Desktop/TP_MISTRE/TP_PROCESSEUR/Projet_Vitis/PS_Only_ZyboZ7/zynq_fsbl/zynq_fsbl_bsp/system.mss|system||

TRACE::2026-08-04.15:17:43::SCWMssOS::Sw design exists and opened at  C:/Users/Thomas/Desktop/TP_MISTRE/TP_PROCESSEUR/Projet_Vitis/PS_Only_ZyboZ7/ps7_cortexa9_0/standalone_ps7_cortexa9_0/bsp/system.mss
TRACE::2026-08-04.15:17:43::SCWPlatform::Trying to open the hw design at C:/Users/Thomas/Desktop/TP_MISTRE/TP_PROCESSEUR/Projet_Vitis/PS_Only_ZyboZ7/hw/PS_Only_ZyboZ7.xsa
TRACE::2026-08-04.15:17:43::SCWPlatform::DSA given C:/Users/Thomas/Desktop/TP_MISTRE/TP_PROCESSEUR/Projet_Vitis/PS_Only_ZyboZ7/hw/PS_Only_ZyboZ7.xsa
TRACE::2026-08-04.15:17:43::SCWPlatform::DSA absoulate path C:/Users/Thomas/Desktop/TP_MISTRE/TP_PROCESSEUR/Projet_Vitis/PS_Only_ZyboZ7/hw/PS_Only_ZyboZ7.xsa
TRACE::2026-08-04.15:17:43::SCWPlatform::DSA directory C:/Users/Thomas/Desktop/TP_MISTRE/TP_PROCESSEUR/Projet_Vitis/PS_Only_ZyboZ7/hw
TRACE::2026-08-04.15:17:43::SCWPlatform:: Platform Path C:/Users/Thomas/Desktop/TP_MISTRE/TP_PROCESSEUR/Projet_Vitis/PS_Only_ZyboZ7/hw/PS_Only_ZyboZ7.xsa
TRACE::2026-08-04.15:17:43::SCWPlatform:: Unique name xilinx:zybo-z7-20::0.0
TRACE::2026-08-04.15:17:43::SCWPlatform::Trying to set the existing hwdb with name design_1_wrapper_0
TRACE::2026-08-04.15:17:43::SCWPlatform::Opened existing hwdb design_1_wrapper_0
TRACE::2026-08-04.15:17:43::SCWPlatform::Found the Hw Db part of the input DSA
TRACE::2026-08-04.15:17:43::SCWMssOS::Checking the sw design at  C:/Users/Thomas/Desktop/TP_MISTRE/TP_PROCESSEUR/Projet_Vitis/PS_Only_ZyboZ7/ps7_cortexa9_0/standalone_ps7_cortexa9_0/bsp/system.mss
TRACE::2026-08-04.15:17:43::SCWMssOS::DEBUG:  swdes dump  C:/Users/Thomas/Desktop/TP_MISTRE/TP_PROCESSEUR/Projet_Vitis/PS_Only_ZyboZ7/ps7_cortexa9_0/standalone_ps7_cortexa9_0/bsp/system.mss|system_0||
C:/Users/Thomas/Desktop/TP_MISTRE/TP_PROCESSEUR/Projet_Vitis/PS_Only_ZyboZ7/zynq_fsbl/zynq_fsbl_bsp/system.mss|system||

TRACE::2026-08-04.15:17:43::SCWMssOS::Sw design exists and opened at  C:/Users/Thomas/Desktop/TP_MISTRE/TP_PROCESSEUR/Projet_Vitis/PS_Only_ZyboZ7/ps7_cortexa9_0/standalone_ps7_cortexa9_0/bsp/system.mss
TRACE::2026-08-04.15:17:43::SCWPlatform::Trying to open the hw design at C:/Users/Thomas/Desktop/TP_MISTRE/TP_PROCESSEUR/Projet_Vitis/PS_Only_ZyboZ7/hw/PS_Only_ZyboZ7.xsa
TRACE::2026-08-04.15:17:43::SCWPlatform::DSA given C:/Users/Thomas/Desktop/TP_MISTRE/TP_PROCESSEUR/Projet_Vitis/PS_Only_ZyboZ7/hw/PS_Only_ZyboZ7.xsa
TRACE::2026-08-04.15:17:43::SCWPlatform::DSA absoulate path C:/Users/Thomas/Desktop/TP_MISTRE/TP_PROCESSEUR/Projet_Vitis/PS_Only_ZyboZ7/hw/PS_Only_ZyboZ7.xsa
TRACE::2026-08-04.15:17:43::SCWPlatform::DSA directory C:/Users/Thomas/Desktop/TP_MISTRE/TP_PROCESSEUR/Projet_Vitis/PS_Only_ZyboZ7/hw
TRACE::2026-08-04.15:17:43::SCWPlatform:: Platform Path C:/Users/Thomas/Desktop/TP_MISTRE/TP_PROCESSEUR/Projet_Vitis/PS_Only_ZyboZ7/hw/PS_Only_ZyboZ7.xsa
TRACE::2026-08-04.15:17:43::SCWPlatform:: Unique name xilinx:zybo-z7-20::0.0
TRACE::2026-08-04.15:17:43::SCWPlatform::Trying to set the existing hwdb with name design_1_wrapper_0
TRACE::2026-08-04.15:17:43::SCWPlatform::Opened existing hwdb design_1_wrapper_0
TRACE::2026-08-04.15:17:43::SCWPlatform::Found the Hw Db part of the input DSA
TRACE::2026-08-04.15:17:43::SCWMssOS::Checking the sw design at  C:/Users/Thomas/Desktop/TP_MISTRE/TP_PROCESSEUR/Projet_Vitis/PS_Only_ZyboZ7/ps7_cortexa9_0/standalone_ps7_cortexa9_0/bsp/system.mss
TRACE::2026-08-04.15:17:43::SCWMssOS::DEBUG:  swdes dump  C:/Users/Thomas/Desktop/TP_MISTRE/TP_PROCESSEUR/Projet_Vitis/PS_Only_ZyboZ7/ps7_cortexa9_0/standalone_ps7_cortexa9_0/bsp/system.mss|system_0||
C:/Users/Thomas/Desktop/TP_MISTRE/TP_PROCESSEUR/Projet_Vitis/PS_Only_ZyboZ7/zynq_fsbl/zynq_fsbl_bsp/system.mss|system||

TRACE::2026-08-04.15:17:43::SCWMssOS::Sw design exists and opened at  C:/Users/Thomas/Desktop/TP_MISTRE/TP_PROCESSEUR/Projet_Vitis/PS_Only_ZyboZ7/ps7_cortexa9_0/standalone_ps7_cortexa9_0/bsp/system.mss
TRACE::2026-08-04.15:17:43::SCWWriter::formatted JSON is {
	"platformName":	"PS_Only_ZyboZ7",
	"sprVersion":	"2.0",
	"mode":	"gui",
	"dsaType":	"Fixed",
	"platformDesc":	"PS_Only_ZyboZ7",
	"platHandOff":	"<platformDir>.xsa",
	"platIntHandOff":	"<platformDir>/hw/PS_Only_ZyboZ7.xsa",
	"deviceType":	"zynq",
	"platIsPrebuiltAutogen":	"false",
	"platIsNoBootBsp":	"false",
	"platFsblTarget":	"ps7_cortexa9_0",
	"hasFsblMakeHasChanges":	"false",
	"hasPmufwMakeHasChanges":	"false",
	"fsblExtraCompilerFlags":	"-MMD -MP       -mcpu=cortex-a9 -mfpu=vfpv3 -mfloat-abi=hard ",
	"platPreBuiltFlag":	false,
	"platformSamplesDir":	"",
	"platActiveSys":	"PS_Only_ZyboZ7",
	"systems":	[{
			"systemName":	"PS_Only_ZyboZ7",
			"systemDesc":	"PS_Only_ZyboZ7",
			"sysIsBootAutoGen":	"true",
			"systemDispName":	"PS_Only_ZyboZ7",
			"sysActiveDom":	"standalone_ps7_cortexa9_0",
			"sysDefaultDom":	"standalone_ps7_cortexa9_0",
			"domains":	[{
					"domainName":	"zynq_fsbl",
					"domainDispName":	"zynq_fsbl",
					"domainDesc":	"FSBL Application BSP - Auto Generated.",
					"processors":	"ps7_cortexa9_0",
					"os":	"standalone",
					"sdxOs":	"standalone",
					"debugEnable":	"",
					"domRuntimes":	["cpp"],
					"swRepo":	"",
					"mssOsVer":	"7.3",
					"mssFile":	"",
					"md5Digest":	"d4dce1e3283be35b8cb204de15302e33",
					"compatibleApp":	"zynq_fsbl",
					"domType":	"bootDomain",
					"arch":	"32-bit",
					"appSettings":	{
						"appCompilerFlags":	"",
						"appLinkerFlags":	""
					},
					"addedLibs":	["xilffs:4.4", "xilrsa:1.6"],
					"libOptions":	{
						"libsContainingOptions":	[]
					},
					"prebuiltLibs":	{
						"prebuiltIncPath":	[],
						"prebuiltLibPath":	[]
					},
					"isolation":	{
					}
				}, {
					"domainName":	"standalone_ps7_cortexa9_0",
					"domainDispName":	"standalone_ps7_cortexa9_0",
					"domainDesc":	"standalone_ps7_cortexa9_0",
					"processors":	"ps7_cortexa9_0",
					"os":	"standalone",
					"sdxOs":	"standalone",
					"qemuArgs":	"C:/Xilinx/Vitis/2020.2/data/emulation/platforms/zynq/sw/a9_standalone/qemu/qemu_args.txt",
					"qemuData":	"C:/Xilinx/Vitis/2020.2/data/emulation/platforms/zynq/sw/a9_standalone/qemu/",
					"debugEnable":	"False",
					"domRuntimes":	["cpp"],
					"swRepo":	"",
					"mssOsVer":	"7.3",
					"mssFile":	"",
					"md5Digest":	"ea3a8c353fcc4eb0b32c84eda9a1f60f",
					"compatibleApp":	"hello_world",
					"domType":	"mssDomain",
					"arch":	"32-bit",
					"appSettings":	{
						"appCompilerFlags":	"",
						"appLinkerFlags":	""
					},
					"addedLibs":	[],
					"libOptions":	{
						"libsContainingOptions":	[]
					},
					"prebuiltLibs":	{
						"prebuiltIncPath":	[],
						"prebuiltLibPath":	[]
					},
					"isolation":	{
					}
				}]
		}]
}
KEYINFO::2026-08-04.15:17:43::SCWPlatform::updated the xpfm file.
TRACE::2026-08-04.15:17:43::SCWPlatform::Trying to open the hw design at C:/Users/Thomas/Desktop/TP_MISTRE/TP_PROCESSEUR/Projet_Vitis/PS_Only_ZyboZ7/hw/PS_Only_ZyboZ7.xsa
TRACE::2026-08-04.15:17:43::SCWPlatform::DSA given C:/Users/Thomas/Desktop/TP_MISTRE/TP_PROCESSEUR/Projet_Vitis/PS_Only_ZyboZ7/hw/PS_Only_ZyboZ7.xsa
TRACE::2026-08-04.15:17:43::SCWPlatform::DSA absoulate path C:/Users/Thomas/Desktop/TP_MISTRE/TP_PROCESSEUR/Projet_Vitis/PS_Only_ZyboZ7/hw/PS_Only_ZyboZ7.xsa
TRACE::2026-08-04.15:17:43::SCWPlatform::DSA directory C:/Users/Thomas/Desktop/TP_MISTRE/TP_PROCESSEUR/Projet_Vitis/PS_Only_ZyboZ7/hw
TRACE::2026-08-04.15:17:43::SCWPlatform:: Platform Path C:/Users/Thomas/Desktop/TP_MISTRE/TP_PROCESSEUR/Projet_Vitis/PS_Only_ZyboZ7/hw/PS_Only_ZyboZ7.xsa
TRACE::2026-08-04.15:17:43::SCWPlatform:: Unique name xilinx:zybo-z7-20::0.0
TRACE::2026-08-04.15:17:43::SCWPlatform::Trying to set the existing hwdb with name design_1_wrapper_0
TRACE::2026-08-04.15:17:43::SCWPlatform::Opened existing hwdb design_1_wrapper_0
TRACE::2026-08-04.15:17:43::SCWPlatform::Found the Hw Db part of the input DSA
TRACE::2026-08-04.15:17:43::SCWMssOS::Checking the sw design at  C:/Users/Thomas/Desktop/TP_MISTRE/TP_PROCESSEUR/Projet_Vitis/PS_Only_ZyboZ7/ps7_cortexa9_0/standalone_ps7_cortexa9_0/bsp/system.mss
TRACE::2026-08-04.15:17:43::SCWMssOS::DEBUG:  swdes dump  C:/Users/Thomas/Desktop/TP_MISTRE/TP_PROCESSEUR/Projet_Vitis/PS_Only_ZyboZ7/ps7_cortexa9_0/standalone_ps7_cortexa9_0/bsp/system.mss|system_0||
C:/Users/Thomas/Desktop/TP_MISTRE/TP_PROCESSEUR/Projet_Vitis/PS_Only_ZyboZ7/zynq_fsbl/zynq_fsbl_bsp/system.mss|system||

TRACE::2026-08-04.15:17:43::SCWMssOS::Sw design exists and opened at  C:/Users/Thomas/Desktop/TP_MISTRE/TP_PROCESSEUR/Projet_Vitis/PS_Only_ZyboZ7/ps7_cortexa9_0/standalone_ps7_cortexa9_0/bsp/system.mss
TRACE::2026-08-04.15:17:43::SCWMssOS::Saving the mss changes C:/Users/Thomas/Desktop/TP_MISTRE/TP_PROCESSEUR/Projet_Vitis/PS_Only_ZyboZ7/zynq_fsbl/zynq_fsbl_bsp/system.mss
TRACE::2026-08-04.15:17:43::SCWMssOS::Found a swdesign opened with the mssfile.
TRACE::2026-08-04.15:17:43::SCWMssOS::Completed writemss as part of save.
TRACE::2026-08-04.15:17:43::SCWMssOS::Commit changes completed.
TRACE::2026-08-04.15:17:43::SCWMssOS::Saving the mss changes C:/Users/Thomas/Desktop/TP_MISTRE/TP_PROCESSEUR/Projet_Vitis/PS_Only_ZyboZ7/ps7_cortexa9_0/standalone_ps7_cortexa9_0/bsp/system.mss
TRACE::2026-08-04.15:17:43::SCWMssOS::Found a swdesign opened with the mssfile.
TRACE::2026-08-04.15:17:43::SCWMssOS::Completed writemss as part of save.
TRACE::2026-08-04.15:17:43::SCWMssOS::Commit changes completed.
TRACE::2026-08-04.15:17:43::SCWPlatform::Trying to open the hw design at C:/Users/Thomas/Desktop/TP_MISTRE/TP_PROCESSEUR/Projet_Vitis/PS_Only_ZyboZ7/hw/PS_Only_ZyboZ7.xsa
TRACE::2026-08-04.15:17:43::SCWPlatform::DSA given C:/Users/Thomas/Desktop/TP_MISTRE/TP_PROCESSEUR/Projet_Vitis/PS_Only_ZyboZ7/hw/PS_Only_ZyboZ7.xsa
TRACE::2026-08-04.15:17:43::SCWPlatform::DSA absoulate path C:/Users/Thomas/Desktop/TP_MISTRE/TP_PROCESSEUR/Projet_Vitis/PS_Only_ZyboZ7/hw/PS_Only_ZyboZ7.xsa
TRACE::2026-08-04.15:17:43::SCWPlatform::DSA directory C:/Users/Thomas/Desktop/TP_MISTRE/TP_PROCESSEUR/Projet_Vitis/PS_Only_ZyboZ7/hw
TRACE::2026-08-04.15:17:43::SCWPlatform:: Platform Path C:/Users/Thomas/Desktop/TP_MISTRE/TP_PROCESSEUR/Projet_Vitis/PS_Only_ZyboZ7/hw/PS_Only_ZyboZ7.xsa
TRACE::2026-08-04.15:17:43::SCWPlatform:: Unique name xilinx:zybo-z7-20::0.0
TRACE::2026-08-04.15:17:43::SCWPlatform::Trying to set the existing hwdb with name design_1_wrapper_0
TRACE::2026-08-04.15:17:43::SCWPlatform::Opened existing hwdb design_1_wrapper_0
TRACE::2026-08-04.15:17:43::SCWPlatform::Found the Hw Db part of the input DSA
TRACE::2026-08-04.15:17:43::SCWMssOS::Checking the sw design at  C:/Users/Thomas/Desktop/TP_MISTRE/TP_PROCESSEUR/Projet_Vitis/PS_Only_ZyboZ7/zynq_fsbl/zynq_fsbl_bsp/system.mss
TRACE::2026-08-04.15:17:43::SCWMssOS::DEBUG:  swdes dump  C:/Users/Thomas/Desktop/TP_MISTRE/TP_PROCESSEUR/Projet_Vitis/PS_Only_ZyboZ7/ps7_cortexa9_0/standalone_ps7_cortexa9_0/bsp/system.mss|system_0||
C:/Users/Thomas/Desktop/TP_MISTRE/TP_PROCESSEUR/Projet_Vitis/PS_Only_ZyboZ7/zynq_fsbl/zynq_fsbl_bsp/system.mss|system||

TRACE::2026-08-04.15:17:43::SCWMssOS::Sw design exists and opened at  C:/Users/Thomas/Desktop/TP_MISTRE/TP_PROCESSEUR/Projet_Vitis/PS_Only_ZyboZ7/zynq_fsbl/zynq_fsbl_bsp/system.mss
TRACE::2026-08-04.15:17:43::SCWPlatform::Trying to open the hw design at C:/Users/Thomas/Desktop/TP_MISTRE/TP_PROCESSEUR/Projet_Vitis/PS_Only_ZyboZ7/hw/PS_Only_ZyboZ7.xsa
TRACE::2026-08-04.15:17:43::SCWPlatform::DSA given C:/Users/Thomas/Desktop/TP_MISTRE/TP_PROCESSEUR/Projet_Vitis/PS_Only_ZyboZ7/hw/PS_Only_ZyboZ7.xsa
TRACE::2026-08-04.15:17:43::SCWPlatform::DSA absoulate path C:/Users/Thomas/Desktop/TP_MISTRE/TP_PROCESSEUR/Projet_Vitis/PS_Only_ZyboZ7/hw/PS_Only_ZyboZ7.xsa
TRACE::2026-08-04.15:17:43::SCWPlatform::DSA directory C:/Users/Thomas/Desktop/TP_MISTRE/TP_PROCESSEUR/Projet_Vitis/PS_Only_ZyboZ7/hw
TRACE::2026-08-04.15:17:43::SCWPlatform:: Platform Path C:/Users/Thomas/Desktop/TP_MISTRE/TP_PROCESSEUR/Projet_Vitis/PS_Only_ZyboZ7/hw/PS_Only_ZyboZ7.xsa
TRACE::2026-08-04.15:17:43::SCWPlatform:: Unique name xilinx:zybo-z7-20::0.0
TRACE::2026-08-04.15:17:43::SCWPlatform::Trying to set the existing hwdb with name design_1_wrapper_0
TRACE::2026-08-04.15:17:43::SCWPlatform::Opened existing hwdb design_1_wrapper_0
TRACE::2026-08-04.15:17:43::SCWPlatform::Found the Hw Db part of the input DSA
TRACE::2026-08-04.15:17:43::SCWMssOS::Checking the sw design at  C:/Users/Thomas/Desktop/TP_MISTRE/TP_PROCESSEUR/Projet_Vitis/PS_Only_ZyboZ7/zynq_fsbl/zynq_fsbl_bsp/system.mss
TRACE::2026-08-04.15:17:43::SCWMssOS::DEBUG:  swdes dump  C:/Users/Thomas/Desktop/TP_MISTRE/TP_PROCESSEUR/Projet_Vitis/PS_Only_ZyboZ7/ps7_cortexa9_0/standalone_ps7_cortexa9_0/bsp/system.mss|system_0||
C:/Users/Thomas/Desktop/TP_MISTRE/TP_PROCESSEUR/Projet_Vitis/PS_Only_ZyboZ7/zynq_fsbl/zynq_fsbl_bsp/system.mss|system||

TRACE::2026-08-04.15:17:43::SCWMssOS::Sw design exists and opened at  C:/Users/Thomas/Desktop/TP_MISTRE/TP_PROCESSEUR/Projet_Vitis/PS_Only_ZyboZ7/zynq_fsbl/zynq_fsbl_bsp/system.mss
TRACE::2026-08-04.15:17:43::SCWPlatform::Trying to open the hw design at C:/Users/Thomas/Desktop/TP_MISTRE/TP_PROCESSEUR/Projet_Vitis/PS_Only_ZyboZ7/hw/PS_Only_ZyboZ7.xsa
TRACE::2026-08-04.15:17:43::SCWPlatform::DSA given C:/Users/Thomas/Desktop/TP_MISTRE/TP_PROCESSEUR/Projet_Vitis/PS_Only_ZyboZ7/hw/PS_Only_ZyboZ7.xsa
TRACE::2026-08-04.15:17:43::SCWPlatform::DSA absoulate path C:/Users/Thomas/Desktop/TP_MISTRE/TP_PROCESSEUR/Projet_Vitis/PS_Only_ZyboZ7/hw/PS_Only_ZyboZ7.xsa
TRACE::2026-08-04.15:17:43::SCWPlatform::DSA directory C:/Users/Thomas/Desktop/TP_MISTRE/TP_PROCESSEUR/Projet_Vitis/PS_Only_ZyboZ7/hw
TRACE::2026-08-04.15:17:43::SCWPlatform:: Platform Path C:/Users/Thomas/Desktop/TP_MISTRE/TP_PROCESSEUR/Projet_Vitis/PS_Only_ZyboZ7/hw/PS_Only_ZyboZ7.xsa
TRACE::2026-08-04.15:17:43::SCWPlatform:: Unique name xilinx:zybo-z7-20::0.0
TRACE::2026-08-04.15:17:43::SCWPlatform::Trying to set the existing hwdb with name design_1_wrapper_0
TRACE::2026-08-04.15:17:43::SCWPlatform::Opened existing hwdb design_1_wrapper_0
TRACE::2026-08-04.15:17:43::SCWPlatform::Found the Hw Db part of the input DSA
TRACE::2026-08-04.15:17:43::SCWMssOS::Checking the sw design at  C:/Users/Thomas/Desktop/TP_MISTRE/TP_PROCESSEUR/Projet_Vitis/PS_Only_ZyboZ7/zynq_fsbl/zynq_fsbl_bsp/system.mss
TRACE::2026-08-04.15:17:43::SCWMssOS::DEBUG:  swdes dump  C:/Users/Thomas/Desktop/TP_MISTRE/TP_PROCESSEUR/Projet_Vitis/PS_Only_ZyboZ7/ps7_cortexa9_0/standalone_ps7_cortexa9_0/bsp/system.mss|system_0||
C:/Users/Thomas/Desktop/TP_MISTRE/TP_PROCESSEUR/Projet_Vitis/PS_Only_ZyboZ7/zynq_fsbl/zynq_fsbl_bsp/system.mss|system||

TRACE::2026-08-04.15:17:43::SCWMssOS::Sw design exists and opened at  C:/Users/Thomas/Desktop/TP_MISTRE/TP_PROCESSEUR/Projet_Vitis/PS_Only_ZyboZ7/zynq_fsbl/zynq_fsbl_bsp/system.mss
TRACE::2026-08-04.15:17:43::SCWPlatform::Trying to open the hw design at C:/Users/Thomas/Desktop/TP_MISTRE/TP_PROCESSEUR/Projet_Vitis/PS_Only_ZyboZ7/hw/PS_Only_ZyboZ7.xsa
TRACE::2026-08-04.15:17:43::SCWPlatform::DSA given C:/Users/Thomas/Desktop/TP_MISTRE/TP_PROCESSEUR/Projet_Vitis/PS_Only_ZyboZ7/hw/PS_Only_ZyboZ7.xsa
TRACE::2026-08-04.15:17:43::SCWPlatform::DSA absoulate path C:/Users/Thomas/Desktop/TP_MISTRE/TP_PROCESSEUR/Projet_Vitis/PS_Only_ZyboZ7/hw/PS_Only_ZyboZ7.xsa
TRACE::2026-08-04.15:17:43::SCWPlatform::DSA directory C:/Users/Thomas/Desktop/TP_MISTRE/TP_PROCESSEUR/Projet_Vitis/PS_Only_ZyboZ7/hw
TRACE::2026-08-04.15:17:43::SCWPlatform:: Platform Path C:/Users/Thomas/Desktop/TP_MISTRE/TP_PROCESSEUR/Projet_Vitis/PS_Only_ZyboZ7/hw/PS_Only_ZyboZ7.xsa
TRACE::2026-08-04.15:17:43::SCWPlatform:: Unique name xilinx:zybo-z7-20::0.0
TRACE::2026-08-04.15:17:43::SCWPlatform::Trying to set the existing hwdb with name design_1_wrapper_0
TRACE::2026-08-04.15:17:43::SCWPlatform::Opened existing hwdb design_1_wrapper_0
TRACE::2026-08-04.15:17:43::SCWPlatform::Found the Hw Db part of the input DSA
TRACE::2026-08-04.15:17:43::SCWMssOS::Checking the sw design at  C:/Users/Thomas/Desktop/TP_MISTRE/TP_PROCESSEUR/Projet_Vitis/PS_Only_ZyboZ7/ps7_cortexa9_0/standalone_ps7_cortexa9_0/bsp/system.mss
TRACE::2026-08-04.15:17:43::SCWMssOS::DEBUG:  swdes dump  C:/Users/Thomas/Desktop/TP_MISTRE/TP_PROCESSEUR/Projet_Vitis/PS_Only_ZyboZ7/ps7_cortexa9_0/standalone_ps7_cortexa9_0/bsp/system.mss|system_0||
C:/Users/Thomas/Desktop/TP_MISTRE/TP_PROCESSEUR/Projet_Vitis/PS_Only_ZyboZ7/zynq_fsbl/zynq_fsbl_bsp/system.mss|system||

TRACE::2026-08-04.15:17:43::SCWMssOS::Sw design exists and opened at  C:/Users/Thomas/Desktop/TP_MISTRE/TP_PROCESSEUR/Projet_Vitis/PS_Only_ZyboZ7/ps7_cortexa9_0/standalone_ps7_cortexa9_0/bsp/system.mss
TRACE::2026-08-04.15:17:43::SCWPlatform::Trying to open the hw design at C:/Users/Thomas/Desktop/TP_MISTRE/TP_PROCESSEUR/Projet_Vitis/PS_Only_ZyboZ7/hw/PS_Only_ZyboZ7.xsa
TRACE::2026-08-04.15:17:43::SCWPlatform::DSA given C:/Users/Thomas/Desktop/TP_MISTRE/TP_PROCESSEUR/Projet_Vitis/PS_Only_ZyboZ7/hw/PS_Only_ZyboZ7.xsa
TRACE::2026-08-04.15:17:43::SCWPlatform::DSA absoulate path C:/Users/Thomas/Desktop/TP_MISTRE/TP_PROCESSEUR/Projet_Vitis/PS_Only_ZyboZ7/hw/PS_Only_ZyboZ7.xsa
TRACE::2026-08-04.15:17:43::SCWPlatform::DSA directory C:/Users/Thomas/Desktop/TP_MISTRE/TP_PROCESSEUR/Projet_Vitis/PS_Only_ZyboZ7/hw
TRACE::2026-08-04.15:17:43::SCWPlatform:: Platform Path C:/Users/Thomas/Desktop/TP_MISTRE/TP_PROCESSEUR/Projet_Vitis/PS_Only_ZyboZ7/hw/PS_Only_ZyboZ7.xsa
TRACE::2026-08-04.15:17:43::SCWPlatform:: Unique name xilinx:zybo-z7-20::0.0
TRACE::2026-08-04.15:17:43::SCWPlatform::Trying to set the existing hwdb with name design_1_wrapper_0
TRACE::2026-08-04.15:17:43::SCWPlatform::Opened existing hwdb design_1_wrapper_0
TRACE::2026-08-04.15:17:43::SCWPlatform::Found the Hw Db part of the input DSA
TRACE::2026-08-04.15:17:43::SCWMssOS::Checking the sw design at  C:/Users/Thomas/Desktop/TP_MISTRE/TP_PROCESSEUR/Projet_Vitis/PS_Only_ZyboZ7/ps7_cortexa9_0/standalone_ps7_cortexa9_0/bsp/system.mss
TRACE::2026-08-04.15:17:43::SCWMssOS::DEBUG:  swdes dump  C:/Users/Thomas/Desktop/TP_MISTRE/TP_PROCESSEUR/Projet_Vitis/PS_Only_ZyboZ7/ps7_cortexa9_0/standalone_ps7_cortexa9_0/bsp/system.mss|system_0||
C:/Users/Thomas/Desktop/TP_MISTRE/TP_PROCESSEUR/Projet_Vitis/PS_Only_ZyboZ7/zynq_fsbl/zynq_fsbl_bsp/system.mss|system||

TRACE::2026-08-04.15:17:43::SCWMssOS::Sw design exists and opened at  C:/Users/Thomas/Desktop/TP_MISTRE/TP_PROCESSEUR/Projet_Vitis/PS_Only_ZyboZ7/ps7_cortexa9_0/standalone_ps7_cortexa9_0/bsp/system.mss
TRACE::2026-08-04.15:17:43::SCWPlatform::Trying to open the hw design at C:/Users/Thomas/Desktop/TP_MISTRE/TP_PROCESSEUR/Projet_Vitis/PS_Only_ZyboZ7/hw/PS_Only_ZyboZ7.xsa
TRACE::2026-08-04.15:17:43::SCWPlatform::DSA given C:/Users/Thomas/Desktop/TP_MISTRE/TP_PROCESSEUR/Projet_Vitis/PS_Only_ZyboZ7/hw/PS_Only_ZyboZ7.xsa
TRACE::2026-08-04.15:17:43::SCWPlatform::DSA absoulate path C:/Users/Thomas/Desktop/TP_MISTRE/TP_PROCESSEUR/Projet_Vitis/PS_Only_ZyboZ7/hw/PS_Only_ZyboZ7.xsa
TRACE::2026-08-04.15:17:43::SCWPlatform::DSA directory C:/Users/Thomas/Desktop/TP_MISTRE/TP_PROCESSEUR/Projet_Vitis/PS_Only_ZyboZ7/hw
TRACE::2026-08-04.15:17:43::SCWPlatform:: Platform Path C:/Users/Thomas/Desktop/TP_MISTRE/TP_PROCESSEUR/Projet_Vitis/PS_Only_ZyboZ7/hw/PS_Only_ZyboZ7.xsa
TRACE::2026-08-04.15:17:43::SCWPlatform:: Unique name xilinx:zybo-z7-20::0.0
TRACE::2026-08-04.15:17:43::SCWPlatform::Trying to set the existing hwdb with name design_1_wrapper_0
TRACE::2026-08-04.15:17:43::SCWPlatform::Opened existing hwdb design_1_wrapper_0
TRACE::2026-08-04.15:17:43::SCWPlatform::Found the Hw Db part of the input DSA
TRACE::2026-08-04.15:17:43::SCWMssOS::Checking the sw design at  C:/Users/Thomas/Desktop/TP_MISTRE/TP_PROCESSEUR/Projet_Vitis/PS_Only_ZyboZ7/ps7_cortexa9_0/standalone_ps7_cortexa9_0/bsp/system.mss
TRACE::2026-08-04.15:17:43::SCWMssOS::DEBUG:  swdes dump  C:/Users/Thomas/Desktop/TP_MISTRE/TP_PROCESSEUR/Projet_Vitis/PS_Only_ZyboZ7/ps7_cortexa9_0/standalone_ps7_cortexa9_0/bsp/system.mss|system_0||
C:/Users/Thomas/Desktop/TP_MISTRE/TP_PROCESSEUR/Projet_Vitis/PS_Only_ZyboZ7/zynq_fsbl/zynq_fsbl_bsp/system.mss|system||

TRACE::2026-08-04.15:17:43::SCWMssOS::Sw design exists and opened at  C:/Users/Thomas/Desktop/TP_MISTRE/TP_PROCESSEUR/Projet_Vitis/PS_Only_ZyboZ7/ps7_cortexa9_0/standalone_ps7_cortexa9_0/bsp/system.mss
TRACE::2026-08-04.15:17:43::SCWWriter::formatted JSON is {
	"platformName":	"PS_Only_ZyboZ7",
	"sprVersion":	"2.0",
	"mode":	"gui",
	"dsaType":	"Fixed",
	"platformDesc":	"PS_Only_ZyboZ7",
	"platHandOff":	"<platformDir>.xsa",
	"platIntHandOff":	"<platformDir>/hw/PS_Only_ZyboZ7.xsa",
	"deviceType":	"zynq",
	"platIsPrebuiltAutogen":	"false",
	"platIsNoBootBsp":	"false",
	"platFsblTarget":	"ps7_cortexa9_0",
	"hasFsblMakeHasChanges":	"false",
	"hasPmufwMakeHasChanges":	"false",
	"fsblExtraCompilerFlags":	"-MMD -MP       -mcpu=cortex-a9 -mfpu=vfpv3 -mfloat-abi=hard ",
	"platPreBuiltFlag":	false,
	"platformSamplesDir":	"",
	"platActiveSys":	"PS_Only_ZyboZ7",
	"systems":	[{
			"systemName":	"PS_Only_ZyboZ7",
			"systemDesc":	"PS_Only_ZyboZ7",
			"sysIsBootAutoGen":	"true",
			"systemDispName":	"PS_Only_ZyboZ7",
			"sysActiveDom":	"standalone_ps7_cortexa9_0",
			"sysDefaultDom":	"standalone_ps7_cortexa9_0",
			"domains":	[{
					"domainName":	"zynq_fsbl",
					"domainDispName":	"zynq_fsbl",
					"domainDesc":	"FSBL Application BSP - Auto Generated.",
					"processors":	"ps7_cortexa9_0",
					"os":	"standalone",
					"sdxOs":	"standalone",
					"debugEnable":	"",
					"domRuntimes":	["cpp"],
					"swRepo":	"",
					"mssOsVer":	"7.3",
					"mssFile":	"",
					"md5Digest":	"d4dce1e3283be35b8cb204de15302e33",
					"compatibleApp":	"zynq_fsbl",
					"domType":	"bootDomain",
					"arch":	"32-bit",
					"appSettings":	{
						"appCompilerFlags":	"",
						"appLinkerFlags":	""
					},
					"addedLibs":	["xilffs:4.4", "xilrsa:1.6"],
					"libOptions":	{
						"libsContainingOptions":	[]
					},
					"prebuiltLibs":	{
						"prebuiltIncPath":	[],
						"prebuiltLibPath":	[]
					},
					"isolation":	{
					}
				}, {
					"domainName":	"standalone_ps7_cortexa9_0",
					"domainDispName":	"standalone_ps7_cortexa9_0",
					"domainDesc":	"standalone_ps7_cortexa9_0",
					"processors":	"ps7_cortexa9_0",
					"os":	"standalone",
					"sdxOs":	"standalone",
					"qemuArgs":	"C:/Xilinx/Vitis/2020.2/data/emulation/platforms/zynq/sw/a9_standalone/qemu/qemu_args.txt",
					"qemuData":	"C:/Xilinx/Vitis/2020.2/data/emulation/platforms/zynq/sw/a9_standalone/qemu/",
					"debugEnable":	"False",
					"domRuntimes":	["cpp"],
					"swRepo":	"",
					"mssOsVer":	"7.3",
					"mssFile":	"",
					"md5Digest":	"ea3a8c353fcc4eb0b32c84eda9a1f60f",
					"compatibleApp":	"hello_world",
					"domType":	"mssDomain",
					"arch":	"32-bit",
					"appSettings":	{
						"appCompilerFlags":	"",
						"appLinkerFlags":	""
					},
					"addedLibs":	[],
					"libOptions":	{
						"libsContainingOptions":	[]
					},
					"prebuiltLibs":	{
						"prebuiltIncPath":	[],
						"prebuiltLibPath":	[]
					},
					"isolation":	{
					}
				}]
		}]
}
TRACE::2026-08-04.15:17:43::SCWPlatform::Trying to open the hw design at C:/Users/Thomas/Desktop/TP_MISTRE/TP_PROCESSEUR/Projet_Vitis/PS_Only_ZyboZ7/hw/PS_Only_ZyboZ7.xsa
TRACE::2026-08-04.15:17:43::SCWPlatform::DSA given C:/Users/Thomas/Desktop/TP_MISTRE/TP_PROCESSEUR/Projet_Vitis/PS_Only_ZyboZ7/hw/PS_Only_ZyboZ7.xsa
TRACE::2026-08-04.15:17:43::SCWPlatform::DSA absoulate path C:/Users/Thomas/Desktop/TP_MISTRE/TP_PROCESSEUR/Projet_Vitis/PS_Only_ZyboZ7/hw/PS_Only_ZyboZ7.xsa
TRACE::2026-08-04.15:17:43::SCWPlatform::DSA directory C:/Users/Thomas/Desktop/TP_MISTRE/TP_PROCESSEUR/Projet_Vitis/PS_Only_ZyboZ7/hw
TRACE::2026-08-04.15:17:43::SCWPlatform:: Platform Path C:/Users/Thomas/Desktop/TP_MISTRE/TP_PROCESSEUR/Projet_Vitis/PS_Only_ZyboZ7/hw/PS_Only_ZyboZ7.xsa
TRACE::2026-08-04.15:17:43::SCWPlatform:: Unique name xilinx:zybo-z7-20::0.0
TRACE::2026-08-04.15:17:43::SCWPlatform::Trying to set the existing hwdb with name design_1_wrapper_0
TRACE::2026-08-04.15:17:43::SCWPlatform::Opened existing hwdb design_1_wrapper_0
TRACE::2026-08-04.15:17:43::SCWPlatform::Found the Hw Db part of the input DSA
TRACE::2026-08-04.15:17:43::SCWMssOS::Checking the sw design at  C:/Users/Thomas/Desktop/TP_MISTRE/TP_PROCESSEUR/Projet_Vitis/PS_Only_ZyboZ7/ps7_cortexa9_0/standalone_ps7_cortexa9_0/bsp/system.mss
TRACE::2026-08-04.15:17:43::SCWMssOS::DEBUG:  swdes dump  C:/Users/Thomas/Desktop/TP_MISTRE/TP_PROCESSEUR/Projet_Vitis/PS_Only_ZyboZ7/ps7_cortexa9_0/standalone_ps7_cortexa9_0/bsp/system.mss|system_0||
C:/Users/Thomas/Desktop/TP_MISTRE/TP_PROCESSEUR/Projet_Vitis/PS_Only_ZyboZ7/zynq_fsbl/zynq_fsbl_bsp/system.mss|system||

TRACE::2026-08-04.15:17:43::SCWMssOS::Sw design exists and opened at  C:/Users/Thomas/Desktop/TP_MISTRE/TP_PROCESSEUR/Projet_Vitis/PS_Only_ZyboZ7/ps7_cortexa9_0/standalone_ps7_cortexa9_0/bsp/system.mss
TRACE::2026-08-04.15:17:43::SCWPlatform::Trying to open the hw design at C:/Users/Thomas/Desktop/TP_MISTRE/TP_PROCESSEUR/Projet_Vitis/PS_Only_ZyboZ7/hw/PS_Only_ZyboZ7.xsa
TRACE::2026-08-04.15:17:43::SCWPlatform::DSA given C:/Users/Thomas/Desktop/TP_MISTRE/TP_PROCESSEUR/Projet_Vitis/PS_Only_ZyboZ7/hw/PS_Only_ZyboZ7.xsa
TRACE::2026-08-04.15:17:43::SCWPlatform::DSA absoulate path C:/Users/Thomas/Desktop/TP_MISTRE/TP_PROCESSEUR/Projet_Vitis/PS_Only_ZyboZ7/hw/PS_Only_ZyboZ7.xsa
TRACE::2026-08-04.15:17:43::SCWPlatform::DSA directory C:/Users/Thomas/Desktop/TP_MISTRE/TP_PROCESSEUR/Projet_Vitis/PS_Only_ZyboZ7/hw
TRACE::2026-08-04.15:17:43::SCWPlatform:: Platform Path C:/Users/Thomas/Desktop/TP_MISTRE/TP_PROCESSEUR/Projet_Vitis/PS_Only_ZyboZ7/hw/PS_Only_ZyboZ7.xsa
TRACE::2026-08-04.15:17:43::SCWPlatform:: Unique name xilinx:zybo-z7-20::0.0
TRACE::2026-08-04.15:17:43::SCWPlatform::Trying to set the existing hwdb with name design_1_wrapper_0
TRACE::2026-08-04.15:17:43::SCWPlatform::Opened existing hwdb design_1_wrapper_0
TRACE::2026-08-04.15:17:43::SCWPlatform::Found the Hw Db part of the input DSA
TRACE::2026-08-04.15:17:43::SCWMssOS::Checking the sw design at  C:/Users/Thomas/Desktop/TP_MISTRE/TP_PROCESSEUR/Projet_Vitis/PS_Only_ZyboZ7/ps7_cortexa9_0/standalone_ps7_cortexa9_0/bsp/system.mss
TRACE::2026-08-04.15:17:43::SCWMssOS::DEBUG:  swdes dump  C:/Users/Thomas/Desktop/TP_MISTRE/TP_PROCESSEUR/Projet_Vitis/PS_Only_ZyboZ7/ps7_cortexa9_0/standalone_ps7_cortexa9_0/bsp/system.mss|system_0||
C:/Users/Thomas/Desktop/TP_MISTRE/TP_PROCESSEUR/Projet_Vitis/PS_Only_ZyboZ7/zynq_fsbl/zynq_fsbl_bsp/system.mss|system||

TRACE::2026-08-04.15:17:43::SCWMssOS::Sw design exists and opened at  C:/Users/Thomas/Desktop/TP_MISTRE/TP_PROCESSEUR/Projet_Vitis/PS_Only_ZyboZ7/ps7_cortexa9_0/standalone_ps7_cortexa9_0/bsp/system.mss
TRACE::2026-08-04.15:17:43::SCWMssOS::Saving the mss changes C:/Users/Thomas/Desktop/TP_MISTRE/TP_PROCESSEUR/Projet_Vitis/PS_Only_ZyboZ7/zynq_fsbl/zynq_fsbl_bsp/system.mss
TRACE::2026-08-04.15:17:43::SCWMssOS::Found a swdesign opened with the mssfile.
TRACE::2026-08-04.15:17:43::SCWMssOS::Completed writemss as part of save.
TRACE::2026-08-04.15:17:43::SCWMssOS::Commit changes completed.
TRACE::2026-08-04.15:17:43::SCWMssOS::Saving the mss changes C:/Users/Thomas/Desktop/TP_MISTRE/TP_PROCESSEUR/Projet_Vitis/PS_Only_ZyboZ7/ps7_cortexa9_0/standalone_ps7_cortexa9_0/bsp/system.mss
TRACE::2026-08-04.15:17:43::SCWMssOS::Found a swdesign opened with the mssfile.
TRACE::2026-08-04.15:17:43::SCWMssOS::Completed writemss as part of save.
TRACE::2026-08-04.15:17:43::SCWMssOS::Commit changes completed.
TRACE::2026-08-04.15:17:43::SCWPlatform::Trying to open the hw design at C:/Users/Thomas/Desktop/TP_MISTRE/TP_PROCESSEUR/Projet_Vitis/PS_Only_ZyboZ7/hw/PS_Only_ZyboZ7.xsa
TRACE::2026-08-04.15:17:43::SCWPlatform::DSA given C:/Users/Thomas/Desktop/TP_MISTRE/TP_PROCESSEUR/Projet_Vitis/PS_Only_ZyboZ7/hw/PS_Only_ZyboZ7.xsa
TRACE::2026-08-04.15:17:43::SCWPlatform::DSA absoulate path C:/Users/Thomas/Desktop/TP_MISTRE/TP_PROCESSEUR/Projet_Vitis/PS_Only_ZyboZ7/hw/PS_Only_ZyboZ7.xsa
TRACE::2026-08-04.15:17:43::SCWPlatform::DSA directory C:/Users/Thomas/Desktop/TP_MISTRE/TP_PROCESSEUR/Projet_Vitis/PS_Only_ZyboZ7/hw
TRACE::2026-08-04.15:17:43::SCWPlatform:: Platform Path C:/Users/Thomas/Desktop/TP_MISTRE/TP_PROCESSEUR/Projet_Vitis/PS_Only_ZyboZ7/hw/PS_Only_ZyboZ7.xsa
TRACE::2026-08-04.15:17:43::SCWPlatform:: Unique name xilinx:zybo-z7-20::0.0
TRACE::2026-08-04.15:17:43::SCWPlatform::Trying to set the existing hwdb with name design_1_wrapper_0
TRACE::2026-08-04.15:17:43::SCWPlatform::Opened existing hwdb design_1_wrapper_0
TRACE::2026-08-04.15:17:43::SCWPlatform::Found the Hw Db part of the input DSA
TRACE::2026-08-04.15:17:43::SCWMssOS::Checking the sw design at  C:/Users/Thomas/Desktop/TP_MISTRE/TP_PROCESSEUR/Projet_Vitis/PS_Only_ZyboZ7/zynq_fsbl/zynq_fsbl_bsp/system.mss
TRACE::2026-08-04.15:17:43::SCWMssOS::DEBUG:  swdes dump  C:/Users/Thomas/Desktop/TP_MISTRE/TP_PROCESSEUR/Projet_Vitis/PS_Only_ZyboZ7/ps7_cortexa9_0/standalone_ps7_cortexa9_0/bsp/system.mss|system_0||
C:/Users/Thomas/Desktop/TP_MISTRE/TP_PROCESSEUR/Projet_Vitis/PS_Only_ZyboZ7/zynq_fsbl/zynq_fsbl_bsp/system.mss|system||

TRACE::2026-08-04.15:17:43::SCWMssOS::Sw design exists and opened at  C:/Users/Thomas/Desktop/TP_MISTRE/TP_PROCESSEUR/Projet_Vitis/PS_Only_ZyboZ7/zynq_fsbl/zynq_fsbl_bsp/system.mss
TRACE::2026-08-04.15:17:43::SCWPlatform::Trying to open the hw design at C:/Users/Thomas/Desktop/TP_MISTRE/TP_PROCESSEUR/Projet_Vitis/PS_Only_ZyboZ7/hw/PS_Only_ZyboZ7.xsa
TRACE::2026-08-04.15:17:43::SCWPlatform::DSA given C:/Users/Thomas/Desktop/TP_MISTRE/TP_PROCESSEUR/Projet_Vitis/PS_Only_ZyboZ7/hw/PS_Only_ZyboZ7.xsa
TRACE::2026-08-04.15:17:43::SCWPlatform::DSA absoulate path C:/Users/Thomas/Desktop/TP_MISTRE/TP_PROCESSEUR/Projet_Vitis/PS_Only_ZyboZ7/hw/PS_Only_ZyboZ7.xsa
TRACE::2026-08-04.15:17:43::SCWPlatform::DSA directory C:/Users/Thomas/Desktop/TP_MISTRE/TP_PROCESSEUR/Projet_Vitis/PS_Only_ZyboZ7/hw
TRACE::2026-08-04.15:17:43::SCWPlatform:: Platform Path C:/Users/Thomas/Desktop/TP_MISTRE/TP_PROCESSEUR/Projet_Vitis/PS_Only_ZyboZ7/hw/PS_Only_ZyboZ7.xsa
TRACE::2026-08-04.15:17:43::SCWPlatform:: Unique name xilinx:zybo-z7-20::0.0
TRACE::2026-08-04.15:17:43::SCWPlatform::Trying to set the existing hwdb with name design_1_wrapper_0
TRACE::2026-08-04.15:17:43::SCWPlatform::Opened existing hwdb design_1_wrapper_0
TRACE::2026-08-04.15:17:43::SCWPlatform::Found the Hw Db part of the input DSA
TRACE::2026-08-04.15:17:43::SCWMssOS::Checking the sw design at  C:/Users/Thomas/Desktop/TP_MISTRE/TP_PROCESSEUR/Projet_Vitis/PS_Only_ZyboZ7/zynq_fsbl/zynq_fsbl_bsp/system.mss
TRACE::2026-08-04.15:17:43::SCWMssOS::DEBUG:  swdes dump  C:/Users/Thomas/Desktop/TP_MISTRE/TP_PROCESSEUR/Projet_Vitis/PS_Only_ZyboZ7/ps7_cortexa9_0/standalone_ps7_cortexa9_0/bsp/system.mss|system_0||
C:/Users/Thomas/Desktop/TP_MISTRE/TP_PROCESSEUR/Projet_Vitis/PS_Only_ZyboZ7/zynq_fsbl/zynq_fsbl_bsp/system.mss|system||

TRACE::2026-08-04.15:17:43::SCWMssOS::Sw design exists and opened at  C:/Users/Thomas/Desktop/TP_MISTRE/TP_PROCESSEUR/Projet_Vitis/PS_Only_ZyboZ7/zynq_fsbl/zynq_fsbl_bsp/system.mss
TRACE::2026-08-04.15:17:43::SCWPlatform::Trying to open the hw design at C:/Users/Thomas/Desktop/TP_MISTRE/TP_PROCESSEUR/Projet_Vitis/PS_Only_ZyboZ7/hw/PS_Only_ZyboZ7.xsa
TRACE::2026-08-04.15:17:43::SCWPlatform::DSA given C:/Users/Thomas/Desktop/TP_MISTRE/TP_PROCESSEUR/Projet_Vitis/PS_Only_ZyboZ7/hw/PS_Only_ZyboZ7.xsa
TRACE::2026-08-04.15:17:43::SCWPlatform::DSA absoulate path C:/Users/Thomas/Desktop/TP_MISTRE/TP_PROCESSEUR/Projet_Vitis/PS_Only_ZyboZ7/hw/PS_Only_ZyboZ7.xsa
TRACE::2026-08-04.15:17:43::SCWPlatform::DSA directory C:/Users/Thomas/Desktop/TP_MISTRE/TP_PROCESSEUR/Projet_Vitis/PS_Only_ZyboZ7/hw
TRACE::2026-08-04.15:17:43::SCWPlatform:: Platform Path C:/Users/Thomas/Desktop/TP_MISTRE/TP_PROCESSEUR/Projet_Vitis/PS_Only_ZyboZ7/hw/PS_Only_ZyboZ7.xsa
TRACE::2026-08-04.15:17:43::SCWPlatform:: Unique name xilinx:zybo-z7-20::0.0
TRACE::2026-08-04.15:17:43::SCWPlatform::Trying to set the existing hwdb with name design_1_wrapper_0
TRACE::2026-08-04.15:17:43::SCWPlatform::Opened existing hwdb design_1_wrapper_0
TRACE::2026-08-04.15:17:43::SCWPlatform::Found the Hw Db part of the input DSA
TRACE::2026-08-04.15:17:43::SCWMssOS::Checking the sw design at  C:/Users/Thomas/Desktop/TP_MISTRE/TP_PROCESSEUR/Projet_Vitis/PS_Only_ZyboZ7/zynq_fsbl/zynq_fsbl_bsp/system.mss
TRACE::2026-08-04.15:17:43::SCWMssOS::DEBUG:  swdes dump  C:/Users/Thomas/Desktop/TP_MISTRE/TP_PROCESSEUR/Projet_Vitis/PS_Only_ZyboZ7/ps7_cortexa9_0/standalone_ps7_cortexa9_0/bsp/system.mss|system_0||
C:/Users/Thomas/Desktop/TP_MISTRE/TP_PROCESSEUR/Projet_Vitis/PS_Only_ZyboZ7/zynq_fsbl/zynq_fsbl_bsp/system.mss|system||

TRACE::2026-08-04.15:17:43::SCWMssOS::Sw design exists and opened at  C:/Users/Thomas/Desktop/TP_MISTRE/TP_PROCESSEUR/Projet_Vitis/PS_Only_ZyboZ7/zynq_fsbl/zynq_fsbl_bsp/system.mss
TRACE::2026-08-04.15:17:43::SCWPlatform::Trying to open the hw design at C:/Users/Thomas/Desktop/TP_MISTRE/TP_PROCESSEUR/Projet_Vitis/PS_Only_ZyboZ7/hw/PS_Only_ZyboZ7.xsa
TRACE::2026-08-04.15:17:43::SCWPlatform::DSA given C:/Users/Thomas/Desktop/TP_MISTRE/TP_PROCESSEUR/Projet_Vitis/PS_Only_ZyboZ7/hw/PS_Only_ZyboZ7.xsa
TRACE::2026-08-04.15:17:43::SCWPlatform::DSA absoulate path C:/Users/Thomas/Desktop/TP_MISTRE/TP_PROCESSEUR/Projet_Vitis/PS_Only_ZyboZ7/hw/PS_Only_ZyboZ7.xsa
TRACE::2026-08-04.15:17:43::SCWPlatform::DSA directory C:/Users/Thomas/Desktop/TP_MISTRE/TP_PROCESSEUR/Projet_Vitis/PS_Only_ZyboZ7/hw
TRACE::2026-08-04.15:17:43::SCWPlatform:: Platform Path C:/Users/Thomas/Desktop/TP_MISTRE/TP_PROCESSEUR/Projet_Vitis/PS_Only_ZyboZ7/hw/PS_Only_ZyboZ7.xsa
TRACE::2026-08-04.15:17:43::SCWPlatform:: Unique name xilinx:zybo-z7-20::0.0
TRACE::2026-08-04.15:17:43::SCWPlatform::Trying to set the existing hwdb with name design_1_wrapper_0
TRACE::2026-08-04.15:17:43::SCWPlatform::Opened existing hwdb design_1_wrapper_0
TRACE::2026-08-04.15:17:43::SCWPlatform::Found the Hw Db part of the input DSA
TRACE::2026-08-04.15:17:43::SCWMssOS::Checking the sw design at  C:/Users/Thomas/Desktop/TP_MISTRE/TP_PROCESSEUR/Projet_Vitis/PS_Only_ZyboZ7/ps7_cortexa9_0/standalone_ps7_cortexa9_0/bsp/system.mss
TRACE::2026-08-04.15:17:43::SCWMssOS::DEBUG:  swdes dump  C:/Users/Thomas/Desktop/TP_MISTRE/TP_PROCESSEUR/Projet_Vitis/PS_Only_ZyboZ7/ps7_cortexa9_0/standalone_ps7_cortexa9_0/bsp/system.mss|system_0||
C:/Users/Thomas/Desktop/TP_MISTRE/TP_PROCESSEUR/Projet_Vitis/PS_Only_ZyboZ7/zynq_fsbl/zynq_fsbl_bsp/system.mss|system||

TRACE::2026-08-04.15:17:43::SCWMssOS::Sw design exists and opened at  C:/Users/Thomas/Desktop/TP_MISTRE/TP_PROCESSEUR/Projet_Vitis/PS_Only_ZyboZ7/ps7_cortexa9_0/standalone_ps7_cortexa9_0/bsp/system.mss
TRACE::2026-08-04.15:17:43::SCWPlatform::Trying to open the hw design at C:/Users/Thomas/Desktop/TP_MISTRE/TP_PROCESSEUR/Projet_Vitis/PS_Only_ZyboZ7/hw/PS_Only_ZyboZ7.xsa
TRACE::2026-08-04.15:17:43::SCWPlatform::DSA given C:/Users/Thomas/Desktop/TP_MISTRE/TP_PROCESSEUR/Projet_Vitis/PS_Only_ZyboZ7/hw/PS_Only_ZyboZ7.xsa
TRACE::2026-08-04.15:17:43::SCWPlatform::DSA absoulate path C:/Users/Thomas/Desktop/TP_MISTRE/TP_PROCESSEUR/Projet_Vitis/PS_Only_ZyboZ7/hw/PS_Only_ZyboZ7.xsa
TRACE::2026-08-04.15:17:43::SCWPlatform::DSA directory C:/Users/Thomas/Desktop/TP_MISTRE/TP_PROCESSEUR/Projet_Vitis/PS_Only_ZyboZ7/hw
TRACE::2026-08-04.15:17:43::SCWPlatform:: Platform Path C:/Users/Thomas/Desktop/TP_MISTRE/TP_PROCESSEUR/Projet_Vitis/PS_Only_ZyboZ7/hw/PS_Only_ZyboZ7.xsa
TRACE::2026-08-04.15:17:43::SCWPlatform:: Unique name xilinx:zybo-z7-20::0.0
TRACE::2026-08-04.15:17:43::SCWPlatform::Trying to set the existing hwdb with name design_1_wrapper_0
TRACE::2026-08-04.15:17:43::SCWPlatform::Opened existing hwdb design_1_wrapper_0
TRACE::2026-08-04.15:17:43::SCWPlatform::Found the Hw Db part of the input DSA
TRACE::2026-08-04.15:17:43::SCWMssOS::Checking the sw design at  C:/Users/Thomas/Desktop/TP_MISTRE/TP_PROCESSEUR/Projet_Vitis/PS_Only_ZyboZ7/ps7_cortexa9_0/standalone_ps7_cortexa9_0/bsp/system.mss
TRACE::2026-08-04.15:17:43::SCWMssOS::DEBUG:  swdes dump  C:/Users/Thomas/Desktop/TP_MISTRE/TP_PROCESSEUR/Projet_Vitis/PS_Only_ZyboZ7/ps7_cortexa9_0/standalone_ps7_cortexa9_0/bsp/system.mss|system_0||
C:/Users/Thomas/Desktop/TP_MISTRE/TP_PROCESSEUR/Projet_Vitis/PS_Only_ZyboZ7/zynq_fsbl/zynq_fsbl_bsp/system.mss|system||

TRACE::2026-08-04.15:17:43::SCWMssOS::Sw design exists and opened at  C:/Users/Thomas/Desktop/TP_MISTRE/TP_PROCESSEUR/Projet_Vitis/PS_Only_ZyboZ7/ps7_cortexa9_0/standalone_ps7_cortexa9_0/bsp/system.mss
TRACE::2026-08-04.15:17:43::SCWPlatform::Trying to open the hw design at C:/Users/Thomas/Desktop/TP_MISTRE/TP_PROCESSEUR/Projet_Vitis/PS_Only_ZyboZ7/hw/PS_Only_ZyboZ7.xsa
TRACE::2026-08-04.15:17:43::SCWPlatform::DSA given C:/Users/Thomas/Desktop/TP_MISTRE/TP_PROCESSEUR/Projet_Vitis/PS_Only_ZyboZ7/hw/PS_Only_ZyboZ7.xsa
TRACE::2026-08-04.15:17:43::SCWPlatform::DSA absoulate path C:/Users/Thomas/Desktop/TP_MISTRE/TP_PROCESSEUR/Projet_Vitis/PS_Only_ZyboZ7/hw/PS_Only_ZyboZ7.xsa
TRACE::2026-08-04.15:17:43::SCWPlatform::DSA directory C:/Users/Thomas/Desktop/TP_MISTRE/TP_PROCESSEUR/Projet_Vitis/PS_Only_ZyboZ7/hw
TRACE::2026-08-04.15:17:43::SCWPlatform:: Platform Path C:/Users/Thomas/Desktop/TP_MISTRE/TP_PROCESSEUR/Projet_Vitis/PS_Only_ZyboZ7/hw/PS_Only_ZyboZ7.xsa
TRACE::2026-08-04.15:17:43::SCWPlatform:: Unique name xilinx:zybo-z7-20::0.0
TRACE::2026-08-04.15:17:43::SCWPlatform::Trying to set the existing hwdb with name design_1_wrapper_0
TRACE::2026-08-04.15:17:43::SCWPlatform::Opened existing hwdb design_1_wrapper_0
TRACE::2026-08-04.15:17:43::SCWPlatform::Found the Hw Db part of the input DSA
TRACE::2026-08-04.15:17:43::SCWMssOS::Checking the sw design at  C:/Users/Thomas/Desktop/TP_MISTRE/TP_PROCESSEUR/Projet_Vitis/PS_Only_ZyboZ7/ps7_cortexa9_0/standalone_ps7_cortexa9_0/bsp/system.mss
TRACE::2026-08-04.15:17:43::SCWMssOS::DEBUG:  swdes dump  C:/Users/Thomas/Desktop/TP_MISTRE/TP_PROCESSEUR/Projet_Vitis/PS_Only_ZyboZ7/ps7_cortexa9_0/standalone_ps7_cortexa9_0/bsp/system.mss|system_0||
C:/Users/Thomas/Desktop/TP_MISTRE/TP_PROCESSEUR/Projet_Vitis/PS_Only_ZyboZ7/zynq_fsbl/zynq_fsbl_bsp/system.mss|system||

TRACE::2026-08-04.15:17:43::SCWMssOS::Sw design exists and opened at  C:/Users/Thomas/Desktop/TP_MISTRE/TP_PROCESSEUR/Projet_Vitis/PS_Only_ZyboZ7/ps7_cortexa9_0/standalone_ps7_cortexa9_0/bsp/system.mss
TRACE::2026-08-04.15:17:43::SCWWriter::formatted JSON is {
	"platformName":	"PS_Only_ZyboZ7",
	"sprVersion":	"2.0",
	"mode":	"gui",
	"dsaType":	"Fixed",
	"platformDesc":	"PS_Only_ZyboZ7",
	"platHandOff":	"<platformDir>.xsa",
	"platIntHandOff":	"<platformDir>/hw/PS_Only_ZyboZ7.xsa",
	"deviceType":	"zynq",
	"platIsPrebuiltAutogen":	"false",
	"platIsNoBootBsp":	"false",
	"platFsblTarget":	"ps7_cortexa9_0",
	"hasFsblMakeHasChanges":	"false",
	"hasPmufwMakeHasChanges":	"false",
	"fsblExtraCompilerFlags":	"-MMD -MP       -mcpu=cortex-a9 -mfpu=vfpv3 -mfloat-abi=hard ",
	"platPreBuiltFlag":	false,
	"platformSamplesDir":	"",
	"platActiveSys":	"PS_Only_ZyboZ7",
	"systems":	[{
			"systemName":	"PS_Only_ZyboZ7",
			"systemDesc":	"PS_Only_ZyboZ7",
			"sysIsBootAutoGen":	"true",
			"systemDispName":	"PS_Only_ZyboZ7",
			"sysActiveDom":	"standalone_ps7_cortexa9_0",
			"sysDefaultDom":	"standalone_ps7_cortexa9_0",
			"domains":	[{
					"domainName":	"zynq_fsbl",
					"domainDispName":	"zynq_fsbl",
					"domainDesc":	"FSBL Application BSP - Auto Generated.",
					"processors":	"ps7_cortexa9_0",
					"os":	"standalone",
					"sdxOs":	"standalone",
					"debugEnable":	"",
					"domRuntimes":	["cpp"],
					"swRepo":	"",
					"mssOsVer":	"7.3",
					"mssFile":	"",
					"md5Digest":	"d4dce1e3283be35b8cb204de15302e33",
					"compatibleApp":	"zynq_fsbl",
					"domType":	"bootDomain",
					"arch":	"32-bit",
					"appSettings":	{
						"appCompilerFlags":	"",
						"appLinkerFlags":	""
					},
					"addedLibs":	["xilffs:4.4", "xilrsa:1.6"],
					"libOptions":	{
						"libsContainingOptions":	[]
					},
					"prebuiltLibs":	{
						"prebuiltIncPath":	[],
						"prebuiltLibPath":	[]
					},
					"isolation":	{
					}
				}, {
					"domainName":	"standalone_ps7_cortexa9_0",
					"domainDispName":	"standalone_ps7_cortexa9_0",
					"domainDesc":	"standalone_ps7_cortexa9_0",
					"processors":	"ps7_cortexa9_0",
					"os":	"standalone",
					"sdxOs":	"standalone",
					"qemuArgs":	"C:/Xilinx/Vitis/2020.2/data/emulation/platforms/zynq/sw/a9_standalone/qemu/qemu_args.txt",
					"qemuData":	"C:/Xilinx/Vitis/2020.2/data/emulation/platforms/zynq/sw/a9_standalone/qemu/",
					"debugEnable":	"False",
					"domRuntimes":	["cpp"],
					"swRepo":	"",
					"mssOsVer":	"7.3",
					"mssFile":	"",
					"md5Digest":	"ea3a8c353fcc4eb0b32c84eda9a1f60f",
					"compatibleApp":	"hello_world",
					"domType":	"mssDomain",
					"arch":	"32-bit",
					"appSettings":	{
						"appCompilerFlags":	"",
						"appLinkerFlags":	""
					},
					"addedLibs":	[],
					"libOptions":	{
						"libsContainingOptions":	[]
					},
					"prebuiltLibs":	{
						"prebuiltIncPath":	[],
						"prebuiltLibPath":	[]
					},
					"isolation":	{
					}
				}]
		}]
}
LOG::2026-08-04.15:17:43::SCWPlatform::Started generating the artifacts platform PS_Only_ZyboZ7
TRACE::2026-08-04.15:17:43::SCWPlatform::Sanity checking of platform is completed
LOG::2026-08-04.15:17:43::SCWPlatform::Started generating the artifacts for system configuration PS_Only_ZyboZ7
LOG::2026-08-04.15:17:43::SCWSystem::Started Processing the domain standalone_ps7_cortexa9_0
TRACE::2026-08-04.15:17:43::SCWDomain::Generating domain artifcats
TRACE::2026-08-04.15:17:43::SCWMssOS::Generating standalone artifcats
TRACE::2026-08-04.15:17:43::SCWMssOS::Copying the qemu file from  C:/Xilinx/Vitis/2020.2/data/emulation/platforms/zynq/sw/a9_standalone/qemu/qemu_args.txt To C:/Users/Thomas/Desktop/TP_MISTRE/TP_PROCESSEUR/Projet_Vitis/PS_Only_ZyboZ7/export/PS_Only_ZyboZ7/sw/PS_Only_ZyboZ7/qemu/
TRACE::2026-08-04.15:17:43::SCWMssOS::Copying the qemu file from  C:/Xilinx/Vitis/2020.2/data/emulation/platforms/zynq/sw/a9_standalone/qemu/qemu_args.txt To C:/Users/Thomas/Desktop/TP_MISTRE/TP_PROCESSEUR/Projet_Vitis/PS_Only_ZyboZ7/export/PS_Only_ZyboZ7/sw/PS_Only_ZyboZ7/standalone_ps7_cortexa9_0/qemu/
TRACE::2026-08-04.15:17:43::SCWMssOS:: Copying the user libraries. 
TRACE::2026-08-04.15:17:43::SCWPlatform::Trying to open the hw design at C:/Users/Thomas/Desktop/TP_MISTRE/TP_PROCESSEUR/Projet_Vitis/PS_Only_ZyboZ7/hw/PS_Only_ZyboZ7.xsa
TRACE::2026-08-04.15:17:43::SCWPlatform::DSA given C:/Users/Thomas/Desktop/TP_MISTRE/TP_PROCESSEUR/Projet_Vitis/PS_Only_ZyboZ7/hw/PS_Only_ZyboZ7.xsa
TRACE::2026-08-04.15:17:43::SCWPlatform::DSA absoulate path C:/Users/Thomas/Desktop/TP_MISTRE/TP_PROCESSEUR/Projet_Vitis/PS_Only_ZyboZ7/hw/PS_Only_ZyboZ7.xsa
TRACE::2026-08-04.15:17:43::SCWPlatform::DSA directory C:/Users/Thomas/Desktop/TP_MISTRE/TP_PROCESSEUR/Projet_Vitis/PS_Only_ZyboZ7/hw
TRACE::2026-08-04.15:17:43::SCWPlatform:: Platform Path C:/Users/Thomas/Desktop/TP_MISTRE/TP_PROCESSEUR/Projet_Vitis/PS_Only_ZyboZ7/hw/PS_Only_ZyboZ7.xsa
TRACE::2026-08-04.15:17:43::SCWPlatform:: Unique name xilinx:zybo-z7-20::0.0
TRACE::2026-08-04.15:17:43::SCWPlatform::Trying to set the existing hwdb with name design_1_wrapper_0
TRACE::2026-08-04.15:17:43::SCWPlatform::Opened existing hwdb design_1_wrapper_0
TRACE::2026-08-04.15:17:43::SCWPlatform::Found the Hw Db part of the input DSA
TRACE::2026-08-04.15:17:43::SCWMssOS::Checking the sw design at  C:/Users/Thomas/Desktop/TP_MISTRE/TP_PROCESSEUR/Projet_Vitis/PS_Only_ZyboZ7/ps7_cortexa9_0/standalone_ps7_cortexa9_0/bsp/system.mss
TRACE::2026-08-04.15:17:43::SCWMssOS::DEBUG:  swdes dump  C:/Users/Thomas/Desktop/TP_MISTRE/TP_PROCESSEUR/Projet_Vitis/PS_Only_ZyboZ7/ps7_cortexa9_0/standalone_ps7_cortexa9_0/bsp/system.mss|system_0||
C:/Users/Thomas/Desktop/TP_MISTRE/TP_PROCESSEUR/Projet_Vitis/PS_Only_ZyboZ7/zynq_fsbl/zynq_fsbl_bsp/system.mss|system||

TRACE::2026-08-04.15:17:43::SCWMssOS::Sw design exists and opened at  C:/Users/Thomas/Desktop/TP_MISTRE/TP_PROCESSEUR/Projet_Vitis/PS_Only_ZyboZ7/ps7_cortexa9_0/standalone_ps7_cortexa9_0/bsp/system.mss
TRACE::2026-08-04.15:17:43::SCWMssOS::Completed writing the mss file at C:/Users/Thomas/Desktop/TP_MISTRE/TP_PROCESSEUR/Projet_Vitis/PS_Only_ZyboZ7/ps7_cortexa9_0/standalone_ps7_cortexa9_0/bsp
TRACE::2026-08-04.15:17:43::SCWMssOS::Mss edits present, copying mssfile into export location C:/Users/Thomas/Desktop/TP_MISTRE/TP_PROCESSEUR/Projet_Vitis/PS_Only_ZyboZ7/ps7_cortexa9_0/standalone_ps7_cortexa9_0/bsp/system.mss
TRACE::2026-08-04.15:17:43::SCWMssOS::bsp generated is upto date with the mss file. Skipping bsp generation.
TRACE::2026-08-04.15:17:43::SCWMssOS::BSP is already built. skipping the bsp build ... 
TRACE::2026-08-04.15:17:43::SCWDomain::Building the domain as part of full build :  standalone_ps7_cortexa9_0
TRACE::2026-08-04.15:17:43::SCWMssOS::skipping the bsp build ... 
TRACE::2026-08-04.15:17:43::SCWMssOS::Copying to export directory.
TRACE::2026-08-04.15:17:43::SCWMssOS:: Checking if to create the Supporting Applications
TRACE::2026-08-04.15:17:43::SCWMssOS:: No Linux domain exists, trying to generate FSBL 
TRACE::2026-08-04.15:17:43::SCWMssOS:: Completed Standalone Artifacts creation 
LOG::2026-08-04.15:17:43::SCWSystem::Completed Processing the domain standalone_ps7_cortexa9_0
LOG::2026-08-04.15:17:43::SCWSystem::Completed Processing the sysconfig PS_Only_ZyboZ7
LOG::2026-08-04.15:17:43::SCWPlatform::Completed generating the artifacts for system configuration PS_Only_ZyboZ7
TRACE::2026-08-04.15:17:43::SCWPlatform::Started preparing the platform 
TRACE::2026-08-04.15:17:43::SCWSystem::Writing the bif file for system config PS_Only_ZyboZ7
TRACE::2026-08-04.15:17:43::SCWSystem::dir created 
TRACE::2026-08-04.15:17:43::SCWSystem::Writing the bif 
TRACE::2026-08-04.15:17:43::SCWPlatform::Started writing the spfm file 
TRACE::2026-08-04.15:17:43::SCWPlatform::Started writing the xpfm file 
TRACE::2026-08-04.15:17:43::SCWPlatform::Completed generating the platform
TRACE::2026-08-04.15:17:43::SCWMssOS::Saving the mss changes C:/Users/Thomas/Desktop/TP_MISTRE/TP_PROCESSEUR/Projet_Vitis/PS_Only_ZyboZ7/zynq_fsbl/zynq_fsbl_bsp/system.mss
TRACE::2026-08-04.15:17:43::SCWMssOS::Found a swdesign opened with the mssfile.
TRACE::2026-08-04.15:17:43::SCWMssOS::Completed writemss as part of save.
TRACE::2026-08-04.15:17:43::SCWMssOS::Commit changes completed.
TRACE::2026-08-04.15:17:43::SCWMssOS::Saving the mss changes C:/Users/Thomas/Desktop/TP_MISTRE/TP_PROCESSEUR/Projet_Vitis/PS_Only_ZyboZ7/ps7_cortexa9_0/standalone_ps7_cortexa9_0/bsp/system.mss
TRACE::2026-08-04.15:17:43::SCWMssOS::Found a swdesign opened with the mssfile.
TRACE::2026-08-04.15:17:43::SCWMssOS::Completed writemss as part of save.
TRACE::2026-08-04.15:17:43::SCWMssOS::Commit changes completed.
TRACE::2026-08-04.15:17:43::SCWPlatform::Trying to open the hw design at C:/Users/Thomas/Desktop/TP_MISTRE/TP_PROCESSEUR/Projet_Vitis/PS_Only_ZyboZ7/hw/PS_Only_ZyboZ7.xsa
TRACE::2026-08-04.15:17:43::SCWPlatform::DSA given C:/Users/Thomas/Desktop/TP_MISTRE/TP_PROCESSEUR/Projet_Vitis/PS_Only_ZyboZ7/hw/PS_Only_ZyboZ7.xsa
TRACE::2026-08-04.15:17:43::SCWPlatform::DSA absoulate path C:/Users/Thomas/Desktop/TP_MISTRE/TP_PROCESSEUR/Projet_Vitis/PS_Only_ZyboZ7/hw/PS_Only_ZyboZ7.xsa
TRACE::2026-08-04.15:17:43::SCWPlatform::DSA directory C:/Users/Thomas/Desktop/TP_MISTRE/TP_PROCESSEUR/Projet_Vitis/PS_Only_ZyboZ7/hw
TRACE::2026-08-04.15:17:43::SCWPlatform:: Platform Path C:/Users/Thomas/Desktop/TP_MISTRE/TP_PROCESSEUR/Projet_Vitis/PS_Only_ZyboZ7/hw/PS_Only_ZyboZ7.xsa
TRACE::2026-08-04.15:17:43::SCWPlatform:: Unique name xilinx:zybo-z7-20::0.0
TRACE::2026-08-04.15:17:43::SCWPlatform::Trying to set the existing hwdb with name design_1_wrapper_0
TRACE::2026-08-04.15:17:43::SCWPlatform::Opened existing hwdb design_1_wrapper_0
TRACE::2026-08-04.15:17:43::SCWPlatform::Found the Hw Db part of the input DSA
TRACE::2026-08-04.15:17:43::SCWMssOS::Checking the sw design at  C:/Users/Thomas/Desktop/TP_MISTRE/TP_PROCESSEUR/Projet_Vitis/PS_Only_ZyboZ7/zynq_fsbl/zynq_fsbl_bsp/system.mss
TRACE::2026-08-04.15:17:43::SCWMssOS::DEBUG:  swdes dump  C:/Users/Thomas/Desktop/TP_MISTRE/TP_PROCESSEUR/Projet_Vitis/PS_Only_ZyboZ7/ps7_cortexa9_0/standalone_ps7_cortexa9_0/bsp/system.mss|system_0||
C:/Users/Thomas/Desktop/TP_MISTRE/TP_PROCESSEUR/Projet_Vitis/PS_Only_ZyboZ7/zynq_fsbl/zynq_fsbl_bsp/system.mss|system||

TRACE::2026-08-04.15:17:43::SCWMssOS::Sw design exists and opened at  C:/Users/Thomas/Desktop/TP_MISTRE/TP_PROCESSEUR/Projet_Vitis/PS_Only_ZyboZ7/zynq_fsbl/zynq_fsbl_bsp/system.mss
TRACE::2026-08-04.15:17:43::SCWPlatform::Trying to open the hw design at C:/Users/Thomas/Desktop/TP_MISTRE/TP_PROCESSEUR/Projet_Vitis/PS_Only_ZyboZ7/hw/PS_Only_ZyboZ7.xsa
TRACE::2026-08-04.15:17:43::SCWPlatform::DSA given C:/Users/Thomas/Desktop/TP_MISTRE/TP_PROCESSEUR/Projet_Vitis/PS_Only_ZyboZ7/hw/PS_Only_ZyboZ7.xsa
TRACE::2026-08-04.15:17:43::SCWPlatform::DSA absoulate path C:/Users/Thomas/Desktop/TP_MISTRE/TP_PROCESSEUR/Projet_Vitis/PS_Only_ZyboZ7/hw/PS_Only_ZyboZ7.xsa
TRACE::2026-08-04.15:17:43::SCWPlatform::DSA directory C:/Users/Thomas/Desktop/TP_MISTRE/TP_PROCESSEUR/Projet_Vitis/PS_Only_ZyboZ7/hw
TRACE::2026-08-04.15:17:43::SCWPlatform:: Platform Path C:/Users/Thomas/Desktop/TP_MISTRE/TP_PROCESSEUR/Projet_Vitis/PS_Only_ZyboZ7/hw/PS_Only_ZyboZ7.xsa
TRACE::2026-08-04.15:17:43::SCWPlatform:: Unique name xilinx:zybo-z7-20::0.0
TRACE::2026-08-04.15:17:43::SCWPlatform::Trying to set the existing hwdb with name design_1_wrapper_0
TRACE::2026-08-04.15:17:43::SCWPlatform::Opened existing hwdb design_1_wrapper_0
TRACE::2026-08-04.15:17:43::SCWPlatform::Found the Hw Db part of the input DSA
TRACE::2026-08-04.15:17:43::SCWMssOS::Checking the sw design at  C:/Users/Thomas/Desktop/TP_MISTRE/TP_PROCESSEUR/Projet_Vitis/PS_Only_ZyboZ7/zynq_fsbl/zynq_fsbl_bsp/system.mss
TRACE::2026-08-04.15:17:43::SCWMssOS::DEBUG:  swdes dump  C:/Users/Thomas/Desktop/TP_MISTRE/TP_PROCESSEUR/Projet_Vitis/PS_Only_ZyboZ7/ps7_cortexa9_0/standalone_ps7_cortexa9_0/bsp/system.mss|system_0||
C:/Users/Thomas/Desktop/TP_MISTRE/TP_PROCESSEUR/Projet_Vitis/PS_Only_ZyboZ7/zynq_fsbl/zynq_fsbl_bsp/system.mss|system||

TRACE::2026-08-04.15:17:43::SCWMssOS::Sw design exists and opened at  C:/Users/Thomas/Desktop/TP_MISTRE/TP_PROCESSEUR/Projet_Vitis/PS_Only_ZyboZ7/zynq_fsbl/zynq_fsbl_bsp/system.mss
TRACE::2026-08-04.15:17:43::SCWPlatform::Trying to open the hw design at C:/Users/Thomas/Desktop/TP_MISTRE/TP_PROCESSEUR/Projet_Vitis/PS_Only_ZyboZ7/hw/PS_Only_ZyboZ7.xsa
TRACE::2026-08-04.15:17:43::SCWPlatform::DSA given C:/Users/Thomas/Desktop/TP_MISTRE/TP_PROCESSEUR/Projet_Vitis/PS_Only_ZyboZ7/hw/PS_Only_ZyboZ7.xsa
TRACE::2026-08-04.15:17:43::SCWPlatform::DSA absoulate path C:/Users/Thomas/Desktop/TP_MISTRE/TP_PROCESSEUR/Projet_Vitis/PS_Only_ZyboZ7/hw/PS_Only_ZyboZ7.xsa
TRACE::2026-08-04.15:17:43::SCWPlatform::DSA directory C:/Users/Thomas/Desktop/TP_MISTRE/TP_PROCESSEUR/Projet_Vitis/PS_Only_ZyboZ7/hw
TRACE::2026-08-04.15:17:43::SCWPlatform:: Platform Path C:/Users/Thomas/Desktop/TP_MISTRE/TP_PROCESSEUR/Projet_Vitis/PS_Only_ZyboZ7/hw/PS_Only_ZyboZ7.xsa
TRACE::2026-08-04.15:17:43::SCWPlatform:: Unique name xilinx:zybo-z7-20::0.0
TRACE::2026-08-04.15:17:43::SCWPlatform::Trying to set the existing hwdb with name design_1_wrapper_0
TRACE::2026-08-04.15:17:43::SCWPlatform::Opened existing hwdb design_1_wrapper_0
TRACE::2026-08-04.15:17:43::SCWPlatform::Found the Hw Db part of the input DSA
TRACE::2026-08-04.15:17:43::SCWMssOS::Checking the sw design at  C:/Users/Thomas/Desktop/TP_MISTRE/TP_PROCESSEUR/Projet_Vitis/PS_Only_ZyboZ7/zynq_fsbl/zynq_fsbl_bsp/system.mss
TRACE::2026-08-04.15:17:43::SCWMssOS::DEBUG:  swdes dump  C:/Users/Thomas/Desktop/TP_MISTRE/TP_PROCESSEUR/Projet_Vitis/PS_Only_ZyboZ7/ps7_cortexa9_0/standalone_ps7_cortexa9_0/bsp/system.mss|system_0||
C:/Users/Thomas/Desktop/TP_MISTRE/TP_PROCESSEUR/Projet_Vitis/PS_Only_ZyboZ7/zynq_fsbl/zynq_fsbl_bsp/system.mss|system||

TRACE::2026-08-04.15:17:43::SCWMssOS::Sw design exists and opened at  C:/Users/Thomas/Desktop/TP_MISTRE/TP_PROCESSEUR/Projet_Vitis/PS_Only_ZyboZ7/zynq_fsbl/zynq_fsbl_bsp/system.mss
TRACE::2026-08-04.15:17:43::SCWPlatform::Trying to open the hw design at C:/Users/Thomas/Desktop/TP_MISTRE/TP_PROCESSEUR/Projet_Vitis/PS_Only_ZyboZ7/hw/PS_Only_ZyboZ7.xsa
TRACE::2026-08-04.15:17:43::SCWPlatform::DSA given C:/Users/Thomas/Desktop/TP_MISTRE/TP_PROCESSEUR/Projet_Vitis/PS_Only_ZyboZ7/hw/PS_Only_ZyboZ7.xsa
TRACE::2026-08-04.15:17:43::SCWPlatform::DSA absoulate path C:/Users/Thomas/Desktop/TP_MISTRE/TP_PROCESSEUR/Projet_Vitis/PS_Only_ZyboZ7/hw/PS_Only_ZyboZ7.xsa
TRACE::2026-08-04.15:17:43::SCWPlatform::DSA directory C:/Users/Thomas/Desktop/TP_MISTRE/TP_PROCESSEUR/Projet_Vitis/PS_Only_ZyboZ7/hw
TRACE::2026-08-04.15:17:43::SCWPlatform:: Platform Path C:/Users/Thomas/Desktop/TP_MISTRE/TP_PROCESSEUR/Projet_Vitis/PS_Only_ZyboZ7/hw/PS_Only_ZyboZ7.xsa
TRACE::2026-08-04.15:17:43::SCWPlatform:: Unique name xilinx:zybo-z7-20::0.0
TRACE::2026-08-04.15:17:43::SCWPlatform::Trying to set the existing hwdb with name design_1_wrapper_0
TRACE::2026-08-04.15:17:43::SCWPlatform::Opened existing hwdb design_1_wrapper_0
TRACE::2026-08-04.15:17:43::SCWPlatform::Found the Hw Db part of the input DSA
TRACE::2026-08-04.15:17:43::SCWMssOS::Checking the sw design at  C:/Users/Thomas/Desktop/TP_MISTRE/TP_PROCESSEUR/Projet_Vitis/PS_Only_ZyboZ7/ps7_cortexa9_0/standalone_ps7_cortexa9_0/bsp/system.mss
TRACE::2026-08-04.15:17:43::SCWMssOS::DEBUG:  swdes dump  C:/Users/Thomas/Desktop/TP_MISTRE/TP_PROCESSEUR/Projet_Vitis/PS_Only_ZyboZ7/ps7_cortexa9_0/standalone_ps7_cortexa9_0/bsp/system.mss|system_0||
C:/Users/Thomas/Desktop/TP_MISTRE/TP_PROCESSEUR/Projet_Vitis/PS_Only_ZyboZ7/zynq_fsbl/zynq_fsbl_bsp/system.mss|system||

TRACE::2026-08-04.15:17:43::SCWMssOS::Sw design exists and opened at  C:/Users/Thomas/Desktop/TP_MISTRE/TP_PROCESSEUR/Projet_Vitis/PS_Only_ZyboZ7/ps7_cortexa9_0/standalone_ps7_cortexa9_0/bsp/system.mss
TRACE::2026-08-04.15:17:43::SCWPlatform::Trying to open the hw design at C:/Users/Thomas/Desktop/TP_MISTRE/TP_PROCESSEUR/Projet_Vitis/PS_Only_ZyboZ7/hw/PS_Only_ZyboZ7.xsa
TRACE::2026-08-04.15:17:43::SCWPlatform::DSA given C:/Users/Thomas/Desktop/TP_MISTRE/TP_PROCESSEUR/Projet_Vitis/PS_Only_ZyboZ7/hw/PS_Only_ZyboZ7.xsa
TRACE::2026-08-04.15:17:43::SCWPlatform::DSA absoulate path C:/Users/Thomas/Desktop/TP_MISTRE/TP_PROCESSEUR/Projet_Vitis/PS_Only_ZyboZ7/hw/PS_Only_ZyboZ7.xsa
TRACE::2026-08-04.15:17:43::SCWPlatform::DSA directory C:/Users/Thomas/Desktop/TP_MISTRE/TP_PROCESSEUR/Projet_Vitis/PS_Only_ZyboZ7/hw
TRACE::2026-08-04.15:17:43::SCWPlatform:: Platform Path C:/Users/Thomas/Desktop/TP_MISTRE/TP_PROCESSEUR/Projet_Vitis/PS_Only_ZyboZ7/hw/PS_Only_ZyboZ7.xsa
TRACE::2026-08-04.15:17:43::SCWPlatform:: Unique name xilinx:zybo-z7-20::0.0
TRACE::2026-08-04.15:17:43::SCWPlatform::Trying to set the existing hwdb with name design_1_wrapper_0
TRACE::2026-08-04.15:17:43::SCWPlatform::Opened existing hwdb design_1_wrapper_0
TRACE::2026-08-04.15:17:43::SCWPlatform::Found the Hw Db part of the input DSA
TRACE::2026-08-04.15:17:43::SCWMssOS::Checking the sw design at  C:/Users/Thomas/Desktop/TP_MISTRE/TP_PROCESSEUR/Projet_Vitis/PS_Only_ZyboZ7/ps7_cortexa9_0/standalone_ps7_cortexa9_0/bsp/system.mss
TRACE::2026-08-04.15:17:43::SCWMssOS::DEBUG:  swdes dump  C:/Users/Thomas/Desktop/TP_MISTRE/TP_PROCESSEUR/Projet_Vitis/PS_Only_ZyboZ7/ps7_cortexa9_0/standalone_ps7_cortexa9_0/bsp/system.mss|system_0||
C:/Users/Thomas/Desktop/TP_MISTRE/TP_PROCESSEUR/Projet_Vitis/PS_Only_ZyboZ7/zynq_fsbl/zynq_fsbl_bsp/system.mss|system||

TRACE::2026-08-04.15:17:43::SCWMssOS::Sw design exists and opened at  C:/Users/Thomas/Desktop/TP_MISTRE/TP_PROCESSEUR/Projet_Vitis/PS_Only_ZyboZ7/ps7_cortexa9_0/standalone_ps7_cortexa9_0/bsp/system.mss
TRACE::2026-08-04.15:17:43::SCWPlatform::Trying to open the hw design at C:/Users/Thomas/Desktop/TP_MISTRE/TP_PROCESSEUR/Projet_Vitis/PS_Only_ZyboZ7/hw/PS_Only_ZyboZ7.xsa
TRACE::2026-08-04.15:17:43::SCWPlatform::DSA given C:/Users/Thomas/Desktop/TP_MISTRE/TP_PROCESSEUR/Projet_Vitis/PS_Only_ZyboZ7/hw/PS_Only_ZyboZ7.xsa
TRACE::2026-08-04.15:17:43::SCWPlatform::DSA absoulate path C:/Users/Thomas/Desktop/TP_MISTRE/TP_PROCESSEUR/Projet_Vitis/PS_Only_ZyboZ7/hw/PS_Only_ZyboZ7.xsa
TRACE::2026-08-04.15:17:43::SCWPlatform::DSA directory C:/Users/Thomas/Desktop/TP_MISTRE/TP_PROCESSEUR/Projet_Vitis/PS_Only_ZyboZ7/hw
TRACE::2026-08-04.15:17:43::SCWPlatform:: Platform Path C:/Users/Thomas/Desktop/TP_MISTRE/TP_PROCESSEUR/Projet_Vitis/PS_Only_ZyboZ7/hw/PS_Only_ZyboZ7.xsa
TRACE::2026-08-04.15:17:43::SCWPlatform:: Unique name xilinx:zybo-z7-20::0.0
TRACE::2026-08-04.15:17:43::SCWPlatform::Trying to set the existing hwdb with name design_1_wrapper_0
TRACE::2026-08-04.15:17:43::SCWPlatform::Opened existing hwdb design_1_wrapper_0
TRACE::2026-08-04.15:17:43::SCWPlatform::Found the Hw Db part of the input DSA
TRACE::2026-08-04.15:17:43::SCWMssOS::Checking the sw design at  C:/Users/Thomas/Desktop/TP_MISTRE/TP_PROCESSEUR/Projet_Vitis/PS_Only_ZyboZ7/ps7_cortexa9_0/standalone_ps7_cortexa9_0/bsp/system.mss
TRACE::2026-08-04.15:17:43::SCWMssOS::DEBUG:  swdes dump  C:/Users/Thomas/Desktop/TP_MISTRE/TP_PROCESSEUR/Projet_Vitis/PS_Only_ZyboZ7/ps7_cortexa9_0/standalone_ps7_cortexa9_0/bsp/system.mss|system_0||
C:/Users/Thomas/Desktop/TP_MISTRE/TP_PROCESSEUR/Projet_Vitis/PS_Only_ZyboZ7/zynq_fsbl/zynq_fsbl_bsp/system.mss|system||

TRACE::2026-08-04.15:17:43::SCWMssOS::Sw design exists and opened at  C:/Users/Thomas/Desktop/TP_MISTRE/TP_PROCESSEUR/Projet_Vitis/PS_Only_ZyboZ7/ps7_cortexa9_0/standalone_ps7_cortexa9_0/bsp/system.mss
TRACE::2026-08-04.15:17:43::SCWWriter::formatted JSON is {
	"platformName":	"PS_Only_ZyboZ7",
	"sprVersion":	"2.0",
	"mode":	"gui",
	"dsaType":	"Fixed",
	"platformDesc":	"PS_Only_ZyboZ7",
	"platHandOff":	"<platformDir>.xsa",
	"platIntHandOff":	"<platformDir>/hw/PS_Only_ZyboZ7.xsa",
	"deviceType":	"zynq",
	"platIsPrebuiltAutogen":	"false",
	"platIsNoBootBsp":	"false",
	"platFsblTarget":	"ps7_cortexa9_0",
	"hasFsblMakeHasChanges":	"false",
	"hasPmufwMakeHasChanges":	"false",
	"fsblExtraCompilerFlags":	"-MMD -MP       -mcpu=cortex-a9 -mfpu=vfpv3 -mfloat-abi=hard ",
	"platPreBuiltFlag":	false,
	"platformSamplesDir":	"",
	"platActiveSys":	"PS_Only_ZyboZ7",
	"systems":	[{
			"systemName":	"PS_Only_ZyboZ7",
			"systemDesc":	"PS_Only_ZyboZ7",
			"sysIsBootAutoGen":	"true",
			"systemDispName":	"PS_Only_ZyboZ7",
			"sysActiveDom":	"standalone_ps7_cortexa9_0",
			"sysDefaultDom":	"standalone_ps7_cortexa9_0",
			"domains":	[{
					"domainName":	"zynq_fsbl",
					"domainDispName":	"zynq_fsbl",
					"domainDesc":	"FSBL Application BSP - Auto Generated.",
					"processors":	"ps7_cortexa9_0",
					"os":	"standalone",
					"sdxOs":	"standalone",
					"debugEnable":	"",
					"domRuntimes":	["cpp"],
					"swRepo":	"",
					"mssOsVer":	"7.3",
					"mssFile":	"",
					"md5Digest":	"d4dce1e3283be35b8cb204de15302e33",
					"compatibleApp":	"zynq_fsbl",
					"domType":	"bootDomain",
					"arch":	"32-bit",
					"appSettings":	{
						"appCompilerFlags":	"",
						"appLinkerFlags":	""
					},
					"addedLibs":	["xilffs:4.4", "xilrsa:1.6"],
					"libOptions":	{
						"libsContainingOptions":	[]
					},
					"prebuiltLibs":	{
						"prebuiltIncPath":	[],
						"prebuiltLibPath":	[]
					},
					"isolation":	{
					}
				}, {
					"domainName":	"standalone_ps7_cortexa9_0",
					"domainDispName":	"standalone_ps7_cortexa9_0",
					"domainDesc":	"standalone_ps7_cortexa9_0",
					"processors":	"ps7_cortexa9_0",
					"os":	"standalone",
					"sdxOs":	"standalone",
					"qemuArgs":	"C:/Xilinx/Vitis/2020.2/data/emulation/platforms/zynq/sw/a9_standalone/qemu/qemu_args.txt",
					"qemuData":	"C:/Xilinx/Vitis/2020.2/data/emulation/platforms/zynq/sw/a9_standalone/qemu/",
					"debugEnable":	"False",
					"domRuntimes":	["cpp"],
					"swRepo":	"",
					"mssOsVer":	"7.3",
					"mssFile":	"",
					"md5Digest":	"ea3a8c353fcc4eb0b32c84eda9a1f60f",
					"compatibleApp":	"hello_world",
					"domType":	"mssDomain",
					"arch":	"32-bit",
					"appSettings":	{
						"appCompilerFlags":	"",
						"appLinkerFlags":	""
					},
					"addedLibs":	[],
					"libOptions":	{
						"libsContainingOptions":	[]
					},
					"prebuiltLibs":	{
						"prebuiltIncPath":	[],
						"prebuiltLibPath":	[]
					},
					"isolation":	{
					}
				}]
		}]
}
KEYINFO::2026-08-04.15:17:43::SCWPlatform::updated the xpfm file.
LOG::2026-08-04.16:01:00::SCWPlatform::Started generating the artifacts platform PS_Only_ZyboZ7
TRACE::2026-08-04.16:01:00::SCWPlatform::Sanity checking of platform is completed
LOG::2026-08-04.16:01:00::SCWPlatform::Started generating the artifacts for system configuration PS_Only_ZyboZ7
LOG::2026-08-04.16:01:00::SCWSystem::Checking the domain zynq_fsbl
LOG::2026-08-04.16:01:00::SCWSystem::Doing application build for :  zynq_fsbl
TRACE::2026-08-04.16:01:00::SCWBDomain::Not a forced makefile updation, No changes are present. 
TRACE::2026-08-04.16:01:00::SCWDomain::Building the domain as part of full build :  zynq_fsbl
TRACE::2026-08-04.16:01:00::SCWPlatform::Trying to open the hw design at C:/Users/Thomas/Desktop/TP_MISTRE/TP_PROCESSEUR/Projet_Vitis/PS_Only_ZyboZ7/hw/PS_Only_ZyboZ7.xsa
TRACE::2026-08-04.16:01:00::SCWPlatform::DSA given C:/Users/Thomas/Desktop/TP_MISTRE/TP_PROCESSEUR/Projet_Vitis/PS_Only_ZyboZ7/hw/PS_Only_ZyboZ7.xsa
TRACE::2026-08-04.16:01:00::SCWPlatform::DSA absoulate path C:/Users/Thomas/Desktop/TP_MISTRE/TP_PROCESSEUR/Projet_Vitis/PS_Only_ZyboZ7/hw/PS_Only_ZyboZ7.xsa
TRACE::2026-08-04.16:01:00::SCWPlatform::DSA directory C:/Users/Thomas/Desktop/TP_MISTRE/TP_PROCESSEUR/Projet_Vitis/PS_Only_ZyboZ7/hw
TRACE::2026-08-04.16:01:00::SCWPlatform:: Platform Path C:/Users/Thomas/Desktop/TP_MISTRE/TP_PROCESSEUR/Projet_Vitis/PS_Only_ZyboZ7/hw/PS_Only_ZyboZ7.xsa
TRACE::2026-08-04.16:01:00::SCWPlatform:: Unique name xilinx:zybo-z7-20::0.0
TRACE::2026-08-04.16:01:00::SCWPlatform::Trying to set the existing hwdb with name design_1_wrapper_0
TRACE::2026-08-04.16:01:00::SCWPlatform::Opened existing hwdb design_1_wrapper_0
TRACE::2026-08-04.16:01:00::SCWPlatform::Found the Hw Db part of the input DSA
TRACE::2026-08-04.16:01:00::SCWMssOS::Checking the sw design at  C:/Users/Thomas/Desktop/TP_MISTRE/TP_PROCESSEUR/Projet_Vitis/PS_Only_ZyboZ7/zynq_fsbl/zynq_fsbl_bsp/system.mss
TRACE::2026-08-04.16:01:00::SCWMssOS::DEBUG:  swdes dump  C:/Users/Thomas/Desktop/TP_MISTRE/TP_PROCESSEUR/Projet_Vitis/PS_Only_ZyboZ7/ps7_cortexa9_0/standalone_ps7_cortexa9_0/bsp/system.mss|system_0||
C:/Users/Thomas/Desktop/TP_MISTRE/TP_PROCESSEUR/Projet_Vitis/PS_Only_ZyboZ7/zynq_fsbl/zynq_fsbl_bsp/system.mss|system||

TRACE::2026-08-04.16:01:00::SCWMssOS::Sw design exists and opened at  C:/Users/Thomas/Desktop/TP_MISTRE/TP_PROCESSEUR/Projet_Vitis/PS_Only_ZyboZ7/zynq_fsbl/zynq_fsbl_bsp/system.mss
TRACE::2026-08-04.16:01:00::SCWBDomain::Completed writing the mss file at C:/Users/Thomas/Desktop/TP_MISTRE/TP_PROCESSEUR/Projet_Vitis/PS_Only_ZyboZ7/zynq_fsbl/zynq_fsbl_bsp
TRACE::2026-08-04.16:01:00::SCWBDomain::bsp generated is upto date with the mss file. Skipping bsp generation.
TRACE::2026-08-04.16:01:00::SCWBDomain::Not a forced makefile updation, No changes are present. 
TRACE::2026-08-04.16:01:00::SCWBDomain::System Command Ran  C:&  cd  C:/Users/Thomas/Desktop/TP_MISTRE/TP_PROCESSEUR/Projet_Vitis/PS_Only_ZyboZ7/zynq_fsbl& make -C  zynq_fsbl_bsp & make 
TRACE::2026-08-04.16:01:00::SCWBDomain::make: Entering directory 'C:/Users/Thomas/Desktop/TP_MISTRE/TP_PROCESSEUR/Projet_Vitis/PS_Only_ZyboZ7/zynq_fsbl/zynq_fsbl_bsp'

TRACE::2026-08-04.16:01:00::SCWBDomain::make --no-print-directory seq_libs

TRACE::2026-08-04.16:01:00::SCWBDomain::"Running Make include in ps7_cortexa9_0/libsrc/coresightps_dcc_v1_8/src"

TRACE::2026-08-04.16:01:00::SCWBDomain::make -C ps7_cortexa9_0/libsrc/coresightps_dcc_v1_8/src -s include  "SHELL=CMD" "COMPILER=arm-none-eabi-gcc" "ASSEMBLER=arm-none
TRACE::2026-08-04.16:01:00::SCWBDomain::-eabi-as" "ARCHIVER=arm-none-eabi-ar" "COMPILER_FLAGS=  -O2 -c" "EXTRA_COMPILER_FLAGS=-mcpu=cortex-a9 -mfpu=vfpv3 -mfloat-abi=h
TRACE::2026-08-04.16:01:00::SCWBDomain::ard -nostartfiles -g -Wall -Wextra"

TRACE::2026-08-04.16:01:00::SCWBDomain::"Running Make include in ps7_cortexa9_0/libsrc/cpu_cortexa9_v2_10/src"

TRACE::2026-08-04.16:01:00::SCWBDomain::make -C ps7_cortexa9_0/libsrc/cpu_cortexa9_v2_10/src -s include  "SHELL=CMD" "COMPILER=arm-none-eabi-gcc" "ASSEMBLER=arm-none-e
TRACE::2026-08-04.16:01:00::SCWBDomain::abi-as" "ARCHIVER=arm-none-eabi-ar" "COMPILER_FLAGS=  -O2 -c" "EXTRA_COMPILER_FLAGS=-mcpu=cortex-a9 -mfpu=vfpv3 -mfloat-abi=har
TRACE::2026-08-04.16:01:00::SCWBDomain::d -nostartfiles -g -Wall -Wextra"

TRACE::2026-08-04.16:01:00::SCWBDomain::"Running Make include in ps7_cortexa9_0/libsrc/ddrps_v1_2/src"

TRACE::2026-08-04.16:01:00::SCWBDomain::make -C ps7_cortexa9_0/libsrc/ddrps_v1_2/src -s include  "SHELL=CMD" "COMPILER=arm-none-eabi-gcc" "ASSEMBLER=arm-none-eabi-as" 
TRACE::2026-08-04.16:01:00::SCWBDomain::"ARCHIVER=arm-none-eabi-ar" "COMPILER_FLAGS=  -O2 -c" "EXTRA_COMPILER_FLAGS=-mcpu=cortex-a9 -mfpu=vfpv3 -mfloat-abi=hard -nosta
TRACE::2026-08-04.16:01:00::SCWBDomain::rtfiles -g -Wall -Wextra"

TRACE::2026-08-04.16:01:00::SCWBDomain::"Running Make include in ps7_cortexa9_0/libsrc/devcfg_v3_7/src"

TRACE::2026-08-04.16:01:00::SCWBDomain::make -C ps7_cortexa9_0/libsrc/devcfg_v3_7/src -s include  "SHELL=CMD" "COMPILER=arm-none-eabi-gcc" "ASSEMBLER=arm-none-eabi-as"
TRACE::2026-08-04.16:01:00::SCWBDomain:: "ARCHIVER=arm-none-eabi-ar" "COMPILER_FLAGS=  -O2 -c" "EXTRA_COMPILER_FLAGS=-mcpu=cortex-a9 -mfpu=vfpv3 -mfloat-abi=hard -nost
TRACE::2026-08-04.16:01:00::SCWBDomain::artfiles -g -Wall -Wextra"

TRACE::2026-08-04.16:01:01::SCWBDomain::"Running Make include in ps7_cortexa9_0/libsrc/dmaps_v2_7/src"

TRACE::2026-08-04.16:01:01::SCWBDomain::make -C ps7_cortexa9_0/libsrc/dmaps_v2_7/src -s include  "SHELL=CMD" "COMPILER=arm-none-eabi-gcc" "ASSEMBLER=arm-none-eabi-as" 
TRACE::2026-08-04.16:01:01::SCWBDomain::"ARCHIVER=arm-none-eabi-ar" "COMPILER_FLAGS=  -O2 -c" "EXTRA_COMPILER_FLAGS=-mcpu=cortex-a9 -mfpu=vfpv3 -mfloat-abi=hard -nosta
TRACE::2026-08-04.16:01:01::SCWBDomain::rtfiles -g -Wall -Wextra"

TRACE::2026-08-04.16:01:01::SCWBDomain::"Running Make include in ps7_cortexa9_0/libsrc/emacps_v3_12/src"

TRACE::2026-08-04.16:01:01::SCWBDomain::make -C ps7_cortexa9_0/libsrc/emacps_v3_12/src -s include  "SHELL=CMD" "COMPILER=arm-none-eabi-gcc" "ASSEMBLER=arm-none-eabi-as
TRACE::2026-08-04.16:01:01::SCWBDomain::" "ARCHIVER=arm-none-eabi-ar" "COMPILER_FLAGS=  -O2 -c" "EXTRA_COMPILER_FLAGS=-mcpu=cortex-a9 -mfpu=vfpv3 -mfloat-abi=hard -nos
TRACE::2026-08-04.16:01:01::SCWBDomain::tartfiles -g -Wall -Wextra"

TRACE::2026-08-04.16:01:01::SCWBDomain::"Running Make include in ps7_cortexa9_0/libsrc/gpiops_v3_8/src"

TRACE::2026-08-04.16:01:01::SCWBDomain::make -C ps7_cortexa9_0/libsrc/gpiops_v3_8/src -s include  "SHELL=CMD" "COMPILER=arm-none-eabi-gcc" "ASSEMBLER=arm-none-eabi-as"
TRACE::2026-08-04.16:01:01::SCWBDomain:: "ARCHIVER=arm-none-eabi-ar" "COMPILER_FLAGS=  -O2 -c" "EXTRA_COMPILER_FLAGS=-mcpu=cortex-a9 -mfpu=vfpv3 -mfloat-abi=hard -nost
TRACE::2026-08-04.16:01:01::SCWBDomain::artfiles -g -Wall -Wextra"

TRACE::2026-08-04.16:01:01::SCWBDomain::"Running Make include in ps7_cortexa9_0/libsrc/qspips_v3_8/src"

TRACE::2026-08-04.16:01:01::SCWBDomain::make -C ps7_cortexa9_0/libsrc/qspips_v3_8/src -s include  "SHELL=CMD" "COMPILER=arm-none-eabi-gcc" "ASSEMBLER=arm-none-eabi-as"
TRACE::2026-08-04.16:01:01::SCWBDomain:: "ARCHIVER=arm-none-eabi-ar" "COMPILER_FLAGS=  -O2 -c" "EXTRA_COMPILER_FLAGS=-mcpu=cortex-a9 -mfpu=vfpv3 -mfloat-abi=hard -nost
TRACE::2026-08-04.16:01:01::SCWBDomain::artfiles -g -Wall -Wextra"

TRACE::2026-08-04.16:01:01::SCWBDomain::"Running Make include in ps7_cortexa9_0/libsrc/scugic_v4_3/src"

TRACE::2026-08-04.16:01:01::SCWBDomain::make -C ps7_cortexa9_0/libsrc/scugic_v4_3/src -s include  "SHELL=CMD" "COMPILER=arm-none-eabi-gcc" "ASSEMBLER=arm-none-eabi-as"
TRACE::2026-08-04.16:01:01::SCWBDomain:: "ARCHIVER=arm-none-eabi-ar" "COMPILER_FLAGS=  -O2 -c" "EXTRA_COMPILER_FLAGS=-mcpu=cortex-a9 -mfpu=vfpv3 -mfloat-abi=hard -nost
TRACE::2026-08-04.16:01:01::SCWBDomain::artfiles -g -Wall -Wextra"

TRACE::2026-08-04.16:01:01::SCWBDomain::"Running Make include in ps7_cortexa9_0/libsrc/scutimer_v2_3/src"

TRACE::2026-08-04.16:01:01::SCWBDomain::make -C ps7_cortexa9_0/libsrc/scutimer_v2_3/src -s include  "SHELL=CMD" "COMPILER=arm-none-eabi-gcc" "ASSEMBLER=arm-none-eabi-a
TRACE::2026-08-04.16:01:01::SCWBDomain::s" "ARCHIVER=arm-none-eabi-ar" "COMPILER_FLAGS=  -O2 -c" "EXTRA_COMPILER_FLAGS=-mcpu=cortex-a9 -mfpu=vfpv3 -mfloat-abi=hard -no
TRACE::2026-08-04.16:01:01::SCWBDomain::startfiles -g -Wall -Wextra"

TRACE::2026-08-04.16:01:01::SCWBDomain::"Running Make include in ps7_cortexa9_0/libsrc/scuwdt_v2_3/src"

TRACE::2026-08-04.16:01:01::SCWBDomain::make -C ps7_cortexa9_0/libsrc/scuwdt_v2_3/src -s include  "SHELL=CMD" "COMPILER=arm-none-eabi-gcc" "ASSEMBLER=arm-none-eabi-as"
TRACE::2026-08-04.16:01:01::SCWBDomain:: "ARCHIVER=arm-none-eabi-ar" "COMPILER_FLAGS=  -O2 -c" "EXTRA_COMPILER_FLAGS=-mcpu=cortex-a9 -mfpu=vfpv3 -mfloat-abi=hard -nost
TRACE::2026-08-04.16:01:01::SCWBDomain::artfiles -g -Wall -Wextra"

TRACE::2026-08-04.16:01:01::SCWBDomain::"Running Make include in ps7_cortexa9_0/libsrc/sdps_v3_10/src"

TRACE::2026-08-04.16:01:01::SCWBDomain::make -C ps7_cortexa9_0/libsrc/sdps_v3_10/src -s include  "SHELL=CMD" "COMPILER=arm-none-eabi-gcc" "ASSEMBLER=arm-none-eabi-as" 
TRACE::2026-08-04.16:01:01::SCWBDomain::"ARCHIVER=arm-none-eabi-ar" "COMPILER_FLAGS=  -O2 -c" "EXTRA_COMPILER_FLAGS=-mcpu=cortex-a9 -mfpu=vfpv3 -mfloat-abi=hard -nosta
TRACE::2026-08-04.16:01:01::SCWBDomain::rtfiles -g -Wall -Wextra"

TRACE::2026-08-04.16:01:01::SCWBDomain::"Running Make include in ps7_cortexa9_0/libsrc/standalone_v7_3/src"

TRACE::2026-08-04.16:01:01::SCWBDomain::make -C ps7_cortexa9_0/libsrc/standalone_v7_3/src -s include  "SHELL=CMD" "COMPILER=arm-none-eabi-gcc" "ASSEMBLER=arm-none-eabi
TRACE::2026-08-04.16:01:01::SCWBDomain::-as" "ARCHIVER=arm-none-eabi-ar" "COMPILER_FLAGS=  -O2 -c" "EXTRA_COMPILER_FLAGS=-mcpu=cortex-a9 -mfpu=vfpv3 -mfloat-abi=hard -
TRACE::2026-08-04.16:01:01::SCWBDomain::nostartfiles -g -Wall -Wextra"

TRACE::2026-08-04.16:01:02::SCWBDomain::"Running Make include in ps7_cortexa9_0/libsrc/uartps_v3_10/src"

TRACE::2026-08-04.16:01:02::SCWBDomain::make -C ps7_cortexa9_0/libsrc/uartps_v3_10/src -s include  "SHELL=CMD" "COMPILER=arm-none-eabi-gcc" "ASSEMBLER=arm-none-eabi-as
TRACE::2026-08-04.16:01:02::SCWBDomain::" "ARCHIVER=arm-none-eabi-ar" "COMPILER_FLAGS=  -O2 -c" "EXTRA_COMPILER_FLAGS=-mcpu=cortex-a9 -mfpu=vfpv3 -mfloat-abi=hard -nos
TRACE::2026-08-04.16:01:02::SCWBDomain::tartfiles -g -Wall -Wextra"

TRACE::2026-08-04.16:01:02::SCWBDomain::"Running Make include in ps7_cortexa9_0/libsrc/usbps_v2_6/src"

TRACE::2026-08-04.16:01:02::SCWBDomain::make -C ps7_cortexa9_0/libsrc/usbps_v2_6/src -s include  "SHELL=CMD" "COMPILER=arm-none-eabi-gcc" "ASSEMBLER=arm-none-eabi-as" 
TRACE::2026-08-04.16:01:02::SCWBDomain::"ARCHIVER=arm-none-eabi-ar" "COMPILER_FLAGS=  -O2 -c" "EXTRA_COMPILER_FLAGS=-mcpu=cortex-a9 -mfpu=vfpv3 -mfloat-abi=hard -nosta
TRACE::2026-08-04.16:01:02::SCWBDomain::rtfiles -g -Wall -Wextra"

TRACE::2026-08-04.16:01:02::SCWBDomain::"Running Make include in ps7_cortexa9_0/libsrc/xadcps_v2_5/src"

TRACE::2026-08-04.16:01:02::SCWBDomain::make -C ps7_cortexa9_0/libsrc/xadcps_v2_5/src -s include  "SHELL=CMD" "COMPILER=arm-none-eabi-gcc" "ASSEMBLER=arm-none-eabi-as"
TRACE::2026-08-04.16:01:02::SCWBDomain:: "ARCHIVER=arm-none-eabi-ar" "COMPILER_FLAGS=  -O2 -c" "EXTRA_COMPILER_FLAGS=-mcpu=cortex-a9 -mfpu=vfpv3 -mfloat-abi=hard -nost
TRACE::2026-08-04.16:01:02::SCWBDomain::artfiles -g -Wall -Wextra"

TRACE::2026-08-04.16:01:02::SCWBDomain::"Running Make include in ps7_cortexa9_0/libsrc/xilffs_v4_4/src"

TRACE::2026-08-04.16:01:02::SCWBDomain::make -C ps7_cortexa9_0/libsrc/xilffs_v4_4/src -s include  "SHELL=CMD" "COMPILER=arm-none-eabi-gcc" "ASSEMBLER=arm-none-eabi-as"
TRACE::2026-08-04.16:01:02::SCWBDomain:: "ARCHIVER=arm-none-eabi-ar" "COMPILER_FLAGS=  -O2 -c" "EXTRA_COMPILER_FLAGS=-mcpu=cortex-a9 -mfpu=vfpv3 -mfloat-abi=hard -nost
TRACE::2026-08-04.16:01:02::SCWBDomain::artfiles -g -Wall -Wextra"

TRACE::2026-08-04.16:01:02::SCWBDomain::"Running Make include in ps7_cortexa9_0/libsrc/xilrsa_v1_6/src"

TRACE::2026-08-04.16:01:02::SCWBDomain::make -C ps7_cortexa9_0/libsrc/xilrsa_v1_6/src -s include  "SHELL=CMD" "COMPILER=arm-none-eabi-gcc" "ASSEMBLER=arm-none-eabi-as"
TRACE::2026-08-04.16:01:02::SCWBDomain:: "ARCHIVER=arm-none-eabi-ar" "COMPILER_FLAGS=  -O2 -c" "EXTRA_COMPILER_FLAGS=-mcpu=cortex-a9 -mfpu=vfpv3 -mfloat-abi=hard -nost
TRACE::2026-08-04.16:01:02::SCWBDomain::artfiles -g -Wall -Wextra"

TRACE::2026-08-04.16:01:02::SCWBDomain::"Running Make libs in ps7_cortexa9_0/libsrc/xilrsa_v1_6/src"

TRACE::2026-08-04.16:01:02::SCWBDomain::make -C ps7_cortexa9_0/libsrc/xilrsa_v1_6/src -s libs  "SHELL=CMD" "COMPILER=arm-none-eabi-gcc" "ASSEMBLER=arm-none-eabi-as" "A
TRACE::2026-08-04.16:01:02::SCWBDomain::RCHIVER=arm-none-eabi-ar" "COMPILER_FLAGS=  -O2 -c" "EXTRA_COMPILER_FLAGS=-mcpu=cortex-a9 -mfpu=vfpv3 -mfloat-abi=hard -nostart
TRACE::2026-08-04.16:01:02::SCWBDomain::files -g -Wall -Wextra"

TRACE::2026-08-04.16:01:02::SCWBDomain::'Finished building libraries sequentially.'

TRACE::2026-08-04.16:01:02::SCWBDomain::make -j --no-print-directory par_libs

TRACE::2026-08-04.16:01:02::SCWBDomain::"Running Make include in ps7_cortexa9_0/libsrc/coresightps_dcc_v1_8/src"

TRACE::2026-08-04.16:01:02::SCWBDomain::make -C ps7_cortexa9_0/libsrc/coresightps_dcc_v1_8/src -s include  "SHELL=CMD" "COMPILER=arm-none-eabi-gcc" "ASSEMBLER=arm-none
TRACE::2026-08-04.16:01:02::SCWBDomain::-eabi-as" "ARCHIVER=arm-none-eabi-ar" "COMPILER_FLAGS=  -O2 -c" "EXTRA_COMPILER_FLAGS=-mcpu=cortex-a9 -mfpu=vfpv3 -mfloat-abi=h
TRACE::2026-08-04.16:01:02::SCWBDomain::ard -nostartfiles -g -Wall -Wextra"

TRACE::2026-08-04.16:01:02::SCWBDomain::"Running Make include in ps7_cortexa9_0/libsrc/cpu_cortexa9_v2_10/src"

TRACE::2026-08-04.16:01:02::SCWBDomain::make -C ps7_cortexa9_0/libsrc/cpu_cortexa9_v2_10/src -s include  "SHELL=CMD" "COMPILER=arm-none-eabi-gcc" "ASSEMBLER=arm-none-e
TRACE::2026-08-04.16:01:02::SCWBDomain::abi-as" "ARCHIVER=arm-none-eabi-ar" "COMPILER_FLAGS=  -O2 -c" "EXTRA_COMPILER_FLAGS=-mcpu=cortex-a9 -mfpu=vfpv3 -mfloat-abi=har
TRACE::2026-08-04.16:01:02::SCWBDomain::d -nostartfiles -g -Wall -Wextra"

TRACE::2026-08-04.16:01:02::SCWBDomain::"Running Make include in ps7_cortexa9_0/libsrc/ddrps_v1_2/src"

TRACE::2026-08-04.16:01:02::SCWBDomain::make -C ps7_cortexa9_0/libsrc/ddrps_v1_2/src -s include  "SHELL=CMD" "COMPILER=arm-none-eabi-gcc" "ASSEMBLER=arm-none-eabi-as" 
TRACE::2026-08-04.16:01:02::SCWBDomain::"ARCHIVER=arm-none-eabi-ar" "COMPILER_FLAGS=  -O2 -c" "EXTRA_COMPILER_FLAGS=-mcpu=cortex-a9 -mfpu=vfpv3 -mfloat-abi=hard -nosta
TRACE::2026-08-04.16:01:02::SCWBDomain::rtfiles -g -Wall -Wextra"

TRACE::2026-08-04.16:01:02::SCWBDomain::"Running Make include in ps7_cortexa9_0/libsrc/devcfg_v3_7/src"

TRACE::2026-08-04.16:01:02::SCWBDomain::make -C ps7_cortexa9_0/libsrc/devcfg_v3_7/src -s include  "SHELL=CMD" "COMPILER=arm-none-eabi-gcc" "ASSEMBLER=arm-none-eabi-as"
TRACE::2026-08-04.16:01:02::SCWBDomain:: "ARCHIVER=arm-none-eabi-ar" "COMPILER_FLAGS=  -O2 -c" "EXTRA_COMPILER_FLAGS=-mcpu=cortex-a9 -mfpu=vfpv3 -mfloat-abi=hard -nost
TRACE::2026-08-04.16:01:02::SCWBDomain::artfiles -g -Wall -Wextra"

TRACE::2026-08-04.16:01:02::SCWBDomain::"Running Make include in ps7_cortexa9_0/libsrc/dmaps_v2_7/src"

TRACE::2026-08-04.16:01:02::SCWBDomain::make -C ps7_cortexa9_0/libsrc/dmaps_v2_7/src -s include  "SHELL=CMD" "COMPILER=arm-none-eabi-gcc" "ASSEMBLER=arm-none-eabi-as" 
TRACE::2026-08-04.16:01:02::SCWBDomain::"ARCHIVER=arm-none-eabi-ar" "COMPILER_FLAGS=  -O2 -c" "EXTRA_COMPILER_FLAGS=-mcpu=cortex-a9 -mfpu=vfpv3 -mfloat-abi=hard -nosta
TRACE::2026-08-04.16:01:02::SCWBDomain::rtfiles -g -Wall -Wextra"

TRACE::2026-08-04.16:01:02::SCWBDomain::"Running Make include in ps7_cortexa9_0/libsrc/emacps_v3_12/src"

TRACE::2026-08-04.16:01:02::SCWBDomain::make -C ps7_cortexa9_0/libsrc/emacps_v3_12/src -s include  "SHELL=CMD" "COMPILER=arm-none-eabi-gcc" "ASSEMBLER=arm-none-eabi-as
TRACE::2026-08-04.16:01:02::SCWBDomain::" "ARCHIVER=arm-none-eabi-ar" "COMPILER_FLAGS=  -O2 -c" "EXTRA_COMPILER_FLAGS=-mcpu=cortex-a9 -mfpu=vfpv3 -mfloat-abi=hard -nos
TRACE::2026-08-04.16:01:02::SCWBDomain::tartfiles -g -Wall -Wextra"

TRACE::2026-08-04.16:01:02::SCWBDomain::"Running Make include in ps7_cortexa9_0/libsrc/gpiops_v3_8/src"

TRACE::2026-08-04.16:01:02::SCWBDomain::make -C ps7_cortexa9_0/libsrc/gpiops_v3_8/src -s include  "SHELL=CMD" "COMPILER=arm-none-eabi-gcc" "ASSEMBLER=arm-none-eabi-as"
TRACE::2026-08-04.16:01:02::SCWBDomain:: "ARCHIVER=arm-none-eabi-ar" "COMPILER_FLAGS=  -O2 -c" "EXTRA_COMPILER_FLAGS=-mcpu=cortex-a9 -mfpu=vfpv3 -mfloat-abi=hard -nost
TRACE::2026-08-04.16:01:02::SCWBDomain::artfiles -g -Wall -Wextra"

TRACE::2026-08-04.16:01:02::SCWBDomain::"Running Make include in ps7_cortexa9_0/libsrc/qspips_v3_8/src"

TRACE::2026-08-04.16:01:02::SCWBDomain::make -C ps7_cortexa9_0/libsrc/qspips_v3_8/src -s include  "SHELL=CMD" "COMPILER=arm-none-eabi-gcc" "ASSEMBLER=arm-none-eabi-as"
TRACE::2026-08-04.16:01:02::SCWBDomain:: "ARCHIVER=arm-none-eabi-ar" "COMPILER_FLAGS=  -O2 -c" "EXTRA_COMPILER_FLAGS=-mcpu=cortex-a9 -mfpu=vfpv3 -mfloat-abi=hard -nost
TRACE::2026-08-04.16:01:02::SCWBDomain::artfiles -g -Wall -Wextra"

TRACE::2026-08-04.16:01:02::SCWBDomain::"Running Make include in ps7_cortexa9_0/libsrc/scugic_v4_3/src"

TRACE::2026-08-04.16:01:02::SCWBDomain::make -C ps7_cortexa9_0/libsrc/scugic_v4_3/src -s include  "SHELL=CMD" "COMPILER=arm-none-eabi-gcc" "ASSEMBLER=arm-none-eabi-as"
TRACE::2026-08-04.16:01:02::SCWBDomain:: "ARCHIVER=arm-none-eabi-ar" "COMPILER_FLAGS=  -O2 -c" "EXTRA_COMPILER_FLAGS=-mcpu=cortex-a9 -mfpu=vfpv3 -mfloat-abi=hard -nost
TRACE::2026-08-04.16:01:02::SCWBDomain::artfiles -g -Wall -Wextra"

TRACE::2026-08-04.16:01:02::SCWBDomain::"Running Make include in ps7_cortexa9_0/libsrc/scutimer_v2_3/src"

TRACE::2026-08-04.16:01:02::SCWBDomain::make -C ps7_cortexa9_0/libsrc/scutimer_v2_3/src -s include  "SHELL=CMD" "COMPILER=arm-none-eabi-gcc" "ASSEMBLER=arm-none-eabi-a
TRACE::2026-08-04.16:01:02::SCWBDomain::s" "ARCHIVER=arm-none-eabi-ar" "COMPILER_FLAGS=  -O2 -c" "EXTRA_COMPILER_FLAGS=-mcpu=cortex-a9 -mfpu=vfpv3 -mfloat-abi=hard -no
TRACE::2026-08-04.16:01:02::SCWBDomain::startfiles -g -Wall -Wextra"

TRACE::2026-08-04.16:01:02::SCWBDomain::"Running Make include in ps7_cortexa9_0/libsrc/scuwdt_v2_3/src"

TRACE::2026-08-04.16:01:02::SCWBDomain::make -C ps7_cortexa9_0/libsrc/scuwdt_v2_3/src -s include  "SHELL=CMD" "COMPILER=arm-none-eabi-gcc" "ASSEMBLER=arm-none-eabi-as"
TRACE::2026-08-04.16:01:02::SCWBDomain:: "ARCHIVER=arm-none-eabi-ar" "COMPILER_FLAGS=  -O2 -c" "EXTRA_COMPILER_FLAGS=-mcpu=cortex-a9 -mfpu=vfpv3 -mfloat-abi=hard -nost
TRACE::2026-08-04.16:01:02::SCWBDomain::artfiles -g -Wall -Wextra"

TRACE::2026-08-04.16:01:02::SCWBDomain::"Running Make include in ps7_cortexa9_0/libsrc/sdps_v3_10/src"

TRACE::2026-08-04.16:01:02::SCWBDomain::make -C ps7_cortexa9_0/libsrc/sdps_v3_10/src -s include  "SHELL=CMD" "COMPILER=arm-none-eabi-gcc" "ASSEMBLER=arm-none-eabi-as" 
TRACE::2026-08-04.16:01:02::SCWBDomain::"ARCHIVER=arm-none-eabi-ar" "COMPILER_FLAGS=  -O2 -c" "EXTRA_COMPILER_FLAGS=-mcpu=cortex-a9 -mfpu=vfpv3 -mfloat-abi=hard -nosta
TRACE::2026-08-04.16:01:02::SCWBDomain::rtfiles -g -Wall -Wextra"

TRACE::2026-08-04.16:01:02::SCWBDomain::"Running Make include in ps7_cortexa9_0/libsrc/standalone_v7_3/src"

TRACE::2026-08-04.16:01:02::SCWBDomain::make -C ps7_cortexa9_0/libsrc/standalone_v7_3/src -s include  "SHELL=CMD" "COMPILER=arm-none-eabi-gcc" "ASSEMBLER=arm-none-eabi
TRACE::2026-08-04.16:01:02::SCWBDomain::-as" "ARCHIVER=arm-none-eabi-ar" "COMPILER_FLAGS=  -O2 -c" "EXTRA_COMPILER_FLAGS=-mcpu=cortex-a9 -mfpu=vfpv3 -mfloat-abi=hard -
TRACE::2026-08-04.16:01:02::SCWBDomain::nostartfiles -g -Wall -Wextra"

TRACE::2026-08-04.16:01:02::SCWBDomain::"Running Make include in ps7_cortexa9_0/libsrc/uartps_v3_10/src"

TRACE::2026-08-04.16:01:02::SCWBDomain::make -C ps7_cortexa9_0/libsrc/uartps_v3_10/src -s include  "SHELL=CMD" "COMPILER=arm-none-eabi-gcc" "ASSEMBLER=arm-none-eabi-as
TRACE::2026-08-04.16:01:02::SCWBDomain::" "ARCHIVER=arm-none-eabi-ar" "COMPILER_FLAGS=  -O2 -c" "EXTRA_COMPILER_FLAGS=-mcpu=cortex-a9 -mfpu=vfpv3 -mfloat-abi=hard -nos
TRACE::2026-08-04.16:01:02::SCWBDomain::tartfiles -g -Wall -Wextra"

TRACE::2026-08-04.16:01:02::SCWBDomain::"Running Make include in ps7_cortexa9_0/libsrc/usbps_v2_6/src"

TRACE::2026-08-04.16:01:02::SCWBDomain::make -C ps7_cortexa9_0/libsrc/usbps_v2_6/src -s include  "SHELL=CMD" "COMPILER=arm-none-eabi-gcc" "ASSEMBLER=arm-none-eabi-as" 
TRACE::2026-08-04.16:01:02::SCWBDomain::"ARCHIVER=arm-none-eabi-ar" "COMPILER_FLAGS=  -O2 -c" "EXTRA_COMPILER_FLAGS=-mcpu=cortex-a9 -mfpu=vfpv3 -mfloat-abi=hard -nosta
TRACE::2026-08-04.16:01:02::SCWBDomain::rtfiles -g -Wall -Wextra"

TRACE::2026-08-04.16:01:02::SCWBDomain::"Running Make include in ps7_cortexa9_0/libsrc/xadcps_v2_5/src"

TRACE::2026-08-04.16:01:02::SCWBDomain::make -C ps7_cortexa9_0/libsrc/xadcps_v2_5/src -s include  "SHELL=CMD" "COMPILER=arm-none-eabi-gcc" "ASSEMBLER=arm-none-eabi-as"
TRACE::2026-08-04.16:01:02::SCWBDomain:: "ARCHIVER=arm-none-eabi-ar" "COMPILER_FLAGS=  -O2 -c" "EXTRA_COMPILER_FLAGS=-mcpu=cortex-a9 -mfpu=vfpv3 -mfloat-abi=hard -nost
TRACE::2026-08-04.16:01:02::SCWBDomain::artfiles -g -Wall -Wextra"

TRACE::2026-08-04.16:01:02::SCWBDomain::"Running Make include in ps7_cortexa9_0/libsrc/xilffs_v4_4/src"

TRACE::2026-08-04.16:01:02::SCWBDomain::make -C ps7_cortexa9_0/libsrc/xilffs_v4_4/src -s include  "SHELL=CMD" "COMPILER=arm-none-eabi-gcc" "ASSEMBLER=arm-none-eabi-as"
TRACE::2026-08-04.16:01:02::SCWBDomain:: "ARCHIVER=arm-none-eabi-ar" "COMPILER_FLAGS=  -O2 -c" "EXTRA_COMPILER_FLAGS=-mcpu=cortex-a9 -mfpu=vfpv3 -mfloat-abi=hard -nost
TRACE::2026-08-04.16:01:02::SCWBDomain::artfiles -g -Wall -Wextra"

TRACE::2026-08-04.16:01:02::SCWBDomain::"Running Make include in ps7_cortexa9_0/libsrc/xilrsa_v1_6/src"

TRACE::2026-08-04.16:01:02::SCWBDomain::make -C ps7_cortexa9_0/libsrc/xilrsa_v1_6/src -s include  "SHELL=CMD" "COMPILER=arm-none-eabi-gcc" "ASSEMBLER=arm-none-eabi-as"
TRACE::2026-08-04.16:01:02::SCWBDomain:: "ARCHIVER=arm-none-eabi-ar" "COMPILER_FLAGS=  -O2 -c" "EXTRA_COMPILER_FLAGS=-mcpu=cortex-a9 -mfpu=vfpv3 -mfloat-abi=hard -nost
TRACE::2026-08-04.16:01:02::SCWBDomain::artfiles -g -Wall -Wextra"

TRACE::2026-08-04.16:01:03::SCWBDomain::"Running Make libs in ps7_cortexa9_0/libsrc/coresightps_dcc_v1_8/src"

TRACE::2026-08-04.16:01:03::SCWBDomain::make -C ps7_cortexa9_0/libsrc/coresightps_dcc_v1_8/src -s libs  "SHELL=CMD" "COMPILER=arm-none-eabi-gcc" "ASSEMBLER=arm-none-ea
TRACE::2026-08-04.16:01:03::SCWBDomain::bi-as" "ARCHIVER=arm-none-eabi-ar" "COMPILER_FLAGS=  -O2 -c" "EXTRA_COMPILER_FLAGS=-mcpu=cortex-a9 -mfpu=vfpv3 -mfloat-abi=hard
TRACE::2026-08-04.16:01:03::SCWBDomain:: -nostartfiles -g -Wall -Wextra"

TRACE::2026-08-04.16:01:03::SCWBDomain::"Running Make libs in ps7_cortexa9_0/libsrc/cpu_cortexa9_v2_10/src"

TRACE::2026-08-04.16:01:03::SCWBDomain::make -C ps7_cortexa9_0/libsrc/cpu_cortexa9_v2_10/src -s libs  "SHELL=CMD" "COMPILER=arm-none-eabi-gcc" "ASSEMBLER=arm-none-eabi
TRACE::2026-08-04.16:01:03::SCWBDomain::-as" "ARCHIVER=arm-none-eabi-ar" "COMPILER_FLAGS=  -O2 -c" "EXTRA_COMPILER_FLAGS=-mcpu=cortex-a9 -mfpu=vfpv3 -mfloat-abi=hard -
TRACE::2026-08-04.16:01:03::SCWBDomain::nostartfiles -g -Wall -Wextra"

TRACE::2026-08-04.16:01:03::SCWBDomain::"Running Make libs in ps7_cortexa9_0/libsrc/ddrps_v1_2/src"

TRACE::2026-08-04.16:01:03::SCWBDomain::make -C ps7_cortexa9_0/libsrc/ddrps_v1_2/src -s libs  "SHELL=CMD" "COMPILER=arm-none-eabi-gcc" "ASSEMBLER=arm-none-eabi-as" "AR
TRACE::2026-08-04.16:01:03::SCWBDomain::CHIVER=arm-none-eabi-ar" "COMPILER_FLAGS=  -O2 -c" "EXTRA_COMPILER_FLAGS=-mcpu=cortex-a9 -mfpu=vfpv3 -mfloat-abi=hard -nostartf
TRACE::2026-08-04.16:01:03::SCWBDomain::iles -g -Wall -Wextra"

TRACE::2026-08-04.16:01:03::SCWBDomain::"Running Make libs in ps7_cortexa9_0/libsrc/devcfg_v3_7/src"

TRACE::2026-08-04.16:01:03::SCWBDomain::make -C ps7_cortexa9_0/libsrc/devcfg_v3_7/src -s libs  "SHELL=CMD" "COMPILER=arm-none-eabi-gcc" "ASSEMBLER=arm-none-eabi-as" "A
TRACE::2026-08-04.16:01:03::SCWBDomain::RCHIVER=arm-none-eabi-ar" "COMPILER_FLAGS=  -O2 -c" "EXTRA_COMPILER_FLAGS=-mcpu=cortex-a9 -mfpu=vfpv3 -mfloat-abi=hard -nostart
TRACE::2026-08-04.16:01:03::SCWBDomain::files -g -Wall -Wextra"

TRACE::2026-08-04.16:01:03::SCWBDomain::"Running Make libs in ps7_cortexa9_0/libsrc/dmaps_v2_7/src"

TRACE::2026-08-04.16:01:03::SCWBDomain::make -C ps7_cortexa9_0/libsrc/dmaps_v2_7/src -s libs  "SHELL=CMD" "COMPILER=arm-none-eabi-gcc" "ASSEMBLER=arm-none-eabi-as" "AR
TRACE::2026-08-04.16:01:03::SCWBDomain::CHIVER=arm-none-eabi-ar" "COMPILER_FLAGS=  -O2 -c" "EXTRA_COMPILER_FLAGS=-mcpu=cortex-a9 -mfpu=vfpv3 -mfloat-abi=hard -nostartf
TRACE::2026-08-04.16:01:03::SCWBDomain::iles -g -Wall -Wextra"

TRACE::2026-08-04.16:01:03::SCWBDomain::"Running Make libs in ps7_cortexa9_0/libsrc/emacps_v3_12/src"

TRACE::2026-08-04.16:01:03::SCWBDomain::make -C ps7_cortexa9_0/libsrc/emacps_v3_12/src -s libs  "SHELL=CMD" "COMPILER=arm-none-eabi-gcc" "ASSEMBLER=arm-none-eabi-as" "
TRACE::2026-08-04.16:01:03::SCWBDomain::ARCHIVER=arm-none-eabi-ar" "COMPILER_FLAGS=  -O2 -c" "EXTRA_COMPILER_FLAGS=-mcpu=cortex-a9 -mfpu=vfpv3 -mfloat-abi=hard -nostar
TRACE::2026-08-04.16:01:03::SCWBDomain::tfiles -g -Wall -Wextra"

TRACE::2026-08-04.16:01:03::SCWBDomain::"Running Make libs in ps7_cortexa9_0/libsrc/gpiops_v3_8/src"

TRACE::2026-08-04.16:01:03::SCWBDomain::make -C ps7_cortexa9_0/libsrc/gpiops_v3_8/src -s libs  "SHELL=CMD" "COMPILER=arm-none-eabi-gcc" "ASSEMBLER=arm-none-eabi-as" "A
TRACE::2026-08-04.16:01:03::SCWBDomain::RCHIVER=arm-none-eabi-ar" "COMPILER_FLAGS=  -O2 -c" "EXTRA_COMPILER_FLAGS=-mcpu=cortex-a9 -mfpu=vfpv3 -mfloat-abi=hard -nostart
TRACE::2026-08-04.16:01:03::SCWBDomain::files -g -Wall -Wextra"

TRACE::2026-08-04.16:01:03::SCWBDomain::"Running Make libs in ps7_cortexa9_0/libsrc/qspips_v3_8/src"

TRACE::2026-08-04.16:01:03::SCWBDomain::make -C ps7_cortexa9_0/libsrc/qspips_v3_8/src -s libs  "SHELL=CMD" "COMPILER=arm-none-eabi-gcc" "ASSEMBLER=arm-none-eabi-as" "A
TRACE::2026-08-04.16:01:03::SCWBDomain::RCHIVER=arm-none-eabi-ar" "COMPILER_FLAGS=  -O2 -c" "EXTRA_COMPILER_FLAGS=-mcpu=cortex-a9 -mfpu=vfpv3 -mfloat-abi=hard -nostart
TRACE::2026-08-04.16:01:03::SCWBDomain::files -g -Wall -Wextra"

TRACE::2026-08-04.16:01:03::SCWBDomain::"Running Make libs in ps7_cortexa9_0/libsrc/scugic_v4_3/src"

TRACE::2026-08-04.16:01:03::SCWBDomain::make -C ps7_cortexa9_0/libsrc/scugic_v4_3/src -s libs  "SHELL=CMD" "COMPILER=arm-none-eabi-gcc" "ASSEMBLER=arm-none-eabi-as" "A
TRACE::2026-08-04.16:01:03::SCWBDomain::RCHIVER=arm-none-eabi-ar" "COMPILER_FLAGS=  -O2 -c" "EXTRA_COMPILER_FLAGS=-mcpu=cortex-a9 -mfpu=vfpv3 -mfloat-abi=hard -nostart
TRACE::2026-08-04.16:01:03::SCWBDomain::files -g -Wall -Wextra"

TRACE::2026-08-04.16:01:03::SCWBDomain::"Running Make libs in ps7_cortexa9_0/libsrc/scutimer_v2_3/src"

TRACE::2026-08-04.16:01:03::SCWBDomain::make -C ps7_cortexa9_0/libsrc/scutimer_v2_3/src -s libs  "SHELL=CMD" "COMPILER=arm-none-eabi-gcc" "ASSEMBLER=arm-none-eabi-as" 
TRACE::2026-08-04.16:01:03::SCWBDomain::"ARCHIVER=arm-none-eabi-ar" "COMPILER_FLAGS=  -O2 -c" "EXTRA_COMPILER_FLAGS=-mcpu=cortex-a9 -mfpu=vfpv3 -mfloat-abi=hard -nosta
TRACE::2026-08-04.16:01:03::SCWBDomain::rtfiles -g -Wall -Wextra"

TRACE::2026-08-04.16:01:03::SCWBDomain::"Running Make libs in ps7_cortexa9_0/libsrc/scuwdt_v2_3/src"

TRACE::2026-08-04.16:01:03::SCWBDomain::make -C ps7_cortexa9_0/libsrc/scuwdt_v2_3/src -s libs  "SHELL=CMD" "COMPILER=arm-none-eabi-gcc" "ASSEMBLER=arm-none-eabi-as" "A
TRACE::2026-08-04.16:01:03::SCWBDomain::RCHIVER=arm-none-eabi-ar" "COMPILER_FLAGS=  -O2 -c" "EXTRA_COMPILER_FLAGS=-mcpu=cortex-a9 -mfpu=vfpv3 -mfloat-abi=hard -nostart
TRACE::2026-08-04.16:01:03::SCWBDomain::files -g -Wall -Wextra"

TRACE::2026-08-04.16:01:03::SCWBDomain::"Running Make libs in ps7_cortexa9_0/libsrc/sdps_v3_10/src"

TRACE::2026-08-04.16:01:03::SCWBDomain::make -C ps7_cortexa9_0/libsrc/sdps_v3_10/src -s libs  "SHELL=CMD" "COMPILER=arm-none-eabi-gcc" "ASSEMBLER=arm-none-eabi-as" "AR
TRACE::2026-08-04.16:01:03::SCWBDomain::CHIVER=arm-none-eabi-ar" "COMPILER_FLAGS=  -O2 -c" "EXTRA_COMPILER_FLAGS=-mcpu=cortex-a9 -mfpu=vfpv3 -mfloat-abi=hard -nostartf
TRACE::2026-08-04.16:01:03::SCWBDomain::iles -g -Wall -Wextra"

TRACE::2026-08-04.16:01:03::SCWBDomain::"Running Make libs in ps7_cortexa9_0/libsrc/standalone_v7_3/src"

TRACE::2026-08-04.16:01:03::SCWBDomain::make -C ps7_cortexa9_0/libsrc/standalone_v7_3/src -s libs  "SHELL=CMD" "COMPILER=arm-none-eabi-gcc" "ASSEMBLER=arm-none-eabi-as
TRACE::2026-08-04.16:01:03::SCWBDomain::" "ARCHIVER=arm-none-eabi-ar" "COMPILER_FLAGS=  -O2 -c" "EXTRA_COMPILER_FLAGS=-mcpu=cortex-a9 -mfpu=vfpv3 -mfloat-abi=hard -nos
TRACE::2026-08-04.16:01:03::SCWBDomain::tartfiles -g -Wall -Wextra"

TRACE::2026-08-04.16:01:03::SCWBDomain::"Running Make libs in ps7_cortexa9_0/libsrc/uartps_v3_10/src"

TRACE::2026-08-04.16:01:03::SCWBDomain::make -C ps7_cortexa9_0/libsrc/uartps_v3_10/src -s libs  "SHELL=CMD" "COMPILER=arm-none-eabi-gcc" "ASSEMBLER=arm-none-eabi-as" "
TRACE::2026-08-04.16:01:03::SCWBDomain::ARCHIVER=arm-none-eabi-ar" "COMPILER_FLAGS=  -O2 -c" "EXTRA_COMPILER_FLAGS=-mcpu=cortex-a9 -mfpu=vfpv3 -mfloat-abi=hard -nostar
TRACE::2026-08-04.16:01:03::SCWBDomain::tfiles -g -Wall -Wextra"

TRACE::2026-08-04.16:01:03::SCWBDomain::"Running Make libs in ps7_cortexa9_0/libsrc/usbps_v2_6/src"

TRACE::2026-08-04.16:01:03::SCWBDomain::make -C ps7_cortexa9_0/libsrc/usbps_v2_6/src -s libs  "SHELL=CMD" "COMPILER=arm-none-eabi-gcc" "ASSEMBLER=arm-none-eabi-as" "AR
TRACE::2026-08-04.16:01:03::SCWBDomain::CHIVER=arm-none-eabi-ar" "COMPILER_FLAGS=  -O2 -c" "EXTRA_COMPILER_FLAGS=-mcpu=cortex-a9 -mfpu=vfpv3 -mfloat-abi=hard -nostartf
TRACE::2026-08-04.16:01:03::SCWBDomain::iles -g -Wall -Wextra"

TRACE::2026-08-04.16:01:03::SCWBDomain::"Running Make libs in ps7_cortexa9_0/libsrc/xadcps_v2_5/src"

TRACE::2026-08-04.16:01:03::SCWBDomain::"Running Make libs in ps7_cortexa9_0/libsrc/xilffs_v4_4/src"

TRACE::2026-08-04.16:01:03::SCWBDomain::make -C ps7_cortexa9_0/libsrc/xadcps_v2_5/src -s libs  "SHELL=CMD" "COMPILER=arm-none-eabi-gcc" "ASSEMBLER=arm-none-eabi-as" "A
TRACE::2026-08-04.16:01:03::SCWBDomain::RCHIVER=arm-none-eabi-ar" "COMPILER_FLAGS=  -O2 -c" "EXTRA_COMPILER_FLAGS=-mcpu=cortex-a9 -mfpu=vfpv3 -mfloat-abi=hard -nostart
TRACE::2026-08-04.16:01:03::SCWBDomain::files -g -Wall -Wextra"

TRACE::2026-08-04.16:01:03::SCWBDomain::make -C ps7_cortexa9_0/libsrc/xilffs_v4_4/src -s libs  "SHELL=CMD" "COMPILER=arm-none-eabi-gcc" "ASSEMBLER=arm-none-eabi-as" "A
TRACE::2026-08-04.16:01:03::SCWBDomain::RCHIVER=arm-none-eabi-ar" "COMPILER_FLAGS=  -O2 -c" "EXTRA_COMPILER_FLAGS=-mcpu=cortex-a9 -mfpu=vfpv3 -mfloat-abi=hard -nostart
TRACE::2026-08-04.16:01:03::SCWBDomain::files -g -Wall -Wextra"

TRACE::2026-08-04.16:01:04::SCWBDomain::'Finished building libraries parallelly.'

TRACE::2026-08-04.16:01:04::SCWBDomain::make --no-print-directory archive

TRACE::2026-08-04.16:01:04::SCWBDomain::arm-none-eabi-ar -r  ps7_cortexa9_0/lib/libxil.a ps7_cortexa9_0/lib/xil_printf.o ps7_cortexa9_0/lib/xadcps_selftest.o ps7_corte
TRACE::2026-08-04.16:01:04::SCWBDomain::xa9_0/lib/kill.o ps7_cortexa9_0/lib/xscuwdt_g.o ps7_cortexa9_0/lib/xplatform_info.o ps7_cortexa9_0/lib/xqspips_options.o ps7_co
TRACE::2026-08-04.16:01:04::SCWBDomain::rtexa9_0/lib/print.o ps7_cortexa9_0/lib/xscugic_selftest.o ps7_cortexa9_0/lib/xsdps_card.o ps7_cortexa9_0/lib/xdmaps_g.o ps7_co
TRACE::2026-08-04.16:01:04::SCWBDomain::rtexa9_0/lib/xil_testio.o ps7_cortexa9_0/lib/sleep.o ps7_cortexa9_0/lib/boot.o ps7_cortexa9_0/lib/xdevcfg_hw.o ps7_cortexa9_0/l
TRACE::2026-08-04.16:01:04::SCWBDomain::ib/xscugic_intr.o ps7_cortexa9_0/lib/xadcps_intr.o ps7_cortexa9_0/lib/xpm_counter.o ps7_cortexa9_0/lib/xuartps_sinit.o ps7_cort
TRACE::2026-08-04.16:01:04::SCWBDomain::exa9_0/lib/xscutimer_g.o ps7_cortexa9_0/lib/xdmaps_sinit.o ps7_cortexa9_0/lib/xemacps.o ps7_cortexa9_0/lib/xil_util.o ps7_corte
TRACE::2026-08-04.16:01:04::SCWBDomain::xa9_0/lib/inbyte.o ps7_cortexa9_0/lib/xil_mmu.o ps7_cortexa9_0/lib/xdmaps_selftest.o ps7_cortexa9_0/lib/xscutimer_selftest.o ps
TRACE::2026-08-04.16:01:04::SCWBDomain::7_cortexa9_0/lib/xil_misc_psreset_api.o ps7_cortexa9_0/lib/cpputest_time.o ps7_cortexa9_0/lib/xuartps_options.o ps7_cortexa9_0/
TRACE::2026-08-04.16:01:04::SCWBDomain::lib/xgpiops_g.o ps7_cortexa9_0/lib/close.o ps7_cortexa9_0/lib/xuartps_g.o ps7_cortexa9_0/lib/xsdps.o ps7_cortexa9_0/lib/xil_mem
TRACE::2026-08-04.16:01:04::SCWBDomain::.o ps7_cortexa9_0/lib/xscugic_hw.o ps7_cortexa9_0/lib/xgpiops_sinit.o ps7_cortexa9_0/lib/xgpiops_selftest.o ps7_cortexa9_0/lib/
TRACE::2026-08-04.16:01:04::SCWBDomain::xqspips_selftest.o ps7_cortexa9_0/lib/translation_table.o ps7_cortexa9_0/lib/write.o ps7_cortexa9_0/lib/xemacps_bdring.o ps7_co
TRACE::2026-08-04.16:01:04::SCWBDomain::rtexa9_0/lib/cpu_init.o ps7_cortexa9_0/lib/xscugic_g.o ps7_cortexa9_0/lib/xscutimer_sinit.o ps7_cortexa9_0/lib/xemacps_intr.o p
TRACE::2026-08-04.16:01:04::SCWBDomain::s7_cortexa9_0/lib/usleep.o ps7_cortexa9_0/lib/xil_testmem.o ps7_cortexa9_0/lib/xil_sleepcommon.o ps7_cortexa9_0/lib/unlink.o ps
TRACE::2026-08-04.16:01:04::SCWBDomain::7_cortexa9_0/lib/xadcps.o ps7_cortexa9_0/lib/xdmaps_hw.o ps7_cortexa9_0/lib/xgpiops_intr.o ps7_cortexa9_0/lib/xscugic_sinit.o p
TRACE::2026-08-04.16:01:04::SCWBDomain::s7_cortexa9_0/lib/xil_sleeptimer.o ps7_cortexa9_0/lib/xscuwdt_selftest.o ps7_cortexa9_0/lib/open.o ps7_cortexa9_0/lib/outbyte.o
TRACE::2026-08-04.16:01:04::SCWBDomain:: ps7_cortexa9_0/lib/xuartps_selftest.o ps7_cortexa9_0/lib/xuartps_hw.o ps7_cortexa9_0/lib/xsdps_options.o ps7_cortexa9_0/lib/_e
TRACE::2026-08-04.16:01:04::SCWBDomain::xit.o ps7_cortexa9_0/lib/read.o ps7_cortexa9_0/lib/xgpiops_hw.o ps7_cortexa9_0/lib/xusbps_intr.o ps7_cortexa9_0/lib/xqspips_hw.
TRACE::2026-08-04.16:01:04::SCWBDomain::o ps7_cortexa9_0/lib/xil_cache.o ps7_cortexa9_0/lib/xtime_l.o ps7_cortexa9_0/lib/xl2cc_counter.o ps7_cortexa9_0/lib/xsdps_sinit
TRACE::2026-08-04.16:01:04::SCWBDomain::.o ps7_cortexa9_0/lib/asm_vectors.o ps7_cortexa9_0/lib/xdevcfg_intr.o ps7_cortexa9_0/lib/abort.o ps7_cortexa9_0/lib/xdevcfg_g.o
TRACE::2026-08-04.16:01:04::SCWBDomain:: ps7_cortexa9_0/lib/xuartps_intr.o ps7_cortexa9_0/lib/xuartps.o ps7_cortexa9_0/lib/getpid.o ps7_cortexa9_0/lib/xil_testcache.o 
TRACE::2026-08-04.16:01:04::SCWBDomain::ps7_cortexa9_0/lib/xqspips_g.o ps7_cortexa9_0/lib/xemacps_hw.o ps7_cortexa9_0/lib/xdmaps.o ps7_cortexa9_0/lib/xscutimer.o ps7_c
TRACE::2026-08-04.16:01:04::SCWBDomain::ortexa9_0/lib/xscuwdt.o ps7_cortexa9_0/lib/xdevcfg_selftest.o ps7_cortexa9_0/lib/xusbps_hw.o ps7_cortexa9_0/lib/xqspips.o ps7_c
TRACE::2026-08-04.16:01:04::SCWBDomain::ortexa9_0/lib/xemacps_g.o ps7_cortexa9_0/lib/xusbps.o ps7_cortexa9_0/lib/xusbps_sinit.o ps7_cortexa9_0/lib/xemacps_sinit.o ps7_
TRACE::2026-08-04.16:01:04::SCWBDomain::cortexa9_0/lib/xusbps_endpoint.o ps7_cortexa9_0/lib/xscuwdt_sinit.o ps7_cortexa9_0/lib/sbrk.o ps7_cortexa9_0/lib/xgpiops.o ps7_
TRACE::2026-08-04.16:01:04::SCWBDomain::cortexa9_0/lib/xsdps_g.o ps7_cortexa9_0/lib/fstat.o ps7_cortexa9_0/lib/errno.o ps7_cortexa9_0/lib/lseek.o ps7_cortexa9_0/lib/xd
TRACE::2026-08-04.16:01:04::SCWBDomain::evcfg_sinit.o ps7_cortexa9_0/lib/_sbrk.o ps7_cortexa9_0/lib/vectors.o ps7_cortexa9_0/lib/xil_exception.o ps7_cortexa9_0/lib/xem
TRACE::2026-08-04.16:01:04::SCWBDomain::acps_control.o ps7_cortexa9_0/lib/putnum.o ps7_cortexa9_0/lib/xil_clocking.o ps7_cortexa9_0/lib/xil_assert.o ps7_cortexa9_0/lib
TRACE::2026-08-04.16:01:04::SCWBDomain::/xusbps_g.o ps7_cortexa9_0/lib/xsdps_host.o ps7_cortexa9_0/lib/xcoresightpsdcc.o ps7_cortexa9_0/lib/isatty.o ps7_cortexa9_0/lib
TRACE::2026-08-04.16:01:04::SCWBDomain::/xscugic.o ps7_cortexa9_0/lib/xadcps_g.o ps7_cortexa9_0/lib/xil-crt0.o ps7_cortexa9_0/lib/xqspips_sinit.o ps7_cortexa9_0/lib/xa
TRACE::2026-08-04.16:01:04::SCWBDomain::dcps_sinit.o ps7_cortexa9_0/lib/fcntl.o ps7_cortexa9_0/lib/_open.o ps7_cortexa9_0/lib/xdevcfg.o

TRACE::2026-08-04.16:01:04::SCWBDomain::'Finished building libraries'

TRACE::2026-08-04.16:01:04::SCWBDomain::make: Leaving directory 'C:/Users/Thomas/Desktop/TP_MISTRE/TP_PROCESSEUR/Projet_Vitis/PS_Only_ZyboZ7/zynq_fsbl/zynq_fsbl_bsp'

TRACE::2026-08-04.16:01:04::SCWBDomain::arm-none-eabi-gcc -MMD -MP       -mcpu=cortex-a9 -mfpu=vfpv3 -mfloat-abi=hard   -O2 -c -c sd.c -o sd.o -Izynq_fsbl_bsp/ps7_cort
TRACE::2026-08-04.16:01:04::SCWBDomain::exa9_0/include -I.

TRACE::2026-08-04.16:01:05::SCWBDomain::arm-none-eabi-gcc -MMD -MP       -mcpu=cortex-a9 -mfpu=vfpv3 -mfloat-abi=hard   -O2 -c -c nand.c -o nand.o -Izynq_fsbl_bsp/ps7_
TRACE::2026-08-04.16:01:05::SCWBDomain::cortexa9_0/include -I.

TRACE::2026-08-04.16:01:05::SCWBDomain::arm-none-eabi-gcc -MMD -MP       -mcpu=cortex-a9 -mfpu=vfpv3 -mfloat-abi=hard   -O2 -c -c nor.c -o nor.o -Izynq_fsbl_bsp/ps7_co
TRACE::2026-08-04.16:01:05::SCWBDomain::rtexa9_0/include -I.

TRACE::2026-08-04.16:01:05::SCWBDomain::arm-none-eabi-gcc -MMD -MP       -mcpu=cortex-a9 -mfpu=vfpv3 -mfloat-abi=hard   -O2 -c -c image_mover.c -o image_mover.o -Izynq
TRACE::2026-08-04.16:01:05::SCWBDomain::_fsbl_bsp/ps7_cortexa9_0/include -I.

TRACE::2026-08-04.16:01:05::SCWBDomain::arm-none-eabi-gcc -MMD -MP       -mcpu=cortex-a9 -mfpu=vfpv3 -mfloat-abi=hard   -O2 -c -c md5.c -o md5.o -Izynq_fsbl_bsp/ps7_co
TRACE::2026-08-04.16:01:05::SCWBDomain::rtexa9_0/include -I.

TRACE::2026-08-04.16:01:05::SCWBDomain::arm-none-eabi-gcc -MMD -MP       -mcpu=cortex-a9 -mfpu=vfpv3 -mfloat-abi=hard   -O2 -c -c fsbl_hooks.c -o fsbl_hooks.o -Izynq_f
TRACE::2026-08-04.16:01:05::SCWBDomain::sbl_bsp/ps7_cortexa9_0/include -I.

TRACE::2026-08-04.16:01:05::SCWBDomain::arm-none-eabi-gcc -MMD -MP       -mcpu=cortex-a9 -mfpu=vfpv3 -mfloat-abi=hard   -O2 -c -c main.c -o main.o -Izynq_fsbl_bsp/ps7_
TRACE::2026-08-04.16:01:05::SCWBDomain::cortexa9_0/include -I.

TRACE::2026-08-04.16:01:05::SCWBDomain::arm-none-eabi-gcc -MMD -MP       -mcpu=cortex-a9 -mfpu=vfpv3 -mfloat-abi=hard   -O2 -c -c rsa.c -o rsa.o -Izynq_fsbl_bsp/ps7_co
TRACE::2026-08-04.16:01:05::SCWBDomain::rtexa9_0/include -I.

TRACE::2026-08-04.16:01:05::SCWBDomain::arm-none-eabi-gcc -MMD -MP       -mcpu=cortex-a9 -mfpu=vfpv3 -mfloat-abi=hard   -O2 -c -c qspi.c -o qspi.o -Izynq_fsbl_bsp/ps7_
TRACE::2026-08-04.16:01:05::SCWBDomain::cortexa9_0/include -I.

TRACE::2026-08-04.16:01:05::SCWBDomain::arm-none-eabi-gcc -MMD -MP       -mcpu=cortex-a9 -mfpu=vfpv3 -mfloat-abi=hard   -O2 -c -c ps7_init.c -o ps7_init.o -Izynq_fsbl_
TRACE::2026-08-04.16:01:05::SCWBDomain::bsp/ps7_cortexa9_0/include -I.

TRACE::2026-08-04.16:01:05::SCWBDomain::arm-none-eabi-gcc -MMD -MP       -mcpu=cortex-a9 -mfpu=vfpv3 -mfloat-abi=hard   -O2 -c -c pcap.c -o pcap.o -Izynq_fsbl_bsp/ps7_
TRACE::2026-08-04.16:01:05::SCWBDomain::cortexa9_0/include -I.

TRACE::2026-08-04.16:01:05::SCWBDomain::arm-none-eabi-gcc -MMD -MP       -mcpu=cortex-a9 -mfpu=vfpv3 -mfloat-abi=hard   -O2 -c -c fsbl_handoff.S -o fsbl_handoff.o -Izy
TRACE::2026-08-04.16:01:05::SCWBDomain::nq_fsbl_bsp/ps7_cortexa9_0/include -I.

TRACE::2026-08-04.16:01:05::SCWBDomain::arm-none-eabi-gcc -o fsbl.elf  sd.o  nand.o  nor.o  image_mover.o  md5.o  fsbl_hooks.o  main.o  rsa.o  qspi.o  ps7_init.o  pcap
TRACE::2026-08-04.16:01:05::SCWBDomain::.o  fsbl_handoff.o -MMD -MP       -mcpu=cortex-a9 -mfpu=vfpv3 -mfloat-abi=hard   -mcpu=cortex-a9 -mfpu=vfpv3 -mfloat-abi=hard -
TRACE::2026-08-04.16:01:05::SCWBDomain::Wl,-build-id=none -specs=Xilinx.spec  -lrsa -Wl,--start-group,-lxil,-lgcc,-lc,--end-group -Wl,--start-group,-lxilffs,-lxil,-lgc
TRACE::2026-08-04.16:01:05::SCWBDomain::c,-lc,--end-group -Wl,--start-group,-lrsa,-lxil,-lgcc,-lc,--end-group                                   -Wl,--gc-sections -Lzyn
TRACE::2026-08-04.16:01:05::SCWBDomain::q_fsbl_bsp/ps7_cortexa9_0/lib -L./ -Tlscript.ld

LOG::2026-08-04.16:01:06::SCWSystem::Checking the domain standalone_ps7_cortexa9_0
LOG::2026-08-04.16:01:06::SCWSystem::Not a boot domain 
LOG::2026-08-04.16:01:06::SCWSystem::Started Processing the domain standalone_ps7_cortexa9_0
TRACE::2026-08-04.16:01:06::SCWDomain::Generating domain artifcats
TRACE::2026-08-04.16:01:06::SCWMssOS::Generating standalone artifcats
TRACE::2026-08-04.16:01:06::SCWMssOS::Copying the qemu file from  C:/Xilinx/Vitis/2020.2/data/emulation/platforms/zynq/sw/a9_standalone/qemu/qemu_args.txt To C:/Users/Thomas/Desktop/TP_MISTRE/TP_PROCESSEUR/Projet_Vitis/PS_Only_ZyboZ7/export/PS_Only_ZyboZ7/sw/PS_Only_ZyboZ7/qemu/
TRACE::2026-08-04.16:01:06::SCWMssOS::Copying the qemu file from  C:/Xilinx/Vitis/2020.2/data/emulation/platforms/zynq/sw/a9_standalone/qemu/qemu_args.txt To C:/Users/Thomas/Desktop/TP_MISTRE/TP_PROCESSEUR/Projet_Vitis/PS_Only_ZyboZ7/export/PS_Only_ZyboZ7/sw/PS_Only_ZyboZ7/standalone_ps7_cortexa9_0/qemu/
TRACE::2026-08-04.16:01:06::SCWMssOS:: Copying the user libraries. 
TRACE::2026-08-04.16:01:06::SCWPlatform::Trying to open the hw design at C:/Users/Thomas/Desktop/TP_MISTRE/TP_PROCESSEUR/Projet_Vitis/PS_Only_ZyboZ7/hw/PS_Only_ZyboZ7.xsa
TRACE::2026-08-04.16:01:06::SCWPlatform::DSA given C:/Users/Thomas/Desktop/TP_MISTRE/TP_PROCESSEUR/Projet_Vitis/PS_Only_ZyboZ7/hw/PS_Only_ZyboZ7.xsa
TRACE::2026-08-04.16:01:06::SCWPlatform::DSA absoulate path C:/Users/Thomas/Desktop/TP_MISTRE/TP_PROCESSEUR/Projet_Vitis/PS_Only_ZyboZ7/hw/PS_Only_ZyboZ7.xsa
TRACE::2026-08-04.16:01:06::SCWPlatform::DSA directory C:/Users/Thomas/Desktop/TP_MISTRE/TP_PROCESSEUR/Projet_Vitis/PS_Only_ZyboZ7/hw
TRACE::2026-08-04.16:01:06::SCWPlatform:: Platform Path C:/Users/Thomas/Desktop/TP_MISTRE/TP_PROCESSEUR/Projet_Vitis/PS_Only_ZyboZ7/hw/PS_Only_ZyboZ7.xsa
TRACE::2026-08-04.16:01:06::SCWPlatform:: Unique name xilinx:zybo-z7-20::0.0
TRACE::2026-08-04.16:01:06::SCWPlatform::Trying to set the existing hwdb with name design_1_wrapper_0
TRACE::2026-08-04.16:01:06::SCWPlatform::Opened existing hwdb design_1_wrapper_0
TRACE::2026-08-04.16:01:06::SCWPlatform::Found the Hw Db part of the input DSA
TRACE::2026-08-04.16:01:06::SCWMssOS::Checking the sw design at  C:/Users/Thomas/Desktop/TP_MISTRE/TP_PROCESSEUR/Projet_Vitis/PS_Only_ZyboZ7/ps7_cortexa9_0/standalone_ps7_cortexa9_0/bsp/system.mss
TRACE::2026-08-04.16:01:06::SCWMssOS::DEBUG:  swdes dump  C:/Users/Thomas/Desktop/TP_MISTRE/TP_PROCESSEUR/Projet_Vitis/PS_Only_ZyboZ7/ps7_cortexa9_0/standalone_ps7_cortexa9_0/bsp/system.mss|system_0||
C:/Users/Thomas/Desktop/TP_MISTRE/TP_PROCESSEUR/Projet_Vitis/PS_Only_ZyboZ7/zynq_fsbl/zynq_fsbl_bsp/system.mss|system||

TRACE::2026-08-04.16:01:06::SCWMssOS::Sw design exists and opened at  C:/Users/Thomas/Desktop/TP_MISTRE/TP_PROCESSEUR/Projet_Vitis/PS_Only_ZyboZ7/ps7_cortexa9_0/standalone_ps7_cortexa9_0/bsp/system.mss
TRACE::2026-08-04.16:01:06::SCWMssOS::Completed writing the mss file at C:/Users/Thomas/Desktop/TP_MISTRE/TP_PROCESSEUR/Projet_Vitis/PS_Only_ZyboZ7/ps7_cortexa9_0/standalone_ps7_cortexa9_0/bsp
TRACE::2026-08-04.16:01:06::SCWMssOS::Mss edits present, copying mssfile into export location C:/Users/Thomas/Desktop/TP_MISTRE/TP_PROCESSEUR/Projet_Vitis/PS_Only_ZyboZ7/ps7_cortexa9_0/standalone_ps7_cortexa9_0/bsp/system.mss
TRACE::2026-08-04.16:01:06::SCWMssOS::bsp generated is upto date with the mss file. Skipping bsp generation.
TRACE::2026-08-04.16:01:06::SCWMssOS::BSP is already built. skipping the bsp build ... 
TRACE::2026-08-04.16:01:06::SCWDomain::Building the domain as part of full build :  standalone_ps7_cortexa9_0
TRACE::2026-08-04.16:01:06::SCWMssOS::doing bsp build ... 
TRACE::2026-08-04.16:01:06::SCWMssOS::System Command Ran  C: & cd  C:/Users/Thomas/Desktop/TP_MISTRE/TP_PROCESSEUR/Projet_Vitis/PS_Only_ZyboZ7/ps7_cortexa9_0/standalone_ps7_cortexa9_0/bsp & make 
TRACE::2026-08-04.16:01:06::SCWMssOS::make --no-print-directory seq_libs

TRACE::2026-08-04.16:01:06::SCWMssOS::'Finished building libraries sequentially.'

TRACE::2026-08-04.16:01:06::SCWMssOS::make -j --no-print-directory par_libs

TRACE::2026-08-04.16:01:06::SCWMssOS::"Running Make include in ps7_cortexa9_0/libsrc/coresightps_dcc_v1_8/src"

TRACE::2026-08-04.16:01:06::SCWMssOS::make -C ps7_cortexa9_0/libsrc/coresightps_dcc_v1_8/src -s include  "SHELL=CMD" "COMPILER=arm-none-eabi-gcc" "ASSEMBLER=arm-none
TRACE::2026-08-04.16:01:06::SCWMssOS::-eabi-as" "ARCHIVER=arm-none-eabi-ar" "COMPILER_FLAGS=  -O2 -c" "EXTRA_COMPILER_FLAGS=-mcpu=cortex-a9 -mfpu=vfpv3 -mfloat-abi=h
TRACE::2026-08-04.16:01:06::SCWMssOS::ard -nostartfiles -g -Wall -Wextra"

TRACE::2026-08-04.16:01:06::SCWMssOS::"Running Make include in ps7_cortexa9_0/libsrc/cpu_cortexa9_v2_10/src"

TRACE::2026-08-04.16:01:06::SCWMssOS::make -C ps7_cortexa9_0/libsrc/cpu_cortexa9_v2_10/src -s include  "SHELL=CMD" "COMPILER=arm-none-eabi-gcc" "ASSEMBLER=arm-none-e
TRACE::2026-08-04.16:01:06::SCWMssOS::abi-as" "ARCHIVER=arm-none-eabi-ar" "COMPILER_FLAGS=  -O2 -c" "EXTRA_COMPILER_FLAGS=-mcpu=cortex-a9 -mfpu=vfpv3 -mfloat-abi=har
TRACE::2026-08-04.16:01:06::SCWMssOS::d -nostartfiles -g -Wall -Wextra"

TRACE::2026-08-04.16:01:06::SCWMssOS::"Running Make include in ps7_cortexa9_0/libsrc/ddrps_v1_2/src"

TRACE::2026-08-04.16:01:06::SCWMssOS::make -C ps7_cortexa9_0/libsrc/ddrps_v1_2/src -s include  "SHELL=CMD" "COMPILER=arm-none-eabi-gcc" "ASSEMBLER=arm-none-eabi-as" 
TRACE::2026-08-04.16:01:06::SCWMssOS::"ARCHIVER=arm-none-eabi-ar" "COMPILER_FLAGS=  -O2 -c" "EXTRA_COMPILER_FLAGS=-mcpu=cortex-a9 -mfpu=vfpv3 -mfloat-abi=hard -nosta
TRACE::2026-08-04.16:01:06::SCWMssOS::rtfiles -g -Wall -Wextra"

TRACE::2026-08-04.16:01:06::SCWMssOS::"Running Make include in ps7_cortexa9_0/libsrc/devcfg_v3_7/src"

TRACE::2026-08-04.16:01:06::SCWMssOS::make -C ps7_cortexa9_0/libsrc/devcfg_v3_7/src -s include  "SHELL=CMD" "COMPILER=arm-none-eabi-gcc" "ASSEMBLER=arm-none-eabi-as"
TRACE::2026-08-04.16:01:06::SCWMssOS:: "ARCHIVER=arm-none-eabi-ar" "COMPILER_FLAGS=  -O2 -c" "EXTRA_COMPILER_FLAGS=-mcpu=cortex-a9 -mfpu=vfpv3 -mfloat-abi=hard -nost
TRACE::2026-08-04.16:01:06::SCWMssOS::artfiles -g -Wall -Wextra"

TRACE::2026-08-04.16:01:06::SCWMssOS::"Running Make include in ps7_cortexa9_0/libsrc/dmaps_v2_7/src"

TRACE::2026-08-04.16:01:06::SCWMssOS::make -C ps7_cortexa9_0/libsrc/dmaps_v2_7/src -s include  "SHELL=CMD" "COMPILER=arm-none-eabi-gcc" "ASSEMBLER=arm-none-eabi-as" 
TRACE::2026-08-04.16:01:06::SCWMssOS::"ARCHIVER=arm-none-eabi-ar" "COMPILER_FLAGS=  -O2 -c" "EXTRA_COMPILER_FLAGS=-mcpu=cortex-a9 -mfpu=vfpv3 -mfloat-abi=hard -nosta
TRACE::2026-08-04.16:01:06::SCWMssOS::rtfiles -g -Wall -Wextra"

TRACE::2026-08-04.16:01:06::SCWMssOS::"Running Make include in ps7_cortexa9_0/libsrc/emacps_v3_12/src"

TRACE::2026-08-04.16:01:06::SCWMssOS::make -C ps7_cortexa9_0/libsrc/emacps_v3_12/src -s include  "SHELL=CMD" "COMPILER=arm-none-eabi-gcc" "ASSEMBLER=arm-none-eabi-as
TRACE::2026-08-04.16:01:06::SCWMssOS::" "ARCHIVER=arm-none-eabi-ar" "COMPILER_FLAGS=  -O2 -c" "EXTRA_COMPILER_FLAGS=-mcpu=cortex-a9 -mfpu=vfpv3 -mfloat-abi=hard -nos
TRACE::2026-08-04.16:01:06::SCWMssOS::tartfiles -g -Wall -Wextra"

TRACE::2026-08-04.16:01:06::SCWMssOS::"Running Make include in ps7_cortexa9_0/libsrc/gpiops_v3_8/src"

TRACE::2026-08-04.16:01:06::SCWMssOS::make -C ps7_cortexa9_0/libsrc/gpiops_v3_8/src -s include  "SHELL=CMD" "COMPILER=arm-none-eabi-gcc" "ASSEMBLER=arm-none-eabi-as"
TRACE::2026-08-04.16:01:06::SCWMssOS:: "ARCHIVER=arm-none-eabi-ar" "COMPILER_FLAGS=  -O2 -c" "EXTRA_COMPILER_FLAGS=-mcpu=cortex-a9 -mfpu=vfpv3 -mfloat-abi=hard -nost
TRACE::2026-08-04.16:01:06::SCWMssOS::artfiles -g -Wall -Wextra"

TRACE::2026-08-04.16:01:06::SCWMssOS::"Running Make include in ps7_cortexa9_0/libsrc/qspips_v3_8/src"

TRACE::2026-08-04.16:01:06::SCWMssOS::make -C ps7_cortexa9_0/libsrc/qspips_v3_8/src -s include  "SHELL=CMD" "COMPILER=arm-none-eabi-gcc" "ASSEMBLER=arm-none-eabi-as"
TRACE::2026-08-04.16:01:06::SCWMssOS:: "ARCHIVER=arm-none-eabi-ar" "COMPILER_FLAGS=  -O2 -c" "EXTRA_COMPILER_FLAGS=-mcpu=cortex-a9 -mfpu=vfpv3 -mfloat-abi=hard -nost
TRACE::2026-08-04.16:01:06::SCWMssOS::artfiles -g -Wall -Wextra"

TRACE::2026-08-04.16:01:06::SCWMssOS::"Running Make include in ps7_cortexa9_0/libsrc/scugic_v4_3/src"

TRACE::2026-08-04.16:01:06::SCWMssOS::make -C ps7_cortexa9_0/libsrc/scugic_v4_3/src -s include  "SHELL=CMD" "COMPILER=arm-none-eabi-gcc" "ASSEMBLER=arm-none-eabi-as"
TRACE::2026-08-04.16:01:06::SCWMssOS:: "ARCHIVER=arm-none-eabi-ar" "COMPILER_FLAGS=  -O2 -c" "EXTRA_COMPILER_FLAGS=-mcpu=cortex-a9 -mfpu=vfpv3 -mfloat-abi=hard -nost
TRACE::2026-08-04.16:01:06::SCWMssOS::artfiles -g -Wall -Wextra"

TRACE::2026-08-04.16:01:06::SCWMssOS::"Running Make include in ps7_cortexa9_0/libsrc/scutimer_v2_3/src"

TRACE::2026-08-04.16:01:06::SCWMssOS::make -C ps7_cortexa9_0/libsrc/scutimer_v2_3/src -s include  "SHELL=CMD" "COMPILER=arm-none-eabi-gcc" "ASSEMBLER=arm-none-eabi-a
TRACE::2026-08-04.16:01:06::SCWMssOS::s" "ARCHIVER=arm-none-eabi-ar" "COMPILER_FLAGS=  -O2 -c" "EXTRA_COMPILER_FLAGS=-mcpu=cortex-a9 -mfpu=vfpv3 -mfloat-abi=hard -no
TRACE::2026-08-04.16:01:06::SCWMssOS::startfiles -g -Wall -Wextra"

TRACE::2026-08-04.16:01:06::SCWMssOS::"Running Make include in ps7_cortexa9_0/libsrc/scuwdt_v2_3/src"

TRACE::2026-08-04.16:01:06::SCWMssOS::make -C ps7_cortexa9_0/libsrc/scuwdt_v2_3/src -s include  "SHELL=CMD" "COMPILER=arm-none-eabi-gcc" "ASSEMBLER=arm-none-eabi-as"
TRACE::2026-08-04.16:01:06::SCWMssOS:: "ARCHIVER=arm-none-eabi-ar" "COMPILER_FLAGS=  -O2 -c" "EXTRA_COMPILER_FLAGS=-mcpu=cortex-a9 -mfpu=vfpv3 -mfloat-abi=hard -nost
TRACE::2026-08-04.16:01:06::SCWMssOS::artfiles -g -Wall -Wextra"

TRACE::2026-08-04.16:01:06::SCWMssOS::"Running Make include in ps7_cortexa9_0/libsrc/sdps_v3_10/src"

TRACE::2026-08-04.16:01:06::SCWMssOS::make -C ps7_cortexa9_0/libsrc/sdps_v3_10/src -s include  "SHELL=CMD" "COMPILER=arm-none-eabi-gcc" "ASSEMBLER=arm-none-eabi-as" 
TRACE::2026-08-04.16:01:06::SCWMssOS::"ARCHIVER=arm-none-eabi-ar" "COMPILER_FLAGS=  -O2 -c" "EXTRA_COMPILER_FLAGS=-mcpu=cortex-a9 -mfpu=vfpv3 -mfloat-abi=hard -nosta
TRACE::2026-08-04.16:01:06::SCWMssOS::rtfiles -g -Wall -Wextra"

TRACE::2026-08-04.16:01:06::SCWMssOS::"Running Make include in ps7_cortexa9_0/libsrc/standalone_v7_3/src"

TRACE::2026-08-04.16:01:06::SCWMssOS::make -C ps7_cortexa9_0/libsrc/standalone_v7_3/src -s include  "SHELL=CMD" "COMPILER=arm-none-eabi-gcc" "ASSEMBLER=arm-none-eabi
TRACE::2026-08-04.16:01:06::SCWMssOS::-as" "ARCHIVER=arm-none-eabi-ar" "COMPILER_FLAGS=  -O2 -c" "EXTRA_COMPILER_FLAGS=-mcpu=cortex-a9 -mfpu=vfpv3 -mfloat-abi=hard -
TRACE::2026-08-04.16:01:06::SCWMssOS::nostartfiles -g -Wall -Wextra"

TRACE::2026-08-04.16:01:06::SCWMssOS::"Running Make include in ps7_cortexa9_0/libsrc/uartps_v3_10/src"

TRACE::2026-08-04.16:01:06::SCWMssOS::make -C ps7_cortexa9_0/libsrc/uartps_v3_10/src -s include  "SHELL=CMD" "COMPILER=arm-none-eabi-gcc" "ASSEMBLER=arm-none-eabi-as
TRACE::2026-08-04.16:01:06::SCWMssOS::" "ARCHIVER=arm-none-eabi-ar" "COMPILER_FLAGS=  -O2 -c" "EXTRA_COMPILER_FLAGS=-mcpu=cortex-a9 -mfpu=vfpv3 -mfloat-abi=hard -nos
TRACE::2026-08-04.16:01:06::SCWMssOS::tartfiles -g -Wall -Wextra"

TRACE::2026-08-04.16:01:06::SCWMssOS::"Running Make include in ps7_cortexa9_0/libsrc/usbps_v2_6/src"

TRACE::2026-08-04.16:01:06::SCWMssOS::make -C ps7_cortexa9_0/libsrc/usbps_v2_6/src -s include  "SHELL=CMD" "COMPILER=arm-none-eabi-gcc" "ASSEMBLER=arm-none-eabi-as" 
TRACE::2026-08-04.16:01:06::SCWMssOS::"ARCHIVER=arm-none-eabi-ar" "COMPILER_FLAGS=  -O2 -c" "EXTRA_COMPILER_FLAGS=-mcpu=cortex-a9 -mfpu=vfpv3 -mfloat-abi=hard -nosta
TRACE::2026-08-04.16:01:06::SCWMssOS::rtfiles -g -Wall -Wextra"

TRACE::2026-08-04.16:01:06::SCWMssOS::"Running Make include in ps7_cortexa9_0/libsrc/xadcps_v2_5/src"

TRACE::2026-08-04.16:01:06::SCWMssOS::make -C ps7_cortexa9_0/libsrc/xadcps_v2_5/src -s include  "SHELL=CMD" "COMPILER=arm-none-eabi-gcc" "ASSEMBLER=arm-none-eabi-as"
TRACE::2026-08-04.16:01:06::SCWMssOS:: "ARCHIVER=arm-none-eabi-ar" "COMPILER_FLAGS=  -O2 -c" "EXTRA_COMPILER_FLAGS=-mcpu=cortex-a9 -mfpu=vfpv3 -mfloat-abi=hard -nost
TRACE::2026-08-04.16:01:06::SCWMssOS::artfiles -g -Wall -Wextra"

TRACE::2026-08-04.16:01:06::SCWMssOS::"Running Make libs in ps7_cortexa9_0/libsrc/coresightps_dcc_v1_8/src"

TRACE::2026-08-04.16:01:06::SCWMssOS::make -C ps7_cortexa9_0/libsrc/coresightps_dcc_v1_8/src -s libs  "SHELL=CMD" "COMPILER=arm-none-eabi-gcc" "ASSEMBLER=arm-none-ea
TRACE::2026-08-04.16:01:06::SCWMssOS::bi-as" "ARCHIVER=arm-none-eabi-ar" "COMPILER_FLAGS=  -O2 -c" "EXTRA_COMPILER_FLAGS=-mcpu=cortex-a9 -mfpu=vfpv3 -mfloat-abi=hard
TRACE::2026-08-04.16:01:06::SCWMssOS:: -nostartfiles -g -Wall -Wextra"

TRACE::2026-08-04.16:01:06::SCWMssOS::"Running Make libs in ps7_cortexa9_0/libsrc/cpu_cortexa9_v2_10/src"

TRACE::2026-08-04.16:01:06::SCWMssOS::make -C ps7_cortexa9_0/libsrc/cpu_cortexa9_v2_10/src -s libs  "SHELL=CMD" "COMPILER=arm-none-eabi-gcc" "ASSEMBLER=arm-none-eabi
TRACE::2026-08-04.16:01:06::SCWMssOS::-as" "ARCHIVER=arm-none-eabi-ar" "COMPILER_FLAGS=  -O2 -c" "EXTRA_COMPILER_FLAGS=-mcpu=cortex-a9 -mfpu=vfpv3 -mfloat-abi=hard -
TRACE::2026-08-04.16:01:06::SCWMssOS::nostartfiles -g -Wall -Wextra"

TRACE::2026-08-04.16:01:06::SCWMssOS::"Running Make libs in ps7_cortexa9_0/libsrc/ddrps_v1_2/src"

TRACE::2026-08-04.16:01:06::SCWMssOS::make -C ps7_cortexa9_0/libsrc/ddrps_v1_2/src -s libs  "SHELL=CMD" "COMPILER=arm-none-eabi-gcc" "ASSEMBLER=arm-none-eabi-as" "AR
TRACE::2026-08-04.16:01:06::SCWMssOS::CHIVER=arm-none-eabi-ar" "COMPILER_FLAGS=  -O2 -c" "EXTRA_COMPILER_FLAGS=-mcpu=cortex-a9 -mfpu=vfpv3 -mfloat-abi=hard -nostartf
TRACE::2026-08-04.16:01:06::SCWMssOS::iles -g -Wall -Wextra"

TRACE::2026-08-04.16:01:06::SCWMssOS::"Running Make libs in ps7_cortexa9_0/libsrc/devcfg_v3_7/src"

TRACE::2026-08-04.16:01:06::SCWMssOS::make -C ps7_cortexa9_0/libsrc/devcfg_v3_7/src -s libs  "SHELL=CMD" "COMPILER=arm-none-eabi-gcc" "ASSEMBLER=arm-none-eabi-as" "A
TRACE::2026-08-04.16:01:06::SCWMssOS::RCHIVER=arm-none-eabi-ar" "COMPILER_FLAGS=  -O2 -c" "EXTRA_COMPILER_FLAGS=-mcpu=cortex-a9 -mfpu=vfpv3 -mfloat-abi=hard -nostart
TRACE::2026-08-04.16:01:06::SCWMssOS::files -g -Wall -Wextra"

TRACE::2026-08-04.16:01:06::SCWMssOS::"Running Make libs in ps7_cortexa9_0/libsrc/dmaps_v2_7/src"

TRACE::2026-08-04.16:01:06::SCWMssOS::make -C ps7_cortexa9_0/libsrc/dmaps_v2_7/src -s libs  "SHELL=CMD" "COMPILER=arm-none-eabi-gcc" "ASSEMBLER=arm-none-eabi-as" "AR
TRACE::2026-08-04.16:01:06::SCWMssOS::CHIVER=arm-none-eabi-ar" "COMPILER_FLAGS=  -O2 -c" "EXTRA_COMPILER_FLAGS=-mcpu=cortex-a9 -mfpu=vfpv3 -mfloat-abi=hard -nostartf
TRACE::2026-08-04.16:01:06::SCWMssOS::iles -g -Wall -Wextra"

TRACE::2026-08-04.16:01:07::SCWMssOS::"Running Make libs in ps7_cortexa9_0/libsrc/emacps_v3_12/src"

TRACE::2026-08-04.16:01:07::SCWMssOS::make -C ps7_cortexa9_0/libsrc/emacps_v3_12/src -s libs  "SHELL=CMD" "COMPILER=arm-none-eabi-gcc" "ASSEMBLER=arm-none-eabi-as" "
TRACE::2026-08-04.16:01:07::SCWMssOS::ARCHIVER=arm-none-eabi-ar" "COMPILER_FLAGS=  -O2 -c" "EXTRA_COMPILER_FLAGS=-mcpu=cortex-a9 -mfpu=vfpv3 -mfloat-abi=hard -nostar
TRACE::2026-08-04.16:01:07::SCWMssOS::tfiles -g -Wall -Wextra"

TRACE::2026-08-04.16:01:07::SCWMssOS::"Running Make libs in ps7_cortexa9_0/libsrc/gpiops_v3_8/src"

TRACE::2026-08-04.16:01:07::SCWMssOS::make -C ps7_cortexa9_0/libsrc/gpiops_v3_8/src -s libs  "SHELL=CMD" "COMPILER=arm-none-eabi-gcc" "ASSEMBLER=arm-none-eabi-as" "A
TRACE::2026-08-04.16:01:07::SCWMssOS::RCHIVER=arm-none-eabi-ar" "COMPILER_FLAGS=  -O2 -c" "EXTRA_COMPILER_FLAGS=-mcpu=cortex-a9 -mfpu=vfpv3 -mfloat-abi=hard -nostart
TRACE::2026-08-04.16:01:07::SCWMssOS::files -g -Wall -Wextra"

TRACE::2026-08-04.16:01:07::SCWMssOS::"Running Make libs in ps7_cortexa9_0/libsrc/qspips_v3_8/src"

TRACE::2026-08-04.16:01:07::SCWMssOS::make -C ps7_cortexa9_0/libsrc/qspips_v3_8/src -s libs  "SHELL=CMD" "COMPILER=arm-none-eabi-gcc" "ASSEMBLER=arm-none-eabi-as" "A
TRACE::2026-08-04.16:01:07::SCWMssOS::RCHIVER=arm-none-eabi-ar" "COMPILER_FLAGS=  -O2 -c" "EXTRA_COMPILER_FLAGS=-mcpu=cortex-a9 -mfpu=vfpv3 -mfloat-abi=hard -nostart
TRACE::2026-08-04.16:01:07::SCWMssOS::files -g -Wall -Wextra"

TRACE::2026-08-04.16:01:07::SCWMssOS::"Running Make libs in ps7_cortexa9_0/libsrc/scugic_v4_3/src"

TRACE::2026-08-04.16:01:07::SCWMssOS::make -C ps7_cortexa9_0/libsrc/scugic_v4_3/src -s libs  "SHELL=CMD" "COMPILER=arm-none-eabi-gcc" "ASSEMBLER=arm-none-eabi-as" "A
TRACE::2026-08-04.16:01:07::SCWMssOS::RCHIVER=arm-none-eabi-ar" "COMPILER_FLAGS=  -O2 -c" "EXTRA_COMPILER_FLAGS=-mcpu=cortex-a9 -mfpu=vfpv3 -mfloat-abi=hard -nostart
TRACE::2026-08-04.16:01:07::SCWMssOS::files -g -Wall -Wextra"

TRACE::2026-08-04.16:01:07::SCWMssOS::"Running Make libs in ps7_cortexa9_0/libsrc/scutimer_v2_3/src"

TRACE::2026-08-04.16:01:07::SCWMssOS::"Running Make libs in ps7_cortexa9_0/libsrc/scuwdt_v2_3/src"

TRACE::2026-08-04.16:01:07::SCWMssOS::make -C ps7_cortexa9_0/libsrc/scutimer_v2_3/src -s libs  "SHELL=CMD" "COMPILER=arm-none-eabi-gcc" "ASSEMBLER=arm-none-eabi-as" 
TRACE::2026-08-04.16:01:07::SCWMssOS::"ARCHIVER=arm-none-eabi-ar" "COMPILER_FLAGS=  -O2 -c" "EXTRA_COMPILER_FLAGS=-mcpu=cortex-a9 -mfpu=vfpv3 -mfloat-abi=hard -nosta
TRACE::2026-08-04.16:01:07::SCWMssOS::rtfiles -g -Wall -Wextra"

TRACE::2026-08-04.16:01:07::SCWMssOS::"Running Make libs in ps7_cortexa9_0/libsrc/sdps_v3_10/src"

TRACE::2026-08-04.16:01:07::SCWMssOS::make -C ps7_cortexa9_0/libsrc/scuwdt_v2_3/src -s libs  "SHELL=CMD" "COMPILER=arm-none-eabi-gcc" "ASSEMBLER=arm-none-eabi-as" "A
TRACE::2026-08-04.16:01:07::SCWMssOS::RCHIVER=arm-none-eabi-ar" "COMPILER_FLAGS=  -O2 -c" "EXTRA_COMPILER_FLAGS=-mcpu=cortex-a9 -mfpu=vfpv3 -mfloat-abi=hard -nostart
TRACE::2026-08-04.16:01:07::SCWMssOS::files -g -Wall -Wextra"

TRACE::2026-08-04.16:01:07::SCWMssOS::make -C ps7_cortexa9_0/libsrc/sdps_v3_10/src -s libs  "SHELL=CMD" "COMPILER=arm-none-eabi-gcc" "ASSEMBLER=arm-none-eabi-as" "AR
TRACE::2026-08-04.16:01:07::SCWMssOS::CHIVER=arm-none-eabi-ar" "COMPILER_FLAGS=  -O2 -c" "EXTRA_COMPILER_FLAGS=-mcpu=cortex-a9 -mfpu=vfpv3 -mfloat-abi=hard -nostartf
TRACE::2026-08-04.16:01:07::SCWMssOS::iles -g -Wall -Wextra"

TRACE::2026-08-04.16:01:07::SCWMssOS::"Running Make libs in ps7_cortexa9_0/libsrc/standalone_v7_3/src"

TRACE::2026-08-04.16:01:07::SCWMssOS::make -C ps7_cortexa9_0/libsrc/standalone_v7_3/src -s libs  "SHELL=CMD" "COMPILER=arm-none-eabi-gcc" "ASSEMBLER=arm-none-eabi-as
TRACE::2026-08-04.16:01:07::SCWMssOS::" "ARCHIVER=arm-none-eabi-ar" "COMPILER_FLAGS=  -O2 -c" "EXTRA_COMPILER_FLAGS=-mcpu=cortex-a9 -mfpu=vfpv3 -mfloat-abi=hard -nos
TRACE::2026-08-04.16:01:07::SCWMssOS::tartfiles -g -Wall -Wextra"

TRACE::2026-08-04.16:01:07::SCWMssOS::"Running Make libs in ps7_cortexa9_0/libsrc/uartps_v3_10/src"

TRACE::2026-08-04.16:01:07::SCWMssOS::make -C ps7_cortexa9_0/libsrc/uartps_v3_10/src -s libs  "SHELL=CMD" "COMPILER=arm-none-eabi-gcc" "ASSEMBLER=arm-none-eabi-as" "
TRACE::2026-08-04.16:01:07::SCWMssOS::ARCHIVER=arm-none-eabi-ar" "COMPILER_FLAGS=  -O2 -c" "EXTRA_COMPILER_FLAGS=-mcpu=cortex-a9 -mfpu=vfpv3 -mfloat-abi=hard -nostar
TRACE::2026-08-04.16:01:07::SCWMssOS::tfiles -g -Wall -Wextra"

TRACE::2026-08-04.16:01:07::SCWMssOS::"Running Make libs in ps7_cortexa9_0/libsrc/xadcps_v2_5/src"

TRACE::2026-08-04.16:01:07::SCWMssOS::"Running Make libs in ps7_cortexa9_0/libsrc/usbps_v2_6/src"

TRACE::2026-08-04.16:01:07::SCWMssOS::make -C ps7_cortexa9_0/libsrc/xadcps_v2_5/src -s libs  "SHELL=CMD" "COMPILER=arm-none-eabi-gcc" "ASSEMBLER=arm-none-eabi-as" "A
TRACE::2026-08-04.16:01:07::SCWMssOS::RCHIVER=arm-none-eabi-ar" "COMPILER_FLAGS=  -O2 -c" "EXTRA_COMPILER_FLAGS=-mcpu=cortex-a9 -mfpu=vfpv3 -mfloat-abi=hard -nostart
TRACE::2026-08-04.16:01:07::SCWMssOS::files -g -Wall -Wextra"

TRACE::2026-08-04.16:01:07::SCWMssOS::make -C ps7_cortexa9_0/libsrc/usbps_v2_6/src -s libs  "SHELL=CMD" "COMPILER=arm-none-eabi-gcc" "ASSEMBLER=arm-none-eabi-as" "AR
TRACE::2026-08-04.16:01:07::SCWMssOS::CHIVER=arm-none-eabi-ar" "COMPILER_FLAGS=  -O2 -c" "EXTRA_COMPILER_FLAGS=-mcpu=cortex-a9 -mfpu=vfpv3 -mfloat-abi=hard -nostartf
TRACE::2026-08-04.16:01:07::SCWMssOS::iles -g -Wall -Wextra"

TRACE::2026-08-04.16:01:07::SCWMssOS::'Finished building libraries parallelly.'

TRACE::2026-08-04.16:01:07::SCWMssOS::make --no-print-directory archive

TRACE::2026-08-04.16:01:07::SCWMssOS::arm-none-eabi-ar -r  ps7_cortexa9_0/lib/libxil.a ps7_cortexa9_0/lib/xil_printf.o ps7_cortexa9_0/lib/xadcps_selftest.o ps7_corte
TRACE::2026-08-04.16:01:07::SCWMssOS::xa9_0/lib/kill.o ps7_cortexa9_0/lib/xscuwdt_g.o ps7_cortexa9_0/lib/xplatform_info.o ps7_cortexa9_0/lib/xqspips_options.o ps7_co
TRACE::2026-08-04.16:01:07::SCWMssOS::rtexa9_0/lib/print.o ps7_cortexa9_0/lib/xscugic_selftest.o ps7_cortexa9_0/lib/xsdps_card.o ps7_cortexa9_0/lib/xdmaps_g.o ps7_co
TRACE::2026-08-04.16:01:07::SCWMssOS::rtexa9_0/lib/xil_testio.o ps7_cortexa9_0/lib/sleep.o ps7_cortexa9_0/lib/_exit.o ps7_cortexa9_0/lib/xdevcfg_hw.o ps7_cortexa9_0/
TRACE::2026-08-04.16:01:07::SCWMssOS::lib/xscugic_intr.o ps7_cortexa9_0/lib/xadcps_intr.o ps7_cortexa9_0/lib/xpm_counter.o ps7_cortexa9_0/lib/xuartps_sinit.o ps7_cor
TRACE::2026-08-04.16:01:07::SCWMssOS::texa9_0/lib/xscutimer_g.o ps7_cortexa9_0/lib/xdmaps_sinit.o ps7_cortexa9_0/lib/xemacps.o ps7_cortexa9_0/lib/xil_util.o ps7_cort
TRACE::2026-08-04.16:01:07::SCWMssOS::exa9_0/lib/inbyte.o ps7_cortexa9_0/lib/xil_mmu.o ps7_cortexa9_0/lib/xdmaps_selftest.o ps7_cortexa9_0/lib/xscutimer_selftest.o p
TRACE::2026-08-04.16:01:07::SCWMssOS::s7_cortexa9_0/lib/xil_misc_psreset_api.o ps7_cortexa9_0/lib/cpputest_time.o ps7_cortexa9_0/lib/xuartps_options.o ps7_cortexa9_0
TRACE::2026-08-04.16:01:07::SCWMssOS::/lib/xgpiops_g.o ps7_cortexa9_0/lib/close.o ps7_cortexa9_0/lib/xuartps_g.o ps7_cortexa9_0/lib/xemacps_g.o ps7_cortexa9_0/lib/xi
TRACE::2026-08-04.16:01:07::SCWMssOS::l_mem.o ps7_cortexa9_0/lib/xscugic_hw.o ps7_cortexa9_0/lib/xgpiops_sinit.o ps7_cortexa9_0/lib/xsdps.o ps7_cortexa9_0/lib/xgpiop
TRACE::2026-08-04.16:01:07::SCWMssOS::s_selftest.o ps7_cortexa9_0/lib/xqspips_selftest.o ps7_cortexa9_0/lib/translation_table.o ps7_cortexa9_0/lib/write.o ps7_cortex
TRACE::2026-08-04.16:01:07::SCWMssOS::a9_0/lib/boot.o ps7_cortexa9_0/lib/xemacps_bdring.o ps7_cortexa9_0/lib/cpu_init.o ps7_cortexa9_0/lib/xscugic_g.o ps7_cortexa9_0
TRACE::2026-08-04.16:01:07::SCWMssOS::/lib/xscutimer_sinit.o ps7_cortexa9_0/lib/xsdps_sinit.o ps7_cortexa9_0/lib/xemacps_intr.o ps7_cortexa9_0/lib/usleep.o ps7_corte
TRACE::2026-08-04.16:01:07::SCWMssOS::xa9_0/lib/xil_testmem.o ps7_cortexa9_0/lib/xil_sleepcommon.o ps7_cortexa9_0/lib/unlink.o ps7_cortexa9_0/lib/xadcps.o ps7_cortex
TRACE::2026-08-04.16:01:07::SCWMssOS::a9_0/lib/xdmaps_hw.o ps7_cortexa9_0/lib/xgpiops_intr.o ps7_cortexa9_0/lib/xscugic_sinit.o ps7_cortexa9_0/lib/xil_sleeptimer.o p
TRACE::2026-08-04.16:01:07::SCWMssOS::s7_cortexa9_0/lib/xscuwdt_selftest.o ps7_cortexa9_0/lib/open.o ps7_cortexa9_0/lib/outbyte.o ps7_cortexa9_0/lib/xuartps_selftest
TRACE::2026-08-04.16:01:07::SCWMssOS::.o ps7_cortexa9_0/lib/xuartps_hw.o ps7_cortexa9_0/lib/xsdps_options.o ps7_cortexa9_0/lib/read.o ps7_cortexa9_0/lib/xgpiops_hw.o
TRACE::2026-08-04.16:01:07::SCWMssOS:: ps7_cortexa9_0/lib/xusbps_intr.o ps7_cortexa9_0/lib/xqspips_hw.o ps7_cortexa9_0/lib/xil_cache.o ps7_cortexa9_0/lib/xtime_l.o p
TRACE::2026-08-04.16:01:07::SCWMssOS::s7_cortexa9_0/lib/xl2cc_counter.o ps7_cortexa9_0/lib/asm_vectors.o ps7_cortexa9_0/lib/xdevcfg_intr.o ps7_cortexa9_0/lib/abort.o
TRACE::2026-08-04.16:01:07::SCWMssOS:: ps7_cortexa9_0/lib/xdevcfg_g.o ps7_cortexa9_0/lib/xuartps_intr.o ps7_cortexa9_0/lib/xuartps.o ps7_cortexa9_0/lib/getpid.o ps7_
TRACE::2026-08-04.16:01:07::SCWMssOS::cortexa9_0/lib/xil_testcache.o ps7_cortexa9_0/lib/xqspips_g.o ps7_cortexa9_0/lib/xemacps_hw.o ps7_cortexa9_0/lib/xdmaps.o ps7_c
TRACE::2026-08-04.16:01:07::SCWMssOS::ortexa9_0/lib/xscutimer.o ps7_cortexa9_0/lib/xscuwdt.o ps7_cortexa9_0/lib/xdevcfg_selftest.o ps7_cortexa9_0/lib/xusbps_hw.o ps7
TRACE::2026-08-04.16:01:07::SCWMssOS::_cortexa9_0/lib/xqspips.o ps7_cortexa9_0/lib/xusbps.o ps7_cortexa9_0/lib/xusbps_sinit.o ps7_cortexa9_0/lib/xemacps_sinit.o ps7_
TRACE::2026-08-04.16:01:07::SCWMssOS::cortexa9_0/lib/xusbps_endpoint.o ps7_cortexa9_0/lib/xscuwdt_sinit.o ps7_cortexa9_0/lib/sbrk.o ps7_cortexa9_0/lib/xgpiops.o ps7_
TRACE::2026-08-04.16:01:07::SCWMssOS::cortexa9_0/lib/xsdps_g.o ps7_cortexa9_0/lib/fstat.o ps7_cortexa9_0/lib/errno.o ps7_cortexa9_0/lib/lseek.o ps7_cortexa9_0/lib/xd
TRACE::2026-08-04.16:01:07::SCWMssOS::evcfg_sinit.o ps7_cortexa9_0/lib/_sbrk.o ps7_cortexa9_0/lib/vectors.o ps7_cortexa9_0/lib/xil_exception.o ps7_cortexa9_0/lib/xem
TRACE::2026-08-04.16:01:07::SCWMssOS::acps_control.o ps7_cortexa9_0/lib/putnum.o ps7_cortexa9_0/lib/xil_clocking.o ps7_cortexa9_0/lib/xil_assert.o ps7_cortexa9_0/lib
TRACE::2026-08-04.16:01:07::SCWMssOS::/xusbps_g.o ps7_cortexa9_0/lib/xsdps_host.o ps7_cortexa9_0/lib/xcoresightpsdcc.o ps7_cortexa9_0/lib/isatty.o ps7_cortexa9_0/lib
TRACE::2026-08-04.16:01:07::SCWMssOS::/xscugic.o ps7_cortexa9_0/lib/xadcps_g.o ps7_cortexa9_0/lib/xil-crt0.o ps7_cortexa9_0/lib/xqspips_sinit.o ps7_cortexa9_0/lib/xa
TRACE::2026-08-04.16:01:07::SCWMssOS::dcps_sinit.o ps7_cortexa9_0/lib/fcntl.o ps7_cortexa9_0/lib/_open.o ps7_cortexa9_0/lib/xdevcfg.o

TRACE::2026-08-04.16:01:08::SCWMssOS::'Finished building libraries'

TRACE::2026-08-04.16:01:08::SCWMssOS::Copying to export directory.
TRACE::2026-08-04.16:01:08::SCWMssOS:: Checking if to create the Supporting Applications
TRACE::2026-08-04.16:01:08::SCWMssOS:: No Linux domain exists, trying to generate FSBL 
LOG::2026-08-04.16:01:08::SCWSystem::Completed Processing the domain standalone_ps7_cortexa9_0
LOG::2026-08-04.16:01:08::SCWSystem::Completed Processing the sysconfig PS_Only_ZyboZ7
LOG::2026-08-04.16:01:08::SCWPlatform::Completed generating the artifacts for system configuration PS_Only_ZyboZ7
TRACE::2026-08-04.16:01:08::SCWPlatform::Started preparing the platform 
TRACE::2026-08-04.16:01:08::SCWSystem::Writing the bif file for system config PS_Only_ZyboZ7
TRACE::2026-08-04.16:01:08::SCWSystem::dir created 
TRACE::2026-08-04.16:01:08::SCWSystem::Writing the bif 
TRACE::2026-08-04.16:01:08::SCWPlatform::Started writing the spfm file 
TRACE::2026-08-04.16:01:08::SCWPlatform::Started writing the xpfm file 
TRACE::2026-08-04.16:01:08::SCWPlatform::Completed generating the platform
TRACE::2026-08-04.16:01:08::SCWMssOS::Saving the mss changes C:/Users/Thomas/Desktop/TP_MISTRE/TP_PROCESSEUR/Projet_Vitis/PS_Only_ZyboZ7/zynq_fsbl/zynq_fsbl_bsp/system.mss
TRACE::2026-08-04.16:01:08::SCWMssOS::Found a swdesign opened with the mssfile.
TRACE::2026-08-04.16:01:08::SCWMssOS::Completed writemss as part of save.
TRACE::2026-08-04.16:01:08::SCWMssOS::Commit changes completed.
TRACE::2026-08-04.16:01:08::SCWMssOS::Saving the mss changes C:/Users/Thomas/Desktop/TP_MISTRE/TP_PROCESSEUR/Projet_Vitis/PS_Only_ZyboZ7/ps7_cortexa9_0/standalone_ps7_cortexa9_0/bsp/system.mss
TRACE::2026-08-04.16:01:08::SCWMssOS::Found a swdesign opened with the mssfile.
TRACE::2026-08-04.16:01:08::SCWMssOS::Completed writemss as part of save.
TRACE::2026-08-04.16:01:08::SCWMssOS::Commit changes completed.
TRACE::2026-08-04.16:01:08::SCWPlatform::Trying to open the hw design at C:/Users/Thomas/Desktop/TP_MISTRE/TP_PROCESSEUR/Projet_Vitis/PS_Only_ZyboZ7/hw/PS_Only_ZyboZ7.xsa
TRACE::2026-08-04.16:01:08::SCWPlatform::DSA given C:/Users/Thomas/Desktop/TP_MISTRE/TP_PROCESSEUR/Projet_Vitis/PS_Only_ZyboZ7/hw/PS_Only_ZyboZ7.xsa
TRACE::2026-08-04.16:01:08::SCWPlatform::DSA absoulate path C:/Users/Thomas/Desktop/TP_MISTRE/TP_PROCESSEUR/Projet_Vitis/PS_Only_ZyboZ7/hw/PS_Only_ZyboZ7.xsa
TRACE::2026-08-04.16:01:08::SCWPlatform::DSA directory C:/Users/Thomas/Desktop/TP_MISTRE/TP_PROCESSEUR/Projet_Vitis/PS_Only_ZyboZ7/hw
TRACE::2026-08-04.16:01:08::SCWPlatform:: Platform Path C:/Users/Thomas/Desktop/TP_MISTRE/TP_PROCESSEUR/Projet_Vitis/PS_Only_ZyboZ7/hw/PS_Only_ZyboZ7.xsa
TRACE::2026-08-04.16:01:08::SCWPlatform:: Unique name xilinx:zybo-z7-20::0.0
TRACE::2026-08-04.16:01:08::SCWPlatform::Trying to set the existing hwdb with name design_1_wrapper_0
TRACE::2026-08-04.16:01:08::SCWPlatform::Opened existing hwdb design_1_wrapper_0
TRACE::2026-08-04.16:01:08::SCWPlatform::Found the Hw Db part of the input DSA
TRACE::2026-08-04.16:01:08::SCWMssOS::Checking the sw design at  C:/Users/Thomas/Desktop/TP_MISTRE/TP_PROCESSEUR/Projet_Vitis/PS_Only_ZyboZ7/zynq_fsbl/zynq_fsbl_bsp/system.mss
TRACE::2026-08-04.16:01:08::SCWMssOS::DEBUG:  swdes dump  C:/Users/Thomas/Desktop/TP_MISTRE/TP_PROCESSEUR/Projet_Vitis/PS_Only_ZyboZ7/ps7_cortexa9_0/standalone_ps7_cortexa9_0/bsp/system.mss|system_0||
C:/Users/Thomas/Desktop/TP_MISTRE/TP_PROCESSEUR/Projet_Vitis/PS_Only_ZyboZ7/zynq_fsbl/zynq_fsbl_bsp/system.mss|system||

TRACE::2026-08-04.16:01:08::SCWMssOS::Sw design exists and opened at  C:/Users/Thomas/Desktop/TP_MISTRE/TP_PROCESSEUR/Projet_Vitis/PS_Only_ZyboZ7/zynq_fsbl/zynq_fsbl_bsp/system.mss
TRACE::2026-08-04.16:01:08::SCWPlatform::Trying to open the hw design at C:/Users/Thomas/Desktop/TP_MISTRE/TP_PROCESSEUR/Projet_Vitis/PS_Only_ZyboZ7/hw/PS_Only_ZyboZ7.xsa
TRACE::2026-08-04.16:01:08::SCWPlatform::DSA given C:/Users/Thomas/Desktop/TP_MISTRE/TP_PROCESSEUR/Projet_Vitis/PS_Only_ZyboZ7/hw/PS_Only_ZyboZ7.xsa
TRACE::2026-08-04.16:01:08::SCWPlatform::DSA absoulate path C:/Users/Thomas/Desktop/TP_MISTRE/TP_PROCESSEUR/Projet_Vitis/PS_Only_ZyboZ7/hw/PS_Only_ZyboZ7.xsa
TRACE::2026-08-04.16:01:08::SCWPlatform::DSA directory C:/Users/Thomas/Desktop/TP_MISTRE/TP_PROCESSEUR/Projet_Vitis/PS_Only_ZyboZ7/hw
TRACE::2026-08-04.16:01:08::SCWPlatform:: Platform Path C:/Users/Thomas/Desktop/TP_MISTRE/TP_PROCESSEUR/Projet_Vitis/PS_Only_ZyboZ7/hw/PS_Only_ZyboZ7.xsa
TRACE::2026-08-04.16:01:08::SCWPlatform:: Unique name xilinx:zybo-z7-20::0.0
TRACE::2026-08-04.16:01:08::SCWPlatform::Trying to set the existing hwdb with name design_1_wrapper_0
TRACE::2026-08-04.16:01:08::SCWPlatform::Opened existing hwdb design_1_wrapper_0
TRACE::2026-08-04.16:01:08::SCWPlatform::Found the Hw Db part of the input DSA
TRACE::2026-08-04.16:01:08::SCWMssOS::Checking the sw design at  C:/Users/Thomas/Desktop/TP_MISTRE/TP_PROCESSEUR/Projet_Vitis/PS_Only_ZyboZ7/zynq_fsbl/zynq_fsbl_bsp/system.mss
TRACE::2026-08-04.16:01:08::SCWMssOS::DEBUG:  swdes dump  C:/Users/Thomas/Desktop/TP_MISTRE/TP_PROCESSEUR/Projet_Vitis/PS_Only_ZyboZ7/ps7_cortexa9_0/standalone_ps7_cortexa9_0/bsp/system.mss|system_0||
C:/Users/Thomas/Desktop/TP_MISTRE/TP_PROCESSEUR/Projet_Vitis/PS_Only_ZyboZ7/zynq_fsbl/zynq_fsbl_bsp/system.mss|system||

TRACE::2026-08-04.16:01:08::SCWMssOS::Sw design exists and opened at  C:/Users/Thomas/Desktop/TP_MISTRE/TP_PROCESSEUR/Projet_Vitis/PS_Only_ZyboZ7/zynq_fsbl/zynq_fsbl_bsp/system.mss
TRACE::2026-08-04.16:01:08::SCWPlatform::Trying to open the hw design at C:/Users/Thomas/Desktop/TP_MISTRE/TP_PROCESSEUR/Projet_Vitis/PS_Only_ZyboZ7/hw/PS_Only_ZyboZ7.xsa
TRACE::2026-08-04.16:01:08::SCWPlatform::DSA given C:/Users/Thomas/Desktop/TP_MISTRE/TP_PROCESSEUR/Projet_Vitis/PS_Only_ZyboZ7/hw/PS_Only_ZyboZ7.xsa
TRACE::2026-08-04.16:01:08::SCWPlatform::DSA absoulate path C:/Users/Thomas/Desktop/TP_MISTRE/TP_PROCESSEUR/Projet_Vitis/PS_Only_ZyboZ7/hw/PS_Only_ZyboZ7.xsa
TRACE::2026-08-04.16:01:08::SCWPlatform::DSA directory C:/Users/Thomas/Desktop/TP_MISTRE/TP_PROCESSEUR/Projet_Vitis/PS_Only_ZyboZ7/hw
TRACE::2026-08-04.16:01:08::SCWPlatform:: Platform Path C:/Users/Thomas/Desktop/TP_MISTRE/TP_PROCESSEUR/Projet_Vitis/PS_Only_ZyboZ7/hw/PS_Only_ZyboZ7.xsa
TRACE::2026-08-04.16:01:08::SCWPlatform:: Unique name xilinx:zybo-z7-20::0.0
TRACE::2026-08-04.16:01:08::SCWPlatform::Trying to set the existing hwdb with name design_1_wrapper_0
TRACE::2026-08-04.16:01:08::SCWPlatform::Opened existing hwdb design_1_wrapper_0
TRACE::2026-08-04.16:01:08::SCWPlatform::Found the Hw Db part of the input DSA
TRACE::2026-08-04.16:01:08::SCWMssOS::Checking the sw design at  C:/Users/Thomas/Desktop/TP_MISTRE/TP_PROCESSEUR/Projet_Vitis/PS_Only_ZyboZ7/zynq_fsbl/zynq_fsbl_bsp/system.mss
TRACE::2026-08-04.16:01:08::SCWMssOS::DEBUG:  swdes dump  C:/Users/Thomas/Desktop/TP_MISTRE/TP_PROCESSEUR/Projet_Vitis/PS_Only_ZyboZ7/ps7_cortexa9_0/standalone_ps7_cortexa9_0/bsp/system.mss|system_0||
C:/Users/Thomas/Desktop/TP_MISTRE/TP_PROCESSEUR/Projet_Vitis/PS_Only_ZyboZ7/zynq_fsbl/zynq_fsbl_bsp/system.mss|system||

TRACE::2026-08-04.16:01:08::SCWMssOS::Sw design exists and opened at  C:/Users/Thomas/Desktop/TP_MISTRE/TP_PROCESSEUR/Projet_Vitis/PS_Only_ZyboZ7/zynq_fsbl/zynq_fsbl_bsp/system.mss
TRACE::2026-08-04.16:01:08::SCWPlatform::Trying to open the hw design at C:/Users/Thomas/Desktop/TP_MISTRE/TP_PROCESSEUR/Projet_Vitis/PS_Only_ZyboZ7/hw/PS_Only_ZyboZ7.xsa
TRACE::2026-08-04.16:01:08::SCWPlatform::DSA given C:/Users/Thomas/Desktop/TP_MISTRE/TP_PROCESSEUR/Projet_Vitis/PS_Only_ZyboZ7/hw/PS_Only_ZyboZ7.xsa
TRACE::2026-08-04.16:01:08::SCWPlatform::DSA absoulate path C:/Users/Thomas/Desktop/TP_MISTRE/TP_PROCESSEUR/Projet_Vitis/PS_Only_ZyboZ7/hw/PS_Only_ZyboZ7.xsa
TRACE::2026-08-04.16:01:08::SCWPlatform::DSA directory C:/Users/Thomas/Desktop/TP_MISTRE/TP_PROCESSEUR/Projet_Vitis/PS_Only_ZyboZ7/hw
TRACE::2026-08-04.16:01:08::SCWPlatform:: Platform Path C:/Users/Thomas/Desktop/TP_MISTRE/TP_PROCESSEUR/Projet_Vitis/PS_Only_ZyboZ7/hw/PS_Only_ZyboZ7.xsa
TRACE::2026-08-04.16:01:08::SCWPlatform:: Unique name xilinx:zybo-z7-20::0.0
TRACE::2026-08-04.16:01:08::SCWPlatform::Trying to set the existing hwdb with name design_1_wrapper_0
TRACE::2026-08-04.16:01:08::SCWPlatform::Opened existing hwdb design_1_wrapper_0
TRACE::2026-08-04.16:01:08::SCWPlatform::Found the Hw Db part of the input DSA
TRACE::2026-08-04.16:01:08::SCWMssOS::Checking the sw design at  C:/Users/Thomas/Desktop/TP_MISTRE/TP_PROCESSEUR/Projet_Vitis/PS_Only_ZyboZ7/ps7_cortexa9_0/standalone_ps7_cortexa9_0/bsp/system.mss
TRACE::2026-08-04.16:01:08::SCWMssOS::DEBUG:  swdes dump  C:/Users/Thomas/Desktop/TP_MISTRE/TP_PROCESSEUR/Projet_Vitis/PS_Only_ZyboZ7/ps7_cortexa9_0/standalone_ps7_cortexa9_0/bsp/system.mss|system_0||
C:/Users/Thomas/Desktop/TP_MISTRE/TP_PROCESSEUR/Projet_Vitis/PS_Only_ZyboZ7/zynq_fsbl/zynq_fsbl_bsp/system.mss|system||

TRACE::2026-08-04.16:01:08::SCWMssOS::Sw design exists and opened at  C:/Users/Thomas/Desktop/TP_MISTRE/TP_PROCESSEUR/Projet_Vitis/PS_Only_ZyboZ7/ps7_cortexa9_0/standalone_ps7_cortexa9_0/bsp/system.mss
TRACE::2026-08-04.16:01:08::SCWPlatform::Trying to open the hw design at C:/Users/Thomas/Desktop/TP_MISTRE/TP_PROCESSEUR/Projet_Vitis/PS_Only_ZyboZ7/hw/PS_Only_ZyboZ7.xsa
TRACE::2026-08-04.16:01:08::SCWPlatform::DSA given C:/Users/Thomas/Desktop/TP_MISTRE/TP_PROCESSEUR/Projet_Vitis/PS_Only_ZyboZ7/hw/PS_Only_ZyboZ7.xsa
TRACE::2026-08-04.16:01:08::SCWPlatform::DSA absoulate path C:/Users/Thomas/Desktop/TP_MISTRE/TP_PROCESSEUR/Projet_Vitis/PS_Only_ZyboZ7/hw/PS_Only_ZyboZ7.xsa
TRACE::2026-08-04.16:01:08::SCWPlatform::DSA directory C:/Users/Thomas/Desktop/TP_MISTRE/TP_PROCESSEUR/Projet_Vitis/PS_Only_ZyboZ7/hw
TRACE::2026-08-04.16:01:08::SCWPlatform:: Platform Path C:/Users/Thomas/Desktop/TP_MISTRE/TP_PROCESSEUR/Projet_Vitis/PS_Only_ZyboZ7/hw/PS_Only_ZyboZ7.xsa
TRACE::2026-08-04.16:01:08::SCWPlatform:: Unique name xilinx:zybo-z7-20::0.0
TRACE::2026-08-04.16:01:08::SCWPlatform::Trying to set the existing hwdb with name design_1_wrapper_0
TRACE::2026-08-04.16:01:08::SCWPlatform::Opened existing hwdb design_1_wrapper_0
TRACE::2026-08-04.16:01:08::SCWPlatform::Found the Hw Db part of the input DSA
TRACE::2026-08-04.16:01:08::SCWMssOS::Checking the sw design at  C:/Users/Thomas/Desktop/TP_MISTRE/TP_PROCESSEUR/Projet_Vitis/PS_Only_ZyboZ7/ps7_cortexa9_0/standalone_ps7_cortexa9_0/bsp/system.mss
TRACE::2026-08-04.16:01:08::SCWMssOS::DEBUG:  swdes dump  C:/Users/Thomas/Desktop/TP_MISTRE/TP_PROCESSEUR/Projet_Vitis/PS_Only_ZyboZ7/ps7_cortexa9_0/standalone_ps7_cortexa9_0/bsp/system.mss|system_0||
C:/Users/Thomas/Desktop/TP_MISTRE/TP_PROCESSEUR/Projet_Vitis/PS_Only_ZyboZ7/zynq_fsbl/zynq_fsbl_bsp/system.mss|system||

TRACE::2026-08-04.16:01:08::SCWMssOS::Sw design exists and opened at  C:/Users/Thomas/Desktop/TP_MISTRE/TP_PROCESSEUR/Projet_Vitis/PS_Only_ZyboZ7/ps7_cortexa9_0/standalone_ps7_cortexa9_0/bsp/system.mss
TRACE::2026-08-04.16:01:08::SCWPlatform::Trying to open the hw design at C:/Users/Thomas/Desktop/TP_MISTRE/TP_PROCESSEUR/Projet_Vitis/PS_Only_ZyboZ7/hw/PS_Only_ZyboZ7.xsa
TRACE::2026-08-04.16:01:08::SCWPlatform::DSA given C:/Users/Thomas/Desktop/TP_MISTRE/TP_PROCESSEUR/Projet_Vitis/PS_Only_ZyboZ7/hw/PS_Only_ZyboZ7.xsa
TRACE::2026-08-04.16:01:08::SCWPlatform::DSA absoulate path C:/Users/Thomas/Desktop/TP_MISTRE/TP_PROCESSEUR/Projet_Vitis/PS_Only_ZyboZ7/hw/PS_Only_ZyboZ7.xsa
TRACE::2026-08-04.16:01:08::SCWPlatform::DSA directory C:/Users/Thomas/Desktop/TP_MISTRE/TP_PROCESSEUR/Projet_Vitis/PS_Only_ZyboZ7/hw
TRACE::2026-08-04.16:01:08::SCWPlatform:: Platform Path C:/Users/Thomas/Desktop/TP_MISTRE/TP_PROCESSEUR/Projet_Vitis/PS_Only_ZyboZ7/hw/PS_Only_ZyboZ7.xsa
TRACE::2026-08-04.16:01:08::SCWPlatform:: Unique name xilinx:zybo-z7-20::0.0
TRACE::2026-08-04.16:01:08::SCWPlatform::Trying to set the existing hwdb with name design_1_wrapper_0
TRACE::2026-08-04.16:01:08::SCWPlatform::Opened existing hwdb design_1_wrapper_0
TRACE::2026-08-04.16:01:08::SCWPlatform::Found the Hw Db part of the input DSA
TRACE::2026-08-04.16:01:08::SCWMssOS::Checking the sw design at  C:/Users/Thomas/Desktop/TP_MISTRE/TP_PROCESSEUR/Projet_Vitis/PS_Only_ZyboZ7/ps7_cortexa9_0/standalone_ps7_cortexa9_0/bsp/system.mss
TRACE::2026-08-04.16:01:08::SCWMssOS::DEBUG:  swdes dump  C:/Users/Thomas/Desktop/TP_MISTRE/TP_PROCESSEUR/Projet_Vitis/PS_Only_ZyboZ7/ps7_cortexa9_0/standalone_ps7_cortexa9_0/bsp/system.mss|system_0||
C:/Users/Thomas/Desktop/TP_MISTRE/TP_PROCESSEUR/Projet_Vitis/PS_Only_ZyboZ7/zynq_fsbl/zynq_fsbl_bsp/system.mss|system||

TRACE::2026-08-04.16:01:08::SCWMssOS::Sw design exists and opened at  C:/Users/Thomas/Desktop/TP_MISTRE/TP_PROCESSEUR/Projet_Vitis/PS_Only_ZyboZ7/ps7_cortexa9_0/standalone_ps7_cortexa9_0/bsp/system.mss
TRACE::2026-08-04.16:01:08::SCWWriter::formatted JSON is {
	"platformName":	"PS_Only_ZyboZ7",
	"sprVersion":	"2.0",
	"mode":	"gui",
	"dsaType":	"Fixed",
	"platformDesc":	"PS_Only_ZyboZ7",
	"platHandOff":	"<platformDir>.xsa",
	"platIntHandOff":	"<platformDir>/hw/PS_Only_ZyboZ7.xsa",
	"deviceType":	"zynq",
	"platIsPrebuiltAutogen":	"false",
	"platIsNoBootBsp":	"false",
	"platFsblTarget":	"ps7_cortexa9_0",
	"hasFsblMakeHasChanges":	"false",
	"hasPmufwMakeHasChanges":	"false",
	"fsblExtraCompilerFlags":	"-MMD -MP       -mcpu=cortex-a9 -mfpu=vfpv3 -mfloat-abi=hard ",
	"platPreBuiltFlag":	false,
	"platformSamplesDir":	"",
	"platActiveSys":	"PS_Only_ZyboZ7",
	"systems":	[{
			"systemName":	"PS_Only_ZyboZ7",
			"systemDesc":	"PS_Only_ZyboZ7",
			"sysIsBootAutoGen":	"true",
			"systemDispName":	"PS_Only_ZyboZ7",
			"sysActiveDom":	"standalone_ps7_cortexa9_0",
			"sysDefaultDom":	"standalone_ps7_cortexa9_0",
			"domains":	[{
					"domainName":	"zynq_fsbl",
					"domainDispName":	"zynq_fsbl",
					"domainDesc":	"FSBL Application BSP - Auto Generated.",
					"processors":	"ps7_cortexa9_0",
					"os":	"standalone",
					"sdxOs":	"standalone",
					"debugEnable":	"",
					"domRuntimes":	["cpp"],
					"swRepo":	"",
					"mssOsVer":	"7.3",
					"mssFile":	"",
					"md5Digest":	"d4dce1e3283be35b8cb204de15302e33",
					"compatibleApp":	"zynq_fsbl",
					"domType":	"bootDomain",
					"arch":	"32-bit",
					"appSettings":	{
						"appCompilerFlags":	"",
						"appLinkerFlags":	""
					},
					"addedLibs":	["xilffs:4.4", "xilrsa:1.6"],
					"libOptions":	{
						"libsContainingOptions":	[]
					},
					"prebuiltLibs":	{
						"prebuiltIncPath":	[],
						"prebuiltLibPath":	[]
					},
					"isolation":	{
					}
				}, {
					"domainName":	"standalone_ps7_cortexa9_0",
					"domainDispName":	"standalone_ps7_cortexa9_0",
					"domainDesc":	"standalone_ps7_cortexa9_0",
					"processors":	"ps7_cortexa9_0",
					"os":	"standalone",
					"sdxOs":	"standalone",
					"qemuArgs":	"C:/Xilinx/Vitis/2020.2/data/emulation/platforms/zynq/sw/a9_standalone/qemu/qemu_args.txt",
					"qemuData":	"C:/Xilinx/Vitis/2020.2/data/emulation/platforms/zynq/sw/a9_standalone/qemu/",
					"debugEnable":	"False",
					"domRuntimes":	["cpp"],
					"swRepo":	"",
					"mssOsVer":	"7.3",
					"mssFile":	"",
					"md5Digest":	"ea3a8c353fcc4eb0b32c84eda9a1f60f",
					"compatibleApp":	"hello_world",
					"domType":	"mssDomain",
					"arch":	"32-bit",
					"appSettings":	{
						"appCompilerFlags":	"",
						"appLinkerFlags":	""
					},
					"addedLibs":	[],
					"libOptions":	{
						"libsContainingOptions":	[]
					},
					"prebuiltLibs":	{
						"prebuiltIncPath":	[],
						"prebuiltLibPath":	[]
					},
					"isolation":	{
					}
				}]
		}]
}
KEYINFO::2026-08-04.16:01:08::SCWPlatform::updated the xpfm file.
TRACE::2026-08-04.16:01:08::SCWPlatform::Trying to open the hw design at C:/Users/Thomas/Desktop/TP_MISTRE/TP_PROCESSEUR/Projet_Vitis/PS_Only_ZyboZ7/hw/PS_Only_ZyboZ7.xsa
TRACE::2026-08-04.16:01:08::SCWPlatform::DSA given C:/Users/Thomas/Desktop/TP_MISTRE/TP_PROCESSEUR/Projet_Vitis/PS_Only_ZyboZ7/hw/PS_Only_ZyboZ7.xsa
TRACE::2026-08-04.16:01:08::SCWPlatform::DSA absoulate path C:/Users/Thomas/Desktop/TP_MISTRE/TP_PROCESSEUR/Projet_Vitis/PS_Only_ZyboZ7/hw/PS_Only_ZyboZ7.xsa
TRACE::2026-08-04.16:01:08::SCWPlatform::DSA directory C:/Users/Thomas/Desktop/TP_MISTRE/TP_PROCESSEUR/Projet_Vitis/PS_Only_ZyboZ7/hw
TRACE::2026-08-04.16:01:08::SCWPlatform:: Platform Path C:/Users/Thomas/Desktop/TP_MISTRE/TP_PROCESSEUR/Projet_Vitis/PS_Only_ZyboZ7/hw/PS_Only_ZyboZ7.xsa
TRACE::2026-08-04.16:01:08::SCWPlatform:: Unique name xilinx:zybo-z7-20::0.0
TRACE::2026-08-04.16:01:08::SCWPlatform::Trying to set the existing hwdb with name design_1_wrapper_0
TRACE::2026-08-04.16:01:08::SCWPlatform::Opened existing hwdb design_1_wrapper_0
TRACE::2026-08-04.16:01:08::SCWPlatform::Found the Hw Db part of the input DSA
TRACE::2026-08-04.16:01:08::SCWMssOS::Checking the sw design at  C:/Users/Thomas/Desktop/TP_MISTRE/TP_PROCESSEUR/Projet_Vitis/PS_Only_ZyboZ7/ps7_cortexa9_0/standalone_ps7_cortexa9_0/bsp/system.mss
TRACE::2026-08-04.16:01:08::SCWMssOS::DEBUG:  swdes dump  C:/Users/Thomas/Desktop/TP_MISTRE/TP_PROCESSEUR/Projet_Vitis/PS_Only_ZyboZ7/ps7_cortexa9_0/standalone_ps7_cortexa9_0/bsp/system.mss|system_0||
C:/Users/Thomas/Desktop/TP_MISTRE/TP_PROCESSEUR/Projet_Vitis/PS_Only_ZyboZ7/zynq_fsbl/zynq_fsbl_bsp/system.mss|system||

TRACE::2026-08-04.16:01:08::SCWMssOS::Sw design exists and opened at  C:/Users/Thomas/Desktop/TP_MISTRE/TP_PROCESSEUR/Projet_Vitis/PS_Only_ZyboZ7/ps7_cortexa9_0/standalone_ps7_cortexa9_0/bsp/system.mss
TRACE::2026-08-06.07:29:54::SCWPlatform::Trying to open the hw design at C:/Users/Thomas/Desktop/TP_MISTRE/TP_PROCESSEUR/Projet_Vitis/PS_Only_ZyboZ7/hw/PS_Only_ZyboZ7.xsa
TRACE::2026-08-06.07:29:54::SCWPlatform::DSA given C:/Users/Thomas/Desktop/TP_MISTRE/TP_PROCESSEUR/Projet_Vitis/PS_Only_ZyboZ7/hw/PS_Only_ZyboZ7.xsa
TRACE::2026-08-06.07:29:54::SCWPlatform::DSA absoulate path C:/Users/Thomas/Desktop/TP_MISTRE/TP_PROCESSEUR/Projet_Vitis/PS_Only_ZyboZ7/hw/PS_Only_ZyboZ7.xsa
TRACE::2026-08-06.07:29:56::SCWPlatform::DSA directory C:/Users/Thomas/Desktop/TP_MISTRE/TP_PROCESSEUR/Projet_Vitis/PS_Only_ZyboZ7/hw
TRACE::2026-08-06.07:29:56::SCWPlatform:: Platform Path C:/Users/Thomas/Desktop/TP_MISTRE/TP_PROCESSEUR/Projet_Vitis/PS_Only_ZyboZ7/hw/PS_Only_ZyboZ7.xsa
TRACE::2026-08-06.07:29:56::SCWPlatform:: Unique name xilinx:zybo-z7-20::0.0
TRACE::2026-08-06.07:29:56::SCWPlatform::Do not have an existing db opened. 
TRACE::2026-08-06.07:29:57::SCWPlatform::Opened new HwDB with name design_1_wrapper
TRACE::2026-08-06.07:29:57::SCWReader::Active system found as  PS_Only_ZyboZ7
TRACE::2026-08-06.07:29:57::SCWReader::Handling sysconfig PS_Only_ZyboZ7
TRACE::2026-08-06.07:29:57::SCWDomain::checking for install qemu data   : 
TRACE::2026-08-06.07:29:57::SCWDomain:: Using the QEMU Data from install at  : C:/Xilinx/Vitis/2020.2/data/emulation/platforms/zynq/sw/a9_standalone/qemu/
TRACE::2026-08-06.07:29:57::SCWDomain:: Using the QEMU args  from install at  : C:/Xilinx/Vitis/2020.2/data/emulation/platforms/zynq/sw/a9_standalone/qemu/qemu_args.txt
TRACE::2026-08-06.07:29:57::SCWPlatform::Trying to open the hw design at C:/Users/Thomas/Desktop/TP_MISTRE/TP_PROCESSEUR/Projet_Vitis/PS_Only_ZyboZ7/hw/PS_Only_ZyboZ7.xsa
TRACE::2026-08-06.07:29:57::SCWPlatform::DSA given C:/Users/Thomas/Desktop/TP_MISTRE/TP_PROCESSEUR/Projet_Vitis/PS_Only_ZyboZ7/hw/PS_Only_ZyboZ7.xsa
TRACE::2026-08-06.07:29:57::SCWPlatform::DSA absoulate path C:/Users/Thomas/Desktop/TP_MISTRE/TP_PROCESSEUR/Projet_Vitis/PS_Only_ZyboZ7/hw/PS_Only_ZyboZ7.xsa
TRACE::2026-08-06.07:29:57::SCWPlatform::DSA directory C:/Users/Thomas/Desktop/TP_MISTRE/TP_PROCESSEUR/Projet_Vitis/PS_Only_ZyboZ7/hw
TRACE::2026-08-06.07:29:57::SCWPlatform:: Platform Path C:/Users/Thomas/Desktop/TP_MISTRE/TP_PROCESSEUR/Projet_Vitis/PS_Only_ZyboZ7/hw/PS_Only_ZyboZ7.xsa
TRACE::2026-08-06.07:29:57::SCWPlatform:: Unique name xilinx:zybo-z7-20::0.0
TRACE::2026-08-06.07:29:57::SCWPlatform::Trying to set the existing hwdb with name design_1_wrapper
TRACE::2026-08-06.07:29:57::SCWPlatform::Opened existing hwdb design_1_wrapper
TRACE::2026-08-06.07:29:57::SCWPlatform::Found the Hw Db part of the input DSA
TRACE::2026-08-06.07:29:57::SCWPlatform::Trying to open the hw design at C:/Users/Thomas/Desktop/TP_MISTRE/TP_PROCESSEUR/Projet_Vitis/PS_Only_ZyboZ7/hw/PS_Only_ZyboZ7.xsa
TRACE::2026-08-06.07:29:57::SCWPlatform::DSA given C:/Users/Thomas/Desktop/TP_MISTRE/TP_PROCESSEUR/Projet_Vitis/PS_Only_ZyboZ7/hw/PS_Only_ZyboZ7.xsa
TRACE::2026-08-06.07:29:57::SCWPlatform::DSA absoulate path C:/Users/Thomas/Desktop/TP_MISTRE/TP_PROCESSEUR/Projet_Vitis/PS_Only_ZyboZ7/hw/PS_Only_ZyboZ7.xsa
TRACE::2026-08-06.07:29:57::SCWPlatform::DSA directory C:/Users/Thomas/Desktop/TP_MISTRE/TP_PROCESSEUR/Projet_Vitis/PS_Only_ZyboZ7/hw
TRACE::2026-08-06.07:29:57::SCWPlatform:: Platform Path C:/Users/Thomas/Desktop/TP_MISTRE/TP_PROCESSEUR/Projet_Vitis/PS_Only_ZyboZ7/hw/PS_Only_ZyboZ7.xsa
TRACE::2026-08-06.07:29:57::SCWPlatform:: Unique name xilinx:zybo-z7-20::0.0
TRACE::2026-08-06.07:29:57::SCWPlatform::Trying to set the existing hwdb with name design_1_wrapper
TRACE::2026-08-06.07:29:57::SCWPlatform::Opened existing hwdb design_1_wrapper
TRACE::2026-08-06.07:29:57::SCWPlatform::Found the Hw Db part of the input DSA
TRACE::2026-08-06.07:29:57::SCWPlatform::Trying to open the hw design at C:/Users/Thomas/Desktop/TP_MISTRE/TP_PROCESSEUR/Projet_Vitis/PS_Only_ZyboZ7/hw/PS_Only_ZyboZ7.xsa
TRACE::2026-08-06.07:29:57::SCWPlatform::DSA given C:/Users/Thomas/Desktop/TP_MISTRE/TP_PROCESSEUR/Projet_Vitis/PS_Only_ZyboZ7/hw/PS_Only_ZyboZ7.xsa
TRACE::2026-08-06.07:29:57::SCWPlatform::DSA absoulate path C:/Users/Thomas/Desktop/TP_MISTRE/TP_PROCESSEUR/Projet_Vitis/PS_Only_ZyboZ7/hw/PS_Only_ZyboZ7.xsa
TRACE::2026-08-06.07:29:57::SCWPlatform::DSA directory C:/Users/Thomas/Desktop/TP_MISTRE/TP_PROCESSEUR/Projet_Vitis/PS_Only_ZyboZ7/hw
TRACE::2026-08-06.07:29:57::SCWPlatform:: Platform Path C:/Users/Thomas/Desktop/TP_MISTRE/TP_PROCESSEUR/Projet_Vitis/PS_Only_ZyboZ7/hw/PS_Only_ZyboZ7.xsa
TRACE::2026-08-06.07:29:57::SCWPlatform:: Unique name xilinx:zybo-z7-20::0.0
TRACE::2026-08-06.07:29:57::SCWPlatform::Trying to set the existing hwdb with name design_1_wrapper
TRACE::2026-08-06.07:29:57::SCWPlatform::Opened existing hwdb design_1_wrapper
TRACE::2026-08-06.07:29:57::SCWPlatform::Found the Hw Db part of the input DSA
TRACE::2026-08-06.07:29:57::SCWReader::Boot application domain added for zynq_fsbl
TRACE::2026-08-06.07:29:57::SCWPlatform::Trying to open the hw design at C:/Users/Thomas/Desktop/TP_MISTRE/TP_PROCESSEUR/Projet_Vitis/PS_Only_ZyboZ7/hw/PS_Only_ZyboZ7.xsa
TRACE::2026-08-06.07:29:57::SCWPlatform::DSA given C:/Users/Thomas/Desktop/TP_MISTRE/TP_PROCESSEUR/Projet_Vitis/PS_Only_ZyboZ7/hw/PS_Only_ZyboZ7.xsa
TRACE::2026-08-06.07:29:57::SCWPlatform::DSA absoulate path C:/Users/Thomas/Desktop/TP_MISTRE/TP_PROCESSEUR/Projet_Vitis/PS_Only_ZyboZ7/hw/PS_Only_ZyboZ7.xsa
TRACE::2026-08-06.07:29:57::SCWPlatform::DSA directory C:/Users/Thomas/Desktop/TP_MISTRE/TP_PROCESSEUR/Projet_Vitis/PS_Only_ZyboZ7/hw
TRACE::2026-08-06.07:29:57::SCWPlatform:: Platform Path C:/Users/Thomas/Desktop/TP_MISTRE/TP_PROCESSEUR/Projet_Vitis/PS_Only_ZyboZ7/hw/PS_Only_ZyboZ7.xsa
TRACE::2026-08-06.07:29:57::SCWPlatform:: Unique name xilinx:zybo-z7-20::0.0
TRACE::2026-08-06.07:29:57::SCWPlatform::Trying to set the existing hwdb with name design_1_wrapper
TRACE::2026-08-06.07:29:57::SCWPlatform::Opened existing hwdb design_1_wrapper
TRACE::2026-08-06.07:29:57::SCWPlatform::Found the Hw Db part of the input DSA
TRACE::2026-08-06.07:29:57::SCWMssOS::Checking the sw design at  C:/Users/Thomas/Desktop/TP_MISTRE/TP_PROCESSEUR/Projet_Vitis/PS_Only_ZyboZ7/zynq_fsbl/zynq_fsbl_bsp/system.mss
TRACE::2026-08-06.07:29:57::SCWMssOS::DEBUG:  swdes dump  
TRACE::2026-08-06.07:29:57::SCWMssOS::No sw design opened at  C:/Users/Thomas/Desktop/TP_MISTRE/TP_PROCESSEUR/Projet_Vitis/PS_Only_ZyboZ7/zynq_fsbl/zynq_fsbl_bsp/system.mss
TRACE::2026-08-06.07:29:57::SCWMssOS::mss exists loading the mss file  C:/Users/Thomas/Desktop/TP_MISTRE/TP_PROCESSEUR/Projet_Vitis/PS_Only_ZyboZ7/zynq_fsbl/zynq_fsbl_bsp/system.mss
TRACE::2026-08-06.07:29:57::SCWMssOS::Opened the sw design from mss  C:/Users/Thomas/Desktop/TP_MISTRE/TP_PROCESSEUR/Projet_Vitis/PS_Only_ZyboZ7/zynq_fsbl/zynq_fsbl_bsp/system.mss
TRACE::2026-08-06.07:29:57::SCWMssOS::Adding the swdes entry C:/Users/Thomas/Desktop/TP_MISTRE/TP_PROCESSEUR/Projet_Vitis/PS_Only_ZyboZ7/zynq_fsbl/zynq_fsbl_bsp/system.mss with des name system
TRACE::2026-08-06.07:29:57::SCWMssOS::updating the scw layer about changes
TRACE::2026-08-06.07:29:57::SCWMssOS::Opened the sw design.  C:/Users/Thomas/Desktop/TP_MISTRE/TP_PROCESSEUR/Projet_Vitis/PS_Only_ZyboZ7/zynq_fsbl/zynq_fsbl_bsp/system.mss
TRACE::2026-08-06.07:29:57::SCWPlatform::Trying to open the hw design at C:/Users/Thomas/Desktop/TP_MISTRE/TP_PROCESSEUR/Projet_Vitis/PS_Only_ZyboZ7/hw/PS_Only_ZyboZ7.xsa
TRACE::2026-08-06.07:29:57::SCWPlatform::DSA given C:/Users/Thomas/Desktop/TP_MISTRE/TP_PROCESSEUR/Projet_Vitis/PS_Only_ZyboZ7/hw/PS_Only_ZyboZ7.xsa
TRACE::2026-08-06.07:29:57::SCWPlatform::DSA absoulate path C:/Users/Thomas/Desktop/TP_MISTRE/TP_PROCESSEUR/Projet_Vitis/PS_Only_ZyboZ7/hw/PS_Only_ZyboZ7.xsa
TRACE::2026-08-06.07:29:57::SCWPlatform::DSA directory C:/Users/Thomas/Desktop/TP_MISTRE/TP_PROCESSEUR/Projet_Vitis/PS_Only_ZyboZ7/hw
TRACE::2026-08-06.07:29:57::SCWPlatform:: Platform Path C:/Users/Thomas/Desktop/TP_MISTRE/TP_PROCESSEUR/Projet_Vitis/PS_Only_ZyboZ7/hw/PS_Only_ZyboZ7.xsa
TRACE::2026-08-06.07:29:57::SCWPlatform:: Unique name xilinx:zybo-z7-20::0.0
TRACE::2026-08-06.07:29:57::SCWPlatform::Trying to set the existing hwdb with name design_1_wrapper
TRACE::2026-08-06.07:29:57::SCWPlatform::Opened existing hwdb design_1_wrapper
TRACE::2026-08-06.07:29:57::SCWPlatform::Found the Hw Db part of the input DSA
TRACE::2026-08-06.07:29:57::SCWMssOS::Checking the sw design at  C:/Users/Thomas/Desktop/TP_MISTRE/TP_PROCESSEUR/Projet_Vitis/PS_Only_ZyboZ7/zynq_fsbl/zynq_fsbl_bsp/system.mss
TRACE::2026-08-06.07:29:57::SCWMssOS::DEBUG:  swdes dump  C:/Users/Thomas/Desktop/TP_MISTRE/TP_PROCESSEUR/Projet_Vitis/PS_Only_ZyboZ7/zynq_fsbl/zynq_fsbl_bsp/system.mss|system||

TRACE::2026-08-06.07:29:57::SCWMssOS::Sw design exists and opened at  C:/Users/Thomas/Desktop/TP_MISTRE/TP_PROCESSEUR/Projet_Vitis/PS_Only_ZyboZ7/zynq_fsbl/zynq_fsbl_bsp/system.mss
TRACE::2026-08-06.07:29:57::SCWMssOS:: library already available in sw design:  xilffs:4.4
TRACE::2026-08-06.07:29:57::SCWPlatform::Trying to open the hw design at C:/Users/Thomas/Desktop/TP_MISTRE/TP_PROCESSEUR/Projet_Vitis/PS_Only_ZyboZ7/hw/PS_Only_ZyboZ7.xsa
TRACE::2026-08-06.07:29:57::SCWPlatform::DSA given C:/Users/Thomas/Desktop/TP_MISTRE/TP_PROCESSEUR/Projet_Vitis/PS_Only_ZyboZ7/hw/PS_Only_ZyboZ7.xsa
TRACE::2026-08-06.07:29:57::SCWPlatform::DSA absoulate path C:/Users/Thomas/Desktop/TP_MISTRE/TP_PROCESSEUR/Projet_Vitis/PS_Only_ZyboZ7/hw/PS_Only_ZyboZ7.xsa
TRACE::2026-08-06.07:29:57::SCWPlatform::DSA directory C:/Users/Thomas/Desktop/TP_MISTRE/TP_PROCESSEUR/Projet_Vitis/PS_Only_ZyboZ7/hw
TRACE::2026-08-06.07:29:57::SCWPlatform:: Platform Path C:/Users/Thomas/Desktop/TP_MISTRE/TP_PROCESSEUR/Projet_Vitis/PS_Only_ZyboZ7/hw/PS_Only_ZyboZ7.xsa
TRACE::2026-08-06.07:29:57::SCWPlatform:: Unique name xilinx:zybo-z7-20::0.0
TRACE::2026-08-06.07:29:57::SCWPlatform::Trying to set the existing hwdb with name design_1_wrapper
TRACE::2026-08-06.07:29:57::SCWPlatform::Opened existing hwdb design_1_wrapper
TRACE::2026-08-06.07:29:57::SCWPlatform::Found the Hw Db part of the input DSA
TRACE::2026-08-06.07:29:57::SCWMssOS::Checking the sw design at  C:/Users/Thomas/Desktop/TP_MISTRE/TP_PROCESSEUR/Projet_Vitis/PS_Only_ZyboZ7/zynq_fsbl/zynq_fsbl_bsp/system.mss
TRACE::2026-08-06.07:29:57::SCWMssOS::DEBUG:  swdes dump  C:/Users/Thomas/Desktop/TP_MISTRE/TP_PROCESSEUR/Projet_Vitis/PS_Only_ZyboZ7/zynq_fsbl/zynq_fsbl_bsp/system.mss|system||

TRACE::2026-08-06.07:29:57::SCWMssOS::Sw design exists and opened at  C:/Users/Thomas/Desktop/TP_MISTRE/TP_PROCESSEUR/Projet_Vitis/PS_Only_ZyboZ7/zynq_fsbl/zynq_fsbl_bsp/system.mss
TRACE::2026-08-06.07:29:57::SCWMssOS:: library already available in sw design:  xilrsa:1.6
TRACE::2026-08-06.07:29:57::SCWMssOS::Saving the mss changes C:/Users/Thomas/Desktop/TP_MISTRE/TP_PROCESSEUR/Projet_Vitis/PS_Only_ZyboZ7/zynq_fsbl/zynq_fsbl_bsp/system.mss
TRACE::2026-08-06.07:29:57::SCWMssOS::Found a swdesign opened with the mssfile.
TRACE::2026-08-06.07:29:57::SCWMssOS::Completed writemss as part of save.
TRACE::2026-08-06.07:29:57::SCWMssOS::Commit changes completed.
TRACE::2026-08-06.07:29:57::SCWReader::Adding prebuilt librarypaths as   
TRACE::2026-08-06.07:29:57::SCWReader::Adding prebuilt incpaths  as   
TRACE::2026-08-06.07:29:57::SCWPlatform::Trying to open the hw design at C:/Users/Thomas/Desktop/TP_MISTRE/TP_PROCESSEUR/Projet_Vitis/PS_Only_ZyboZ7/hw/PS_Only_ZyboZ7.xsa
TRACE::2026-08-06.07:29:57::SCWPlatform::DSA given C:/Users/Thomas/Desktop/TP_MISTRE/TP_PROCESSEUR/Projet_Vitis/PS_Only_ZyboZ7/hw/PS_Only_ZyboZ7.xsa
TRACE::2026-08-06.07:29:57::SCWPlatform::DSA absoulate path C:/Users/Thomas/Desktop/TP_MISTRE/TP_PROCESSEUR/Projet_Vitis/PS_Only_ZyboZ7/hw/PS_Only_ZyboZ7.xsa
TRACE::2026-08-06.07:29:57::SCWPlatform::DSA directory C:/Users/Thomas/Desktop/TP_MISTRE/TP_PROCESSEUR/Projet_Vitis/PS_Only_ZyboZ7/hw
TRACE::2026-08-06.07:29:57::SCWPlatform:: Platform Path C:/Users/Thomas/Desktop/TP_MISTRE/TP_PROCESSEUR/Projet_Vitis/PS_Only_ZyboZ7/hw/PS_Only_ZyboZ7.xsa
TRACE::2026-08-06.07:29:57::SCWPlatform:: Unique name xilinx:zybo-z7-20::0.0
TRACE::2026-08-06.07:29:57::SCWPlatform::Trying to set the existing hwdb with name design_1_wrapper
TRACE::2026-08-06.07:29:57::SCWPlatform::Opened existing hwdb design_1_wrapper
TRACE::2026-08-06.07:29:57::SCWPlatform::Found the Hw Db part of the input DSA
TRACE::2026-08-06.07:29:57::SCWMssOS::Checking the sw design at  C:/Users/Thomas/Desktop/TP_MISTRE/TP_PROCESSEUR/Projet_Vitis/PS_Only_ZyboZ7/zynq_fsbl/zynq_fsbl_bsp/system.mss
TRACE::2026-08-06.07:29:57::SCWMssOS::DEBUG:  swdes dump  C:/Users/Thomas/Desktop/TP_MISTRE/TP_PROCESSEUR/Projet_Vitis/PS_Only_ZyboZ7/zynq_fsbl/zynq_fsbl_bsp/system.mss|system||

TRACE::2026-08-06.07:29:57::SCWMssOS::Sw design exists and opened at  C:/Users/Thomas/Desktop/TP_MISTRE/TP_PROCESSEUR/Projet_Vitis/PS_Only_ZyboZ7/zynq_fsbl/zynq_fsbl_bsp/system.mss
TRACE::2026-08-06.07:29:57::SCWReader::No isolation master present  
TRACE::2026-08-06.07:29:57::SCWDomain::checking for install qemu data   : 
TRACE::2026-08-06.07:29:57::SCWDomain:: Using the QEMU Data from install at  : C:/Xilinx/Vitis/2020.2/data/emulation/platforms/zynq/sw/a9_standalone/qemu/
TRACE::2026-08-06.07:29:57::SCWDomain:: Using the QEMU args  from install at  : C:/Xilinx/Vitis/2020.2/data/emulation/platforms/zynq/sw/a9_standalone/qemu/qemu_args.txt
TRACE::2026-08-06.07:29:57::SCWPlatform::Trying to open the hw design at C:/Users/Thomas/Desktop/TP_MISTRE/TP_PROCESSEUR/Projet_Vitis/PS_Only_ZyboZ7/hw/PS_Only_ZyboZ7.xsa
TRACE::2026-08-06.07:29:57::SCWPlatform::DSA given C:/Users/Thomas/Desktop/TP_MISTRE/TP_PROCESSEUR/Projet_Vitis/PS_Only_ZyboZ7/hw/PS_Only_ZyboZ7.xsa
TRACE::2026-08-06.07:29:57::SCWPlatform::DSA absoulate path C:/Users/Thomas/Desktop/TP_MISTRE/TP_PROCESSEUR/Projet_Vitis/PS_Only_ZyboZ7/hw/PS_Only_ZyboZ7.xsa
TRACE::2026-08-06.07:29:57::SCWPlatform::DSA directory C:/Users/Thomas/Desktop/TP_MISTRE/TP_PROCESSEUR/Projet_Vitis/PS_Only_ZyboZ7/hw
TRACE::2026-08-06.07:29:57::SCWPlatform:: Platform Path C:/Users/Thomas/Desktop/TP_MISTRE/TP_PROCESSEUR/Projet_Vitis/PS_Only_ZyboZ7/hw/PS_Only_ZyboZ7.xsa
TRACE::2026-08-06.07:29:57::SCWPlatform:: Unique name xilinx:zybo-z7-20::0.0
TRACE::2026-08-06.07:29:57::SCWPlatform::Trying to set the existing hwdb with name design_1_wrapper
TRACE::2026-08-06.07:29:57::SCWPlatform::Opened existing hwdb design_1_wrapper
TRACE::2026-08-06.07:29:57::SCWPlatform::Found the Hw Db part of the input DSA
TRACE::2026-08-06.07:29:57::SCWPlatform::Trying to open the hw design at C:/Users/Thomas/Desktop/TP_MISTRE/TP_PROCESSEUR/Projet_Vitis/PS_Only_ZyboZ7/hw/PS_Only_ZyboZ7.xsa
TRACE::2026-08-06.07:29:57::SCWPlatform::DSA given C:/Users/Thomas/Desktop/TP_MISTRE/TP_PROCESSEUR/Projet_Vitis/PS_Only_ZyboZ7/hw/PS_Only_ZyboZ7.xsa
TRACE::2026-08-06.07:29:57::SCWPlatform::DSA absoulate path C:/Users/Thomas/Desktop/TP_MISTRE/TP_PROCESSEUR/Projet_Vitis/PS_Only_ZyboZ7/hw/PS_Only_ZyboZ7.xsa
TRACE::2026-08-06.07:29:57::SCWPlatform::DSA directory C:/Users/Thomas/Desktop/TP_MISTRE/TP_PROCESSEUR/Projet_Vitis/PS_Only_ZyboZ7/hw
TRACE::2026-08-06.07:29:57::SCWPlatform:: Platform Path C:/Users/Thomas/Desktop/TP_MISTRE/TP_PROCESSEUR/Projet_Vitis/PS_Only_ZyboZ7/hw/PS_Only_ZyboZ7.xsa
TRACE::2026-08-06.07:29:57::SCWPlatform:: Unique name xilinx:zybo-z7-20::0.0
TRACE::2026-08-06.07:29:57::SCWPlatform::Trying to set the existing hwdb with name design_1_wrapper
TRACE::2026-08-06.07:29:57::SCWPlatform::Opened existing hwdb design_1_wrapper
TRACE::2026-08-06.07:29:57::SCWPlatform::Found the Hw Db part of the input DSA
TRACE::2026-08-06.07:29:57::SCWPlatform::Trying to open the hw design at C:/Users/Thomas/Desktop/TP_MISTRE/TP_PROCESSEUR/Projet_Vitis/PS_Only_ZyboZ7/hw/PS_Only_ZyboZ7.xsa
TRACE::2026-08-06.07:29:57::SCWPlatform::DSA given C:/Users/Thomas/Desktop/TP_MISTRE/TP_PROCESSEUR/Projet_Vitis/PS_Only_ZyboZ7/hw/PS_Only_ZyboZ7.xsa
TRACE::2026-08-06.07:29:57::SCWPlatform::DSA absoulate path C:/Users/Thomas/Desktop/TP_MISTRE/TP_PROCESSEUR/Projet_Vitis/PS_Only_ZyboZ7/hw/PS_Only_ZyboZ7.xsa
TRACE::2026-08-06.07:29:57::SCWPlatform::DSA directory C:/Users/Thomas/Desktop/TP_MISTRE/TP_PROCESSEUR/Projet_Vitis/PS_Only_ZyboZ7/hw
TRACE::2026-08-06.07:29:57::SCWPlatform:: Platform Path C:/Users/Thomas/Desktop/TP_MISTRE/TP_PROCESSEUR/Projet_Vitis/PS_Only_ZyboZ7/hw/PS_Only_ZyboZ7.xsa
TRACE::2026-08-06.07:29:57::SCWPlatform:: Unique name xilinx:zybo-z7-20::0.0
TRACE::2026-08-06.07:29:57::SCWPlatform::Trying to set the existing hwdb with name design_1_wrapper
TRACE::2026-08-06.07:29:57::SCWPlatform::Opened existing hwdb design_1_wrapper
TRACE::2026-08-06.07:29:57::SCWPlatform::Found the Hw Db part of the input DSA
TRACE::2026-08-06.07:29:57::SCWMssOS::Checking the sw design at  C:/Users/Thomas/Desktop/TP_MISTRE/TP_PROCESSEUR/Projet_Vitis/PS_Only_ZyboZ7/ps7_cortexa9_0/standalone_ps7_cortexa9_0/bsp/system.mss
TRACE::2026-08-06.07:29:57::SCWMssOS::DEBUG:  swdes dump  C:/Users/Thomas/Desktop/TP_MISTRE/TP_PROCESSEUR/Projet_Vitis/PS_Only_ZyboZ7/zynq_fsbl/zynq_fsbl_bsp/system.mss|system||

TRACE::2026-08-06.07:29:57::SCWMssOS::No sw design opened at  C:/Users/Thomas/Desktop/TP_MISTRE/TP_PROCESSEUR/Projet_Vitis/PS_Only_ZyboZ7/ps7_cortexa9_0/standalone_ps7_cortexa9_0/bsp/system.mss
TRACE::2026-08-06.07:29:57::SCWMssOS::mss exists loading the mss file  C:/Users/Thomas/Desktop/TP_MISTRE/TP_PROCESSEUR/Projet_Vitis/PS_Only_ZyboZ7/ps7_cortexa9_0/standalone_ps7_cortexa9_0/bsp/system.mss
TRACE::2026-08-06.07:29:57::SCWMssOS::Opened the sw design from mss  C:/Users/Thomas/Desktop/TP_MISTRE/TP_PROCESSEUR/Projet_Vitis/PS_Only_ZyboZ7/ps7_cortexa9_0/standalone_ps7_cortexa9_0/bsp/system.mss
TRACE::2026-08-06.07:29:57::SCWMssOS::Adding the swdes entry C:/Users/Thomas/Desktop/TP_MISTRE/TP_PROCESSEUR/Projet_Vitis/PS_Only_ZyboZ7/ps7_cortexa9_0/standalone_ps7_cortexa9_0/bsp/system.mss with des name system_0
TRACE::2026-08-06.07:29:57::SCWMssOS::updating the scw layer about changes
TRACE::2026-08-06.07:29:57::SCWMssOS::Opened the sw design.  C:/Users/Thomas/Desktop/TP_MISTRE/TP_PROCESSEUR/Projet_Vitis/PS_Only_ZyboZ7/ps7_cortexa9_0/standalone_ps7_cortexa9_0/bsp/system.mss
TRACE::2026-08-06.07:29:57::SCWMssOS::Saving the mss changes C:/Users/Thomas/Desktop/TP_MISTRE/TP_PROCESSEUR/Projet_Vitis/PS_Only_ZyboZ7/ps7_cortexa9_0/standalone_ps7_cortexa9_0/bsp/system.mss
TRACE::2026-08-06.07:29:57::SCWMssOS::Found a swdesign opened with the mssfile.
TRACE::2026-08-06.07:29:57::SCWMssOS::Completed writemss as part of save.
TRACE::2026-08-06.07:29:57::SCWMssOS::Commit changes completed.
TRACE::2026-08-06.07:29:57::SCWReader::Adding prebuilt librarypaths as   
TRACE::2026-08-06.07:29:57::SCWReader::Adding prebuilt incpaths  as   
TRACE::2026-08-06.07:29:57::SCWPlatform::Trying to open the hw design at C:/Users/Thomas/Desktop/TP_MISTRE/TP_PROCESSEUR/Projet_Vitis/PS_Only_ZyboZ7/hw/PS_Only_ZyboZ7.xsa
TRACE::2026-08-06.07:29:57::SCWPlatform::DSA given C:/Users/Thomas/Desktop/TP_MISTRE/TP_PROCESSEUR/Projet_Vitis/PS_Only_ZyboZ7/hw/PS_Only_ZyboZ7.xsa
TRACE::2026-08-06.07:29:57::SCWPlatform::DSA absoulate path C:/Users/Thomas/Desktop/TP_MISTRE/TP_PROCESSEUR/Projet_Vitis/PS_Only_ZyboZ7/hw/PS_Only_ZyboZ7.xsa
TRACE::2026-08-06.07:29:57::SCWPlatform::DSA directory C:/Users/Thomas/Desktop/TP_MISTRE/TP_PROCESSEUR/Projet_Vitis/PS_Only_ZyboZ7/hw
TRACE::2026-08-06.07:29:57::SCWPlatform:: Platform Path C:/Users/Thomas/Desktop/TP_MISTRE/TP_PROCESSEUR/Projet_Vitis/PS_Only_ZyboZ7/hw/PS_Only_ZyboZ7.xsa
TRACE::2026-08-06.07:29:57::SCWPlatform:: Unique name xilinx:zybo-z7-20::0.0
TRACE::2026-08-06.07:29:57::SCWPlatform::Trying to set the existing hwdb with name design_1_wrapper
TRACE::2026-08-06.07:29:57::SCWPlatform::Opened existing hwdb design_1_wrapper
TRACE::2026-08-06.07:29:57::SCWPlatform::Found the Hw Db part of the input DSA
TRACE::2026-08-06.07:29:57::SCWMssOS::Checking the sw design at  C:/Users/Thomas/Desktop/TP_MISTRE/TP_PROCESSEUR/Projet_Vitis/PS_Only_ZyboZ7/ps7_cortexa9_0/standalone_ps7_cortexa9_0/bsp/system.mss
TRACE::2026-08-06.07:29:57::SCWMssOS::DEBUG:  swdes dump  C:/Users/Thomas/Desktop/TP_MISTRE/TP_PROCESSEUR/Projet_Vitis/PS_Only_ZyboZ7/ps7_cortexa9_0/standalone_ps7_cortexa9_0/bsp/system.mss|system_0||
C:/Users/Thomas/Desktop/TP_MISTRE/TP_PROCESSEUR/Projet_Vitis/PS_Only_ZyboZ7/zynq_fsbl/zynq_fsbl_bsp/system.mss|system||

TRACE::2026-08-06.07:29:57::SCWMssOS::Sw design exists and opened at  C:/Users/Thomas/Desktop/TP_MISTRE/TP_PROCESSEUR/Projet_Vitis/PS_Only_ZyboZ7/ps7_cortexa9_0/standalone_ps7_cortexa9_0/bsp/system.mss
TRACE::2026-08-06.07:29:57::SCWReader::No isolation master present  
LOG::2026-08-06.07:29:57::SCWPlatform::Started generating the artifacts platform PS_Only_ZyboZ7
TRACE::2026-08-06.07:29:57::SCWPlatform::Sanity checking of platform is completed
LOG::2026-08-06.07:29:57::SCWPlatform::Started generating the artifacts for system configuration PS_Only_ZyboZ7
LOG::2026-08-06.07:29:57::SCWSystem::Checking the domain zynq_fsbl
LOG::2026-08-06.07:29:57::SCWSystem::Doing application build for :  zynq_fsbl
TRACE::2026-08-06.07:29:57::SCWBDomain::Not a forced makefile updation, No changes are present. 
TRACE::2026-08-06.07:29:57::SCWDomain::Building the domain as part of full build :  zynq_fsbl
TRACE::2026-08-06.07:29:57::SCWPlatform::Trying to open the hw design at C:/Users/Thomas/Desktop/TP_MISTRE/TP_PROCESSEUR/Projet_Vitis/PS_Only_ZyboZ7/hw/PS_Only_ZyboZ7.xsa
TRACE::2026-08-06.07:29:57::SCWPlatform::DSA given C:/Users/Thomas/Desktop/TP_MISTRE/TP_PROCESSEUR/Projet_Vitis/PS_Only_ZyboZ7/hw/PS_Only_ZyboZ7.xsa
TRACE::2026-08-06.07:29:57::SCWPlatform::DSA absoulate path C:/Users/Thomas/Desktop/TP_MISTRE/TP_PROCESSEUR/Projet_Vitis/PS_Only_ZyboZ7/hw/PS_Only_ZyboZ7.xsa
TRACE::2026-08-06.07:29:57::SCWPlatform::DSA directory C:/Users/Thomas/Desktop/TP_MISTRE/TP_PROCESSEUR/Projet_Vitis/PS_Only_ZyboZ7/hw
TRACE::2026-08-06.07:29:57::SCWPlatform:: Platform Path C:/Users/Thomas/Desktop/TP_MISTRE/TP_PROCESSEUR/Projet_Vitis/PS_Only_ZyboZ7/hw/PS_Only_ZyboZ7.xsa
TRACE::2026-08-06.07:29:57::SCWPlatform:: Unique name xilinx:zybo-z7-20::0.0
TRACE::2026-08-06.07:29:57::SCWPlatform::Trying to set the existing hwdb with name design_1_wrapper
TRACE::2026-08-06.07:29:57::SCWPlatform::Opened existing hwdb design_1_wrapper
TRACE::2026-08-06.07:29:57::SCWPlatform::Found the Hw Db part of the input DSA
TRACE::2026-08-06.07:29:57::SCWMssOS::Checking the sw design at  C:/Users/Thomas/Desktop/TP_MISTRE/TP_PROCESSEUR/Projet_Vitis/PS_Only_ZyboZ7/zynq_fsbl/zynq_fsbl_bsp/system.mss
TRACE::2026-08-06.07:29:57::SCWMssOS::DEBUG:  swdes dump  C:/Users/Thomas/Desktop/TP_MISTRE/TP_PROCESSEUR/Projet_Vitis/PS_Only_ZyboZ7/ps7_cortexa9_0/standalone_ps7_cortexa9_0/bsp/system.mss|system_0||
C:/Users/Thomas/Desktop/TP_MISTRE/TP_PROCESSEUR/Projet_Vitis/PS_Only_ZyboZ7/zynq_fsbl/zynq_fsbl_bsp/system.mss|system||

TRACE::2026-08-06.07:29:57::SCWMssOS::Sw design exists and opened at  C:/Users/Thomas/Desktop/TP_MISTRE/TP_PROCESSEUR/Projet_Vitis/PS_Only_ZyboZ7/zynq_fsbl/zynq_fsbl_bsp/system.mss
TRACE::2026-08-06.07:29:57::SCWBDomain::Completed writing the mss file at C:/Users/Thomas/Desktop/TP_MISTRE/TP_PROCESSEUR/Projet_Vitis/PS_Only_ZyboZ7/zynq_fsbl/zynq_fsbl_bsp
TRACE::2026-08-06.07:29:57::SCWBDomain::bsp generated is upto date with the mss file. Skipping bsp generation.
TRACE::2026-08-06.07:29:57::SCWBDomain::Not a forced makefile updation, No changes are present. 
TRACE::2026-08-06.07:29:57::SCWBDomain::System Command Ran  C:&  cd  C:/Users/Thomas/Desktop/TP_MISTRE/TP_PROCESSEUR/Projet_Vitis/PS_Only_ZyboZ7/zynq_fsbl& make -C  zynq_fsbl_bsp & make 
TRACE::2026-08-06.07:29:57::SCWBDomain::make: Entering directory 'C:/Users/Thomas/Desktop/TP_MISTRE/TP_PROCESSEUR/Projet_Vitis/PS_Only_ZyboZ7/zynq_fsbl/zynq_fsbl_bsp'

TRACE::2026-08-06.07:29:57::SCWBDomain::make --no-print-directory seq_libs

TRACE::2026-08-06.07:29:58::SCWBDomain::"Running Make include in ps7_cortexa9_0/libsrc/coresightps_dcc_v1_8/src"

TRACE::2026-08-06.07:29:58::SCWBDomain::make -C ps7_cortexa9_0/libsrc/coresightps_dcc_v1_8/src -s include  "SHELL=CMD" "COMPILER=arm-none-eabi-gcc" "ASSEMBLER=arm-none
TRACE::2026-08-06.07:29:58::SCWBDomain::-eabi-as" "ARCHIVER=arm-none-eabi-ar" "COMPILER_FLAGS=  -O2 -c" "EXTRA_COMPILER_FLAGS=-mcpu=cortex-a9 -mfpu=vfpv3 -mfloat-abi=h
TRACE::2026-08-06.07:29:58::SCWBDomain::ard -nostartfiles -g -Wall -Wextra"

TRACE::2026-08-06.07:29:58::SCWBDomain::"Running Make include in ps7_cortexa9_0/libsrc/cpu_cortexa9_v2_10/src"

TRACE::2026-08-06.07:29:58::SCWBDomain::make -C ps7_cortexa9_0/libsrc/cpu_cortexa9_v2_10/src -s include  "SHELL=CMD" "COMPILER=arm-none-eabi-gcc" "ASSEMBLER=arm-none-e
TRACE::2026-08-06.07:29:58::SCWBDomain::abi-as" "ARCHIVER=arm-none-eabi-ar" "COMPILER_FLAGS=  -O2 -c" "EXTRA_COMPILER_FLAGS=-mcpu=cortex-a9 -mfpu=vfpv3 -mfloat-abi=har
TRACE::2026-08-06.07:29:58::SCWBDomain::d -nostartfiles -g -Wall -Wextra"

TRACE::2026-08-06.07:29:58::SCWBDomain::"Running Make include in ps7_cortexa9_0/libsrc/ddrps_v1_2/src"

TRACE::2026-08-06.07:29:58::SCWBDomain::make -C ps7_cortexa9_0/libsrc/ddrps_v1_2/src -s include  "SHELL=CMD" "COMPILER=arm-none-eabi-gcc" "ASSEMBLER=arm-none-eabi-as" 
TRACE::2026-08-06.07:29:58::SCWBDomain::"ARCHIVER=arm-none-eabi-ar" "COMPILER_FLAGS=  -O2 -c" "EXTRA_COMPILER_FLAGS=-mcpu=cortex-a9 -mfpu=vfpv3 -mfloat-abi=hard -nosta
TRACE::2026-08-06.07:29:58::SCWBDomain::rtfiles -g -Wall -Wextra"

TRACE::2026-08-06.07:29:58::SCWBDomain::"Running Make include in ps7_cortexa9_0/libsrc/devcfg_v3_7/src"

TRACE::2026-08-06.07:29:58::SCWBDomain::make -C ps7_cortexa9_0/libsrc/devcfg_v3_7/src -s include  "SHELL=CMD" "COMPILER=arm-none-eabi-gcc" "ASSEMBLER=arm-none-eabi-as"
TRACE::2026-08-06.07:29:58::SCWBDomain:: "ARCHIVER=arm-none-eabi-ar" "COMPILER_FLAGS=  -O2 -c" "EXTRA_COMPILER_FLAGS=-mcpu=cortex-a9 -mfpu=vfpv3 -mfloat-abi=hard -nost
TRACE::2026-08-06.07:29:58::SCWBDomain::artfiles -g -Wall -Wextra"

TRACE::2026-08-06.07:29:58::SCWBDomain::"Running Make include in ps7_cortexa9_0/libsrc/dmaps_v2_7/src"

TRACE::2026-08-06.07:29:58::SCWBDomain::make -C ps7_cortexa9_0/libsrc/dmaps_v2_7/src -s include  "SHELL=CMD" "COMPILER=arm-none-eabi-gcc" "ASSEMBLER=arm-none-eabi-as" 
TRACE::2026-08-06.07:29:58::SCWBDomain::"ARCHIVER=arm-none-eabi-ar" "COMPILER_FLAGS=  -O2 -c" "EXTRA_COMPILER_FLAGS=-mcpu=cortex-a9 -mfpu=vfpv3 -mfloat-abi=hard -nosta
TRACE::2026-08-06.07:29:58::SCWBDomain::rtfiles -g -Wall -Wextra"

TRACE::2026-08-06.07:29:58::SCWBDomain::"Running Make include in ps7_cortexa9_0/libsrc/emacps_v3_12/src"

TRACE::2026-08-06.07:29:58::SCWBDomain::make -C ps7_cortexa9_0/libsrc/emacps_v3_12/src -s include  "SHELL=CMD" "COMPILER=arm-none-eabi-gcc" "ASSEMBLER=arm-none-eabi-as
TRACE::2026-08-06.07:29:58::SCWBDomain::" "ARCHIVER=arm-none-eabi-ar" "COMPILER_FLAGS=  -O2 -c" "EXTRA_COMPILER_FLAGS=-mcpu=cortex-a9 -mfpu=vfpv3 -mfloat-abi=hard -nos
TRACE::2026-08-06.07:29:58::SCWBDomain::tartfiles -g -Wall -Wextra"

TRACE::2026-08-06.07:29:58::SCWBDomain::"Running Make include in ps7_cortexa9_0/libsrc/gpiops_v3_8/src"

TRACE::2026-08-06.07:29:58::SCWBDomain::make -C ps7_cortexa9_0/libsrc/gpiops_v3_8/src -s include  "SHELL=CMD" "COMPILER=arm-none-eabi-gcc" "ASSEMBLER=arm-none-eabi-as"
TRACE::2026-08-06.07:29:58::SCWBDomain:: "ARCHIVER=arm-none-eabi-ar" "COMPILER_FLAGS=  -O2 -c" "EXTRA_COMPILER_FLAGS=-mcpu=cortex-a9 -mfpu=vfpv3 -mfloat-abi=hard -nost
TRACE::2026-08-06.07:29:58::SCWBDomain::artfiles -g -Wall -Wextra"

TRACE::2026-08-06.07:29:58::SCWBDomain::"Running Make include in ps7_cortexa9_0/libsrc/qspips_v3_8/src"

TRACE::2026-08-06.07:29:58::SCWBDomain::make -C ps7_cortexa9_0/libsrc/qspips_v3_8/src -s include  "SHELL=CMD" "COMPILER=arm-none-eabi-gcc" "ASSEMBLER=arm-none-eabi-as"
TRACE::2026-08-06.07:29:58::SCWBDomain:: "ARCHIVER=arm-none-eabi-ar" "COMPILER_FLAGS=  -O2 -c" "EXTRA_COMPILER_FLAGS=-mcpu=cortex-a9 -mfpu=vfpv3 -mfloat-abi=hard -nost
TRACE::2026-08-06.07:29:58::SCWBDomain::artfiles -g -Wall -Wextra"

TRACE::2026-08-06.07:29:58::SCWBDomain::"Running Make include in ps7_cortexa9_0/libsrc/scugic_v4_3/src"

TRACE::2026-08-06.07:29:58::SCWBDomain::make -C ps7_cortexa9_0/libsrc/scugic_v4_3/src -s include  "SHELL=CMD" "COMPILER=arm-none-eabi-gcc" "ASSEMBLER=arm-none-eabi-as"
TRACE::2026-08-06.07:29:58::SCWBDomain:: "ARCHIVER=arm-none-eabi-ar" "COMPILER_FLAGS=  -O2 -c" "EXTRA_COMPILER_FLAGS=-mcpu=cortex-a9 -mfpu=vfpv3 -mfloat-abi=hard -nost
TRACE::2026-08-06.07:29:58::SCWBDomain::artfiles -g -Wall -Wextra"

TRACE::2026-08-06.07:29:58::SCWBDomain::"Running Make include in ps7_cortexa9_0/libsrc/scutimer_v2_3/src"

TRACE::2026-08-06.07:29:58::SCWBDomain::make -C ps7_cortexa9_0/libsrc/scutimer_v2_3/src -s include  "SHELL=CMD" "COMPILER=arm-none-eabi-gcc" "ASSEMBLER=arm-none-eabi-a
TRACE::2026-08-06.07:29:58::SCWBDomain::s" "ARCHIVER=arm-none-eabi-ar" "COMPILER_FLAGS=  -O2 -c" "EXTRA_COMPILER_FLAGS=-mcpu=cortex-a9 -mfpu=vfpv3 -mfloat-abi=hard -no
TRACE::2026-08-06.07:29:58::SCWBDomain::startfiles -g -Wall -Wextra"

TRACE::2026-08-06.07:29:58::SCWBDomain::"Running Make include in ps7_cortexa9_0/libsrc/scuwdt_v2_3/src"

TRACE::2026-08-06.07:29:58::SCWBDomain::make -C ps7_cortexa9_0/libsrc/scuwdt_v2_3/src -s include  "SHELL=CMD" "COMPILER=arm-none-eabi-gcc" "ASSEMBLER=arm-none-eabi-as"
TRACE::2026-08-06.07:29:58::SCWBDomain:: "ARCHIVER=arm-none-eabi-ar" "COMPILER_FLAGS=  -O2 -c" "EXTRA_COMPILER_FLAGS=-mcpu=cortex-a9 -mfpu=vfpv3 -mfloat-abi=hard -nost
TRACE::2026-08-06.07:29:58::SCWBDomain::artfiles -g -Wall -Wextra"

TRACE::2026-08-06.07:29:58::SCWBDomain::"Running Make include in ps7_cortexa9_0/libsrc/sdps_v3_10/src"

TRACE::2026-08-06.07:29:58::SCWBDomain::make -C ps7_cortexa9_0/libsrc/sdps_v3_10/src -s include  "SHELL=CMD" "COMPILER=arm-none-eabi-gcc" "ASSEMBLER=arm-none-eabi-as" 
TRACE::2026-08-06.07:29:58::SCWBDomain::"ARCHIVER=arm-none-eabi-ar" "COMPILER_FLAGS=  -O2 -c" "EXTRA_COMPILER_FLAGS=-mcpu=cortex-a9 -mfpu=vfpv3 -mfloat-abi=hard -nosta
TRACE::2026-08-06.07:29:58::SCWBDomain::rtfiles -g -Wall -Wextra"

TRACE::2026-08-06.07:29:59::SCWBDomain::"Running Make include in ps7_cortexa9_0/libsrc/standalone_v7_3/src"

TRACE::2026-08-06.07:29:59::SCWBDomain::make -C ps7_cortexa9_0/libsrc/standalone_v7_3/src -s include  "SHELL=CMD" "COMPILER=arm-none-eabi-gcc" "ASSEMBLER=arm-none-eabi
TRACE::2026-08-06.07:29:59::SCWBDomain::-as" "ARCHIVER=arm-none-eabi-ar" "COMPILER_FLAGS=  -O2 -c" "EXTRA_COMPILER_FLAGS=-mcpu=cortex-a9 -mfpu=vfpv3 -mfloat-abi=hard -
TRACE::2026-08-06.07:29:59::SCWBDomain::nostartfiles -g -Wall -Wextra"

TRACE::2026-08-06.07:29:59::SCWBDomain::"Running Make include in ps7_cortexa9_0/libsrc/uartps_v3_10/src"

TRACE::2026-08-06.07:29:59::SCWBDomain::make -C ps7_cortexa9_0/libsrc/uartps_v3_10/src -s include  "SHELL=CMD" "COMPILER=arm-none-eabi-gcc" "ASSEMBLER=arm-none-eabi-as
TRACE::2026-08-06.07:29:59::SCWBDomain::" "ARCHIVER=arm-none-eabi-ar" "COMPILER_FLAGS=  -O2 -c" "EXTRA_COMPILER_FLAGS=-mcpu=cortex-a9 -mfpu=vfpv3 -mfloat-abi=hard -nos
TRACE::2026-08-06.07:29:59::SCWBDomain::tartfiles -g -Wall -Wextra"

TRACE::2026-08-06.07:29:59::SCWBDomain::"Running Make include in ps7_cortexa9_0/libsrc/usbps_v2_6/src"

TRACE::2026-08-06.07:29:59::SCWBDomain::make -C ps7_cortexa9_0/libsrc/usbps_v2_6/src -s include  "SHELL=CMD" "COMPILER=arm-none-eabi-gcc" "ASSEMBLER=arm-none-eabi-as" 
TRACE::2026-08-06.07:29:59::SCWBDomain::"ARCHIVER=arm-none-eabi-ar" "COMPILER_FLAGS=  -O2 -c" "EXTRA_COMPILER_FLAGS=-mcpu=cortex-a9 -mfpu=vfpv3 -mfloat-abi=hard -nosta
TRACE::2026-08-06.07:29:59::SCWBDomain::rtfiles -g -Wall -Wextra"

TRACE::2026-08-06.07:29:59::SCWBDomain::"Running Make include in ps7_cortexa9_0/libsrc/xadcps_v2_5/src"

TRACE::2026-08-06.07:29:59::SCWBDomain::make -C ps7_cortexa9_0/libsrc/xadcps_v2_5/src -s include  "SHELL=CMD" "COMPILER=arm-none-eabi-gcc" "ASSEMBLER=arm-none-eabi-as"
TRACE::2026-08-06.07:29:59::SCWBDomain:: "ARCHIVER=arm-none-eabi-ar" "COMPILER_FLAGS=  -O2 -c" "EXTRA_COMPILER_FLAGS=-mcpu=cortex-a9 -mfpu=vfpv3 -mfloat-abi=hard -nost
TRACE::2026-08-06.07:29:59::SCWBDomain::artfiles -g -Wall -Wextra"

TRACE::2026-08-06.07:30:00::SCWBDomain::"Running Make include in ps7_cortexa9_0/libsrc/xilffs_v4_4/src"

TRACE::2026-08-06.07:30:00::SCWBDomain::make -C ps7_cortexa9_0/libsrc/xilffs_v4_4/src -s include  "SHELL=CMD" "COMPILER=arm-none-eabi-gcc" "ASSEMBLER=arm-none-eabi-as"
TRACE::2026-08-06.07:30:00::SCWBDomain:: "ARCHIVER=arm-none-eabi-ar" "COMPILER_FLAGS=  -O2 -c" "EXTRA_COMPILER_FLAGS=-mcpu=cortex-a9 -mfpu=vfpv3 -mfloat-abi=hard -nost
TRACE::2026-08-06.07:30:00::SCWBDomain::artfiles -g -Wall -Wextra"

TRACE::2026-08-06.07:30:00::SCWBDomain::"Running Make include in ps7_cortexa9_0/libsrc/xilrsa_v1_6/src"

TRACE::2026-08-06.07:30:00::SCWBDomain::make -C ps7_cortexa9_0/libsrc/xilrsa_v1_6/src -s include  "SHELL=CMD" "COMPILER=arm-none-eabi-gcc" "ASSEMBLER=arm-none-eabi-as"
TRACE::2026-08-06.07:30:00::SCWBDomain:: "ARCHIVER=arm-none-eabi-ar" "COMPILER_FLAGS=  -O2 -c" "EXTRA_COMPILER_FLAGS=-mcpu=cortex-a9 -mfpu=vfpv3 -mfloat-abi=hard -nost
TRACE::2026-08-06.07:30:00::SCWBDomain::artfiles -g -Wall -Wextra"

TRACE::2026-08-06.07:30:00::SCWBDomain::"Running Make libs in ps7_cortexa9_0/libsrc/xilrsa_v1_6/src"

TRACE::2026-08-06.07:30:00::SCWBDomain::make -C ps7_cortexa9_0/libsrc/xilrsa_v1_6/src -s libs  "SHELL=CMD" "COMPILER=arm-none-eabi-gcc" "ASSEMBLER=arm-none-eabi-as" "A
TRACE::2026-08-06.07:30:00::SCWBDomain::RCHIVER=arm-none-eabi-ar" "COMPILER_FLAGS=  -O2 -c" "EXTRA_COMPILER_FLAGS=-mcpu=cortex-a9 -mfpu=vfpv3 -mfloat-abi=hard -nostart
TRACE::2026-08-06.07:30:00::SCWBDomain::files -g -Wall -Wextra"

TRACE::2026-08-06.07:30:00::SCWBDomain::'Finished building libraries sequentially.'

TRACE::2026-08-06.07:30:00::SCWBDomain::make -j --no-print-directory par_libs

TRACE::2026-08-06.07:30:00::SCWBDomain::"Running Make include in ps7_cortexa9_0/libsrc/coresightps_dcc_v1_8/src"

TRACE::2026-08-06.07:30:00::SCWBDomain::make -C ps7_cortexa9_0/libsrc/coresightps_dcc_v1_8/src -s include  "SHELL=CMD" "COMPILER=arm-none-eabi-gcc" "ASSEMBLER=arm-none
TRACE::2026-08-06.07:30:00::SCWBDomain::-eabi-as" "ARCHIVER=arm-none-eabi-ar" "COMPILER_FLAGS=  -O2 -c" "EXTRA_COMPILER_FLAGS=-mcpu=cortex-a9 -mfpu=vfpv3 -mfloat-abi=h
TRACE::2026-08-06.07:30:00::SCWBDomain::ard -nostartfiles -g -Wall -Wextra"

TRACE::2026-08-06.07:30:00::SCWBDomain::"Running Make include in ps7_cortexa9_0/libsrc/cpu_cortexa9_v2_10/src"

TRACE::2026-08-06.07:30:00::SCWBDomain::make -C ps7_cortexa9_0/libsrc/cpu_cortexa9_v2_10/src -s include  "SHELL=CMD" "COMPILER=arm-none-eabi-gcc" "ASSEMBLER=arm-none-e
TRACE::2026-08-06.07:30:00::SCWBDomain::abi-as" "ARCHIVER=arm-none-eabi-ar" "COMPILER_FLAGS=  -O2 -c" "EXTRA_COMPILER_FLAGS=-mcpu=cortex-a9 -mfpu=vfpv3 -mfloat-abi=har
TRACE::2026-08-06.07:30:00::SCWBDomain::d -nostartfiles -g -Wall -Wextra"

TRACE::2026-08-06.07:30:00::SCWBDomain::"Running Make include in ps7_cortexa9_0/libsrc/ddrps_v1_2/src"

TRACE::2026-08-06.07:30:00::SCWBDomain::make -C ps7_cortexa9_0/libsrc/ddrps_v1_2/src -s include  "SHELL=CMD" "COMPILER=arm-none-eabi-gcc" "ASSEMBLER=arm-none-eabi-as" 
TRACE::2026-08-06.07:30:00::SCWBDomain::"ARCHIVER=arm-none-eabi-ar" "COMPILER_FLAGS=  -O2 -c" "EXTRA_COMPILER_FLAGS=-mcpu=cortex-a9 -mfpu=vfpv3 -mfloat-abi=hard -nosta
TRACE::2026-08-06.07:30:00::SCWBDomain::rtfiles -g -Wall -Wextra"

TRACE::2026-08-06.07:30:00::SCWBDomain::"Running Make include in ps7_cortexa9_0/libsrc/devcfg_v3_7/src"

TRACE::2026-08-06.07:30:00::SCWBDomain::make -C ps7_cortexa9_0/libsrc/devcfg_v3_7/src -s include  "SHELL=CMD" "COMPILER=arm-none-eabi-gcc" "ASSEMBLER=arm-none-eabi-as"
TRACE::2026-08-06.07:30:00::SCWBDomain:: "ARCHIVER=arm-none-eabi-ar" "COMPILER_FLAGS=  -O2 -c" "EXTRA_COMPILER_FLAGS=-mcpu=cortex-a9 -mfpu=vfpv3 -mfloat-abi=hard -nost
TRACE::2026-08-06.07:30:00::SCWBDomain::artfiles -g -Wall -Wextra"

TRACE::2026-08-06.07:30:00::SCWBDomain::"Running Make include in ps7_cortexa9_0/libsrc/dmaps_v2_7/src"

TRACE::2026-08-06.07:30:00::SCWBDomain::make -C ps7_cortexa9_0/libsrc/dmaps_v2_7/src -s include  "SHELL=CMD" "COMPILER=arm-none-eabi-gcc" "ASSEMBLER=arm-none-eabi-as" 
TRACE::2026-08-06.07:30:00::SCWBDomain::"ARCHIVER=arm-none-eabi-ar" "COMPILER_FLAGS=  -O2 -c" "EXTRA_COMPILER_FLAGS=-mcpu=cortex-a9 -mfpu=vfpv3 -mfloat-abi=hard -nosta
TRACE::2026-08-06.07:30:00::SCWBDomain::rtfiles -g -Wall -Wextra"

TRACE::2026-08-06.07:30:00::SCWBDomain::"Running Make include in ps7_cortexa9_0/libsrc/emacps_v3_12/src"

TRACE::2026-08-06.07:30:00::SCWBDomain::make -C ps7_cortexa9_0/libsrc/emacps_v3_12/src -s include  "SHELL=CMD" "COMPILER=arm-none-eabi-gcc" "ASSEMBLER=arm-none-eabi-as
TRACE::2026-08-06.07:30:00::SCWBDomain::" "ARCHIVER=arm-none-eabi-ar" "COMPILER_FLAGS=  -O2 -c" "EXTRA_COMPILER_FLAGS=-mcpu=cortex-a9 -mfpu=vfpv3 -mfloat-abi=hard -nos
TRACE::2026-08-06.07:30:00::SCWBDomain::tartfiles -g -Wall -Wextra"

TRACE::2026-08-06.07:30:00::SCWBDomain::"Running Make include in ps7_cortexa9_0/libsrc/gpiops_v3_8/src"

TRACE::2026-08-06.07:30:00::SCWBDomain::make -C ps7_cortexa9_0/libsrc/gpiops_v3_8/src -s include  "SHELL=CMD" "COMPILER=arm-none-eabi-gcc" "ASSEMBLER=arm-none-eabi-as"
TRACE::2026-08-06.07:30:00::SCWBDomain:: "ARCHIVER=arm-none-eabi-ar" "COMPILER_FLAGS=  -O2 -c" "EXTRA_COMPILER_FLAGS=-mcpu=cortex-a9 -mfpu=vfpv3 -mfloat-abi=hard -nost
TRACE::2026-08-06.07:30:00::SCWBDomain::artfiles -g -Wall -Wextra"

TRACE::2026-08-06.07:30:00::SCWBDomain::"Running Make include in ps7_cortexa9_0/libsrc/qspips_v3_8/src"

TRACE::2026-08-06.07:30:00::SCWBDomain::make -C ps7_cortexa9_0/libsrc/qspips_v3_8/src -s include  "SHELL=CMD" "COMPILER=arm-none-eabi-gcc" "ASSEMBLER=arm-none-eabi-as"
TRACE::2026-08-06.07:30:00::SCWBDomain:: "ARCHIVER=arm-none-eabi-ar" "COMPILER_FLAGS=  -O2 -c" "EXTRA_COMPILER_FLAGS=-mcpu=cortex-a9 -mfpu=vfpv3 -mfloat-abi=hard -nost
TRACE::2026-08-06.07:30:00::SCWBDomain::artfiles -g -Wall -Wextra"

TRACE::2026-08-06.07:30:00::SCWBDomain::"Running Make include in ps7_cortexa9_0/libsrc/scugic_v4_3/src"

TRACE::2026-08-06.07:30:00::SCWBDomain::make -C ps7_cortexa9_0/libsrc/scugic_v4_3/src -s include  "SHELL=CMD" "COMPILER=arm-none-eabi-gcc" "ASSEMBLER=arm-none-eabi-as"
TRACE::2026-08-06.07:30:00::SCWBDomain:: "ARCHIVER=arm-none-eabi-ar" "COMPILER_FLAGS=  -O2 -c" "EXTRA_COMPILER_FLAGS=-mcpu=cortex-a9 -mfpu=vfpv3 -mfloat-abi=hard -nost
TRACE::2026-08-06.07:30:00::SCWBDomain::artfiles -g -Wall -Wextra"

TRACE::2026-08-06.07:30:00::SCWBDomain::"Running Make include in ps7_cortexa9_0/libsrc/scutimer_v2_3/src"

TRACE::2026-08-06.07:30:00::SCWBDomain::make -C ps7_cortexa9_0/libsrc/scutimer_v2_3/src -s include  "SHELL=CMD" "COMPILER=arm-none-eabi-gcc" "ASSEMBLER=arm-none-eabi-a
TRACE::2026-08-06.07:30:00::SCWBDomain::s" "ARCHIVER=arm-none-eabi-ar" "COMPILER_FLAGS=  -O2 -c" "EXTRA_COMPILER_FLAGS=-mcpu=cortex-a9 -mfpu=vfpv3 -mfloat-abi=hard -no
TRACE::2026-08-06.07:30:00::SCWBDomain::startfiles -g -Wall -Wextra"

TRACE::2026-08-06.07:30:00::SCWBDomain::"Running Make include in ps7_cortexa9_0/libsrc/scuwdt_v2_3/src"

TRACE::2026-08-06.07:30:00::SCWBDomain::make -C ps7_cortexa9_0/libsrc/scuwdt_v2_3/src -s include  "SHELL=CMD" "COMPILER=arm-none-eabi-gcc" "ASSEMBLER=arm-none-eabi-as"
TRACE::2026-08-06.07:30:00::SCWBDomain:: "ARCHIVER=arm-none-eabi-ar" "COMPILER_FLAGS=  -O2 -c" "EXTRA_COMPILER_FLAGS=-mcpu=cortex-a9 -mfpu=vfpv3 -mfloat-abi=hard -nost
TRACE::2026-08-06.07:30:00::SCWBDomain::artfiles -g -Wall -Wextra"

TRACE::2026-08-06.07:30:00::SCWBDomain::"Running Make include in ps7_cortexa9_0/libsrc/sdps_v3_10/src"

TRACE::2026-08-06.07:30:00::SCWBDomain::make -C ps7_cortexa9_0/libsrc/sdps_v3_10/src -s include  "SHELL=CMD" "COMPILER=arm-none-eabi-gcc" "ASSEMBLER=arm-none-eabi-as" 
TRACE::2026-08-06.07:30:00::SCWBDomain::"ARCHIVER=arm-none-eabi-ar" "COMPILER_FLAGS=  -O2 -c" "EXTRA_COMPILER_FLAGS=-mcpu=cortex-a9 -mfpu=vfpv3 -mfloat-abi=hard -nosta
TRACE::2026-08-06.07:30:00::SCWBDomain::rtfiles -g -Wall -Wextra"

TRACE::2026-08-06.07:30:00::SCWBDomain::"Running Make include in ps7_cortexa9_0/libsrc/standalone_v7_3/src"

TRACE::2026-08-06.07:30:00::SCWBDomain::make -C ps7_cortexa9_0/libsrc/standalone_v7_3/src -s include  "SHELL=CMD" "COMPILER=arm-none-eabi-gcc" "ASSEMBLER=arm-none-eabi
TRACE::2026-08-06.07:30:00::SCWBDomain::-as" "ARCHIVER=arm-none-eabi-ar" "COMPILER_FLAGS=  -O2 -c" "EXTRA_COMPILER_FLAGS=-mcpu=cortex-a9 -mfpu=vfpv3 -mfloat-abi=hard -
TRACE::2026-08-06.07:30:00::SCWBDomain::nostartfiles -g -Wall -Wextra"

TRACE::2026-08-06.07:30:00::SCWBDomain::"Running Make include in ps7_cortexa9_0/libsrc/uartps_v3_10/src"

TRACE::2026-08-06.07:30:00::SCWBDomain::make -C ps7_cortexa9_0/libsrc/uartps_v3_10/src -s include  "SHELL=CMD" "COMPILER=arm-none-eabi-gcc" "ASSEMBLER=arm-none-eabi-as
TRACE::2026-08-06.07:30:00::SCWBDomain::" "ARCHIVER=arm-none-eabi-ar" "COMPILER_FLAGS=  -O2 -c" "EXTRA_COMPILER_FLAGS=-mcpu=cortex-a9 -mfpu=vfpv3 -mfloat-abi=hard -nos
TRACE::2026-08-06.07:30:00::SCWBDomain::tartfiles -g -Wall -Wextra"

TRACE::2026-08-06.07:30:00::SCWBDomain::"Running Make include in ps7_cortexa9_0/libsrc/usbps_v2_6/src"

TRACE::2026-08-06.07:30:00::SCWBDomain::make -C ps7_cortexa9_0/libsrc/usbps_v2_6/src -s include  "SHELL=CMD" "COMPILER=arm-none-eabi-gcc" "ASSEMBLER=arm-none-eabi-as" 
TRACE::2026-08-06.07:30:00::SCWBDomain::"ARCHIVER=arm-none-eabi-ar" "COMPILER_FLAGS=  -O2 -c" "EXTRA_COMPILER_FLAGS=-mcpu=cortex-a9 -mfpu=vfpv3 -mfloat-abi=hard -nosta
TRACE::2026-08-06.07:30:00::SCWBDomain::rtfiles -g -Wall -Wextra"

TRACE::2026-08-06.07:30:00::SCWBDomain::"Running Make include in ps7_cortexa9_0/libsrc/xadcps_v2_5/src"

TRACE::2026-08-06.07:30:00::SCWBDomain::make -C ps7_cortexa9_0/libsrc/xadcps_v2_5/src -s include  "SHELL=CMD" "COMPILER=arm-none-eabi-gcc" "ASSEMBLER=arm-none-eabi-as"
TRACE::2026-08-06.07:30:00::SCWBDomain:: "ARCHIVER=arm-none-eabi-ar" "COMPILER_FLAGS=  -O2 -c" "EXTRA_COMPILER_FLAGS=-mcpu=cortex-a9 -mfpu=vfpv3 -mfloat-abi=hard -nost
TRACE::2026-08-06.07:30:00::SCWBDomain::artfiles -g -Wall -Wextra"

TRACE::2026-08-06.07:30:00::SCWBDomain::"Running Make include in ps7_cortexa9_0/libsrc/xilffs_v4_4/src"

TRACE::2026-08-06.07:30:00::SCWBDomain::make -C ps7_cortexa9_0/libsrc/xilffs_v4_4/src -s include  "SHELL=CMD" "COMPILER=arm-none-eabi-gcc" "ASSEMBLER=arm-none-eabi-as"
TRACE::2026-08-06.07:30:00::SCWBDomain:: "ARCHIVER=arm-none-eabi-ar" "COMPILER_FLAGS=  -O2 -c" "EXTRA_COMPILER_FLAGS=-mcpu=cortex-a9 -mfpu=vfpv3 -mfloat-abi=hard -nost
TRACE::2026-08-06.07:30:00::SCWBDomain::artfiles -g -Wall -Wextra"

TRACE::2026-08-06.07:30:00::SCWBDomain::"Running Make include in ps7_cortexa9_0/libsrc/xilrsa_v1_6/src"

TRACE::2026-08-06.07:30:00::SCWBDomain::make -C ps7_cortexa9_0/libsrc/xilrsa_v1_6/src -s include  "SHELL=CMD" "COMPILER=arm-none-eabi-gcc" "ASSEMBLER=arm-none-eabi-as"
TRACE::2026-08-06.07:30:00::SCWBDomain:: "ARCHIVER=arm-none-eabi-ar" "COMPILER_FLAGS=  -O2 -c" "EXTRA_COMPILER_FLAGS=-mcpu=cortex-a9 -mfpu=vfpv3 -mfloat-abi=hard -nost
TRACE::2026-08-06.07:30:00::SCWBDomain::artfiles -g -Wall -Wextra"

TRACE::2026-08-06.07:30:00::SCWBDomain::"Running Make libs in ps7_cortexa9_0/libsrc/coresightps_dcc_v1_8/src"

TRACE::2026-08-06.07:30:00::SCWBDomain::make -C ps7_cortexa9_0/libsrc/coresightps_dcc_v1_8/src -s libs  "SHELL=CMD" "COMPILER=arm-none-eabi-gcc" "ASSEMBLER=arm-none-ea
TRACE::2026-08-06.07:30:00::SCWBDomain::bi-as" "ARCHIVER=arm-none-eabi-ar" "COMPILER_FLAGS=  -O2 -c" "EXTRA_COMPILER_FLAGS=-mcpu=cortex-a9 -mfpu=vfpv3 -mfloat-abi=hard
TRACE::2026-08-06.07:30:00::SCWBDomain:: -nostartfiles -g -Wall -Wextra"

TRACE::2026-08-06.07:30:00::SCWBDomain::"Running Make libs in ps7_cortexa9_0/libsrc/cpu_cortexa9_v2_10/src"

TRACE::2026-08-06.07:30:00::SCWBDomain::make -C ps7_cortexa9_0/libsrc/cpu_cortexa9_v2_10/src -s libs  "SHELL=CMD" "COMPILER=arm-none-eabi-gcc" "ASSEMBLER=arm-none-eabi
TRACE::2026-08-06.07:30:00::SCWBDomain::-as" "ARCHIVER=arm-none-eabi-ar" "COMPILER_FLAGS=  -O2 -c" "EXTRA_COMPILER_FLAGS=-mcpu=cortex-a9 -mfpu=vfpv3 -mfloat-abi=hard -
TRACE::2026-08-06.07:30:00::SCWBDomain::nostartfiles -g -Wall -Wextra"

TRACE::2026-08-06.07:30:00::SCWBDomain::"Running Make libs in ps7_cortexa9_0/libsrc/ddrps_v1_2/src"

TRACE::2026-08-06.07:30:00::SCWBDomain::make -C ps7_cortexa9_0/libsrc/ddrps_v1_2/src -s libs  "SHELL=CMD" "COMPILER=arm-none-eabi-gcc" "ASSEMBLER=arm-none-eabi-as" "AR
TRACE::2026-08-06.07:30:00::SCWBDomain::CHIVER=arm-none-eabi-ar" "COMPILER_FLAGS=  -O2 -c" "EXTRA_COMPILER_FLAGS=-mcpu=cortex-a9 -mfpu=vfpv3 -mfloat-abi=hard -nostartf
TRACE::2026-08-06.07:30:00::SCWBDomain::iles -g -Wall -Wextra"

TRACE::2026-08-06.07:30:00::SCWBDomain::"Running Make libs in ps7_cortexa9_0/libsrc/devcfg_v3_7/src"

TRACE::2026-08-06.07:30:00::SCWBDomain::make -C ps7_cortexa9_0/libsrc/devcfg_v3_7/src -s libs  "SHELL=CMD" "COMPILER=arm-none-eabi-gcc" "ASSEMBLER=arm-none-eabi-as" "A
TRACE::2026-08-06.07:30:00::SCWBDomain::RCHIVER=arm-none-eabi-ar" "COMPILER_FLAGS=  -O2 -c" "EXTRA_COMPILER_FLAGS=-mcpu=cortex-a9 -mfpu=vfpv3 -mfloat-abi=hard -nostart
TRACE::2026-08-06.07:30:00::SCWBDomain::files -g -Wall -Wextra"

TRACE::2026-08-06.07:30:00::SCWBDomain::"Running Make libs in ps7_cortexa9_0/libsrc/dmaps_v2_7/src"

TRACE::2026-08-06.07:30:00::SCWBDomain::make -C ps7_cortexa9_0/libsrc/dmaps_v2_7/src -s libs  "SHELL=CMD" "COMPILER=arm-none-eabi-gcc" "ASSEMBLER=arm-none-eabi-as" "AR
TRACE::2026-08-06.07:30:00::SCWBDomain::CHIVER=arm-none-eabi-ar" "COMPILER_FLAGS=  -O2 -c" "EXTRA_COMPILER_FLAGS=-mcpu=cortex-a9 -mfpu=vfpv3 -mfloat-abi=hard -nostartf
TRACE::2026-08-06.07:30:00::SCWBDomain::iles -g -Wall -Wextra"

TRACE::2026-08-06.07:30:00::SCWBDomain::"Running Make libs in ps7_cortexa9_0/libsrc/emacps_v3_12/src"

TRACE::2026-08-06.07:30:00::SCWBDomain::make -C ps7_cortexa9_0/libsrc/emacps_v3_12/src -s libs  "SHELL=CMD" "COMPILER=arm-none-eabi-gcc" "ASSEMBLER=arm-none-eabi-as" "
TRACE::2026-08-06.07:30:00::SCWBDomain::ARCHIVER=arm-none-eabi-ar" "COMPILER_FLAGS=  -O2 -c" "EXTRA_COMPILER_FLAGS=-mcpu=cortex-a9 -mfpu=vfpv3 -mfloat-abi=hard -nostar
TRACE::2026-08-06.07:30:00::SCWBDomain::tfiles -g -Wall -Wextra"

TRACE::2026-08-06.07:30:00::SCWBDomain::"Running Make libs in ps7_cortexa9_0/libsrc/gpiops_v3_8/src"

TRACE::2026-08-06.07:30:00::SCWBDomain::make -C ps7_cortexa9_0/libsrc/gpiops_v3_8/src -s libs  "SHELL=CMD" "COMPILER=arm-none-eabi-gcc" "ASSEMBLER=arm-none-eabi-as" "A
TRACE::2026-08-06.07:30:00::SCWBDomain::RCHIVER=arm-none-eabi-ar" "COMPILER_FLAGS=  -O2 -c" "EXTRA_COMPILER_FLAGS=-mcpu=cortex-a9 -mfpu=vfpv3 -mfloat-abi=hard -nostart
TRACE::2026-08-06.07:30:00::SCWBDomain::files -g -Wall -Wextra"

TRACE::2026-08-06.07:30:00::SCWBDomain::"Running Make libs in ps7_cortexa9_0/libsrc/qspips_v3_8/src"

TRACE::2026-08-06.07:30:01::SCWBDomain::make -C ps7_cortexa9_0/libsrc/qspips_v3_8/src -s libs  "SHELL=CMD" "COMPILER=arm-none-eabi-gcc" "ASSEMBLER=arm-none-eabi-as" "A
TRACE::2026-08-06.07:30:01::SCWBDomain::RCHIVER=arm-none-eabi-ar" "COMPILER_FLAGS=  -O2 -c" "EXTRA_COMPILER_FLAGS=-mcpu=cortex-a9 -mfpu=vfpv3 -mfloat-abi=hard -nostart
TRACE::2026-08-06.07:30:01::SCWBDomain::files -g -Wall -Wextra"

TRACE::2026-08-06.07:30:01::SCWBDomain::"Running Make libs in ps7_cortexa9_0/libsrc/scugic_v4_3/src"

TRACE::2026-08-06.07:30:01::SCWBDomain::make -C ps7_cortexa9_0/libsrc/scugic_v4_3/src -s libs  "SHELL=CMD" "COMPILER=arm-none-eabi-gcc" "ASSEMBLER=arm-none-eabi-as" "A
TRACE::2026-08-06.07:30:01::SCWBDomain::RCHIVER=arm-none-eabi-ar" "COMPILER_FLAGS=  -O2 -c" "EXTRA_COMPILER_FLAGS=-mcpu=cortex-a9 -mfpu=vfpv3 -mfloat-abi=hard -nostart
TRACE::2026-08-06.07:30:01::SCWBDomain::files -g -Wall -Wextra"

TRACE::2026-08-06.07:30:01::SCWBDomain::"Running Make libs in ps7_cortexa9_0/libsrc/scutimer_v2_3/src"

TRACE::2026-08-06.07:30:01::SCWBDomain::make -C ps7_cortexa9_0/libsrc/scutimer_v2_3/src -s libs  "SHELL=CMD" "COMPILER=arm-none-eabi-gcc" "ASSEMBLER=arm-none-eabi-as" 
TRACE::2026-08-06.07:30:01::SCWBDomain::"ARCHIVER=arm-none-eabi-ar" "COMPILER_FLAGS=  -O2 -c" "EXTRA_COMPILER_FLAGS=-mcpu=cortex-a9 -mfpu=vfpv3 -mfloat-abi=hard -nosta
TRACE::2026-08-06.07:30:01::SCWBDomain::rtfiles -g -Wall -Wextra"

TRACE::2026-08-06.07:30:01::SCWBDomain::"Running Make libs in ps7_cortexa9_0/libsrc/scuwdt_v2_3/src"

TRACE::2026-08-06.07:30:01::SCWBDomain::make -C ps7_cortexa9_0/libsrc/scuwdt_v2_3/src -s libs  "SHELL=CMD" "COMPILER=arm-none-eabi-gcc" "ASSEMBLER=arm-none-eabi-as" "A
TRACE::2026-08-06.07:30:01::SCWBDomain::RCHIVER=arm-none-eabi-ar" "COMPILER_FLAGS=  -O2 -c" "EXTRA_COMPILER_FLAGS=-mcpu=cortex-a9 -mfpu=vfpv3 -mfloat-abi=hard -nostart
TRACE::2026-08-06.07:30:01::SCWBDomain::files -g -Wall -Wextra"

TRACE::2026-08-06.07:30:01::SCWBDomain::"Running Make libs in ps7_cortexa9_0/libsrc/sdps_v3_10/src"

TRACE::2026-08-06.07:30:01::SCWBDomain::make -C ps7_cortexa9_0/libsrc/sdps_v3_10/src -s libs  "SHELL=CMD" "COMPILER=arm-none-eabi-gcc" "ASSEMBLER=arm-none-eabi-as" "AR
TRACE::2026-08-06.07:30:01::SCWBDomain::CHIVER=arm-none-eabi-ar" "COMPILER_FLAGS=  -O2 -c" "EXTRA_COMPILER_FLAGS=-mcpu=cortex-a9 -mfpu=vfpv3 -mfloat-abi=hard -nostartf
TRACE::2026-08-06.07:30:01::SCWBDomain::iles -g -Wall -Wextra"

TRACE::2026-08-06.07:30:01::SCWBDomain::"Running Make libs in ps7_cortexa9_0/libsrc/standalone_v7_3/src"

TRACE::2026-08-06.07:30:01::SCWBDomain::make -C ps7_cortexa9_0/libsrc/standalone_v7_3/src -s libs  "SHELL=CMD" "COMPILER=arm-none-eabi-gcc" "ASSEMBLER=arm-none-eabi-as
TRACE::2026-08-06.07:30:01::SCWBDomain::" "ARCHIVER=arm-none-eabi-ar" "COMPILER_FLAGS=  -O2 -c" "EXTRA_COMPILER_FLAGS=-mcpu=cortex-a9 -mfpu=vfpv3 -mfloat-abi=hard -nos
TRACE::2026-08-06.07:30:01::SCWBDomain::tartfiles -g -Wall -Wextra"

TRACE::2026-08-06.07:30:01::SCWBDomain::"Running Make libs in ps7_cortexa9_0/libsrc/uartps_v3_10/src"

TRACE::2026-08-06.07:30:01::SCWBDomain::make -C ps7_cortexa9_0/libsrc/uartps_v3_10/src -s libs  "SHELL=CMD" "COMPILER=arm-none-eabi-gcc" "ASSEMBLER=arm-none-eabi-as" "
TRACE::2026-08-06.07:30:01::SCWBDomain::ARCHIVER=arm-none-eabi-ar" "COMPILER_FLAGS=  -O2 -c" "EXTRA_COMPILER_FLAGS=-mcpu=cortex-a9 -mfpu=vfpv3 -mfloat-abi=hard -nostar
TRACE::2026-08-06.07:30:01::SCWBDomain::tfiles -g -Wall -Wextra"

TRACE::2026-08-06.07:30:01::SCWBDomain::"Running Make libs in ps7_cortexa9_0/libsrc/usbps_v2_6/src"

TRACE::2026-08-06.07:30:01::SCWBDomain::make -C ps7_cortexa9_0/libsrc/usbps_v2_6/src -s libs  "SHELL=CMD" "COMPILER=arm-none-eabi-gcc" "ASSEMBLER=arm-none-eabi-as" "AR
TRACE::2026-08-06.07:30:01::SCWBDomain::CHIVER=arm-none-eabi-ar" "COMPILER_FLAGS=  -O2 -c" "EXTRA_COMPILER_FLAGS=-mcpu=cortex-a9 -mfpu=vfpv3 -mfloat-abi=hard -nostartf
TRACE::2026-08-06.07:30:01::SCWBDomain::iles -g -Wall -Wextra"

TRACE::2026-08-06.07:30:01::SCWBDomain::"Running Make libs in ps7_cortexa9_0/libsrc/xadcps_v2_5/src"

TRACE::2026-08-06.07:30:01::SCWBDomain::make -C ps7_cortexa9_0/libsrc/xadcps_v2_5/src -s libs  "SHELL=CMD" "COMPILER=arm-none-eabi-gcc" "ASSEMBLER=arm-none-eabi-as" "A
TRACE::2026-08-06.07:30:01::SCWBDomain::RCHIVER=arm-none-eabi-ar" "COMPILER_FLAGS=  -O2 -c" "EXTRA_COMPILER_FLAGS=-mcpu=cortex-a9 -mfpu=vfpv3 -mfloat-abi=hard -nostart
TRACE::2026-08-06.07:30:01::SCWBDomain::files -g -Wall -Wextra"

TRACE::2026-08-06.07:30:01::SCWBDomain::"Running Make libs in ps7_cortexa9_0/libsrc/xilffs_v4_4/src"

TRACE::2026-08-06.07:30:01::SCWBDomain::make -C ps7_cortexa9_0/libsrc/xilffs_v4_4/src -s libs  "SHELL=CMD" "COMPILER=arm-none-eabi-gcc" "ASSEMBLER=arm-none-eabi-as" "A
TRACE::2026-08-06.07:30:01::SCWBDomain::RCHIVER=arm-none-eabi-ar" "COMPILER_FLAGS=  -O2 -c" "EXTRA_COMPILER_FLAGS=-mcpu=cortex-a9 -mfpu=vfpv3 -mfloat-abi=hard -nostart
TRACE::2026-08-06.07:30:01::SCWBDomain::files -g -Wall -Wextra"

TRACE::2026-08-06.07:30:01::SCWBDomain::'Finished building libraries parallelly.'

TRACE::2026-08-06.07:30:01::SCWBDomain::make --no-print-directory archive

TRACE::2026-08-06.07:30:01::SCWBDomain::arm-none-eabi-ar -r  ps7_cortexa9_0/lib/libxil.a ps7_cortexa9_0/lib/xil_printf.o ps7_cortexa9_0/lib/xadcps_selftest.o ps7_corte
TRACE::2026-08-06.07:30:01::SCWBDomain::xa9_0/lib/kill.o ps7_cortexa9_0/lib/xscuwdt_g.o ps7_cortexa9_0/lib/xplatform_info.o ps7_cortexa9_0/lib/xqspips_options.o ps7_co
TRACE::2026-08-06.07:30:01::SCWBDomain::rtexa9_0/lib/print.o ps7_cortexa9_0/lib/xscugic_selftest.o ps7_cortexa9_0/lib/xsdps_card.o ps7_cortexa9_0/lib/xdmaps_g.o ps7_co
TRACE::2026-08-06.07:30:01::SCWBDomain::rtexa9_0/lib/xil_testio.o ps7_cortexa9_0/lib/sleep.o ps7_cortexa9_0/lib/boot.o ps7_cortexa9_0/lib/xdevcfg_hw.o ps7_cortexa9_0/l
TRACE::2026-08-06.07:30:01::SCWBDomain::ib/xscugic_intr.o ps7_cortexa9_0/lib/xadcps_intr.o ps7_cortexa9_0/lib/xpm_counter.o ps7_cortexa9_0/lib/xuartps_sinit.o ps7_cort
TRACE::2026-08-06.07:30:01::SCWBDomain::exa9_0/lib/xscutimer_g.o ps7_cortexa9_0/lib/xdmaps_sinit.o ps7_cortexa9_0/lib/xemacps.o ps7_cortexa9_0/lib/xil_util.o ps7_corte
TRACE::2026-08-06.07:30:01::SCWBDomain::xa9_0/lib/inbyte.o ps7_cortexa9_0/lib/xil_mmu.o ps7_cortexa9_0/lib/xdmaps_selftest.o ps7_cortexa9_0/lib/xscutimer_selftest.o ps
TRACE::2026-08-06.07:30:01::SCWBDomain::7_cortexa9_0/lib/xil_misc_psreset_api.o ps7_cortexa9_0/lib/cpputest_time.o ps7_cortexa9_0/lib/xuartps_options.o ps7_cortexa9_0/
TRACE::2026-08-06.07:30:01::SCWBDomain::lib/xgpiops_g.o ps7_cortexa9_0/lib/close.o ps7_cortexa9_0/lib/xuartps_g.o ps7_cortexa9_0/lib/xsdps.o ps7_cortexa9_0/lib/xil_mem
TRACE::2026-08-06.07:30:01::SCWBDomain::.o ps7_cortexa9_0/lib/xscugic_hw.o ps7_cortexa9_0/lib/xgpiops_sinit.o ps7_cortexa9_0/lib/xgpiops_selftest.o ps7_cortexa9_0/lib/
TRACE::2026-08-06.07:30:01::SCWBDomain::xqspips_selftest.o ps7_cortexa9_0/lib/translation_table.o ps7_cortexa9_0/lib/write.o ps7_cortexa9_0/lib/xemacps_bdring.o ps7_co
TRACE::2026-08-06.07:30:01::SCWBDomain::rtexa9_0/lib/cpu_init.o ps7_cortexa9_0/lib/xscugic_g.o ps7_cortexa9_0/lib/xscutimer_sinit.o ps7_cortexa9_0/lib/xemacps_intr.o p
TRACE::2026-08-06.07:30:01::SCWBDomain::s7_cortexa9_0/lib/usleep.o ps7_cortexa9_0/lib/xil_testmem.o ps7_cortexa9_0/lib/xil_sleepcommon.o ps7_cortexa9_0/lib/unlink.o ps
TRACE::2026-08-06.07:30:01::SCWBDomain::7_cortexa9_0/lib/xadcps.o ps7_cortexa9_0/lib/xdmaps_hw.o ps7_cortexa9_0/lib/xgpiops_intr.o ps7_cortexa9_0/lib/xscugic_sinit.o p
TRACE::2026-08-06.07:30:01::SCWBDomain::s7_cortexa9_0/lib/xil_sleeptimer.o ps7_cortexa9_0/lib/xscuwdt_selftest.o ps7_cortexa9_0/lib/open.o ps7_cortexa9_0/lib/outbyte.o
TRACE::2026-08-06.07:30:01::SCWBDomain:: ps7_cortexa9_0/lib/xuartps_selftest.o ps7_cortexa9_0/lib/xuartps_hw.o ps7_cortexa9_0/lib/xsdps_options.o ps7_cortexa9_0/lib/_e
TRACE::2026-08-06.07:30:01::SCWBDomain::xit.o ps7_cortexa9_0/lib/read.o ps7_cortexa9_0/lib/xgpiops_hw.o ps7_cortexa9_0/lib/xusbps_intr.o ps7_cortexa9_0/lib/xqspips_hw.
TRACE::2026-08-06.07:30:01::SCWBDomain::o ps7_cortexa9_0/lib/xil_cache.o ps7_cortexa9_0/lib/xtime_l.o ps7_cortexa9_0/lib/xl2cc_counter.o ps7_cortexa9_0/lib/xsdps_sinit
TRACE::2026-08-06.07:30:01::SCWBDomain::.o ps7_cortexa9_0/lib/asm_vectors.o ps7_cortexa9_0/lib/xdevcfg_intr.o ps7_cortexa9_0/lib/abort.o ps7_cortexa9_0/lib/xdevcfg_g.o
TRACE::2026-08-06.07:30:01::SCWBDomain:: ps7_cortexa9_0/lib/xuartps_intr.o ps7_cortexa9_0/lib/xuartps.o ps7_cortexa9_0/lib/getpid.o ps7_cortexa9_0/lib/xil_testcache.o 
TRACE::2026-08-06.07:30:01::SCWBDomain::ps7_cortexa9_0/lib/xqspips_g.o ps7_cortexa9_0/lib/xemacps_hw.o ps7_cortexa9_0/lib/xdmaps.o ps7_cortexa9_0/lib/xscutimer.o ps7_c
TRACE::2026-08-06.07:30:01::SCWBDomain::ortexa9_0/lib/xscuwdt.o ps7_cortexa9_0/lib/xdevcfg_selftest.o ps7_cortexa9_0/lib/xusbps_hw.o ps7_cortexa9_0/lib/xqspips.o ps7_c
TRACE::2026-08-06.07:30:01::SCWBDomain::ortexa9_0/lib/xemacps_g.o ps7_cortexa9_0/lib/xusbps.o ps7_cortexa9_0/lib/xusbps_sinit.o ps7_cortexa9_0/lib/xemacps_sinit.o ps7_
TRACE::2026-08-06.07:30:01::SCWBDomain::cortexa9_0/lib/xusbps_endpoint.o ps7_cortexa9_0/lib/xscuwdt_sinit.o ps7_cortexa9_0/lib/sbrk.o ps7_cortexa9_0/lib/xgpiops.o ps7_
TRACE::2026-08-06.07:30:01::SCWBDomain::cortexa9_0/lib/xsdps_g.o ps7_cortexa9_0/lib/fstat.o ps7_cortexa9_0/lib/errno.o ps7_cortexa9_0/lib/lseek.o ps7_cortexa9_0/lib/xd
TRACE::2026-08-06.07:30:01::SCWBDomain::evcfg_sinit.o ps7_cortexa9_0/lib/_sbrk.o ps7_cortexa9_0/lib/vectors.o ps7_cortexa9_0/lib/xil_exception.o ps7_cortexa9_0/lib/xem
TRACE::2026-08-06.07:30:01::SCWBDomain::acps_control.o ps7_cortexa9_0/lib/putnum.o ps7_cortexa9_0/lib/xil_clocking.o ps7_cortexa9_0/lib/xil_assert.o ps7_cortexa9_0/lib
TRACE::2026-08-06.07:30:01::SCWBDomain::/xusbps_g.o ps7_cortexa9_0/lib/xsdps_host.o ps7_cortexa9_0/lib/xcoresightpsdcc.o ps7_cortexa9_0/lib/isatty.o ps7_cortexa9_0/lib
TRACE::2026-08-06.07:30:01::SCWBDomain::/xscugic.o ps7_cortexa9_0/lib/xadcps_g.o ps7_cortexa9_0/lib/xil-crt0.o ps7_cortexa9_0/lib/xqspips_sinit.o ps7_cortexa9_0/lib/xa
TRACE::2026-08-06.07:30:01::SCWBDomain::dcps_sinit.o ps7_cortexa9_0/lib/fcntl.o ps7_cortexa9_0/lib/_open.o ps7_cortexa9_0/lib/xdevcfg.o

TRACE::2026-08-06.07:30:02::SCWBDomain::'Finished building libraries'

TRACE::2026-08-06.07:30:02::SCWBDomain::make: Leaving directory 'C:/Users/Thomas/Desktop/TP_MISTRE/TP_PROCESSEUR/Projet_Vitis/PS_Only_ZyboZ7/zynq_fsbl/zynq_fsbl_bsp'

TRACE::2026-08-06.07:30:02::SCWBDomain::arm-none-eabi-gcc -o fsbl.elf  sd.o  nand.o  image_mover.o  md5.o  fsbl_hooks.o  main.o  nor.o  qspi.o  rsa.o  ps7_init.o  pcap
TRACE::2026-08-06.07:30:02::SCWBDomain::.o  fsbl_handoff.o -MMD -MP       -mcpu=cortex-a9 -mfpu=neon -mfloat-abi=hard   -mcpu=cortex-a9 -mfpu=vfpv3 -mfloat-abi=hard -W
TRACE::2026-08-06.07:30:02::SCWBDomain::l,-build-id=none -specs=Xilinx.spec  -lrsa -Wl,--start-group,-lxil,-lgcc,-lc,--end-group -Wl,--start-group,-lxilffs,-lxil,-lgcc
TRACE::2026-08-06.07:30:02::SCWBDomain::,-lc,--end-group -Wl,--start-group,-lrsa,-lxil,-lgcc,-lc,--end-group                                   -Wl,--gc-sections -Lzynq
TRACE::2026-08-06.07:30:02::SCWBDomain::_fsbl_bsp/ps7_cortexa9_0/lib -L./ -Tlscript.ld

LOG::2026-08-06.07:30:02::SCWSystem::Checking the domain standalone_ps7_cortexa9_0
LOG::2026-08-06.07:30:02::SCWSystem::Not a boot domain 
LOG::2026-08-06.07:30:02::SCWSystem::Started Processing the domain standalone_ps7_cortexa9_0
TRACE::2026-08-06.07:30:02::SCWDomain::Generating domain artifcats
TRACE::2026-08-06.07:30:02::SCWMssOS::Generating standalone artifcats
TRACE::2026-08-06.07:30:02::SCWMssOS::Copying the qemu file from  C:/Xilinx/Vitis/2020.2/data/emulation/platforms/zynq/sw/a9_standalone/qemu/qemu_args.txt To C:/Users/Thomas/Desktop/TP_MISTRE/TP_PROCESSEUR/Projet_Vitis/PS_Only_ZyboZ7/export/PS_Only_ZyboZ7/sw/PS_Only_ZyboZ7/qemu/
TRACE::2026-08-06.07:30:02::SCWMssOS::Copying the qemu file from  C:/Xilinx/Vitis/2020.2/data/emulation/platforms/zynq/sw/a9_standalone/qemu/qemu_args.txt To C:/Users/Thomas/Desktop/TP_MISTRE/TP_PROCESSEUR/Projet_Vitis/PS_Only_ZyboZ7/export/PS_Only_ZyboZ7/sw/PS_Only_ZyboZ7/standalone_ps7_cortexa9_0/qemu/
TRACE::2026-08-06.07:30:02::SCWMssOS:: Copying the user libraries. 
TRACE::2026-08-06.07:30:02::SCWPlatform::Trying to open the hw design at C:/Users/Thomas/Desktop/TP_MISTRE/TP_PROCESSEUR/Projet_Vitis/PS_Only_ZyboZ7/hw/PS_Only_ZyboZ7.xsa
TRACE::2026-08-06.07:30:02::SCWPlatform::DSA given C:/Users/Thomas/Desktop/TP_MISTRE/TP_PROCESSEUR/Projet_Vitis/PS_Only_ZyboZ7/hw/PS_Only_ZyboZ7.xsa
TRACE::2026-08-06.07:30:02::SCWPlatform::DSA absoulate path C:/Users/Thomas/Desktop/TP_MISTRE/TP_PROCESSEUR/Projet_Vitis/PS_Only_ZyboZ7/hw/PS_Only_ZyboZ7.xsa
TRACE::2026-08-06.07:30:02::SCWPlatform::DSA directory C:/Users/Thomas/Desktop/TP_MISTRE/TP_PROCESSEUR/Projet_Vitis/PS_Only_ZyboZ7/hw
TRACE::2026-08-06.07:30:02::SCWPlatform:: Platform Path C:/Users/Thomas/Desktop/TP_MISTRE/TP_PROCESSEUR/Projet_Vitis/PS_Only_ZyboZ7/hw/PS_Only_ZyboZ7.xsa
TRACE::2026-08-06.07:30:02::SCWPlatform:: Unique name xilinx:zybo-z7-20::0.0
TRACE::2026-08-06.07:30:02::SCWPlatform::Trying to set the existing hwdb with name design_1_wrapper
TRACE::2026-08-06.07:30:02::SCWPlatform::Opened existing hwdb design_1_wrapper
TRACE::2026-08-06.07:30:02::SCWPlatform::Found the Hw Db part of the input DSA
TRACE::2026-08-06.07:30:02::SCWMssOS::Checking the sw design at  C:/Users/Thomas/Desktop/TP_MISTRE/TP_PROCESSEUR/Projet_Vitis/PS_Only_ZyboZ7/ps7_cortexa9_0/standalone_ps7_cortexa9_0/bsp/system.mss
TRACE::2026-08-06.07:30:02::SCWMssOS::DEBUG:  swdes dump  C:/Users/Thomas/Desktop/TP_MISTRE/TP_PROCESSEUR/Projet_Vitis/PS_Only_ZyboZ7/ps7_cortexa9_0/standalone_ps7_cortexa9_0/bsp/system.mss|system_0||
C:/Users/Thomas/Desktop/TP_MISTRE/TP_PROCESSEUR/Projet_Vitis/PS_Only_ZyboZ7/zynq_fsbl/zynq_fsbl_bsp/system.mss|system||

TRACE::2026-08-06.07:30:02::SCWMssOS::Sw design exists and opened at  C:/Users/Thomas/Desktop/TP_MISTRE/TP_PROCESSEUR/Projet_Vitis/PS_Only_ZyboZ7/ps7_cortexa9_0/standalone_ps7_cortexa9_0/bsp/system.mss
TRACE::2026-08-06.07:30:02::SCWMssOS::Completed writing the mss file at C:/Users/Thomas/Desktop/TP_MISTRE/TP_PROCESSEUR/Projet_Vitis/PS_Only_ZyboZ7/ps7_cortexa9_0/standalone_ps7_cortexa9_0/bsp
TRACE::2026-08-06.07:30:02::SCWMssOS::Mss edits present, copying mssfile into export location C:/Users/Thomas/Desktop/TP_MISTRE/TP_PROCESSEUR/Projet_Vitis/PS_Only_ZyboZ7/ps7_cortexa9_0/standalone_ps7_cortexa9_0/bsp/system.mss
TRACE::2026-08-06.07:30:02::SCWMssOS::bsp generated is upto date with the mss file. Skipping bsp generation.
TRACE::2026-08-06.07:30:02::SCWMssOS::BSP is already built. skipping the bsp build ... 
TRACE::2026-08-06.07:30:02::SCWDomain::Building the domain as part of full build :  standalone_ps7_cortexa9_0
TRACE::2026-08-06.07:30:02::SCWMssOS::doing bsp build ... 
TRACE::2026-08-06.07:30:02::SCWMssOS::System Command Ran  C: & cd  C:/Users/Thomas/Desktop/TP_MISTRE/TP_PROCESSEUR/Projet_Vitis/PS_Only_ZyboZ7/ps7_cortexa9_0/standalone_ps7_cortexa9_0/bsp & make 
TRACE::2026-08-06.07:30:03::SCWMssOS::make --no-print-directory seq_libs

TRACE::2026-08-06.07:30:03::SCWMssOS::'Finished building libraries sequentially.'

TRACE::2026-08-06.07:30:03::SCWMssOS::make -j --no-print-directory par_libs

TRACE::2026-08-06.07:30:03::SCWMssOS::"Running Make include in ps7_cortexa9_0/libsrc/coresightps_dcc_v1_8/src"

TRACE::2026-08-06.07:30:03::SCWMssOS::make -C ps7_cortexa9_0/libsrc/coresightps_dcc_v1_8/src -s include  "SHELL=CMD" "COMPILER=arm-none-eabi-gcc" "ASSEMBLER=arm-none
TRACE::2026-08-06.07:30:03::SCWMssOS::-eabi-as" "ARCHIVER=arm-none-eabi-ar" "COMPILER_FLAGS=  -O2 -c" "EXTRA_COMPILER_FLAGS=-mcpu=cortex-a9 -mfpu=vfpv3 -mfloat-abi=h
TRACE::2026-08-06.07:30:03::SCWMssOS::ard -nostartfiles -g -Wall -Wextra"

TRACE::2026-08-06.07:30:03::SCWMssOS::"Running Make include in ps7_cortexa9_0/libsrc/cpu_cortexa9_v2_10/src"

TRACE::2026-08-06.07:30:03::SCWMssOS::make -C ps7_cortexa9_0/libsrc/cpu_cortexa9_v2_10/src -s include  "SHELL=CMD" "COMPILER=arm-none-eabi-gcc" "ASSEMBLER=arm-none-e
TRACE::2026-08-06.07:30:03::SCWMssOS::abi-as" "ARCHIVER=arm-none-eabi-ar" "COMPILER_FLAGS=  -O2 -c" "EXTRA_COMPILER_FLAGS=-mcpu=cortex-a9 -mfpu=vfpv3 -mfloat-abi=har
TRACE::2026-08-06.07:30:03::SCWMssOS::d -nostartfiles -g -Wall -Wextra"

TRACE::2026-08-06.07:30:03::SCWMssOS::"Running Make include in ps7_cortexa9_0/libsrc/ddrps_v1_2/src"

TRACE::2026-08-06.07:30:03::SCWMssOS::make -C ps7_cortexa9_0/libsrc/ddrps_v1_2/src -s include  "SHELL=CMD" "COMPILER=arm-none-eabi-gcc" "ASSEMBLER=arm-none-eabi-as" 
TRACE::2026-08-06.07:30:03::SCWMssOS::"ARCHIVER=arm-none-eabi-ar" "COMPILER_FLAGS=  -O2 -c" "EXTRA_COMPILER_FLAGS=-mcpu=cortex-a9 -mfpu=vfpv3 -mfloat-abi=hard -nosta
TRACE::2026-08-06.07:30:03::SCWMssOS::rtfiles -g -Wall -Wextra"

TRACE::2026-08-06.07:30:03::SCWMssOS::"Running Make include in ps7_cortexa9_0/libsrc/devcfg_v3_7/src"

TRACE::2026-08-06.07:30:03::SCWMssOS::make -C ps7_cortexa9_0/libsrc/devcfg_v3_7/src -s include  "SHELL=CMD" "COMPILER=arm-none-eabi-gcc" "ASSEMBLER=arm-none-eabi-as"
TRACE::2026-08-06.07:30:03::SCWMssOS:: "ARCHIVER=arm-none-eabi-ar" "COMPILER_FLAGS=  -O2 -c" "EXTRA_COMPILER_FLAGS=-mcpu=cortex-a9 -mfpu=vfpv3 -mfloat-abi=hard -nost
TRACE::2026-08-06.07:30:03::SCWMssOS::artfiles -g -Wall -Wextra"

TRACE::2026-08-06.07:30:03::SCWMssOS::"Running Make include in ps7_cortexa9_0/libsrc/dmaps_v2_7/src"

TRACE::2026-08-06.07:30:03::SCWMssOS::make -C ps7_cortexa9_0/libsrc/dmaps_v2_7/src -s include  "SHELL=CMD" "COMPILER=arm-none-eabi-gcc" "ASSEMBLER=arm-none-eabi-as" 
TRACE::2026-08-06.07:30:03::SCWMssOS::"ARCHIVER=arm-none-eabi-ar" "COMPILER_FLAGS=  -O2 -c" "EXTRA_COMPILER_FLAGS=-mcpu=cortex-a9 -mfpu=vfpv3 -mfloat-abi=hard -nosta
TRACE::2026-08-06.07:30:03::SCWMssOS::rtfiles -g -Wall -Wextra"

TRACE::2026-08-06.07:30:03::SCWMssOS::"Running Make include in ps7_cortexa9_0/libsrc/emacps_v3_12/src"

TRACE::2026-08-06.07:30:03::SCWMssOS::make -C ps7_cortexa9_0/libsrc/emacps_v3_12/src -s include  "SHELL=CMD" "COMPILER=arm-none-eabi-gcc" "ASSEMBLER=arm-none-eabi-as
TRACE::2026-08-06.07:30:03::SCWMssOS::" "ARCHIVER=arm-none-eabi-ar" "COMPILER_FLAGS=  -O2 -c" "EXTRA_COMPILER_FLAGS=-mcpu=cortex-a9 -mfpu=vfpv3 -mfloat-abi=hard -nos
TRACE::2026-08-06.07:30:03::SCWMssOS::tartfiles -g -Wall -Wextra"

TRACE::2026-08-06.07:30:03::SCWMssOS::"Running Make include in ps7_cortexa9_0/libsrc/gpiops_v3_8/src"

TRACE::2026-08-06.07:30:03::SCWMssOS::make -C ps7_cortexa9_0/libsrc/gpiops_v3_8/src -s include  "SHELL=CMD" "COMPILER=arm-none-eabi-gcc" "ASSEMBLER=arm-none-eabi-as"
TRACE::2026-08-06.07:30:03::SCWMssOS:: "ARCHIVER=arm-none-eabi-ar" "COMPILER_FLAGS=  -O2 -c" "EXTRA_COMPILER_FLAGS=-mcpu=cortex-a9 -mfpu=vfpv3 -mfloat-abi=hard -nost
TRACE::2026-08-06.07:30:03::SCWMssOS::artfiles -g -Wall -Wextra"

TRACE::2026-08-06.07:30:03::SCWMssOS::"Running Make include in ps7_cortexa9_0/libsrc/qspips_v3_8/src"

TRACE::2026-08-06.07:30:03::SCWMssOS::make -C ps7_cortexa9_0/libsrc/qspips_v3_8/src -s include  "SHELL=CMD" "COMPILER=arm-none-eabi-gcc" "ASSEMBLER=arm-none-eabi-as"
TRACE::2026-08-06.07:30:03::SCWMssOS:: "ARCHIVER=arm-none-eabi-ar" "COMPILER_FLAGS=  -O2 -c" "EXTRA_COMPILER_FLAGS=-mcpu=cortex-a9 -mfpu=vfpv3 -mfloat-abi=hard -nost
TRACE::2026-08-06.07:30:03::SCWMssOS::artfiles -g -Wall -Wextra"

TRACE::2026-08-06.07:30:03::SCWMssOS::"Running Make include in ps7_cortexa9_0/libsrc/scugic_v4_3/src"

TRACE::2026-08-06.07:30:03::SCWMssOS::make -C ps7_cortexa9_0/libsrc/scugic_v4_3/src -s include  "SHELL=CMD" "COMPILER=arm-none-eabi-gcc" "ASSEMBLER=arm-none-eabi-as"
TRACE::2026-08-06.07:30:03::SCWMssOS:: "ARCHIVER=arm-none-eabi-ar" "COMPILER_FLAGS=  -O2 -c" "EXTRA_COMPILER_FLAGS=-mcpu=cortex-a9 -mfpu=vfpv3 -mfloat-abi=hard -nost
TRACE::2026-08-06.07:30:03::SCWMssOS::artfiles -g -Wall -Wextra"

TRACE::2026-08-06.07:30:03::SCWMssOS::"Running Make include in ps7_cortexa9_0/libsrc/scutimer_v2_3/src"

TRACE::2026-08-06.07:30:03::SCWMssOS::make -C ps7_cortexa9_0/libsrc/scutimer_v2_3/src -s include  "SHELL=CMD" "COMPILER=arm-none-eabi-gcc" "ASSEMBLER=arm-none-eabi-a
TRACE::2026-08-06.07:30:03::SCWMssOS::s" "ARCHIVER=arm-none-eabi-ar" "COMPILER_FLAGS=  -O2 -c" "EXTRA_COMPILER_FLAGS=-mcpu=cortex-a9 -mfpu=vfpv3 -mfloat-abi=hard -no
TRACE::2026-08-06.07:30:03::SCWMssOS::startfiles -g -Wall -Wextra"

TRACE::2026-08-06.07:30:03::SCWMssOS::"Running Make include in ps7_cortexa9_0/libsrc/scuwdt_v2_3/src"

TRACE::2026-08-06.07:30:03::SCWMssOS::make -C ps7_cortexa9_0/libsrc/scuwdt_v2_3/src -s include  "SHELL=CMD" "COMPILER=arm-none-eabi-gcc" "ASSEMBLER=arm-none-eabi-as"
TRACE::2026-08-06.07:30:03::SCWMssOS:: "ARCHIVER=arm-none-eabi-ar" "COMPILER_FLAGS=  -O2 -c" "EXTRA_COMPILER_FLAGS=-mcpu=cortex-a9 -mfpu=vfpv3 -mfloat-abi=hard -nost
TRACE::2026-08-06.07:30:03::SCWMssOS::artfiles -g -Wall -Wextra"

TRACE::2026-08-06.07:30:03::SCWMssOS::"Running Make include in ps7_cortexa9_0/libsrc/sdps_v3_10/src"

TRACE::2026-08-06.07:30:03::SCWMssOS::make -C ps7_cortexa9_0/libsrc/sdps_v3_10/src -s include  "SHELL=CMD" "COMPILER=arm-none-eabi-gcc" "ASSEMBLER=arm-none-eabi-as" 
TRACE::2026-08-06.07:30:03::SCWMssOS::"ARCHIVER=arm-none-eabi-ar" "COMPILER_FLAGS=  -O2 -c" "EXTRA_COMPILER_FLAGS=-mcpu=cortex-a9 -mfpu=vfpv3 -mfloat-abi=hard -nosta
TRACE::2026-08-06.07:30:03::SCWMssOS::rtfiles -g -Wall -Wextra"

TRACE::2026-08-06.07:30:03::SCWMssOS::"Running Make include in ps7_cortexa9_0/libsrc/standalone_v7_3/src"

TRACE::2026-08-06.07:30:03::SCWMssOS::make -C ps7_cortexa9_0/libsrc/standalone_v7_3/src -s include  "SHELL=CMD" "COMPILER=arm-none-eabi-gcc" "ASSEMBLER=arm-none-eabi
TRACE::2026-08-06.07:30:03::SCWMssOS::-as" "ARCHIVER=arm-none-eabi-ar" "COMPILER_FLAGS=  -O2 -c" "EXTRA_COMPILER_FLAGS=-mcpu=cortex-a9 -mfpu=vfpv3 -mfloat-abi=hard -
TRACE::2026-08-06.07:30:03::SCWMssOS::nostartfiles -g -Wall -Wextra"

TRACE::2026-08-06.07:30:03::SCWMssOS::"Running Make include in ps7_cortexa9_0/libsrc/uartps_v3_10/src"

TRACE::2026-08-06.07:30:03::SCWMssOS::make -C ps7_cortexa9_0/libsrc/uartps_v3_10/src -s include  "SHELL=CMD" "COMPILER=arm-none-eabi-gcc" "ASSEMBLER=arm-none-eabi-as
TRACE::2026-08-06.07:30:03::SCWMssOS::" "ARCHIVER=arm-none-eabi-ar" "COMPILER_FLAGS=  -O2 -c" "EXTRA_COMPILER_FLAGS=-mcpu=cortex-a9 -mfpu=vfpv3 -mfloat-abi=hard -nos
TRACE::2026-08-06.07:30:03::SCWMssOS::tartfiles -g -Wall -Wextra"

TRACE::2026-08-06.07:30:03::SCWMssOS::"Running Make include in ps7_cortexa9_0/libsrc/usbps_v2_6/src"

TRACE::2026-08-06.07:30:03::SCWMssOS::make -C ps7_cortexa9_0/libsrc/usbps_v2_6/src -s include  "SHELL=CMD" "COMPILER=arm-none-eabi-gcc" "ASSEMBLER=arm-none-eabi-as" 
TRACE::2026-08-06.07:30:03::SCWMssOS::"ARCHIVER=arm-none-eabi-ar" "COMPILER_FLAGS=  -O2 -c" "EXTRA_COMPILER_FLAGS=-mcpu=cortex-a9 -mfpu=vfpv3 -mfloat-abi=hard -nosta
TRACE::2026-08-06.07:30:03::SCWMssOS::rtfiles -g -Wall -Wextra"

TRACE::2026-08-06.07:30:03::SCWMssOS::"Running Make include in ps7_cortexa9_0/libsrc/xadcps_v2_5/src"

TRACE::2026-08-06.07:30:03::SCWMssOS::make -C ps7_cortexa9_0/libsrc/xadcps_v2_5/src -s include  "SHELL=CMD" "COMPILER=arm-none-eabi-gcc" "ASSEMBLER=arm-none-eabi-as"
TRACE::2026-08-06.07:30:03::SCWMssOS:: "ARCHIVER=arm-none-eabi-ar" "COMPILER_FLAGS=  -O2 -c" "EXTRA_COMPILER_FLAGS=-mcpu=cortex-a9 -mfpu=vfpv3 -mfloat-abi=hard -nost
TRACE::2026-08-06.07:30:03::SCWMssOS::artfiles -g -Wall -Wextra"

TRACE::2026-08-06.07:30:03::SCWMssOS::"Running Make libs in ps7_cortexa9_0/libsrc/coresightps_dcc_v1_8/src"

TRACE::2026-08-06.07:30:03::SCWMssOS::make -C ps7_cortexa9_0/libsrc/coresightps_dcc_v1_8/src -s libs  "SHELL=CMD" "COMPILER=arm-none-eabi-gcc" "ASSEMBLER=arm-none-ea
TRACE::2026-08-06.07:30:03::SCWMssOS::bi-as" "ARCHIVER=arm-none-eabi-ar" "COMPILER_FLAGS=  -O2 -c" "EXTRA_COMPILER_FLAGS=-mcpu=cortex-a9 -mfpu=vfpv3 -mfloat-abi=hard
TRACE::2026-08-06.07:30:03::SCWMssOS:: -nostartfiles -g -Wall -Wextra"

TRACE::2026-08-06.07:30:03::SCWMssOS::"Running Make libs in ps7_cortexa9_0/libsrc/cpu_cortexa9_v2_10/src"

TRACE::2026-08-06.07:30:03::SCWMssOS::make -C ps7_cortexa9_0/libsrc/cpu_cortexa9_v2_10/src -s libs  "SHELL=CMD" "COMPILER=arm-none-eabi-gcc" "ASSEMBLER=arm-none-eabi
TRACE::2026-08-06.07:30:03::SCWMssOS::-as" "ARCHIVER=arm-none-eabi-ar" "COMPILER_FLAGS=  -O2 -c" "EXTRA_COMPILER_FLAGS=-mcpu=cortex-a9 -mfpu=vfpv3 -mfloat-abi=hard -
TRACE::2026-08-06.07:30:03::SCWMssOS::nostartfiles -g -Wall -Wextra"

TRACE::2026-08-06.07:30:03::SCWMssOS::"Running Make libs in ps7_cortexa9_0/libsrc/ddrps_v1_2/src"

TRACE::2026-08-06.07:30:03::SCWMssOS::make -C ps7_cortexa9_0/libsrc/ddrps_v1_2/src -s libs  "SHELL=CMD" "COMPILER=arm-none-eabi-gcc" "ASSEMBLER=arm-none-eabi-as" "AR
TRACE::2026-08-06.07:30:03::SCWMssOS::CHIVER=arm-none-eabi-ar" "COMPILER_FLAGS=  -O2 -c" "EXTRA_COMPILER_FLAGS=-mcpu=cortex-a9 -mfpu=vfpv3 -mfloat-abi=hard -nostartf
TRACE::2026-08-06.07:30:03::SCWMssOS::iles -g -Wall -Wextra"

TRACE::2026-08-06.07:30:03::SCWMssOS::"Running Make libs in ps7_cortexa9_0/libsrc/devcfg_v3_7/src"

TRACE::2026-08-06.07:30:03::SCWMssOS::make -C ps7_cortexa9_0/libsrc/devcfg_v3_7/src -s libs  "SHELL=CMD" "COMPILER=arm-none-eabi-gcc" "ASSEMBLER=arm-none-eabi-as" "A
TRACE::2026-08-06.07:30:03::SCWMssOS::RCHIVER=arm-none-eabi-ar" "COMPILER_FLAGS=  -O2 -c" "EXTRA_COMPILER_FLAGS=-mcpu=cortex-a9 -mfpu=vfpv3 -mfloat-abi=hard -nostart
TRACE::2026-08-06.07:30:03::SCWMssOS::files -g -Wall -Wextra"

TRACE::2026-08-06.07:30:03::SCWMssOS::"Running Make libs in ps7_cortexa9_0/libsrc/dmaps_v2_7/src"

TRACE::2026-08-06.07:30:03::SCWMssOS::make -C ps7_cortexa9_0/libsrc/dmaps_v2_7/src -s libs  "SHELL=CMD" "COMPILER=arm-none-eabi-gcc" "ASSEMBLER=arm-none-eabi-as" "AR
TRACE::2026-08-06.07:30:03::SCWMssOS::CHIVER=arm-none-eabi-ar" "COMPILER_FLAGS=  -O2 -c" "EXTRA_COMPILER_FLAGS=-mcpu=cortex-a9 -mfpu=vfpv3 -mfloat-abi=hard -nostartf
TRACE::2026-08-06.07:30:03::SCWMssOS::iles -g -Wall -Wextra"

TRACE::2026-08-06.07:30:03::SCWMssOS::"Running Make libs in ps7_cortexa9_0/libsrc/emacps_v3_12/src"

TRACE::2026-08-06.07:30:03::SCWMssOS::make -C ps7_cortexa9_0/libsrc/emacps_v3_12/src -s libs  "SHELL=CMD" "COMPILER=arm-none-eabi-gcc" "ASSEMBLER=arm-none-eabi-as" "
TRACE::2026-08-06.07:30:03::SCWMssOS::ARCHIVER=arm-none-eabi-ar" "COMPILER_FLAGS=  -O2 -c" "EXTRA_COMPILER_FLAGS=-mcpu=cortex-a9 -mfpu=vfpv3 -mfloat-abi=hard -nostar
TRACE::2026-08-06.07:30:03::SCWMssOS::tfiles -g -Wall -Wextra"

TRACE::2026-08-06.07:30:03::SCWMssOS::"Running Make libs in ps7_cortexa9_0/libsrc/gpiops_v3_8/src"

TRACE::2026-08-06.07:30:03::SCWMssOS::make -C ps7_cortexa9_0/libsrc/gpiops_v3_8/src -s libs  "SHELL=CMD" "COMPILER=arm-none-eabi-gcc" "ASSEMBLER=arm-none-eabi-as" "A
TRACE::2026-08-06.07:30:03::SCWMssOS::RCHIVER=arm-none-eabi-ar" "COMPILER_FLAGS=  -O2 -c" "EXTRA_COMPILER_FLAGS=-mcpu=cortex-a9 -mfpu=vfpv3 -mfloat-abi=hard -nostart
TRACE::2026-08-06.07:30:03::SCWMssOS::files -g -Wall -Wextra"

TRACE::2026-08-06.07:30:03::SCWMssOS::"Running Make libs in ps7_cortexa9_0/libsrc/qspips_v3_8/src"

TRACE::2026-08-06.07:30:03::SCWMssOS::make -C ps7_cortexa9_0/libsrc/qspips_v3_8/src -s libs  "SHELL=CMD" "COMPILER=arm-none-eabi-gcc" "ASSEMBLER=arm-none-eabi-as" "A
TRACE::2026-08-06.07:30:03::SCWMssOS::RCHIVER=arm-none-eabi-ar" "COMPILER_FLAGS=  -O2 -c" "EXTRA_COMPILER_FLAGS=-mcpu=cortex-a9 -mfpu=vfpv3 -mfloat-abi=hard -nostart
TRACE::2026-08-06.07:30:03::SCWMssOS::files -g -Wall -Wextra"

TRACE::2026-08-06.07:30:03::SCWMssOS::"Running Make libs in ps7_cortexa9_0/libsrc/scugic_v4_3/src"

TRACE::2026-08-06.07:30:03::SCWMssOS::make -C ps7_cortexa9_0/libsrc/scugic_v4_3/src -s libs  "SHELL=CMD" "COMPILER=arm-none-eabi-gcc" "ASSEMBLER=arm-none-eabi-as" "A
TRACE::2026-08-06.07:30:03::SCWMssOS::RCHIVER=arm-none-eabi-ar" "COMPILER_FLAGS=  -O2 -c" "EXTRA_COMPILER_FLAGS=-mcpu=cortex-a9 -mfpu=vfpv3 -mfloat-abi=hard -nostart
TRACE::2026-08-06.07:30:03::SCWMssOS::files -g -Wall -Wextra"

TRACE::2026-08-06.07:30:03::SCWMssOS::"Running Make libs in ps7_cortexa9_0/libsrc/scutimer_v2_3/src"

TRACE::2026-08-06.07:30:03::SCWMssOS::make -C ps7_cortexa9_0/libsrc/scutimer_v2_3/src -s libs  "SHELL=CMD" "COMPILER=arm-none-eabi-gcc" "ASSEMBLER=arm-none-eabi-as" 
TRACE::2026-08-06.07:30:03::SCWMssOS::"ARCHIVER=arm-none-eabi-ar" "COMPILER_FLAGS=  -O2 -c" "EXTRA_COMPILER_FLAGS=-mcpu=cortex-a9 -mfpu=vfpv3 -mfloat-abi=hard -nosta
TRACE::2026-08-06.07:30:03::SCWMssOS::rtfiles -g -Wall -Wextra"

TRACE::2026-08-06.07:30:03::SCWMssOS::"Running Make libs in ps7_cortexa9_0/libsrc/scuwdt_v2_3/src"

TRACE::2026-08-06.07:30:03::SCWMssOS::make -C ps7_cortexa9_0/libsrc/scuwdt_v2_3/src -s libs  "SHELL=CMD" "COMPILER=arm-none-eabi-gcc" "ASSEMBLER=arm-none-eabi-as" "A
TRACE::2026-08-06.07:30:03::SCWMssOS::RCHIVER=arm-none-eabi-ar" "COMPILER_FLAGS=  -O2 -c" "EXTRA_COMPILER_FLAGS=-mcpu=cortex-a9 -mfpu=vfpv3 -mfloat-abi=hard -nostart
TRACE::2026-08-06.07:30:03::SCWMssOS::files -g -Wall -Wextra"

TRACE::2026-08-06.07:30:03::SCWMssOS::"Running Make libs in ps7_cortexa9_0/libsrc/sdps_v3_10/src"

TRACE::2026-08-06.07:30:03::SCWMssOS::make -C ps7_cortexa9_0/libsrc/sdps_v3_10/src -s libs  "SHELL=CMD" "COMPILER=arm-none-eabi-gcc" "ASSEMBLER=arm-none-eabi-as" "AR
TRACE::2026-08-06.07:30:03::SCWMssOS::CHIVER=arm-none-eabi-ar" "COMPILER_FLAGS=  -O2 -c" "EXTRA_COMPILER_FLAGS=-mcpu=cortex-a9 -mfpu=vfpv3 -mfloat-abi=hard -nostartf
TRACE::2026-08-06.07:30:03::SCWMssOS::iles -g -Wall -Wextra"

TRACE::2026-08-06.07:30:03::SCWMssOS::"Running Make libs in ps7_cortexa9_0/libsrc/standalone_v7_3/src"

TRACE::2026-08-06.07:30:03::SCWMssOS::make -C ps7_cortexa9_0/libsrc/standalone_v7_3/src -s libs  "SHELL=CMD" "COMPILER=arm-none-eabi-gcc" "ASSEMBLER=arm-none-eabi-as
TRACE::2026-08-06.07:30:03::SCWMssOS::" "ARCHIVER=arm-none-eabi-ar" "COMPILER_FLAGS=  -O2 -c" "EXTRA_COMPILER_FLAGS=-mcpu=cortex-a9 -mfpu=vfpv3 -mfloat-abi=hard -nos
TRACE::2026-08-06.07:30:03::SCWMssOS::tartfiles -g -Wall -Wextra"

TRACE::2026-08-06.07:30:03::SCWMssOS::"Running Make libs in ps7_cortexa9_0/libsrc/uartps_v3_10/src"

TRACE::2026-08-06.07:30:03::SCWMssOS::make -C ps7_cortexa9_0/libsrc/uartps_v3_10/src -s libs  "SHELL=CMD" "COMPILER=arm-none-eabi-gcc" "ASSEMBLER=arm-none-eabi-as" "
TRACE::2026-08-06.07:30:03::SCWMssOS::ARCHIVER=arm-none-eabi-ar" "COMPILER_FLAGS=  -O2 -c" "EXTRA_COMPILER_FLAGS=-mcpu=cortex-a9 -mfpu=vfpv3 -mfloat-abi=hard -nostar
TRACE::2026-08-06.07:30:03::SCWMssOS::tfiles -g -Wall -Wextra"

TRACE::2026-08-06.07:30:03::SCWMssOS::"Running Make libs in ps7_cortexa9_0/libsrc/usbps_v2_6/src"

TRACE::2026-08-06.07:30:03::SCWMssOS::make -C ps7_cortexa9_0/libsrc/usbps_v2_6/src -s libs  "SHELL=CMD" "COMPILER=arm-none-eabi-gcc" "ASSEMBLER=arm-none-eabi-as" "AR
TRACE::2026-08-06.07:30:03::SCWMssOS::CHIVER=arm-none-eabi-ar" "COMPILER_FLAGS=  -O2 -c" "EXTRA_COMPILER_FLAGS=-mcpu=cortex-a9 -mfpu=vfpv3 -mfloat-abi=hard -nostartf
TRACE::2026-08-06.07:30:03::SCWMssOS::iles -g -Wall -Wextra"

TRACE::2026-08-06.07:30:03::SCWMssOS::"Running Make libs in ps7_cortexa9_0/libsrc/xadcps_v2_5/src"

TRACE::2026-08-06.07:30:03::SCWMssOS::make -C ps7_cortexa9_0/libsrc/xadcps_v2_5/src -s libs  "SHELL=CMD" "COMPILER=arm-none-eabi-gcc" "ASSEMBLER=arm-none-eabi-as" "A
TRACE::2026-08-06.07:30:03::SCWMssOS::RCHIVER=arm-none-eabi-ar" "COMPILER_FLAGS=  -O2 -c" "EXTRA_COMPILER_FLAGS=-mcpu=cortex-a9 -mfpu=vfpv3 -mfloat-abi=hard -nostart
TRACE::2026-08-06.07:30:03::SCWMssOS::files -g -Wall -Wextra"

TRACE::2026-08-06.07:30:04::SCWMssOS::'Finished building libraries parallelly.'

TRACE::2026-08-06.07:30:04::SCWMssOS::make --no-print-directory archive

TRACE::2026-08-06.07:30:04::SCWMssOS::arm-none-eabi-ar -r  ps7_cortexa9_0/lib/libxil.a ps7_cortexa9_0/lib/xil_printf.o ps7_cortexa9_0/lib/xadcps_selftest.o ps7_corte
TRACE::2026-08-06.07:30:04::SCWMssOS::xa9_0/lib/kill.o ps7_cortexa9_0/lib/xscuwdt_g.o ps7_cortexa9_0/lib/xplatform_info.o ps7_cortexa9_0/lib/xqspips_options.o ps7_co
TRACE::2026-08-06.07:30:04::SCWMssOS::rtexa9_0/lib/print.o ps7_cortexa9_0/lib/xscugic_selftest.o ps7_cortexa9_0/lib/xsdps_card.o ps7_cortexa9_0/lib/xdmaps_g.o ps7_co
TRACE::2026-08-06.07:30:04::SCWMssOS::rtexa9_0/lib/xil_testio.o ps7_cortexa9_0/lib/sleep.o ps7_cortexa9_0/lib/_exit.o ps7_cortexa9_0/lib/xdevcfg_hw.o ps7_cortexa9_0/
TRACE::2026-08-06.07:30:04::SCWMssOS::lib/xscugic_intr.o ps7_cortexa9_0/lib/xadcps_intr.o ps7_cortexa9_0/lib/xpm_counter.o ps7_cortexa9_0/lib/xuartps_sinit.o ps7_cor
TRACE::2026-08-06.07:30:04::SCWMssOS::texa9_0/lib/xscutimer_g.o ps7_cortexa9_0/lib/xdmaps_sinit.o ps7_cortexa9_0/lib/xemacps.o ps7_cortexa9_0/lib/xil_util.o ps7_cort
TRACE::2026-08-06.07:30:04::SCWMssOS::exa9_0/lib/inbyte.o ps7_cortexa9_0/lib/xil_mmu.o ps7_cortexa9_0/lib/xdmaps_selftest.o ps7_cortexa9_0/lib/xscutimer_selftest.o p
TRACE::2026-08-06.07:30:04::SCWMssOS::s7_cortexa9_0/lib/xil_misc_psreset_api.o ps7_cortexa9_0/lib/cpputest_time.o ps7_cortexa9_0/lib/xuartps_options.o ps7_cortexa9_0
TRACE::2026-08-06.07:30:04::SCWMssOS::/lib/xgpiops_g.o ps7_cortexa9_0/lib/close.o ps7_cortexa9_0/lib/xuartps_g.o ps7_cortexa9_0/lib/xsdps.o ps7_cortexa9_0/lib/xil_me
TRACE::2026-08-06.07:30:04::SCWMssOS::m.o ps7_cortexa9_0/lib/xscugic_hw.o ps7_cortexa9_0/lib/xgpiops_sinit.o ps7_cortexa9_0/lib/xgpiops_selftest.o ps7_cortexa9_0/lib
TRACE::2026-08-06.07:30:04::SCWMssOS::/xqspips_selftest.o ps7_cortexa9_0/lib/translation_table.o ps7_cortexa9_0/lib/write.o ps7_cortexa9_0/lib/boot.o ps7_cortexa9_0/
TRACE::2026-08-06.07:30:04::SCWMssOS::lib/xemacps_bdring.o ps7_cortexa9_0/lib/cpu_init.o ps7_cortexa9_0/lib/xscugic_g.o ps7_cortexa9_0/lib/xscutimer_sinit.o ps7_cort
TRACE::2026-08-06.07:30:04::SCWMssOS::exa9_0/lib/xemacps_intr.o ps7_cortexa9_0/lib/usleep.o ps7_cortexa9_0/lib/xil_testmem.o ps7_cortexa9_0/lib/xil_sleepcommon.o ps7
TRACE::2026-08-06.07:30:04::SCWMssOS::_cortexa9_0/lib/unlink.o ps7_cortexa9_0/lib/xadcps.o ps7_cortexa9_0/lib/xdmaps_hw.o ps7_cortexa9_0/lib/xgpiops_intr.o ps7_corte
TRACE::2026-08-06.07:30:04::SCWMssOS::xa9_0/lib/xscugic_sinit.o ps7_cortexa9_0/lib/xil_sleeptimer.o ps7_cortexa9_0/lib/xscuwdt_selftest.o ps7_cortexa9_0/lib/open.o p
TRACE::2026-08-06.07:30:04::SCWMssOS::s7_cortexa9_0/lib/outbyte.o ps7_cortexa9_0/lib/xuartps_selftest.o ps7_cortexa9_0/lib/xuartps_hw.o ps7_cortexa9_0/lib/xsdps_opti
TRACE::2026-08-06.07:30:04::SCWMssOS::ons.o ps7_cortexa9_0/lib/read.o ps7_cortexa9_0/lib/xgpiops_hw.o ps7_cortexa9_0/lib/xusbps_intr.o ps7_cortexa9_0/lib/xqspips_hw.
TRACE::2026-08-06.07:30:04::SCWMssOS::o ps7_cortexa9_0/lib/xil_cache.o ps7_cortexa9_0/lib/xtime_l.o ps7_cortexa9_0/lib/xl2cc_counter.o ps7_cortexa9_0/lib/xsdps_sinit
TRACE::2026-08-06.07:30:04::SCWMssOS::.o ps7_cortexa9_0/lib/asm_vectors.o ps7_cortexa9_0/lib/xdevcfg_intr.o ps7_cortexa9_0/lib/abort.o ps7_cortexa9_0/lib/xdevcfg_g.o
TRACE::2026-08-06.07:30:04::SCWMssOS:: ps7_cortexa9_0/lib/xuartps_intr.o ps7_cortexa9_0/lib/xuartps.o ps7_cortexa9_0/lib/getpid.o ps7_cortexa9_0/lib/xil_testcache.o 
TRACE::2026-08-06.07:30:04::SCWMssOS::ps7_cortexa9_0/lib/xqspips_g.o ps7_cortexa9_0/lib/xemacps_hw.o ps7_cortexa9_0/lib/xdmaps.o ps7_cortexa9_0/lib/xscutimer.o ps7_c
TRACE::2026-08-06.07:30:04::SCWMssOS::ortexa9_0/lib/xscuwdt.o ps7_cortexa9_0/lib/xdevcfg_selftest.o ps7_cortexa9_0/lib/xusbps_hw.o ps7_cortexa9_0/lib/xqspips.o ps7_c
TRACE::2026-08-06.07:30:04::SCWMssOS::ortexa9_0/lib/xemacps_g.o ps7_cortexa9_0/lib/xusbps.o ps7_cortexa9_0/lib/xusbps_sinit.o ps7_cortexa9_0/lib/xemacps_sinit.o ps7_
TRACE::2026-08-06.07:30:04::SCWMssOS::cortexa9_0/lib/xusbps_endpoint.o ps7_cortexa9_0/lib/xscuwdt_sinit.o ps7_cortexa9_0/lib/sbrk.o ps7_cortexa9_0/lib/xgpiops.o ps7_
TRACE::2026-08-06.07:30:04::SCWMssOS::cortexa9_0/lib/xsdps_g.o ps7_cortexa9_0/lib/fstat.o ps7_cortexa9_0/lib/errno.o ps7_cortexa9_0/lib/lseek.o ps7_cortexa9_0/lib/xd
TRACE::2026-08-06.07:30:04::SCWMssOS::evcfg_sinit.o ps7_cortexa9_0/lib/_sbrk.o ps7_cortexa9_0/lib/vectors.o ps7_cortexa9_0/lib/xil_exception.o ps7_cortexa9_0/lib/xem
TRACE::2026-08-06.07:30:04::SCWMssOS::acps_control.o ps7_cortexa9_0/lib/putnum.o ps7_cortexa9_0/lib/xil_clocking.o ps7_cortexa9_0/lib/xil_assert.o ps7_cortexa9_0/lib
TRACE::2026-08-06.07:30:04::SCWMssOS::/xusbps_g.o ps7_cortexa9_0/lib/xsdps_host.o ps7_cortexa9_0/lib/xcoresightpsdcc.o ps7_cortexa9_0/lib/isatty.o ps7_cortexa9_0/lib
TRACE::2026-08-06.07:30:04::SCWMssOS::/xscugic.o ps7_cortexa9_0/lib/xadcps_g.o ps7_cortexa9_0/lib/xil-crt0.o ps7_cortexa9_0/lib/xqspips_sinit.o ps7_cortexa9_0/lib/xa
TRACE::2026-08-06.07:30:04::SCWMssOS::dcps_sinit.o ps7_cortexa9_0/lib/fcntl.o ps7_cortexa9_0/lib/_open.o ps7_cortexa9_0/lib/xdevcfg.o

TRACE::2026-08-06.07:30:04::SCWMssOS::'Finished building libraries'

TRACE::2026-08-06.07:30:04::SCWMssOS::Copying to export directory.
TRACE::2026-08-06.07:30:04::SCWMssOS:: Checking if to create the Supporting Applications
TRACE::2026-08-06.07:30:04::SCWMssOS:: No Linux domain exists, trying to generate FSBL 
LOG::2026-08-06.07:30:04::SCWSystem::Completed Processing the domain standalone_ps7_cortexa9_0
LOG::2026-08-06.07:30:04::SCWSystem::Completed Processing the sysconfig PS_Only_ZyboZ7
LOG::2026-08-06.07:30:04::SCWPlatform::Completed generating the artifacts for system configuration PS_Only_ZyboZ7
TRACE::2026-08-06.07:30:04::SCWPlatform::Started preparing the platform 
TRACE::2026-08-06.07:30:04::SCWSystem::Writing the bif file for system config PS_Only_ZyboZ7
TRACE::2026-08-06.07:30:04::SCWSystem::dir created 
TRACE::2026-08-06.07:30:04::SCWSystem::Writing the bif 
TRACE::2026-08-06.07:30:04::SCWPlatform::Started writing the spfm file 
TRACE::2026-08-06.07:30:04::SCWPlatform::Started writing the xpfm file 
TRACE::2026-08-06.07:30:04::SCWPlatform::Completed generating the platform
TRACE::2026-08-06.07:30:04::SCWMssOS::Saving the mss changes C:/Users/Thomas/Desktop/TP_MISTRE/TP_PROCESSEUR/Projet_Vitis/PS_Only_ZyboZ7/zynq_fsbl/zynq_fsbl_bsp/system.mss
TRACE::2026-08-06.07:30:04::SCWMssOS::Found a swdesign opened with the mssfile.
TRACE::2026-08-06.07:30:04::SCWMssOS::Completed writemss as part of save.
TRACE::2026-08-06.07:30:04::SCWMssOS::Commit changes completed.
TRACE::2026-08-06.07:30:04::SCWMssOS::Saving the mss changes C:/Users/Thomas/Desktop/TP_MISTRE/TP_PROCESSEUR/Projet_Vitis/PS_Only_ZyboZ7/ps7_cortexa9_0/standalone_ps7_cortexa9_0/bsp/system.mss
TRACE::2026-08-06.07:30:04::SCWMssOS::Found a swdesign opened with the mssfile.
TRACE::2026-08-06.07:30:04::SCWMssOS::Completed writemss as part of save.
TRACE::2026-08-06.07:30:04::SCWMssOS::Commit changes completed.
TRACE::2026-08-06.07:30:04::SCWPlatform::Trying to open the hw design at C:/Users/Thomas/Desktop/TP_MISTRE/TP_PROCESSEUR/Projet_Vitis/PS_Only_ZyboZ7/hw/PS_Only_ZyboZ7.xsa
TRACE::2026-08-06.07:30:04::SCWPlatform::DSA given C:/Users/Thomas/Desktop/TP_MISTRE/TP_PROCESSEUR/Projet_Vitis/PS_Only_ZyboZ7/hw/PS_Only_ZyboZ7.xsa
TRACE::2026-08-06.07:30:04::SCWPlatform::DSA absoulate path C:/Users/Thomas/Desktop/TP_MISTRE/TP_PROCESSEUR/Projet_Vitis/PS_Only_ZyboZ7/hw/PS_Only_ZyboZ7.xsa
TRACE::2026-08-06.07:30:04::SCWPlatform::DSA directory C:/Users/Thomas/Desktop/TP_MISTRE/TP_PROCESSEUR/Projet_Vitis/PS_Only_ZyboZ7/hw
TRACE::2026-08-06.07:30:04::SCWPlatform:: Platform Path C:/Users/Thomas/Desktop/TP_MISTRE/TP_PROCESSEUR/Projet_Vitis/PS_Only_ZyboZ7/hw/PS_Only_ZyboZ7.xsa
TRACE::2026-08-06.07:30:04::SCWPlatform:: Unique name xilinx:zybo-z7-20::0.0
TRACE::2026-08-06.07:30:04::SCWPlatform::Trying to set the existing hwdb with name design_1_wrapper
TRACE::2026-08-06.07:30:04::SCWPlatform::Opened existing hwdb design_1_wrapper
TRACE::2026-08-06.07:30:04::SCWPlatform::Found the Hw Db part of the input DSA
TRACE::2026-08-06.07:30:04::SCWMssOS::Checking the sw design at  C:/Users/Thomas/Desktop/TP_MISTRE/TP_PROCESSEUR/Projet_Vitis/PS_Only_ZyboZ7/zynq_fsbl/zynq_fsbl_bsp/system.mss
TRACE::2026-08-06.07:30:04::SCWMssOS::DEBUG:  swdes dump  C:/Users/Thomas/Desktop/TP_MISTRE/TP_PROCESSEUR/Projet_Vitis/PS_Only_ZyboZ7/ps7_cortexa9_0/standalone_ps7_cortexa9_0/bsp/system.mss|system_0||
C:/Users/Thomas/Desktop/TP_MISTRE/TP_PROCESSEUR/Projet_Vitis/PS_Only_ZyboZ7/zynq_fsbl/zynq_fsbl_bsp/system.mss|system||

TRACE::2026-08-06.07:30:04::SCWMssOS::Sw design exists and opened at  C:/Users/Thomas/Desktop/TP_MISTRE/TP_PROCESSEUR/Projet_Vitis/PS_Only_ZyboZ7/zynq_fsbl/zynq_fsbl_bsp/system.mss
TRACE::2026-08-06.07:30:04::SCWPlatform::Trying to open the hw design at C:/Users/Thomas/Desktop/TP_MISTRE/TP_PROCESSEUR/Projet_Vitis/PS_Only_ZyboZ7/hw/PS_Only_ZyboZ7.xsa
TRACE::2026-08-06.07:30:04::SCWPlatform::DSA given C:/Users/Thomas/Desktop/TP_MISTRE/TP_PROCESSEUR/Projet_Vitis/PS_Only_ZyboZ7/hw/PS_Only_ZyboZ7.xsa
TRACE::2026-08-06.07:30:04::SCWPlatform::DSA absoulate path C:/Users/Thomas/Desktop/TP_MISTRE/TP_PROCESSEUR/Projet_Vitis/PS_Only_ZyboZ7/hw/PS_Only_ZyboZ7.xsa
TRACE::2026-08-06.07:30:04::SCWPlatform::DSA directory C:/Users/Thomas/Desktop/TP_MISTRE/TP_PROCESSEUR/Projet_Vitis/PS_Only_ZyboZ7/hw
TRACE::2026-08-06.07:30:04::SCWPlatform:: Platform Path C:/Users/Thomas/Desktop/TP_MISTRE/TP_PROCESSEUR/Projet_Vitis/PS_Only_ZyboZ7/hw/PS_Only_ZyboZ7.xsa
TRACE::2026-08-06.07:30:04::SCWPlatform:: Unique name xilinx:zybo-z7-20::0.0
TRACE::2026-08-06.07:30:04::SCWPlatform::Trying to set the existing hwdb with name design_1_wrapper
TRACE::2026-08-06.07:30:04::SCWPlatform::Opened existing hwdb design_1_wrapper
TRACE::2026-08-06.07:30:04::SCWPlatform::Found the Hw Db part of the input DSA
TRACE::2026-08-06.07:30:04::SCWMssOS::Checking the sw design at  C:/Users/Thomas/Desktop/TP_MISTRE/TP_PROCESSEUR/Projet_Vitis/PS_Only_ZyboZ7/ps7_cortexa9_0/standalone_ps7_cortexa9_0/bsp/system.mss
TRACE::2026-08-06.07:30:04::SCWMssOS::DEBUG:  swdes dump  C:/Users/Thomas/Desktop/TP_MISTRE/TP_PROCESSEUR/Projet_Vitis/PS_Only_ZyboZ7/ps7_cortexa9_0/standalone_ps7_cortexa9_0/bsp/system.mss|system_0||
C:/Users/Thomas/Desktop/TP_MISTRE/TP_PROCESSEUR/Projet_Vitis/PS_Only_ZyboZ7/zynq_fsbl/zynq_fsbl_bsp/system.mss|system||

TRACE::2026-08-06.07:30:04::SCWMssOS::Sw design exists and opened at  C:/Users/Thomas/Desktop/TP_MISTRE/TP_PROCESSEUR/Projet_Vitis/PS_Only_ZyboZ7/ps7_cortexa9_0/standalone_ps7_cortexa9_0/bsp/system.mss
TRACE::2026-08-06.07:30:04::SCWWriter::formatted JSON is {
	"platformName":	"PS_Only_ZyboZ7",
	"sprVersion":	"2.0",
	"mode":	"gui",
	"dsaType":	"Fixed",
	"platformDesc":	"PS_Only_ZyboZ7",
	"platHandOff":	"<platformDir>.xsa",
	"platIntHandOff":	"<platformDir>/hw/PS_Only_ZyboZ7.xsa",
	"deviceType":	"zynq",
	"platIsPrebuiltAutogen":	"false",
	"platIsNoBootBsp":	"false",
	"hasFsblMakeHasChanges":	"false",
	"hasPmufwMakeHasChanges":	"false",
	"fsblExtraCompilerFlags":	"-MMD -MP       -mcpu=cortex-a9 -mfpu=vfpv3 -mfloat-abi=hard ",
	"platPreBuiltFlag":	false,
	"platformSamplesDir":	"",
	"platActiveSys":	"PS_Only_ZyboZ7",
	"systems":	[{
			"systemName":	"PS_Only_ZyboZ7",
			"systemDesc":	"PS_Only_ZyboZ7",
			"sysIsBootAutoGen":	"true",
			"systemDispName":	"PS_Only_ZyboZ7",
			"sysActiveDom":	"standalone_ps7_cortexa9_0",
			"sysDefaultDom":	"standalone_ps7_cortexa9_0",
			"domains":	[{
					"domainName":	"zynq_fsbl",
					"domainDispName":	"zynq_fsbl",
					"domainDesc":	"FSBL Application BSP - Auto Generated.",
					"processors":	"ps7_cortexa9_0",
					"os":	"standalone",
					"sdxOs":	"standalone",
					"debugEnable":	"",
					"domRuntimes":	["cpp"],
					"swRepo":	"",
					"mssOsVer":	"7.3",
					"mssFile":	"",
					"md5Digest":	"d4dce1e3283be35b8cb204de15302e33",
					"compatibleApp":	"zynq_fsbl",
					"domType":	"bootDomain",
					"arch":	"32-bit",
					"appSettings":	{
						"appCompilerFlags":	"",
						"appLinkerFlags":	""
					},
					"addedLibs":	["xilffs:4.4", "xilrsa:1.6"],
					"libOptions":	{
						"libsContainingOptions":	[]
					},
					"prebuiltLibs":	{
						"prebuiltIncPath":	[],
						"prebuiltLibPath":	[]
					},
					"isolation":	{
					}
				}, {
					"domainName":	"standalone_ps7_cortexa9_0",
					"domainDispName":	"standalone_ps7_cortexa9_0",
					"domainDesc":	"standalone_ps7_cortexa9_0",
					"processors":	"ps7_cortexa9_0",
					"os":	"standalone",
					"sdxOs":	"standalone",
					"qemuArgs":	"C:/Xilinx/Vitis/2020.2/data/emulation/platforms/zynq/sw/a9_standalone/qemu/qemu_args.txt",
					"qemuData":	"C:/Xilinx/Vitis/2020.2/data/emulation/platforms/zynq/sw/a9_standalone/qemu/",
					"debugEnable":	"False",
					"domRuntimes":	["cpp"],
					"swRepo":	"",
					"mssOsVer":	"7.3",
					"mssFile":	"",
					"md5Digest":	"ea3a8c353fcc4eb0b32c84eda9a1f60f",
					"compatibleApp":	"",
					"domType":	"mssDomain",
					"arch":	"32-bit",
					"appSettings":	{
						"appCompilerFlags":	"",
						"appLinkerFlags":	""
					},
					"addedLibs":	[],
					"libOptions":	{
						"libsContainingOptions":	[]
					},
					"prebuiltLibs":	{
						"prebuiltIncPath":	[],
						"prebuiltLibPath":	[]
					},
					"isolation":	{
					}
				}]
		}]
}
KEYINFO::2026-08-06.07:30:04::SCWPlatform::updated the xpfm file.
TRACE::2026-08-06.07:30:05::SCWPlatform::Trying to open the hw design at C:/Users/Thomas/Desktop/TP_MISTRE/TP_PROCESSEUR/Projet_Vitis/PS_Only_ZyboZ7/hw/PS_Only_ZyboZ7.xsa
TRACE::2026-08-06.07:30:05::SCWPlatform::DSA given C:/Users/Thomas/Desktop/TP_MISTRE/TP_PROCESSEUR/Projet_Vitis/PS_Only_ZyboZ7/hw/PS_Only_ZyboZ7.xsa
TRACE::2026-08-06.07:30:05::SCWPlatform::DSA absoulate path C:/Users/Thomas/Desktop/TP_MISTRE/TP_PROCESSEUR/Projet_Vitis/PS_Only_ZyboZ7/hw/PS_Only_ZyboZ7.xsa
TRACE::2026-08-06.07:30:05::SCWPlatform::DSA directory C:/Users/Thomas/Desktop/TP_MISTRE/TP_PROCESSEUR/Projet_Vitis/PS_Only_ZyboZ7/hw
TRACE::2026-08-06.07:30:05::SCWPlatform:: Platform Path C:/Users/Thomas/Desktop/TP_MISTRE/TP_PROCESSEUR/Projet_Vitis/PS_Only_ZyboZ7/hw/PS_Only_ZyboZ7.xsa
TRACE::2026-08-06.07:30:05::SCWPlatform:: Unique name xilinx:zybo-z7-20::0.0
TRACE::2026-08-06.07:30:05::SCWPlatform::Trying to set the existing hwdb with name design_1_wrapper
TRACE::2026-08-06.07:30:05::SCWPlatform::Opened existing hwdb design_1_wrapper
TRACE::2026-08-06.07:30:05::SCWPlatform::Found the Hw Db part of the input DSA
TRACE::2026-08-06.07:30:05::SCWMssOS::Checking the sw design at  C:/Users/Thomas/Desktop/TP_MISTRE/TP_PROCESSEUR/Projet_Vitis/PS_Only_ZyboZ7/ps7_cortexa9_0/standalone_ps7_cortexa9_0/bsp/system.mss
TRACE::2026-08-06.07:30:05::SCWMssOS::DEBUG:  swdes dump  C:/Users/Thomas/Desktop/TP_MISTRE/TP_PROCESSEUR/Projet_Vitis/PS_Only_ZyboZ7/ps7_cortexa9_0/standalone_ps7_cortexa9_0/bsp/system.mss|system_0||
C:/Users/Thomas/Desktop/TP_MISTRE/TP_PROCESSEUR/Projet_Vitis/PS_Only_ZyboZ7/zynq_fsbl/zynq_fsbl_bsp/system.mss|system||

TRACE::2026-08-06.07:30:05::SCWMssOS::Sw design exists and opened at  C:/Users/Thomas/Desktop/TP_MISTRE/TP_PROCESSEUR/Projet_Vitis/PS_Only_ZyboZ7/ps7_cortexa9_0/standalone_ps7_cortexa9_0/bsp/system.mss
